timestamp,log_level,log_message
2025-10-20 00:00:00,INFO,INFO: Transaction processed successfully. ID: TXN633
2025-10-20 00:01:00,ERROR,ERROR: NEFT transaction failed. Transaction ID: TXN399. Reason: Gateway timeout
2025-10-20 00:01:00,ERROR,ERROR: Database connection pool exhausted. Connections: 492
2025-10-20 00:03:00,ERROR,ERROR: IMPS transaction failed. Transaction ID: TXN258. Reason: Invalid account
2025-10-20 00:03:00,WARNING,WARNING: Memory usage approaching threshold on srv-07. Current: 413%
2025-10-20 00:04:00,ERROR,ERROR: High CPU utilization detected on server srv-15. Current: 407%
2025-10-20 00:05:00,ERROR,ERROR: Customer authentication failed. User ID: USR53
2025-10-20 00:06:00,WARNING,WARNING: Payment gateway response time exceeded SLA. Time: 688ms
2025-10-20 00:08:00,INFO,INFO: Transaction processed successfully. ID: TXN368
2025-10-20 00:12:00,ERROR,ERROR: Disk I/O bottleneck detected on srv-18
2025-10-20 00:16:00,INFO,INFO: Transaction processed successfully. ID: TXN295
2025-10-20 00:17:00,WARNING,WARNING: Payment gateway response time exceeded SLA. Time: 806ms
2025-10-20 00:18:00,INFO,INFO: User login successful. User ID: USR270
2025-10-20 00:19:00,WARNING,WARNING: Payment gateway response time exceeded SLA. Time: 573ms
2025-10-20 00:21:00,WARNING,WARNING: Payment gateway response time exceeded SLA. Time: 465ms
2025-10-20 00:22:00,ERROR,ERROR: Customer authentication failed. User ID: USR704
2025-10-20 00:23:00,ERROR,ERROR: RTGS transaction failed. Transaction ID: TXN183. Reason: Insufficient funds
2025-10-20 00:25:00,ERROR,ERROR: IMPS transaction failed. Transaction ID: TXN844. Reason: Invalid account
2025-10-20 00:25:00,INFO,INFO: Cache refresh completed in 63ms
2025-10-20 00:26:00,WARNING,WARNING: Container srv-10 restarting due to OOM
2025-10-20 00:27:00,ERROR,ERROR: API rate limit exceeded for endpoint /api/transactions
2025-10-20 00:37:00,ERROR,ERROR: RTGS transaction failed. Transaction ID: TXN211. Reason: Insufficient funds
2025-10-20 00:42:00,ERROR,ERROR: Database connection pool exhausted. Connections: 729
2025-10-20 00:44:00,INFO,INFO: User login successful. User ID: USR436
2025-10-20 00:46:00,INFO,INFO: Database backup completed successfully
2025-10-20 00:46:00,ERROR,ERROR: Customer authentication failed. User ID: USR652
2025-10-20 00:47:00,WARNING,WARNING: Duplicate transaction detected. Transaction ID: TXN483
2025-10-20 00:47:00,INFO,INFO: Transaction processed successfully. ID: TXN454
2025-10-20 00:48:00,ERROR,ERROR: API rate limit exceeded for endpoint /api/transactions
2025-10-20 00:49:00,ERROR,ERROR: Customer authentication failed. User ID: USR197
2025-10-20 01:03:00,INFO,INFO: Database backup completed successfully
2025-10-20 01:05:00,INFO,INFO: Database backup completed successfully
2025-10-20 01:06:00,ERROR,ERROR: Customer authentication failed. User ID: USR971
2025-10-20 01:08:00,INFO,INFO: Transaction processed successfully. ID: TXN246
2025-10-20 01:09:00,ERROR,CRITICAL: Network timeout on srv-10. Latency: 128ms
2025-10-20 01:09:00,WARNING,WARNING: Memory usage approaching threshold on srv-05. Current: 150%
2025-10-20 01:11:00,WARNING,WARNING: Payment gateway response time exceeded SLA. Time: 593ms
2025-10-20 01:14:00,ERROR,CRITICAL: Network timeout on srv-14. Latency: 453ms
2025-10-20 01:14:00,ERROR,ERROR: API rate limit exceeded for endpoint /api/transactions
2025-10-20 01:17:00,INFO,INFO: Transaction processed successfully. ID: TXN515
2025-10-20 01:17:00,WARNING,WARNING: Duplicate transaction detected. Transaction ID: TXN710
2025-10-20 01:21:00,ERROR,ERROR: Disk I/O bottleneck detected on srv-03
2025-10-20 01:22:00,ERROR,ERROR: IMPS transaction failed. Transaction ID: TXN917. Reason: Invalid account
2025-10-20 01:24:00,INFO,INFO: Transaction processed successfully. ID: TXN771
2025-10-20 01:24:00,WARNING,WARNING: Duplicate transaction detected. Transaction ID: TXN599
2025-10-20 01:24:00,ERROR,ERROR: IMPS transaction failed. Transaction ID: TXN556. Reason: Invalid account
2025-10-20 01:25:00,ERROR,ERROR: NEFT transaction failed. Transaction ID: TXN281. Reason: Gateway timeout
2025-10-20 01:28:00,WARNING,WARNING: Container srv-11 restarting due to OOM
2025-10-20 01:30:00,ERROR,CRITICAL: Network timeout on srv-12. Latency: 216ms
2025-10-20 01:31:00,ERROR,ERROR: Customer authentication failed. User ID: USR786
2025-10-20 01:31:00,ERROR,ERROR: API rate limit exceeded for endpoint /api/transactions
2025-10-20 01:32:00,WARNING,WARNING: Payment gateway response time exceeded SLA. Time: 858ms
2025-10-20 01:36:00,WARNING,WARNING: Payment gateway response time exceeded SLA. Time: 149ms
2025-10-20 01:37:00,ERROR,ERROR: RTGS transaction failed. Transaction ID: TXN985. Reason: Insufficient funds
2025-10-20 01:37:00,INFO,INFO: Cache refresh completed in 213ms
2025-10-20 01:37:00,WARNING,WARNING: Container srv-07 restarting due to OOM
2025-10-20 01:38:00,INFO,INFO: Transaction processed successfully. ID: TXN799
2025-10-20 01:38:00,ERROR,CRITICAL: Network timeout on srv-12. Latency: 785ms
2025-10-20 01:43:00,WARNING,WARNING: Duplicate transaction detected. Transaction ID: TXN377
2025-10-20 01:44:00,INFO,INFO: User login successful. User ID: USR133
2025-10-20 01:46:00,ERROR,ERROR: IMPS transaction failed. Transaction ID: TXN521. Reason: Invalid account
2025-10-20 01:47:00,WARNING,WARNING: Duplicate transaction detected. Transaction ID: TXN341
2025-10-20 01:53:00,INFO,INFO: User login successful. User ID: USR123
2025-10-20 01:54:00,ERROR,ERROR: Disk I/O bottleneck detected on srv-04
2025-10-20 01:56:00,ERROR,ERROR: Customer authentication failed. User ID: USR836
2025-10-20 01:58:00,INFO,INFO: Transaction processed successfully. ID: TXN728
2025-10-20 02:02:00,ERROR,ERROR: NEFT transaction failed. Transaction ID: TXN164. Reason: Gateway timeout
2025-10-20 02:11:00,ERROR,ERROR: IMPS transaction failed. Transaction ID: TXN74. Reason: Invalid account
2025-10-20 02:14:00,INFO,INFO: Transaction processed successfully. ID: TXN835
2025-10-20 02:19:00,WARNING,WARNING: Duplicate transaction detected. Transaction ID: TXN408
2025-10-20 02:20:00,ERROR,ERROR: IMPS transaction failed. Transaction ID: TXN693. Reason: Invalid account
2025-10-20 02:23:00,WARNING,WARNING: Memory usage approaching threshold on srv-06. Current: 198%
2025-10-20 02:23:00,ERROR,ERROR: Customer authentication failed. User ID: USR275
2025-10-20 02:26:00,ERROR,ERROR: Database connection pool exhausted. Connections: 979
2025-10-20 02:29:00,INFO,INFO: Cache refresh completed in 652ms
2025-10-20 02:32:00,ERROR,CRITICAL: Network timeout on srv-10. Latency: 200ms
2025-10-20 02:34:00,ERROR,ERROR: API rate limit exceeded for endpoint /api/transactions
2025-10-20 02:35:00,ERROR,CRITICAL: Network timeout on srv-05. Latency: 608ms
2025-10-20 02:35:00,WARNING,WARNING: Memory usage approaching threshold on srv-08. Current: 532%
2025-10-20 02:36:00,ERROR,CRITICAL: Network timeout on srv-14. Latency: 621ms
2025-10-20 02:41:00,WARNING,WARNING: Container srv-08 restarting due to OOM
2025-10-20 02:41:00,WARNING,WARNING: Duplicate transaction detected. Transaction ID: TXN93
2025-10-20 02:42:00,INFO,INFO: Transaction processed successfully. ID: TXN641
2025-10-20 02:42:00,ERROR,ERROR: API rate limit exceeded for endpoint /api/transactions
2025-10-20 02:44:00,WARNING,WARNING: Payment gateway response time exceeded SLA. Time: 571ms
2025-10-20 02:46:00,ERROR,ERROR: Customer authentication failed. User ID: USR851
2025-10-20 02:48:00,ERROR,ERROR: RTGS transaction failed. Transaction ID: TXN585. Reason: Insufficient funds
2025-10-20 02:50:00,WARNING,WARNING: Memory usage approaching threshold on srv-06. Current: 767%
2025-10-20 02:57:00,ERROR,ERROR: High CPU utilization detected on server srv-13. Current: 305%
2025-10-20 02:58:00,ERROR,ERROR: High CPU utilization detected on server srv-12. Current: 918%
2025-10-20 02:58:00,WARNING,WARNING: Container srv-13 restarting due to OOM
2025-10-20 02:59:00,WARNING,WARNING: Payment gateway response time exceeded SLA. Time: 760ms
2025-10-20 03:04:00,WARNING,WARNING: Duplicate transaction detected. Transaction ID: TXN907
2025-10-20 03:05:00,ERROR,ERROR: Database connection pool exhausted. Connections: 566
2025-10-20 03:06:00,ERROR,CRITICAL: Network timeout on srv-16. Latency: 792ms
2025-10-20 03:07:00,ERROR,ERROR: Disk I/O bottleneck detected on srv-10
2025-10-20 03:07:00,INFO,INFO: Transaction processed successfully. ID: TXN108
2025-10-20 03:08:00,INFO,INFO: Database backup completed successfully
2025-10-20 03:09:00,INFO,INFO: Cache refresh completed in 928ms
2025-10-20 03:10:00,INFO,INFO: User login successful. User ID: USR550
2025-10-20 03:10:00,ERROR,ERROR: RTGS transaction failed. Transaction ID: TXN698. Reason: Insufficient funds
2025-10-20 03:11:00,INFO,INFO: User login successful. User ID: USR696
2025-10-20 03:12:00,INFO,INFO: Database backup completed successfully
2025-10-20 03:12:00,ERROR,ERROR: Customer authentication failed. User ID: USR220
2025-10-20 03:13:00,WARNING,WARNING: Duplicate transaction detected. Transaction ID: TXN217
2025-10-20 03:16:00,ERROR,ERROR: Customer authentication failed. User ID: USR634
2025-10-20 03:16:00,WARNING,WARNING: Container srv-04 restarting due to OOM
2025-10-20 03:22:00,WARNING,WARNING: Container srv-14 restarting due to OOM
2025-10-20 03:26:00,ERROR,ERROR: High CPU utilization detected on server srv-05. Current: 749%
2025-10-20 03:27:00,INFO,INFO: User login successful. User ID: USR823
2025-10-20 03:27:00,WARNING,WARNING: Duplicate transaction detected. Transaction ID: TXN997
2025-10-20 03:29:00,WARNING,WARNING: Duplicate transaction detected. Transaction ID: TXN643
2025-10-20 03:29:00,INFO,INFO: User login successful. User ID: USR706
2025-10-20 03:30:00,INFO,INFO: Database backup completed successfully
2025-10-20 03:33:00,ERROR,ERROR: High CPU utilization detected on server srv-10. Current: 513%
2025-10-20 03:36:00,ERROR,ERROR: Disk I/O bottleneck detected on srv-16
2025-10-20 03:40:00,WARNING,WARNING: Memory usage approaching threshold on srv-13. Current: 296%
2025-10-20 03:42:00,ERROR,ERROR: API rate limit exceeded for endpoint /api/transactions
2025-10-20 03:45:00,ERROR,ERROR: High CPU utilization detected on server srv-06. Current: 488%
2025-10-20 03:45:00,WARNING,WARNING: Container srv-09 restarting due to OOM
2025-10-20 03:46:00,ERROR,CRITICAL: Network timeout on srv-18. Latency: 147ms
2025-10-20 03:47:00,WARNING,WARNING: Container srv-04 restarting due to OOM
2025-10-20 03:48:00,ERROR,ERROR: IMPS transaction failed. Transaction ID: TXN761. Reason: Invalid account
2025-10-20 03:53:00,INFO,INFO: Transaction processed successfully. ID: TXN321
2025-10-20 03:55:00,ERROR,ERROR: API rate limit exceeded for endpoint /api/transactions
2025-10-20 03:55:00,INFO,INFO: Cache refresh completed in 930ms
2025-10-20 03:56:00,ERROR,ERROR: Disk I/O bottleneck detected on srv-02
2025-10-20 04:03:00,ERROR,ERROR: API rate limit exceeded for endpoint /api/transactions
2025-10-20 04:04:00,WARNING,WARNING: Memory usage approaching threshold on srv-12. Current: 621%
2025-10-20 04:05:00,INFO,INFO: Cache refresh completed in 986ms
2025-10-20 04:08:00,ERROR,ERROR: RTGS transaction failed. Transaction ID: TXN679. Reason: Insufficient funds
2025-10-20 04:08:00,ERROR,ERROR: Database connection pool exhausted. Connections: 893
2025-10-20 04:09:00,ERROR,ERROR: RTGS transaction failed. Transaction ID: TXN272. Reason: Insufficient funds
2025-10-20 04:09:00,WARNING,WARNING: Memory usage approaching threshold on srv-14. Current: 759%
2025-10-20 04:11:00,INFO,INFO: User login successful. User ID: USR987
2025-10-20 04:12:00,ERROR,ERROR: NEFT transaction failed. Transaction ID: TXN795. Reason: Gateway timeout
2025-10-20 04:13:00,ERROR,ERROR: RTGS transaction failed. Transaction ID: TXN707. Reason: Insufficient funds
2025-10-20 04:16:00,ERROR,ERROR: NEFT transaction failed. Transaction ID: TXN653. Reason: Gateway timeout
2025-10-20 04:16:00,INFO,INFO: Cache refresh completed in 580ms
2025-10-20 04:17:00,ERROR,ERROR: NEFT transaction failed. Transaction ID: TXN494. Reason: Gateway timeout
2025-10-20 04:17:00,INFO,INFO: Cache refresh completed in 972ms
2025-10-20 04:18:00,WARNING,WARNING: Duplicate transaction detected. Transaction ID: TXN373
2025-10-20 04:26:00,WARNING,WARNING: Payment gateway response time exceeded SLA. Time: 227ms
2025-10-20 04:27:00,ERROR,ERROR: API rate limit exceeded for endpoint /api/transactions
2025-10-20 04:28:00,INFO,INFO: User login successful. User ID: USR555
2025-10-20 04:30:00,INFO,INFO: Cache refresh completed in 108ms
2025-10-20 04:32:00,ERROR,ERROR: API rate limit exceeded for endpoint /api/transactions
2025-10-20 04:35:00,WARNING,WARNING: Payment gateway response time exceeded SLA. Time: 309ms
2025-10-20 04:37:00,WARNING,WARNING: Payment gateway response time exceeded SLA. Time: 242ms
2025-10-20 04:39:00,ERROR,ERROR: API rate limit exceeded for endpoint /api/transactions
2025-10-20 04:39:00,ERROR,ERROR: Database connection pool exhausted. Connections: 174
2025-10-20 04:39:00,ERROR,ERROR: API rate limit exceeded for endpoint /api/transactions
2025-10-20 04:41:00,ERROR,ERROR: Customer authentication failed. User ID: USR898
2025-10-20 04:42:00,WARNING,WARNING: Memory usage approaching threshold on srv-13. Current: 710%
2025-10-20 04:43:00,ERROR,ERROR: NEFT transaction failed. Transaction ID: TXN161. Reason: Gateway timeout
2025-10-20 04:43:00,ERROR,ERROR: High CPU utilization detected on server srv-17. Current: 630%
2025-10-20 04:44:00,INFO,INFO: Transaction processed successfully. ID: TXN983
2025-10-20 04:45:00,WARNING,WARNING: Payment gateway response time exceeded SLA. Time: 289ms
2025-10-20 04:45:00,ERROR,ERROR: High CPU utilization detected on server srv-18. Current: 930%
2025-10-20 04:45:00,WARNING,WARNING: Payment gateway response time exceeded SLA. Time: 982ms
2025-10-20 04:51:00,ERROR,ERROR: Disk I/O bottleneck detected on srv-14
2025-10-20 04:52:00,ERROR,ERROR: Disk I/O bottleneck detected on srv-10
2025-10-20 04:52:00,WARNING,WARNING: Memory usage approaching threshold on srv-19. Current: 874%
2025-10-20 04:54:00,ERROR,ERROR: High CPU utilization detected on server srv-18. Current: 69%
2025-10-20 04:58:00,ERROR,ERROR: NEFT transaction failed. Transaction ID: TXN108. Reason: Gateway timeout
2025-10-20 04:58:00,ERROR,ERROR: NEFT transaction failed. Transaction ID: TXN574. Reason: Gateway timeout
2025-10-20 05:00:00,WARNING,WARNING: Duplicate transaction detected. Transaction ID: TXN541
2025-10-20 05:03:00,WARNING,WARNING: Duplicate transaction detected. Transaction ID: TXN650
2025-10-20 05:09:00,ERROR,ERROR: RTGS transaction failed. Transaction ID: TXN806. Reason: Insufficient funds
2025-10-20 05:11:00,INFO,INFO: Database backup completed successfully
2025-10-20 05:11:00,ERROR,ERROR: API rate limit exceeded for endpoint /api/transactions
2025-10-20 05:11:00,WARNING,WARNING: Container srv-09 restarting due to OOM
2025-10-20 05:13:00,ERROR,ERROR: IMPS transaction failed. Transaction ID: TXN508. Reason: Invalid account
2025-10-20 05:14:00,ERROR,ERROR: NEFT transaction failed. Transaction ID: TXN946. Reason: Gateway timeout
2025-10-20 05:15:00,ERROR,ERROR: RTGS transaction failed. Transaction ID: TXN960. Reason: Insufficient funds
2025-10-20 05:17:00,WARNING,WARNING: Container srv-11 restarting due to OOM
2025-10-20 05:19:00,WARNING,WARNING: Container srv-03 restarting due to OOM
2025-10-20 05:19:00,ERROR,ERROR: High CPU utilization detected on server srv-16. Current: 213%
2025-10-20 05:21:00,WARNING,WARNING: Memory usage approaching threshold on srv-14. Current: 703%
2025-10-20 05:23:00,WARNING,WARNING: Duplicate transaction detected. Transaction ID: TXN608
2025-10-20 05:27:00,INFO,INFO: Transaction processed successfully. ID: TXN755
2025-10-20 05:29:00,INFO,INFO: Cache refresh completed in 68ms
2025-10-20 05:33:00,WARNING,WARNING: Memory usage approaching threshold on srv-02. Current: 703%
2025-10-20 05:34:00,WARNING,WARNING: Memory usage approaching threshold on srv-18. Current: 238%
2025-10-20 05:38:00,INFO,INFO: User login successful. User ID: USR701
2025-10-20 05:39:00,WARNING,WARNING: Duplicate transaction detected. Transaction ID: TXN824
2025-10-20 05:39:00,ERROR,ERROR: IMPS transaction failed. Transaction ID: TXN529. Reason: Invalid account
2025-10-20 05:40:00,INFO,INFO: Transaction processed successfully. ID: TXN627
2025-10-20 05:43:00,WARNING,WARNING: Duplicate transaction detected. Transaction ID: TXN270
2025-10-20 05:44:00,ERROR,ERROR: NEFT transaction failed. Transaction ID: TXN536. Reason: Gateway timeout
2025-10-20 05:46:00,ERROR,ERROR: IMPS transaction failed. Transaction ID: TXN470. Reason: Invalid account
2025-10-20 05:47:00,INFO,INFO: User login successful. User ID: USR312
2025-10-20 05:48:00,WARNING,WARNING: Container srv-07 restarting due to OOM
2025-10-20 05:51:00,INFO,INFO: Database backup completed successfully
2025-10-20 05:54:00,ERROR,ERROR: Disk I/O bottleneck detected on srv-19
2025-10-20 05:56:00,INFO,INFO: Cache refresh completed in 319ms
2025-10-20 06:01:00,ERROR,ERROR: NEFT transaction failed. Transaction ID: TXN917. Reason: Gateway timeout
2025-10-20 06:03:00,ERROR,ERROR: High CPU utilization detected on server srv-10. Current: 562%
2025-10-20 06:04:00,WARNING,WARNING: Duplicate transaction detected. Transaction ID: TXN621
2025-10-20 06:09:00,ERROR,ERROR: RTGS transaction failed. Transaction ID: TXN624. Reason: Insufficient funds
2025-10-20 06:13:00,INFO,INFO: Cache refresh completed in 848ms
2025-10-20 06:15:00,INFO,INFO: User login successful. User ID: USR529
2025-10-20 06:17:00,ERROR,ERROR: Customer authentication failed. User ID: USR430
2025-10-20 06:17:00,INFO,INFO: User login successful. User ID: USR432
2025-10-20 06:18:00,ERROR,ERROR: IMPS transaction failed. Transaction ID: TXN269. Reason: Invalid account
2025-10-20 06:20:00,ERROR,ERROR: Disk I/O bottleneck detected on srv-04
2025-10-20 06:22:00,INFO,INFO: Database backup completed successfully
2025-10-20 06:24:00,INFO,INFO: Cache refresh completed in 298ms
2025-10-20 06:25:00,WARNING,WARNING: Duplicate transaction detected. Transaction ID: TXN202
2025-10-20 06:29:00,INFO,INFO: Cache refresh completed in 849ms
2025-10-20 06:34:00,WARNING,WARNING: Memory usage approaching threshold on srv-17. Current: 873%
2025-10-20 06:42:00,INFO,INFO: Database backup completed successfully
2025-10-20 06:50:00,ERROR,ERROR: Database connection pool exhausted. Connections: 96
2025-10-20 06:51:00,ERROR,ERROR: Customer authentication failed. User ID: USR938
2025-10-20 06:57:00,ERROR,ERROR: High CPU utilization detected on server srv-14. Current: 434%
2025-10-20 06:57:00,ERROR,ERROR: API rate limit exceeded for endpoint /api/transactions
2025-10-20 07:00:00,INFO,INFO: Database backup completed successfully
2025-10-20 07:00:00,ERROR,CRITICAL: Network timeout on srv-16. Latency: 716ms
2025-10-20 07:00:00,ERROR,ERROR: IMPS transaction failed. Transaction ID: TXN289. Reason: Invalid account
2025-10-20 07:03:00,ERROR,ERROR: NEFT transaction failed. Transaction ID: TXN827. Reason: Gateway timeout
2025-10-20 07:08:00,INFO,INFO: User login successful. User ID: USR785
2025-10-20 07:08:00,ERROR,ERROR: RTGS transaction failed. Transaction ID: TXN349. Reason: Insufficient funds
2025-10-20 07:08:00,ERROR,ERROR: High CPU utilization detected on server srv-15. Current: 199%
2025-10-20 07:14:00,INFO,INFO: Cache refresh completed in 658ms
2025-10-20 07:17:00,ERROR,ERROR: Database connection pool exhausted. Connections: 141
2025-10-20 07:18:00,ERROR,ERROR: RTGS transaction failed. Transaction ID: TXN834. Reason: Insufficient funds
2025-10-20 07:19:00,INFO,INFO: Transaction processed successfully. ID: TXN533
2025-10-20 07:19:00,ERROR,ERROR: NEFT transaction failed. Transaction ID: TXN530. Reason: Gateway timeout
2025-10-20 07:20:00,ERROR,ERROR: API rate limit exceeded for endpoint /api/transactions
2025-10-20 07:21:00,INFO,INFO: User login successful. User ID: USR389
2025-10-20 07:21:00,ERROR,CRITICAL: Network timeout on srv-04. Latency: 111ms
2025-10-20 07:25:00,WARNING,WARNING: Payment gateway response time exceeded SLA. Time: 212ms
2025-10-20 07:27:00,INFO,INFO: User login successful. User ID: USR359
2025-10-20 07:38:00,WARNING,WARNING: Payment gateway response time exceeded SLA. Time: 956ms
2025-10-20 07:40:00,ERROR,ERROR: Database connection pool exhausted. Connections: 786
2025-10-20 07:41:00,WARNING,WARNING: Duplicate transaction detected. Transaction ID: TXN568
2025-10-20 07:43:00,ERROR,ERROR: Database connection pool exhausted. Connections: 617
2025-10-20 07:46:00,WARNING,WARNING: Duplicate transaction detected. Transaction ID: TXN119
2025-10-20 07:48:00,INFO,INFO: Database backup completed successfully
2025-10-20 07:48:00,WARNING,WARNING: Memory usage approaching threshold on srv-17. Current: 774%
2025-10-20 07:52:00,INFO,INFO: Database backup completed successfully
2025-10-20 07:53:00,WARNING,WARNING: Duplicate transaction detected. Transaction ID: TXN946
2025-10-20 07:58:00,WARNING,WARNING: Payment gateway response time exceeded SLA. Time: 374ms
2025-10-20 08:00:00,ERROR,ERROR: IMPS transaction failed. Transaction ID: TXN155. Reason: Invalid account
2025-10-20 08:04:00,ERROR,ERROR: Database connection pool exhausted. Connections: 890
2025-10-20 08:06:00,ERROR,ERROR: Disk I/O bottleneck detected on srv-16
2025-10-20 08:08:00,INFO,INFO: Database backup completed successfully
2025-10-20 08:10:00,WARNING,WARNING: Memory usage approaching threshold on srv-17. Current: 794%
2025-10-20 08:10:00,INFO,INFO: User login successful. User ID: USR607
2025-10-20 08:11:00,INFO,INFO: Database backup completed successfully
2025-10-20 08:15:00,ERROR,ERROR: High CPU utilization detected on server srv-04. Current: 298%
2025-10-20 08:16:00,WARNING,WARNING: Container srv-05 restarting due to OOM
2025-10-20 08:17:00,INFO,INFO: Transaction processed successfully. ID: TXN172
2025-10-20 08:19:00,ERROR,ERROR: Disk I/O bottleneck detected on srv-09
2025-10-20 08:22:00,INFO,INFO: User login successful. User ID: USR992
2025-10-20 08:23:00,ERROR,ERROR: Database connection pool exhausted. Connections: 536
2025-10-20 08:25:00,ERROR,ERROR: High CPU utilization detected on server srv-06. Current: 180%
2025-10-20 08:25:00,ERROR,ERROR: Disk I/O bottleneck detected on srv-13
2025-10-20 08:28:00,WARNING,WARNING: Duplicate transaction detected. Transaction ID: TXN908
2025-10-20 08:33:00,ERROR,ERROR: Database connection pool exhausted. Connections: 895
2025-10-20 08:34:00,ERROR,ERROR: RTGS transaction failed. Transaction ID: TXN870. Reason: Insufficient funds
2025-10-20 08:34:00,INFO,INFO: User login successful. User ID: USR450
2025-10-20 08:34:00,ERROR,ERROR: Disk I/O bottleneck detected on srv-11
2025-10-20 08:35:00,INFO,INFO: User login successful. User ID: USR577
2025-10-20 08:35:00,WARNING,WARNING: Memory usage approaching threshold on srv-05. Current: 387%
2025-10-20 08:36:00,ERROR,ERROR: Disk I/O bottleneck detected on srv-13
2025-10-20 08:38:00,ERROR,ERROR: High CPU utilization detected on server srv-09. Current: 620%
2025-10-20 08:41:00,ERROR,ERROR: RTGS transaction failed. Transaction ID: TXN299. Reason: Insufficient funds
2025-10-20 08:46:00,ERROR,ERROR: High CPU utilization detected on server srv-09. Current: 657%
2025-10-20 08:50:00,WARNING,WARNING: Duplicate transaction detected. Transaction ID: TXN191
2025-10-20 08:53:00,INFO,INFO: Transaction processed successfully. ID: TXN651
2025-10-20 08:54:00,ERROR,ERROR: Disk I/O bottleneck detected on srv-03
2025-10-20 09:00:00,INFO,INFO: Transaction processed successfully. ID: TXN932
2025-10-20 09:01:00,INFO,INFO: Cache refresh completed in 421ms
2025-10-20 09:04:00,INFO,INFO: Cache refresh completed in 85ms
2025-10-20 09:05:00,ERROR,ERROR: NEFT transaction failed. Transaction ID: TXN464. Reason: Gateway timeout
2025-10-20 09:05:00,ERROR,ERROR: Database connection pool exhausted. Connections: 237
2025-10-20 09:05:00,ERROR,ERROR: NEFT transaction failed. Transaction ID: TXN593. Reason: Gateway timeout
2025-10-20 09:05:00,ERROR,ERROR: High CPU utilization detected on server srv-09. Current: 203%
2025-10-20 09:06:00,WARNING,WARNING: Container srv-09 restarting due to OOM
2025-10-20 09:08:00,ERROR,ERROR: API rate limit exceeded for endpoint /api/transactions
2025-10-20 09:08:00,INFO,INFO: User login successful. User ID: USR186
2025-10-20 09:09:00,WARNING,WARNING: Duplicate transaction detected. Transaction ID: TXN908
2025-10-20 09:11:00,INFO,INFO: Database backup completed successfully
2025-10-20 09:20:00,ERROR,ERROR: NEFT transaction failed. Transaction ID: TXN430. Reason: Gateway timeout
2025-10-20 09:21:00,INFO,INFO: User login successful. User ID: USR789
2025-10-20 09:21:00,ERROR,CRITICAL: Network timeout on srv-17. Latency: 615ms
2025-10-20 09:21:00,ERROR,ERROR: API rate limit exceeded for endpoint /api/transactions
2025-10-20 09:22:00,INFO,INFO: Database backup completed successfully
2025-10-20 09:25:00,ERROR,ERROR: High CPU utilization detected on server srv-11. Current: 302%
2025-10-20 09:25:00,ERROR,ERROR: Database connection pool exhausted. Connections: 707
2025-10-20 09:32:00,ERROR,ERROR: NEFT transaction failed. Transaction ID: TXN964. Reason: Gateway timeout
2025-10-20 09:33:00,WARNING,WARNING: Container srv-01 restarting due to OOM
2025-10-20 09:35:00,INFO,INFO: Cache refresh completed in 866ms
2025-10-20 09:36:00,WARNING,WARNING: Memory usage approaching threshold on srv-12. Current: 637%
2025-10-20 09:36:00,ERROR,CRITICAL: Network timeout on srv-11. Latency: 59ms
2025-10-20 09:40:00,WARNING,WARNING: Duplicate transaction detected. Transaction ID: TXN493
2025-10-20 09:44:00,INFO,INFO: Cache refresh completed in 172ms
2025-10-20 09:47:00,INFO,INFO: Database backup completed successfully
2025-10-20 09:50:00,INFO,INFO: Transaction processed successfully. ID: TXN223
2025-10-20 09:55:00,INFO,INFO: Cache refresh completed in 997ms
2025-10-20 09:56:00,INFO,INFO: Cache refresh completed in 804ms
2025-10-20 09:56:00,ERROR,ERROR: API rate limit exceeded for endpoint /api/transactions
2025-10-20 10:00:00,ERROR,CRITICAL: Network timeout on srv-16. Latency: 111ms
2025-10-20 10:00:00,ERROR,ERROR: API rate limit exceeded for endpoint /api/transactions
2025-10-20 10:01:00,ERROR,ERROR: IMPS transaction failed. Transaction ID: TXN671. Reason: Invalid account
2025-10-20 10:03:00,ERROR,ERROR: API rate limit exceeded for endpoint /api/transactions
2025-10-20 10:03:00,ERROR,ERROR: API rate limit exceeded for endpoint /api/transactions
2025-10-20 10:08:00,ERROR,ERROR: IMPS transaction failed. Transaction ID: TXN210. Reason: Invalid account
2025-10-20 10:10:00,INFO,INFO: Cache refresh completed in 769ms
2025-10-20 10:13:00,ERROR,ERROR: Disk I/O bottleneck detected on srv-05
2025-10-20 10:15:00,ERROR,ERROR: Database connection pool exhausted. Connections: 276
2025-10-20 10:16:00,ERROR,ERROR: IMPS transaction failed. Transaction ID: TXN337. Reason: Invalid account
2025-10-20 10:17:00,INFO,INFO: Database backup completed successfully
2025-10-20 10:19:00,ERROR,ERROR: High CPU utilization detected on server srv-18. Current: 996%
2025-10-20 10:21:00,INFO,INFO: Database backup completed successfully
2025-10-20 10:22:00,WARNING,WARNING: Duplicate transaction detected. Transaction ID: TXN658
2025-10-20 10:22:00,ERROR,ERROR: RTGS transaction failed. Transaction ID: TXN540. Reason: Insufficient funds
2025-10-20 10:23:00,WARNING,WARNING: Payment gateway response time exceeded SLA. Time: 986ms
2025-10-20 10:27:00,INFO,INFO: User login successful. User ID: USR607
2025-10-20 10:29:00,INFO,INFO: Cache refresh completed in 123ms
2025-10-20 10:31:00,INFO,INFO: Transaction processed successfully. ID: TXN686
2025-10-20 10:34:00,ERROR,ERROR: RTGS transaction failed. Transaction ID: TXN133. Reason: Insufficient funds
2025-10-20 10:36:00,WARNING,WARNING: Memory usage approaching threshold on srv-14. Current: 143%
2025-10-20 10:37:00,WARNING,WARNING: Duplicate transaction detected. Transaction ID: TXN198
2025-10-20 10:39:00,ERROR,ERROR: NEFT transaction failed. Transaction ID: TXN129. Reason: Gateway timeout
2025-10-20 10:41:00,ERROR,ERROR: Disk I/O bottleneck detected on srv-06
2025-10-20 10:42:00,WARNING,WARNING: Payment gateway response time exceeded SLA. Time: 855ms
2025-10-20 10:44:00,ERROR,CRITICAL: Network timeout on srv-09. Latency: 507ms
2025-10-20 10:48:00,ERROR,ERROR: IMPS transaction failed. Transaction ID: TXN174. Reason: Invalid account
2025-10-20 10:48:00,ERROR,ERROR: Customer authentication failed. User ID: USR287
2025-10-20 10:48:00,INFO,INFO: Database backup completed successfully
2025-10-20 10:51:00,ERROR,ERROR: IMPS transaction failed. Transaction ID: TXN134. Reason: Invalid account
2025-10-20 10:57:00,INFO,INFO: Database backup completed successfully
2025-10-20 11:02:00,INFO,INFO: Transaction processed successfully. ID: TXN847
2025-10-20 11:02:00,WARNING,WARNING: Duplicate transaction detected. Transaction ID: TXN409
2025-10-20 11:09:00,INFO,INFO: Database backup completed successfully
2025-10-20 11:11:00,ERROR,CRITICAL: Network timeout on srv-07. Latency: 186ms
2025-10-20 11:14:00,ERROR,ERROR: High CPU utilization detected on server srv-06. Current: 267%
2025-10-20 11:14:00,ERROR,ERROR: RTGS transaction failed. Transaction ID: TXN536. Reason: Insufficient funds
2025-10-20 11:15:00,ERROR,CRITICAL: Network timeout on srv-10. Latency: 783ms
2025-10-20 11:15:00,INFO,INFO: Database backup completed successfully
2025-10-20 11:20:00,ERROR,ERROR: High CPU utilization detected on server srv-12. Current: 172%
2025-10-20 11:21:00,ERROR,ERROR: Disk I/O bottleneck detected on srv-14
2025-10-20 11:22:00,INFO,INFO: Database backup completed successfully
2025-10-20 11:22:00,ERROR,ERROR: NEFT transaction failed. Transaction ID: TXN222. Reason: Gateway timeout
2025-10-20 11:29:00,ERROR,ERROR: RTGS transaction failed. Transaction ID: TXN969. Reason: Insufficient funds
2025-10-20 11:33:00,ERROR,ERROR: RTGS transaction failed. Transaction ID: TXN131. Reason: Insufficient funds
2025-10-20 11:35:00,INFO,INFO: User login successful. User ID: USR637
2025-10-20 11:36:00,WARNING,WARNING: Memory usage approaching threshold on srv-18. Current: 522%
2025-10-20 11:37:00,INFO,INFO: Database backup completed successfully
2025-10-20 11:39:00,INFO,INFO: Cache refresh completed in 984ms
2025-10-20 11:41:00,ERROR,ERROR: IMPS transaction failed. Transaction ID: TXN661. Reason: Invalid account
2025-10-20 11:43:00,ERROR,ERROR: API rate limit exceeded for endpoint /api/transactions
2025-10-20 11:46:00,WARNING,WARNING: Container srv-03 restarting due to OOM
2025-10-20 11:46:00,INFO,INFO: Transaction processed successfully. ID: TXN746
2025-10-20 11:48:00,ERROR,ERROR: Disk I/O bottleneck detected on srv-03
2025-10-20 11:51:00,WARNING,WARNING: Container srv-06 restarting due to OOM
2025-10-20 11:51:00,INFO,INFO: User login successful. User ID: USR573
2025-10-20 11:54:00,ERROR,ERROR: Customer authentication failed. User ID: USR67
2025-10-20 11:55:00,ERROR,ERROR: Customer authentication failed. User ID: USR402
2025-10-20 11:57:00,INFO,INFO: User login successful. User ID: USR209
2025-10-20 11:58:00,ERROR,ERROR: High CPU utilization detected on server srv-05. Current: 156%
2025-10-20 11:58:00,INFO,INFO: User login successful. User ID: USR376
2025-10-20 12:00:00,WARNING,WARNING: Payment gateway response time exceeded SLA. Time: 799ms
2025-10-20 12:06:00,ERROR,CRITICAL: Network timeout on srv-10. Latency: 820ms
2025-10-20 12:06:00,INFO,INFO: Database backup completed successfully
2025-10-20 12:07:00,INFO,INFO: Cache refresh completed in 58ms
2025-10-20 12:07:00,ERROR,CRITICAL: Network timeout on srv-05. Latency: 360ms
2025-10-20 12:08:00,ERROR,ERROR: Customer authentication failed. User ID: USR706
2025-10-20 12:08:00,ERROR,ERROR: Customer authentication failed. User ID: USR382
2025-10-20 12:09:00,ERROR,ERROR: IMPS transaction failed. Transaction ID: TXN472. Reason: Invalid account
2025-10-20 12:13:00,INFO,INFO: User login successful. User ID: USR115
2025-10-20 12:15:00,ERROR,ERROR: IMPS transaction failed. Transaction ID: TXN869. Reason: Invalid account
2025-10-20 12:16:00,ERROR,ERROR: API rate limit exceeded for endpoint /api/transactions
2025-10-20 12:16:00,WARNING,WARNING: Container srv-05 restarting due to OOM
2025-10-20 12:18:00,INFO,INFO: Cache refresh completed in 813ms
2025-10-20 12:20:00,ERROR,ERROR: Customer authentication failed. User ID: USR322
2025-10-20 12:21:00,INFO,INFO: Database backup completed successfully
2025-10-20 12:22:00,INFO,INFO: Transaction processed successfully. ID: TXN492
2025-10-20 12:23:00,ERROR,ERROR: NEFT transaction failed. Transaction ID: TXN485. Reason: Gateway timeout
2025-10-20 12:28:00,ERROR,ERROR: API rate limit exceeded for endpoint /api/transactions
2025-10-20 12:28:00,ERROR,CRITICAL: Network timeout on srv-12. Latency: 473ms
2025-10-20 12:31:00,INFO,INFO: User login successful. User ID: USR464
2025-10-20 12:33:00,ERROR,ERROR: Database connection pool exhausted. Connections: 533
2025-10-20 12:36:00,WARNING,WARNING: Duplicate transaction detected. Transaction ID: TXN347
2025-10-20 12:36:00,INFO,INFO: Cache refresh completed in 551ms
2025-10-20 12:37:00,INFO,INFO: Cache refresh completed in 944ms
2025-10-20 12:37:00,INFO,INFO: Cache refresh completed in 61ms
2025-10-20 12:38:00,WARNING,WARNING: Memory usage approaching threshold on srv-12. Current: 56%
2025-10-20 12:40:00,INFO,INFO: User login successful. User ID: USR463
2025-10-20 12:47:00,ERROR,ERROR: Database connection pool exhausted. Connections: 452
2025-10-20 12:47:00,INFO,INFO: Database backup completed successfully
2025-10-20 12:49:00,ERROR,ERROR: Database connection pool exhausted. Connections: 135
2025-10-20 12:49:00,WARNING,WARNING: Duplicate transaction detected. Transaction ID: TXN407
2025-10-20 12:50:00,ERROR,ERROR: High CPU utilization detected on server srv-03. Current: 953%
2025-10-20 12:50:00,WARNING,WARNING: Payment gateway response time exceeded SLA. Time: 401ms
2025-10-20 12:51:00,ERROR,CRITICAL: Network timeout on srv-12. Latency: 651ms
2025-10-20 12:51:00,ERROR,ERROR: RTGS transaction failed. Transaction ID: TXN84. Reason: Insufficient funds
2025-10-20 12:51:00,WARNING,WARNING: Payment gateway response time exceeded SLA. Time: 821ms
2025-10-20 12:53:00,INFO,INFO: Transaction processed successfully. ID: TXN950
2025-10-20 12:55:00,INFO,INFO: Cache refresh completed in 192ms
2025-10-20 13:02:00,ERROR,ERROR: NEFT transaction failed. Transaction ID: TXN471. Reason: Gateway timeout
2025-10-20 13:07:00,INFO,INFO: Database backup completed successfully
2025-10-20 13:10:00,ERROR,ERROR: API rate limit exceeded for endpoint /api/transactions
2025-10-20 13:16:00,WARNING,WARNING: Duplicate transaction detected. Transaction ID: TXN454
2025-10-20 13:17:00,ERROR,ERROR: High CPU utilization detected on server srv-04. Current: 204%
2025-10-20 13:19:00,WARNING,WARNING: Memory usage approaching threshold on srv-06. Current: 214%
2025-10-20 13:19:00,WARNING,WARNING: Memory usage approaching threshold on srv-01. Current: 799%
2025-10-20 13:21:00,INFO,INFO: User login successful. User ID: USR998
2025-10-20 13:24:00,ERROR,ERROR: High CPU utilization detected on server srv-16. Current: 707%
2025-10-20 13:28:00,WARNING,WARNING: Container srv-13 restarting due to OOM
2025-10-20 13:31:00,WARNING,WARNING: Duplicate transaction detected. Transaction ID: TXN70
2025-10-20 13:32:00,ERROR,CRITICAL: Network timeout on srv-12. Latency: 240ms
2025-10-20 13:33:00,ERROR,ERROR: RTGS transaction failed. Transaction ID: TXN838. Reason: Insufficient funds
2025-10-20 13:35:00,INFO,INFO: User login successful. User ID: USR583
2025-10-20 13:36:00,ERROR,ERROR: Disk I/O bottleneck detected on srv-16
2025-10-20 13:40:00,ERROR,CRITICAL: Network timeout on srv-09. Latency: 804ms
2025-10-20 13:42:00,WARNING,WARNING: Payment gateway response time exceeded SLA. Time: 187ms
2025-10-20 13:43:00,WARNING,WARNING: Duplicate transaction detected. Transaction ID: TXN433
2025-10-20 13:43:00,INFO,INFO: User login successful. User ID: USR226
2025-10-20 13:43:00,INFO,INFO: Cache refresh completed in 115ms
2025-10-20 13:44:00,ERROR,ERROR: IMPS transaction failed. Transaction ID: TXN496. Reason: Invalid account
2025-10-20 13:46:00,INFO,INFO: Transaction processed successfully. ID: TXN742
2025-10-20 13:49:00,INFO,INFO: Cache refresh completed in 863ms
2025-10-20 13:54:00,INFO,INFO: Transaction processed successfully. ID: TXN503
2025-10-20 13:59:00,ERROR,ERROR: API rate limit exceeded for endpoint /api/transactions
2025-10-20 14:03:00,ERROR,ERROR: RTGS transaction failed. Transaction ID: TXN971. Reason: Insufficient funds
2025-10-20 14:05:00,ERROR,ERROR: High CPU utilization detected on server srv-17. Current: 760%
2025-10-20 14:09:00,ERROR,CRITICAL: Network timeout on srv-05. Latency: 663ms
2025-10-20 14:12:00,INFO,INFO: Cache refresh completed in 211ms
2025-10-20 14:14:00,ERROR,ERROR: API rate limit exceeded for endpoint /api/transactions
2025-10-20 14:14:00,INFO,INFO: User login successful. User ID: USR459
2025-10-20 14:17:00,ERROR,CRITICAL: Network timeout on srv-11. Latency: 88ms
2025-10-20 14:17:00,WARNING,WARNING: Payment gateway response time exceeded SLA. Time: 92ms
2025-10-20 14:17:00,INFO,INFO: Database backup completed successfully
2025-10-20 14:18:00,ERROR,ERROR: NEFT transaction failed. Transaction ID: TXN455. Reason: Gateway timeout
2025-10-20 14:23:00,ERROR,CRITICAL: Network timeout on srv-04. Latency: 407ms
2025-10-20 14:24:00,ERROR,CRITICAL: Network timeout on srv-05. Latency: 636ms
2025-10-20 14:24:00,ERROR,ERROR: Customer authentication failed. User ID: USR708
2025-10-20 14:24:00,ERROR,ERROR: NEFT transaction failed. Transaction ID: TXN654. Reason: Gateway timeout
2025-10-20 14:27:00,WARNING,WARNING: Memory usage approaching threshold on srv-12. Current: 389%
2025-10-20 14:28:00,WARNING,WARNING: Duplicate transaction detected. Transaction ID: TXN785
2025-10-20 14:28:00,ERROR,ERROR: Customer authentication failed. User ID: USR378
2025-10-20 14:34:00,INFO,INFO: Database backup completed successfully
2025-10-20 14:36:00,WARNING,WARNING: Memory usage approaching threshold on srv-11. Current: 597%
2025-10-20 14:37:00,INFO,INFO: Database backup completed successfully
2025-10-20 14:38:00,ERROR,ERROR: Customer authentication failed. User ID: USR725
2025-10-20 14:40:00,ERROR,ERROR: Customer authentication failed. User ID: USR789
2025-10-20 14:43:00,INFO,INFO: Database backup completed successfully
2025-10-20 14:43:00,WARNING,WARNING: Payment gateway response time exceeded SLA. Time: 657ms
2025-10-20 14:45:00,ERROR,ERROR: Database connection pool exhausted. Connections: 592
2025-10-20 14:46:00,INFO,INFO: Database backup completed successfully
2025-10-20 14:46:00,ERROR,ERROR: API rate limit exceeded for endpoint /api/transactions
2025-10-20 14:47:00,ERROR,ERROR: IMPS transaction failed. Transaction ID: TXN969. Reason: Invalid account
2025-10-20 14:52:00,INFO,INFO: Transaction processed successfully. ID: TXN73
2025-10-20 14:56:00,ERROR,ERROR: Customer authentication failed. User ID: USR789
2025-10-20 14:59:00,ERROR,ERROR: NEFT transaction failed. Transaction ID: TXN952. Reason: Gateway timeout
2025-10-20 15:01:00,INFO,INFO: Transaction processed successfully. ID: TXN670
2025-10-20 15:01:00,INFO,INFO: User login successful. User ID: USR384
2025-10-20 15:02:00,WARNING,WARNING: Duplicate transaction detected. Transaction ID: TXN351
2025-10-20 15:05:00,WARNING,WARNING: Memory usage approaching threshold on srv-01. Current: 263%
2025-10-20 15:06:00,WARNING,WARNING: Memory usage approaching threshold on srv-14. Current: 304%
2025-10-20 15:11:00,ERROR,CRITICAL: Network timeout on srv-08. Latency: 807ms
2025-10-20 15:12:00,WARNING,WARNING: Payment gateway response time exceeded SLA. Time: 631ms
2025-10-20 15:15:00,INFO,INFO: User login successful. User ID: USR182
2025-10-20 15:17:00,INFO,INFO: User login successful. User ID: USR196
2025-10-20 15:18:00,WARNING,WARNING: Memory usage approaching threshold on srv-02. Current: 223%
2025-10-20 15:20:00,ERROR,ERROR: RTGS transaction failed. Transaction ID: TXN490. Reason: Insufficient funds
2025-10-20 15:22:00,WARNING,WARNING: Payment gateway response time exceeded SLA. Time: 863ms
2025-10-20 15:22:00,ERROR,ERROR: High CPU utilization detected on server srv-16. Current: 926%
2025-10-20 15:22:00,INFO,INFO: Database backup completed successfully
2025-10-20 15:23:00,ERROR,ERROR: Customer authentication failed. User ID: USR219
2025-10-20 15:24:00,ERROR,ERROR: RTGS transaction failed. Transaction ID: TXN295. Reason: Insufficient funds
2025-10-20 15:29:00,WARNING,WARNING: Memory usage approaching threshold on srv-15. Current: 331%
2025-10-20 15:29:00,ERROR,ERROR: IMPS transaction failed. Transaction ID: TXN383. Reason: Invalid account
2025-10-20 15:32:00,INFO,INFO: Cache refresh completed in 604ms
2025-10-20 15:34:00,WARNING,WARNING: Memory usage approaching threshold on srv-18. Current: 173%
2025-10-20 15:36:00,WARNING,WARNING: Memory usage approaching threshold on srv-15. Current: 693%
2025-10-20 15:40:00,ERROR,CRITICAL: Network timeout on srv-19. Latency: 291ms
2025-10-20 15:41:00,ERROR,ERROR: Database connection pool exhausted. Connections: 331
2025-10-20 15:43:00,INFO,INFO: User login successful. User ID: USR813
2025-10-20 15:45:00,WARNING,WARNING: Container srv-15 restarting due to OOM
2025-10-20 15:48:00,INFO,INFO: Transaction processed successfully. ID: TXN298
2025-10-20 15:48:00,ERROR,ERROR: RTGS transaction failed. Transaction ID: TXN633. Reason: Insufficient funds
2025-10-20 15:48:00,ERROR,CRITICAL: Network timeout on srv-12. Latency: 724ms
2025-10-20 15:49:00,ERROR,ERROR: API rate limit exceeded for endpoint /api/transactions
2025-10-20 15:49:00,ERROR,ERROR: High CPU utilization detected on server srv-18. Current: 118%
2025-10-20 15:50:00,ERROR,ERROR: Database connection pool exhausted. Connections: 73
2025-10-20 15:51:00,INFO,INFO: Transaction processed successfully. ID: TXN464
2025-10-20 15:57:00,ERROR,CRITICAL: Network timeout on srv-03. Latency: 270ms
2025-10-20 16:03:00,INFO,INFO: Database backup completed successfully
2025-10-20 16:03:00,ERROR,ERROR: High CPU utilization detected on server srv-05. Current: 97%
2025-10-20 16:05:00,WARNING,WARNING: Payment gateway response time exceeded SLA. Time: 431ms
2025-10-20 16:06:00,INFO,INFO: Database backup completed successfully
2025-10-20 16:06:00,WARNING,WARNING: Container srv-18 restarting due to OOM
2025-10-20 16:08:00,WARNING,WARNING: Payment gateway response time exceeded SLA. Time: 942ms
2025-10-20 16:12:00,ERROR,ERROR: IMPS transaction failed. Transaction ID: TXN867. Reason: Invalid account
2025-10-20 16:16:00,ERROR,ERROR: NEFT transaction failed. Transaction ID: TXN369. Reason: Gateway timeout
2025-10-20 16:17:00,ERROR,ERROR: API rate limit exceeded for endpoint /api/transactions
2025-10-20 16:17:00,WARNING,WARNING: Duplicate transaction detected. Transaction ID: TXN890
2025-10-20 16:21:00,WARNING,WARNING: Duplicate transaction detected. Transaction ID: TXN657
2025-10-20 16:26:00,ERROR,ERROR: IMPS transaction failed. Transaction ID: TXN780. Reason: Invalid account
2025-10-20 16:27:00,INFO,INFO: Cache refresh completed in 230ms
2025-10-20 16:31:00,ERROR,ERROR: High CPU utilization detected on server srv-14. Current: 740%
2025-10-20 16:32:00,INFO,INFO: Database backup completed successfully
2025-10-20 16:39:00,ERROR,ERROR: RTGS transaction failed. Transaction ID: TXN889. Reason: Insufficient funds
2025-10-20 16:41:00,ERROR,CRITICAL: Network timeout on srv-01. Latency: 788ms
2025-10-20 16:46:00,WARNING,WARNING: Container srv-03 restarting due to OOM
2025-10-20 16:46:00,WARNING,WARNING: Container srv-04 restarting due to OOM
2025-10-20 16:47:00,WARNING,WARNING: Duplicate transaction detected. Transaction ID: TXN524
2025-10-20 16:50:00,INFO,INFO: User login successful. User ID: USR66
2025-10-20 16:51:00,ERROR,ERROR: High CPU utilization detected on server srv-02. Current: 376%
2025-10-20 16:51:00,ERROR,ERROR: Database connection pool exhausted. Connections: 872
2025-10-20 16:56:00,ERROR,ERROR: NEFT transaction failed. Transaction ID: TXN287. Reason: Gateway timeout
2025-10-20 16:57:00,INFO,INFO: Cache refresh completed in 637ms
2025-10-20 17:03:00,ERROR,ERROR: Database connection pool exhausted. Connections: 911
2025-10-20 17:05:00,ERROR,ERROR: Customer authentication failed. User ID: USR674
2025-10-20 17:06:00,WARNING,WARNING: Payment gateway response time exceeded SLA. Time: 942ms
2025-10-20 17:06:00,ERROR,ERROR: Customer authentication failed. User ID: USR778
2025-10-20 17:08:00,INFO,INFO: Database backup completed successfully
2025-10-20 17:10:00,ERROR,ERROR: RTGS transaction failed. Transaction ID: TXN226. Reason: Insufficient funds
2025-10-20 17:11:00,WARNING,WARNING: Payment gateway response time exceeded SLA. Time: 522ms
2025-10-20 17:11:00,ERROR,ERROR: Customer authentication failed. User ID: USR708
2025-10-20 17:12:00,WARNING,WARNING: Memory usage approaching threshold on srv-11. Current: 483%
2025-10-20 17:13:00,INFO,INFO: Database backup completed successfully
2025-10-20 17:18:00,ERROR,ERROR: NEFT transaction failed. Transaction ID: TXN426. Reason: Gateway timeout
2025-10-20 17:22:00,ERROR,ERROR: High CPU utilization detected on server srv-18. Current: 418%
2025-10-20 17:23:00,INFO,INFO: Database backup completed successfully
2025-10-20 17:24:00,WARNING,WARNING: Container srv-18 restarting due to OOM
2025-10-20 17:24:00,ERROR,ERROR: RTGS transaction failed. Transaction ID: TXN487. Reason: Insufficient funds
2025-10-20 17:26:00,WARNING,WARNING: Container srv-14 restarting due to OOM
2025-10-20 17:32:00,ERROR,ERROR: IMPS transaction failed. Transaction ID: TXN344. Reason: Invalid account
2025-10-20 17:32:00,ERROR,ERROR: High CPU utilization detected on server srv-18. Current: 66%
2025-10-20 17:35:00,INFO,INFO: Cache refresh completed in 845ms
2025-10-20 17:41:00,ERROR,ERROR: Database connection pool exhausted. Connections: 371
2025-10-20 17:44:00,WARNING,WARNING: Container srv-04 restarting due to OOM
2025-10-20 17:46:00,ERROR,CRITICAL: Network timeout on srv-13. Latency: 600ms
2025-10-20 17:47:00,ERROR,ERROR: High CPU utilization detected on server srv-15. Current: 206%
2025-10-20 17:51:00,ERROR,CRITICAL: Network timeout on srv-12. Latency: 124ms
2025-10-20 17:56:00,INFO,INFO: Cache refresh completed in 893ms
2025-10-20 18:05:00,WARNING,WARNING: Duplicate transaction detected. Transaction ID: TXN446
2025-10-20 18:07:00,ERROR,ERROR: High CPU utilization detected on server srv-04. Current: 538%
2025-10-20 18:07:00,ERROR,ERROR: API rate limit exceeded for endpoint /api/transactions
2025-10-20 18:08:00,ERROR,ERROR: RTGS transaction failed. Transaction ID: TXN411. Reason: Insufficient funds
2025-10-20 18:15:00,INFO,INFO: Transaction processed successfully. ID: TXN401
2025-10-20 18:16:00,WARNING,WARNING: Container srv-15 restarting due to OOM
2025-10-20 18:19:00,WARNING,WARNING: Payment gateway response time exceeded SLA. Time: 939ms
2025-10-20 18:23:00,ERROR,ERROR: Customer authentication failed. User ID: USR175
2025-10-20 18:24:00,ERROR,ERROR: NEFT transaction failed. Transaction ID: TXN996. Reason: Gateway timeout
2025-10-20 18:26:00,ERROR,ERROR: NEFT transaction failed. Transaction ID: TXN804. Reason: Gateway timeout
2025-10-20 18:27:00,ERROR,ERROR: High CPU utilization detected on server srv-04. Current: 720%
2025-10-20 18:29:00,ERROR,ERROR: API rate limit exceeded for endpoint /api/transactions
2025-10-20 18:31:00,WARNING,WARNING: Memory usage approaching threshold on srv-02. Current: 550%
2025-10-20 18:31:00,INFO,INFO: User login successful. User ID: USR332
2025-10-20 18:35:00,INFO,INFO: Cache refresh completed in 387ms
2025-10-20 18:38:00,INFO,INFO: Cache refresh completed in 831ms
2025-10-20 18:45:00,ERROR,CRITICAL: Network timeout on srv-14. Latency: 438ms
2025-10-20 18:45:00,ERROR,CRITICAL: Network timeout on srv-14. Latency: 472ms
2025-10-20 18:46:00,INFO,INFO: Transaction processed successfully. ID: TXN551
2025-10-20 18:46:00,ERROR,ERROR: IMPS transaction failed. Transaction ID: TXN403. Reason: Invalid account
2025-10-20 18:48:00,ERROR,ERROR: IMPS transaction failed. Transaction ID: TXN609. Reason: Invalid account
2025-10-20 18:49:00,ERROR,ERROR: High CPU utilization detected on server srv-17. Current: 115%
2025-10-20 18:49:00,WARNING,WARNING: Duplicate transaction detected. Transaction ID: TXN886
2025-10-20 18:50:00,WARNING,WARNING: Memory usage approaching threshold on srv-12. Current: 585%
2025-10-20 18:51:00,INFO,INFO: Database backup completed successfully
2025-10-20 18:53:00,ERROR,ERROR: Database connection pool exhausted. Connections: 571
2025-10-20 18:54:00,WARNING,WARNING: Duplicate transaction detected. Transaction ID: TXN982
2025-10-20 18:55:00,WARNING,WARNING: Memory usage approaching threshold on srv-10. Current: 816%
2025-10-20 18:55:00,WARNING,WARNING: Payment gateway response time exceeded SLA. Time: 278ms
2025-10-20 18:57:00,WARNING,WARNING: Duplicate transaction detected. Transaction ID: TXN566
2025-10-20 18:57:00,WARNING,WARNING: Duplicate transaction detected. Transaction ID: TXN577
2025-10-20 19:00:00,ERROR,ERROR: Customer authentication failed. User ID: USR799
2025-10-20 19:00:00,ERROR,ERROR: IMPS transaction failed. Transaction ID: TXN288. Reason: Invalid account
2025-10-20 19:02:00,INFO,INFO: Database backup completed successfully
2025-10-20 19:02:00,ERROR,ERROR: High CPU utilization detected on server srv-09. Current: 945%
2025-10-20 19:04:00,WARNING,WARNING: Duplicate transaction detected. Transaction ID: TXN894
2025-10-20 19:12:00,ERROR,ERROR: IMPS transaction failed. Transaction ID: TXN518. Reason: Invalid account
2025-10-20 19:13:00,ERROR,ERROR: NEFT transaction failed. Transaction ID: TXN741. Reason: Gateway timeout
2025-10-20 19:13:00,WARNING,WARNING: Payment gateway response time exceeded SLA. Time: 841ms
2025-10-20 19:16:00,INFO,INFO: Cache refresh completed in 414ms
2025-10-20 19:17:00,INFO,INFO: User login successful. User ID: USR424
2025-10-20 19:18:00,ERROR,CRITICAL: Network timeout on srv-12. Latency: 167ms
2025-10-20 19:18:00,INFO,INFO: User login successful. User ID: USR796
2025-10-20 19:22:00,WARNING,WARNING: Memory usage approaching threshold on srv-06. Current: 584%
2025-10-20 19:22:00,ERROR,ERROR: Disk I/O bottleneck detected on srv-12
2025-10-20 19:28:00,ERROR,ERROR: NEFT transaction failed. Transaction ID: TXN431. Reason: Gateway timeout
2025-10-20 19:29:00,INFO,INFO: Database backup completed successfully
2025-10-20 19:31:00,ERROR,ERROR: Database connection pool exhausted. Connections: 151
2025-10-20 19:31:00,INFO,INFO: Cache refresh completed in 580ms
2025-10-20 19:33:00,ERROR,ERROR: High CPU utilization detected on server srv-16. Current: 837%
2025-10-20 19:46:00,ERROR,ERROR: High CPU utilization detected on server srv-18. Current: 606%
2025-10-20 19:46:00,WARNING,WARNING: Duplicate transaction detected. Transaction ID: TXN830
2025-10-20 19:47:00,INFO,INFO: Cache refresh completed in 227ms
2025-10-20 19:47:00,ERROR,ERROR: RTGS transaction failed. Transaction ID: TXN117. Reason: Insufficient funds
2025-10-20 19:48:00,WARNING,WARNING: Memory usage approaching threshold on srv-02. Current: 344%
2025-10-20 19:49:00,WARNING,WARNING: Payment gateway response time exceeded SLA. Time: 157ms
2025-10-20 19:51:00,INFO,INFO: Transaction processed successfully. ID: TXN592
2025-10-20 19:51:00,INFO,INFO: Database backup completed successfully
2025-10-20 19:52:00,INFO,INFO: User login successful. User ID: USR217
2025-10-20 19:54:00,WARNING,WARNING: Duplicate transaction detected. Transaction ID: TXN265
2025-10-20 19:54:00,INFO,INFO: Cache refresh completed in 796ms
2025-10-20 19:58:00,INFO,INFO: Transaction processed successfully. ID: TXN624
2025-10-20 19:58:00,INFO,INFO: Database backup completed successfully
2025-10-20 19:59:00,INFO,INFO: Cache refresh completed in 507ms
2025-10-20 20:00:00,ERROR,ERROR: Customer authentication failed. User ID: USR263
2025-10-20 20:00:00,ERROR,ERROR: NEFT transaction failed. Transaction ID: TXN195. Reason: Gateway timeout
2025-10-20 20:00:00,ERROR,ERROR: RTGS transaction failed. Transaction ID: TXN319. Reason: Insufficient funds
2025-10-20 20:02:00,INFO,INFO: Cache refresh completed in 651ms
2025-10-20 20:02:00,ERROR,ERROR: IMPS transaction failed. Transaction ID: TXN768. Reason: Invalid account
2025-10-20 20:07:00,WARNING,WARNING: Payment gateway response time exceeded SLA. Time: 950ms
2025-10-20 20:07:00,INFO,INFO: Cache refresh completed in 593ms
2025-10-20 20:10:00,ERROR,ERROR: IMPS transaction failed. Transaction ID: TXN429. Reason: Invalid account
2025-10-20 20:10:00,WARNING,WARNING: Payment gateway response time exceeded SLA. Time: 149ms
2025-10-20 20:10:00,INFO,INFO: Database backup completed successfully
2025-10-20 20:11:00,ERROR,ERROR: High CPU utilization detected on server srv-17. Current: 991%
2025-10-20 20:12:00,ERROR,CRITICAL: Network timeout on srv-19. Latency: 868ms
2025-10-20 20:16:00,INFO,INFO: User login successful. User ID: USR291
2025-10-20 20:16:00,WARNING,WARNING: Memory usage approaching threshold on srv-05. Current: 318%
2025-10-20 20:18:00,WARNING,WARNING: Memory usage approaching threshold on srv-14. Current: 465%
2025-10-20 20:19:00,WARNING,WARNING: Memory usage approaching threshold on srv-06. Current: 249%
2025-10-20 20:19:00,ERROR,ERROR: API rate limit exceeded for endpoint /api/transactions
2025-10-20 20:20:00,WARNING,WARNING: Container srv-17 restarting due to OOM
2025-10-20 20:22:00,ERROR,ERROR: API rate limit exceeded for endpoint /api/transactions
2025-10-20 20:23:00,ERROR,ERROR: IMPS transaction failed. Transaction ID: TXN998. Reason: Invalid account
2025-10-20 20:25:00,INFO,INFO: Transaction processed successfully. ID: TXN443
2025-10-20 20:25:00,INFO,INFO: Database backup completed successfully
2025-10-20 20:36:00,ERROR,ERROR: NEFT transaction failed. Transaction ID: TXN788. Reason: Gateway timeout
2025-10-20 20:36:00,ERROR,ERROR: API rate limit exceeded for endpoint /api/transactions
2025-10-20 20:36:00,INFO,INFO: Transaction processed successfully. ID: TXN704
2025-10-20 20:37:00,ERROR,ERROR: API rate limit exceeded for endpoint /api/transactions
2025-10-20 20:39:00,INFO,INFO: Database backup completed successfully
2025-10-20 20:44:00,WARNING,WARNING: Payment gateway response time exceeded SLA. Time: 324ms
2025-10-20 20:44:00,ERROR,ERROR: API rate limit exceeded for endpoint /api/transactions
2025-10-20 20:44:00,INFO,INFO: Cache refresh completed in 356ms
2025-10-20 20:44:00,ERROR,ERROR: Disk I/O bottleneck detected on srv-19
2025-10-20 20:45:00,ERROR,CRITICAL: Network timeout on srv-18. Latency: 179ms
2025-10-20 20:47:00,WARNING,WARNING: Memory usage approaching threshold on srv-06. Current: 233%
2025-10-20 20:47:00,WARNING,WARNING: Container srv-05 restarting due to OOM
2025-10-20 20:55:00,WARNING,WARNING: Payment gateway response time exceeded SLA. Time: 254ms
2025-10-20 20:56:00,ERROR,ERROR: Disk I/O bottleneck detected on srv-04
2025-10-20 20:59:00,ERROR,ERROR: NEFT transaction failed. Transaction ID: TXN353. Reason: Gateway timeout
2025-10-20 21:01:00,ERROR,ERROR: IMPS transaction failed. Transaction ID: TXN150. Reason: Invalid account
2025-10-20 21:03:00,INFO,INFO: Database backup completed successfully
2025-10-20 21:05:00,ERROR,ERROR: Disk I/O bottleneck detected on srv-04
2025-10-20 21:06:00,WARNING,WARNING: Payment gateway response time exceeded SLA. Time: 622ms
2025-10-20 21:08:00,INFO,INFO: Database backup completed successfully
2025-10-20 21:09:00,WARNING,WARNING: Memory usage approaching threshold on srv-12. Current: 292%
2025-10-20 21:09:00,INFO,INFO: Database backup completed successfully
2025-10-20 21:15:00,ERROR,ERROR: High CPU utilization detected on server srv-07. Current: 417%
2025-10-20 21:16:00,ERROR,ERROR: API rate limit exceeded for endpoint /api/transactions
2025-10-20 21:23:00,WARNING,WARNING: Duplicate transaction detected. Transaction ID: TXN282
2025-10-20 21:24:00,WARNING,WARNING: Memory usage approaching threshold on srv-01. Current: 244%
2025-10-20 21:30:00,WARNING,WARNING: Payment gateway response time exceeded SLA. Time: 341ms
2025-10-20 21:33:00,INFO,INFO: Database backup completed successfully
2025-10-20 21:36:00,ERROR,ERROR: IMPS transaction failed. Transaction ID: TXN718. Reason: Invalid account
2025-10-20 21:40:00,INFO,INFO: Cache refresh completed in 644ms
2025-10-20 21:43:00,ERROR,ERROR: NEFT transaction failed. Transaction ID: TXN549. Reason: Gateway timeout
2025-10-20 21:46:00,ERROR,ERROR: IMPS transaction failed. Transaction ID: TXN868. Reason: Invalid account
2025-10-20 21:47:00,ERROR,ERROR: High CPU utilization detected on server srv-19. Current: 979%
2025-10-20 21:47:00,ERROR,ERROR: RTGS transaction failed. Transaction ID: TXN466. Reason: Insufficient funds
2025-10-20 21:47:00,ERROR,ERROR: NEFT transaction failed. Transaction ID: TXN930. Reason: Gateway timeout
2025-10-20 21:52:00,ERROR,ERROR: High CPU utilization detected on server srv-15. Current: 946%
2025-10-20 21:52:00,ERROR,ERROR: RTGS transaction failed. Transaction ID: TXN611. Reason: Insufficient funds
2025-10-20 21:53:00,INFO,INFO: Cache refresh completed in 130ms
2025-10-20 21:57:00,WARNING,WARNING: Duplicate transaction detected. Transaction ID: TXN890
2025-10-20 21:58:00,WARNING,WARNING: Memory usage approaching threshold on srv-05. Current: 937%
2025-10-20 22:00:00,ERROR,ERROR: High CPU utilization detected on server srv-05. Current: 246%
2025-10-20 22:01:00,ERROR,ERROR: Disk I/O bottleneck detected on srv-11
2025-10-20 22:03:00,WARNING,WARNING: Memory usage approaching threshold on srv-10. Current: 888%
2025-10-20 22:07:00,WARNING,WARNING: Duplicate transaction detected. Transaction ID: TXN122
2025-10-20 22:13:00,WARNING,WARNING: Memory usage approaching threshold on srv-01. Current: 448%
2025-10-20 22:24:00,INFO,INFO: Transaction processed successfully. ID: TXN607
2025-10-20 22:25:00,ERROR,ERROR: IMPS transaction failed. Transaction ID: TXN376. Reason: Invalid account
2025-10-20 22:26:00,INFO,INFO: User login successful. User ID: USR133
2025-10-20 22:27:00,ERROR,ERROR: IMPS transaction failed. Transaction ID: TXN269. Reason: Invalid account
2025-10-20 22:28:00,INFO,INFO: User login successful. User ID: USR880
2025-10-20 22:29:00,INFO,INFO: User login successful. User ID: USR92
2025-10-20 22:29:00,ERROR,ERROR: API rate limit exceeded for endpoint /api/transactions
2025-10-20 22:31:00,ERROR,ERROR: Disk I/O bottleneck detected on srv-15
2025-10-20 22:35:00,WARNING,WARNING: Payment gateway response time exceeded SLA. Time: 594ms
2025-10-20 22:36:00,WARNING,WARNING: Payment gateway response time exceeded SLA. Time: 383ms
2025-10-20 22:36:00,INFO,INFO: Transaction processed successfully. ID: TXN531
2025-10-20 22:36:00,WARNING,WARNING: Memory usage approaching threshold on srv-11. Current: 119%
2025-10-20 22:39:00,WARNING,WARNING: Memory usage approaching threshold on srv-10. Current: 565%
2025-10-20 22:40:00,WARNING,WARNING: Payment gateway response time exceeded SLA. Time: 638ms
2025-10-20 22:42:00,INFO,INFO: Database backup completed successfully
2025-10-20 22:46:00,ERROR,ERROR: NEFT transaction failed. Transaction ID: TXN91. Reason: Gateway timeout
2025-10-20 22:50:00,INFO,INFO: Cache refresh completed in 345ms
2025-10-20 22:53:00,INFO,INFO: Database backup completed successfully
2025-10-20 22:53:00,INFO,INFO: Cache refresh completed in 218ms
2025-10-20 22:54:00,INFO,INFO: Database backup completed successfully
2025-10-20 22:55:00,ERROR,ERROR: API rate limit exceeded for endpoint /api/transactions
2025-10-20 22:57:00,WARNING,WARNING: Container srv-14 restarting due to OOM
2025-10-20 23:02:00,WARNING,WARNING: Container srv-19 restarting due to OOM
2025-10-20 23:05:00,INFO,INFO: Database backup completed successfully
2025-10-20 23:08:00,INFO,INFO: User login successful. User ID: USR980
2025-10-20 23:10:00,ERROR,ERROR: Customer authentication failed. User ID: USR117
2025-10-20 23:12:00,INFO,INFO: User login successful. User ID: USR445
2025-10-20 23:21:00,INFO,INFO: Database backup completed successfully
2025-10-20 23:22:00,INFO,INFO: Database backup completed successfully
2025-10-20 23:23:00,WARNING,WARNING: Container srv-10 restarting due to OOM
2025-10-20 23:25:00,ERROR,ERROR: Database connection pool exhausted. Connections: 656
2025-10-20 23:27:00,ERROR,ERROR: Disk I/O bottleneck detected on srv-01
2025-10-20 23:29:00,WARNING,WARNING: Memory usage approaching threshold on srv-11. Current: 853%
2025-10-20 23:36:00,WARNING,WARNING: Container srv-05 restarting due to OOM
2025-10-20 23:37:00,ERROR,ERROR: RTGS transaction failed. Transaction ID: TXN270. Reason: Insufficient funds
2025-10-20 23:37:00,INFO,INFO: User login successful. User ID: USR916
2025-10-20 23:38:00,WARNING,WARNING: Memory usage approaching threshold on srv-15. Current: 160%
2025-10-20 23:39:00,INFO,INFO: Transaction processed successfully. ID: TXN770
2025-10-20 23:45:00,INFO,INFO: Database backup completed successfully
2025-10-20 23:47:00,INFO,INFO: Transaction processed successfully. ID: TXN825
2025-10-20 23:51:00,ERROR,ERROR: Disk I/O bottleneck detected on srv-01
2025-10-20 23:56:00,WARNING,WARNING: Duplicate transaction detected. Transaction ID: TXN511
2025-10-20 23:57:00,ERROR,ERROR: Disk I/O bottleneck detected on srv-03
2025-10-20 23:58:00,ERROR,ERROR: NEFT transaction failed. Transaction ID: TXN653. Reason: Gateway timeout
2025-10-21 00:00:00,WARNING,WARNING: Container srv-08 restarting due to OOM
2025-10-21 00:02:00,INFO,INFO: User login successful. User ID: USR515
2025-10-21 00:03:00,ERROR,ERROR: RTGS transaction failed. Transaction ID: TXN680. Reason: Insufficient funds
2025-10-21 00:04:00,ERROR,ERROR: RTGS transaction failed. Transaction ID: TXN162. Reason: Insufficient funds
2025-10-21 00:04:00,WARNING,WARNING: Container srv-06 restarting due to OOM
2025-10-21 00:09:00,WARNING,WARNING: Duplicate transaction detected. Transaction ID: TXN928
2025-10-21 00:15:00,INFO,INFO: Cache refresh completed in 484ms
2025-10-21 00:15:00,ERROR,ERROR: RTGS transaction failed. Transaction ID: TXN297. Reason: Insufficient funds
2025-10-21 00:20:00,ERROR,ERROR: RTGS transaction failed. Transaction ID: TXN809. Reason: Insufficient funds
2025-10-21 00:22:00,ERROR,CRITICAL: Network timeout on srv-09. Latency: 829ms
2025-10-21 00:24:00,ERROR,ERROR: Database connection pool exhausted. Connections: 403
2025-10-21 00:28:00,ERROR,ERROR: API rate limit exceeded for endpoint /api/transactions
2025-10-21 00:29:00,WARNING,WARNING: Duplicate transaction detected. Transaction ID: TXN717
2025-10-21 00:29:00,ERROR,ERROR: IMPS transaction failed. Transaction ID: TXN206. Reason: Invalid account
2025-10-21 00:35:00,INFO,INFO: Cache refresh completed in 874ms
2025-10-21 00:35:00,WARNING,WARNING: Container srv-05 restarting due to OOM
2025-10-21 00:38:00,ERROR,ERROR: RTGS transaction failed. Transaction ID: TXN309. Reason: Insufficient funds
2025-10-21 00:47:00,ERROR,ERROR: RTGS transaction failed. Transaction ID: TXN73. Reason: Insufficient funds
2025-10-21 00:48:00,INFO,INFO: Cache refresh completed in 278ms
2025-10-21 00:54:00,ERROR,ERROR: NEFT transaction failed. Transaction ID: TXN156. Reason: Gateway timeout
2025-10-21 00:54:00,WARNING,WARNING: Payment gateway response time exceeded SLA. Time: 494ms
2025-10-21 00:56:00,ERROR,ERROR: RTGS transaction failed. Transaction ID: TXN751. Reason: Insufficient funds
2025-10-21 00:56:00,INFO,INFO: Transaction processed successfully. ID: TXN225
2025-10-21 00:57:00,INFO,INFO: Database backup completed successfully
2025-10-21 00:58:00,ERROR,ERROR: API rate limit exceeded for endpoint /api/transactions
2025-10-21 00:59:00,ERROR,ERROR: Disk I/O bottleneck detected on srv-08
2025-10-21 01:01:00,INFO,INFO: Transaction processed successfully. ID: TXN885
2025-10-21 01:02:00,WARNING,WARNING: Duplicate transaction detected. Transaction ID: TXN141
2025-10-21 01:05:00,WARNING,WARNING: Payment gateway response time exceeded SLA. Time: 974ms
2025-10-21 01:10:00,WARNING,WARNING: Container srv-02 restarting due to OOM
2025-10-21 01:11:00,INFO,INFO: Database backup completed successfully
2025-10-21 01:11:00,ERROR,ERROR: Customer authentication failed. User ID: USR824
2025-10-21 01:13:00,WARNING,WARNING: Payment gateway response time exceeded SLA. Time: 232ms
2025-10-21 01:16:00,ERROR,ERROR: RTGS transaction failed. Transaction ID: TXN400. Reason: Insufficient funds
2025-10-21 01:17:00,WARNING,WARNING: Payment gateway response time exceeded SLA. Time: 808ms
2025-10-21 01:23:00,WARNING,WARNING: Payment gateway response time exceeded SLA. Time: 528ms
2025-10-21 01:24:00,ERROR,CRITICAL: Network timeout on srv-19. Latency: 80ms
2025-10-21 01:27:00,ERROR,ERROR: Database connection pool exhausted. Connections: 130
2025-10-21 01:28:00,INFO,INFO: User login successful. User ID: USR847
2025-10-21 01:28:00,INFO,INFO: Transaction processed successfully. ID: TXN345
2025-10-21 01:29:00,ERROR,CRITICAL: Network timeout on srv-03. Latency: 219ms
2025-10-21 01:29:00,WARNING,WARNING: Memory usage approaching threshold on srv-03. Current: 634%
2025-10-21 01:29:00,ERROR,ERROR: RTGS transaction failed. Transaction ID: TXN789. Reason: Insufficient funds
2025-10-21 01:30:00,INFO,INFO: User login successful. User ID: USR314
2025-10-21 01:34:00,WARNING,WARNING: Memory usage approaching threshold on srv-17. Current: 649%
2025-10-21 01:35:00,ERROR,ERROR: IMPS transaction failed. Transaction ID: TXN113. Reason: Invalid account
2025-10-21 01:35:00,ERROR,ERROR: Database connection pool exhausted. Connections: 83
2025-10-21 01:36:00,ERROR,ERROR: High CPU utilization detected on server srv-18. Current: 727%
2025-10-21 01:37:00,WARNING,WARNING: Container srv-17 restarting due to OOM
2025-10-21 01:39:00,WARNING,WARNING: Container srv-07 restarting due to OOM
2025-10-21 01:43:00,ERROR,CRITICAL: Network timeout on srv-15. Latency: 851ms
2025-10-21 01:45:00,ERROR,ERROR: Disk I/O bottleneck detected on srv-09
2025-10-21 01:45:00,WARNING,WARNING: Duplicate transaction detected. Transaction ID: TXN805
2025-10-21 01:50:00,ERROR,ERROR: RTGS transaction failed. Transaction ID: TXN753. Reason: Insufficient funds
2025-10-21 01:53:00,ERROR,ERROR: IMPS transaction failed. Transaction ID: TXN275. Reason: Invalid account
2025-10-21 01:56:00,INFO,INFO: Transaction processed successfully. ID: TXN245
2025-10-21 02:02:00,ERROR,ERROR: High CPU utilization detected on server srv-08. Current: 829%
2025-10-21 02:05:00,INFO,INFO: Cache refresh completed in 629ms
2025-10-21 02:07:00,ERROR,ERROR: NEFT transaction failed. Transaction ID: TXN270. Reason: Gateway timeout
2025-10-21 02:09:00,ERROR,ERROR: API rate limit exceeded for endpoint /api/transactions
2025-10-21 02:12:00,ERROR,CRITICAL: Network timeout on srv-03. Latency: 791ms
2025-10-21 02:13:00,INFO,INFO: Cache refresh completed in 824ms
2025-10-21 02:18:00,INFO,INFO: Transaction processed successfully. ID: TXN369
2025-10-21 02:19:00,INFO,INFO: Transaction processed successfully. ID: TXN510
2025-10-21 02:20:00,INFO,INFO: Transaction processed successfully. ID: TXN642
2025-10-21 02:22:00,ERROR,ERROR: NEFT transaction failed. Transaction ID: TXN399. Reason: Gateway timeout
2025-10-21 02:23:00,WARNING,WARNING: Duplicate transaction detected. Transaction ID: TXN175
2025-10-21 02:33:00,ERROR,CRITICAL: Network timeout on srv-02. Latency: 494ms
2025-10-21 02:37:00,INFO,INFO: Transaction processed successfully. ID: TXN232
2025-10-21 02:37:00,INFO,INFO: Database backup completed successfully
2025-10-21 02:37:00,INFO,INFO: Cache refresh completed in 923ms
2025-10-21 02:38:00,INFO,INFO: Cache refresh completed in 694ms
2025-10-21 02:40:00,ERROR,ERROR: IMPS transaction failed. Transaction ID: TXN253. Reason: Invalid account
2025-10-21 02:40:00,WARNING,WARNING: Payment gateway response time exceeded SLA. Time: 801ms
2025-10-21 02:42:00,ERROR,ERROR: Customer authentication failed. User ID: USR62
2025-10-21 02:42:00,WARNING,WARNING: Memory usage approaching threshold on srv-14. Current: 87%
2025-10-21 02:43:00,WARNING,WARNING: Payment gateway response time exceeded SLA. Time: 815ms
2025-10-21 02:44:00,WARNING,WARNING: Container srv-01 restarting due to OOM
2025-10-21 02:46:00,ERROR,ERROR: API rate limit exceeded for endpoint /api/transactions
2025-10-21 02:50:00,WARNING,WARNING: Memory usage approaching threshold on srv-07. Current: 712%
2025-10-21 02:52:00,ERROR,ERROR: Customer authentication failed. User ID: USR234
2025-10-21 02:55:00,ERROR,ERROR: API rate limit exceeded for endpoint /api/transactions
2025-10-21 02:55:00,INFO,INFO: User login successful. User ID: USR972
2025-10-21 02:56:00,WARNING,WARNING: Container srv-13 restarting due to OOM
2025-10-21 02:59:00,WARNING,WARNING: Duplicate transaction detected. Transaction ID: TXN851
2025-10-21 03:00:00,INFO,INFO: Cache refresh completed in 443ms
2025-10-21 03:03:00,INFO,INFO: Database backup completed successfully
2025-10-21 03:09:00,INFO,INFO: Transaction processed successfully. ID: TXN664
2025-10-21 03:11:00,WARNING,WARNING: Memory usage approaching threshold on srv-03. Current: 153%
2025-10-21 03:11:00,ERROR,ERROR: Database connection pool exhausted. Connections: 773
2025-10-21 03:15:00,ERROR,ERROR: RTGS transaction failed. Transaction ID: TXN708. Reason: Insufficient funds
2025-10-21 03:16:00,ERROR,ERROR: Disk I/O bottleneck detected on srv-10
2025-10-21 03:19:00,WARNING,WARNING: Memory usage approaching threshold on srv-19. Current: 972%
2025-10-21 03:19:00,WARNING,WARNING: Memory usage approaching threshold on srv-14. Current: 568%
2025-10-21 03:20:00,ERROR,ERROR: Disk I/O bottleneck detected on srv-18
2025-10-21 03:21:00,WARNING,WARNING: Container srv-16 restarting due to OOM
2025-10-21 03:21:00,ERROR,CRITICAL: Network timeout on srv-09. Latency: 202ms
2025-10-21 03:24:00,ERROR,ERROR: RTGS transaction failed. Transaction ID: TXN484. Reason: Insufficient funds
2025-10-21 03:26:00,ERROR,ERROR: RTGS transaction failed. Transaction ID: TXN980. Reason: Insufficient funds
2025-10-21 03:26:00,ERROR,ERROR: High CPU utilization detected on server srv-07. Current: 103%
2025-10-21 03:31:00,ERROR,ERROR: NEFT transaction failed. Transaction ID: TXN533. Reason: Gateway timeout
2025-10-21 03:34:00,WARNING,WARNING: Container srv-10 restarting due to OOM
2025-10-21 03:35:00,WARNING,WARNING: Payment gateway response time exceeded SLA. Time: 727ms
2025-10-21 03:36:00,INFO,INFO: Database backup completed successfully
2025-10-21 03:37:00,ERROR,ERROR: Database connection pool exhausted. Connections: 882
2025-10-21 03:38:00,ERROR,ERROR: API rate limit exceeded for endpoint /api/transactions
2025-10-21 03:38:00,ERROR,ERROR: Disk I/O bottleneck detected on srv-02
2025-10-21 03:40:00,WARNING,WARNING: Duplicate transaction detected. Transaction ID: TXN954
2025-10-21 03:42:00,INFO,INFO: Database backup completed successfully
2025-10-21 03:42:00,WARNING,WARNING: Payment gateway response time exceeded SLA. Time: 896ms
2025-10-21 03:45:00,ERROR,ERROR: Disk I/O bottleneck detected on srv-19
2025-10-21 03:46:00,ERROR,ERROR: Disk I/O bottleneck detected on srv-07
2025-10-21 03:46:00,WARNING,WARNING: Container srv-10 restarting due to OOM
2025-10-21 03:50:00,INFO,INFO: User login successful. User ID: USR241
2025-10-21 03:52:00,INFO,INFO: User login successful. User ID: USR252
2025-10-21 03:54:00,WARNING,WARNING: Memory usage approaching threshold on srv-10. Current: 704%
2025-10-21 04:01:00,INFO,INFO: User login successful. User ID: USR305
2025-10-21 04:01:00,WARNING,WARNING: Duplicate transaction detected. Transaction ID: TXN587
2025-10-21 04:03:00,ERROR,CRITICAL: Network timeout on srv-15. Latency: 667ms
2025-10-21 04:03:00,ERROR,ERROR: Database connection pool exhausted. Connections: 769
2025-10-21 04:04:00,WARNING,WARNING: Memory usage approaching threshold on srv-12. Current: 277%
2025-10-21 04:04:00,WARNING,WARNING: Memory usage approaching threshold on srv-10. Current: 404%
2025-10-21 04:06:00,WARNING,WARNING: Memory usage approaching threshold on srv-01. Current: 929%
2025-10-21 04:06:00,WARNING,WARNING: Duplicate transaction detected. Transaction ID: TXN470
2025-10-21 04:11:00,INFO,INFO: Transaction processed successfully. ID: TXN670
2025-10-21 04:12:00,WARNING,WARNING: Duplicate transaction detected. Transaction ID: TXN155
2025-10-21 04:13:00,INFO,INFO: Cache refresh completed in 372ms
2025-10-21 04:18:00,INFO,INFO: Database backup completed successfully
2025-10-21 04:19:00,ERROR,ERROR: Database connection pool exhausted. Connections: 126
2025-10-21 04:30:00,ERROR,ERROR: NEFT transaction failed. Transaction ID: TXN597. Reason: Gateway timeout
2025-10-21 04:31:00,ERROR,ERROR: High CPU utilization detected on server srv-01. Current: 752%
2025-10-21 04:33:00,ERROR,ERROR: Database connection pool exhausted. Connections: 546
2025-10-21 04:36:00,ERROR,ERROR: IMPS transaction failed. Transaction ID: TXN729. Reason: Invalid account
2025-10-21 04:37:00,ERROR,ERROR: IMPS transaction failed. Transaction ID: TXN502. Reason: Invalid account
2025-10-21 04:38:00,ERROR,ERROR: Database connection pool exhausted. Connections: 989
2025-10-21 04:38:00,INFO,INFO: User login successful. User ID: USR667
2025-10-21 04:40:00,WARNING,WARNING: Memory usage approaching threshold on srv-18. Current: 942%
2025-10-21 04:40:00,INFO,INFO: Cache refresh completed in 161ms
2025-10-21 04:40:00,ERROR,CRITICAL: Network timeout on srv-05. Latency: 699ms
2025-10-21 04:45:00,ERROR,ERROR: Disk I/O bottleneck detected on srv-05
2025-10-21 04:45:00,ERROR,ERROR: Disk I/O bottleneck detected on srv-01
2025-10-21 04:45:00,INFO,INFO: User login successful. User ID: USR903
2025-10-21 04:48:00,INFO,INFO: Transaction processed successfully. ID: TXN172
2025-10-21 04:49:00,ERROR,ERROR: RTGS transaction failed. Transaction ID: TXN599. Reason: Insufficient funds
2025-10-21 04:50:00,WARNING,WARNING: Container srv-02 restarting due to OOM
2025-10-21 04:53:00,ERROR,ERROR: Database connection pool exhausted. Connections: 882
2025-10-21 04:58:00,ERROR,CRITICAL: Network timeout on srv-02. Latency: 217ms
2025-10-21 04:58:00,INFO,INFO: Transaction processed successfully. ID: TXN416
2025-10-21 05:00:00,ERROR,ERROR: High CPU utilization detected on server srv-14. Current: 866%
2025-10-21 05:00:00,INFO,INFO: Database backup completed successfully
2025-10-21 05:02:00,ERROR,ERROR: IMPS transaction failed. Transaction ID: TXN234. Reason: Invalid account
2025-10-21 05:03:00,ERROR,ERROR: IMPS transaction failed. Transaction ID: TXN979. Reason: Invalid account
2025-10-21 05:07:00,ERROR,ERROR: API rate limit exceeded for endpoint /api/transactions
2025-10-21 05:08:00,ERROR,ERROR: Customer authentication failed. User ID: USR209
2025-10-21 05:10:00,WARNING,WARNING: Duplicate transaction detected. Transaction ID: TXN191
2025-10-21 05:12:00,ERROR,ERROR: Database connection pool exhausted. Connections: 992
2025-10-21 05:14:00,WARNING,WARNING: Duplicate transaction detected. Transaction ID: TXN781
2025-10-21 05:14:00,ERROR,CRITICAL: Network timeout on srv-01. Latency: 799ms
2025-10-21 05:21:00,ERROR,CRITICAL: Network timeout on srv-13. Latency: 452ms
2025-10-21 05:33:00,ERROR,ERROR: Database connection pool exhausted. Connections: 415
2025-10-21 05:34:00,ERROR,ERROR: API rate limit exceeded for endpoint /api/transactions
2025-10-21 05:34:00,INFO,INFO: Transaction processed successfully. ID: TXN947
2025-10-21 05:37:00,ERROR,ERROR: High CPU utilization detected on server srv-12. Current: 341%
2025-10-21 05:41:00,INFO,INFO: Database backup completed successfully
2025-10-21 05:41:00,WARNING,WARNING: Memory usage approaching threshold on srv-13. Current: 755%
2025-10-21 05:43:00,WARNING,WARNING: Payment gateway response time exceeded SLA. Time: 894ms
2025-10-21 05:46:00,INFO,INFO: Cache refresh completed in 527ms
2025-10-21 05:47:00,ERROR,ERROR: API rate limit exceeded for endpoint /api/transactions
2025-10-21 05:51:00,WARNING,WARNING: Container srv-17 restarting due to OOM
2025-10-21 05:51:00,ERROR,ERROR: Database connection pool exhausted. Connections: 971
2025-10-21 05:54:00,ERROR,CRITICAL: Network timeout on srv-03. Latency: 530ms
2025-10-21 05:55:00,ERROR,ERROR: API rate limit exceeded for endpoint /api/transactions
2025-10-21 05:55:00,INFO,INFO: Transaction processed successfully. ID: TXN330
2025-10-21 05:56:00,ERROR,ERROR: NEFT transaction failed. Transaction ID: TXN167. Reason: Gateway timeout
2025-10-21 05:56:00,ERROR,ERROR: RTGS transaction failed. Transaction ID: TXN894. Reason: Insufficient funds
2025-10-21 05:58:00,INFO,INFO: Cache refresh completed in 808ms
2025-10-21 06:00:00,INFO,INFO: Database backup completed successfully
2025-10-21 06:01:00,ERROR,ERROR: Customer authentication failed. User ID: USR853
2025-10-21 06:02:00,WARNING,WARNING: Duplicate transaction detected. Transaction ID: TXN171
2025-10-21 06:02:00,WARNING,WARNING: Container srv-12 restarting due to OOM
2025-10-21 06:02:00,WARNING,WARNING: Duplicate transaction detected. Transaction ID: TXN267
2025-10-21 06:04:00,ERROR,ERROR: Disk I/O bottleneck detected on srv-13
2025-10-21 06:06:00,ERROR,ERROR: Customer authentication failed. User ID: USR346
2025-10-21 06:10:00,ERROR,ERROR: Disk I/O bottleneck detected on srv-06
2025-10-21 06:11:00,WARNING,WARNING: Payment gateway response time exceeded SLA. Time: 815ms
2025-10-21 06:12:00,ERROR,ERROR: IMPS transaction failed. Transaction ID: TXN638. Reason: Invalid account
2025-10-21 06:14:00,WARNING,WARNING: Duplicate transaction detected. Transaction ID: TXN519
2025-10-21 06:14:00,INFO,INFO: Database backup completed successfully
2025-10-21 06:17:00,WARNING,WARNING: Container srv-13 restarting due to OOM
2025-10-21 06:17:00,ERROR,ERROR: Disk I/O bottleneck detected on srv-16
2025-10-21 06:18:00,ERROR,ERROR: Customer authentication failed. User ID: USR300
2025-10-21 06:19:00,ERROR,ERROR: Disk I/O bottleneck detected on srv-09
2025-10-21 06:22:00,WARNING,WARNING: Memory usage approaching threshold on srv-04. Current: 260%
2025-10-21 06:22:00,ERROR,ERROR: RTGS transaction failed. Transaction ID: TXN693. Reason: Insufficient funds
2025-10-21 06:23:00,ERROR,ERROR: Disk I/O bottleneck detected on srv-05
2025-10-21 06:24:00,INFO,INFO: Database backup completed successfully
2025-10-21 06:26:00,WARNING,WARNING: Memory usage approaching threshold on srv-19. Current: 786%
2025-10-21 06:30:00,ERROR,ERROR: IMPS transaction failed. Transaction ID: TXN930. Reason: Invalid account
2025-10-21 06:31:00,ERROR,CRITICAL: Network timeout on srv-19. Latency: 191ms
2025-10-21 06:31:00,WARNING,WARNING: Duplicate transaction detected. Transaction ID: TXN792
2025-10-21 06:32:00,ERROR,ERROR: RTGS transaction failed. Transaction ID: TXN768. Reason: Insufficient funds
2025-10-21 06:41:00,ERROR,ERROR: High CPU utilization detected on server srv-14. Current: 672%
2025-10-21 06:42:00,ERROR,ERROR: Customer authentication failed. User ID: USR842
2025-10-21 06:44:00,ERROR,ERROR: IMPS transaction failed. Transaction ID: TXN91. Reason: Invalid account
2025-10-21 06:44:00,ERROR,ERROR: Disk I/O bottleneck detected on srv-05
2025-10-21 06:47:00,ERROR,ERROR: API rate limit exceeded for endpoint /api/transactions
2025-10-21 06:48:00,ERROR,ERROR: Database connection pool exhausted. Connections: 130
2025-10-21 06:51:00,INFO,INFO: Cache refresh completed in 135ms
2025-10-21 06:55:00,ERROR,ERROR: Customer authentication failed. User ID: USR353
2025-10-21 06:55:00,INFO,INFO: Cache refresh completed in 879ms
2025-10-21 06:57:00,ERROR,ERROR: High CPU utilization detected on server srv-15. Current: 573%
2025-10-21 06:58:00,ERROR,ERROR: API rate limit exceeded for endpoint /api/transactions
2025-10-21 07:00:00,ERROR,ERROR: Database connection pool exhausted. Connections: 451
2025-10-21 07:04:00,ERROR,ERROR: API rate limit exceeded for endpoint /api/transactions
2025-10-21 07:09:00,INFO,INFO: Database backup completed successfully
2025-10-21 07:11:00,WARNING,WARNING: Container srv-04 restarting due to OOM
2025-10-21 07:12:00,INFO,INFO: Transaction processed successfully. ID: TXN70
2025-10-21 07:13:00,ERROR,ERROR: API rate limit exceeded for endpoint /api/transactions
2025-10-21 07:15:00,ERROR,ERROR: Database connection pool exhausted. Connections: 714
2025-10-21 07:16:00,ERROR,ERROR: NEFT transaction failed. Transaction ID: TXN760. Reason: Gateway timeout
2025-10-21 07:17:00,WARNING,WARNING: Container srv-14 restarting due to OOM
2025-10-21 07:20:00,WARNING,WARNING: Duplicate transaction detected. Transaction ID: TXN586
2025-10-21 07:23:00,INFO,INFO: User login successful. User ID: USR686
2025-10-21 07:23:00,WARNING,WARNING: Container srv-18 restarting due to OOM
2025-10-21 07:24:00,WARNING,WARNING: Container srv-01 restarting due to OOM
2025-10-21 07:25:00,ERROR,ERROR: IMPS transaction failed. Transaction ID: TXN882. Reason: Invalid account
2025-10-21 07:27:00,INFO,INFO: Cache refresh completed in 899ms
2025-10-21 07:28:00,WARNING,WARNING: Duplicate transaction detected. Transaction ID: TXN695
2025-10-21 07:37:00,WARNING,WARNING: Memory usage approaching threshold on srv-13. Current: 71%
2025-10-21 07:38:00,WARNING,WARNING: Payment gateway response time exceeded SLA. Time: 65ms
2025-10-21 07:38:00,ERROR,ERROR: API rate limit exceeded for endpoint /api/transactions
2025-10-21 07:39:00,ERROR,ERROR: Disk I/O bottleneck detected on srv-02
2025-10-21 07:41:00,ERROR,ERROR: API rate limit exceeded for endpoint /api/transactions
2025-10-21 07:42:00,ERROR,ERROR: Disk I/O bottleneck detected on srv-15
2025-10-21 07:42:00,ERROR,ERROR: NEFT transaction failed. Transaction ID: TXN865. Reason: Gateway timeout
2025-10-21 07:42:00,INFO,INFO: Database backup completed successfully
2025-10-21 07:43:00,ERROR,ERROR: IMPS transaction failed. Transaction ID: TXN770. Reason: Invalid account
2025-10-21 07:43:00,WARNING,WARNING: Payment gateway response time exceeded SLA. Time: 859ms
2025-10-21 07:43:00,WARNING,WARNING: Container srv-13 restarting due to OOM
2025-10-21 07:45:00,INFO,INFO: User login successful. User ID: USR430
2025-10-21 07:48:00,WARNING,WARNING: Container srv-09 restarting due to OOM
2025-10-21 07:50:00,ERROR,ERROR: IMPS transaction failed. Transaction ID: TXN980. Reason: Invalid account
2025-10-21 07:50:00,WARNING,WARNING: Memory usage approaching threshold on srv-14. Current: 887%
2025-10-21 07:52:00,ERROR,CRITICAL: Network timeout on srv-07. Latency: 506ms
2025-10-21 07:52:00,WARNING,WARNING: Duplicate transaction detected. Transaction ID: TXN906
2025-10-21 07:53:00,INFO,INFO: Database backup completed successfully
2025-10-21 07:53:00,ERROR,ERROR: NEFT transaction failed. Transaction ID: TXN368. Reason: Gateway timeout
2025-10-21 07:54:00,ERROR,ERROR: API rate limit exceeded for endpoint /api/transactions
2025-10-21 07:57:00,ERROR,ERROR: NEFT transaction failed. Transaction ID: TXN378. Reason: Gateway timeout
2025-10-21 07:58:00,ERROR,ERROR: RTGS transaction failed. Transaction ID: TXN861. Reason: Insufficient funds
2025-10-21 07:59:00,ERROR,ERROR: Disk I/O bottleneck detected on srv-17
2025-10-21 08:01:00,ERROR,ERROR: API rate limit exceeded for endpoint /api/transactions
2025-10-21 08:01:00,INFO,INFO: Cache refresh completed in 753ms
2025-10-21 08:01:00,WARNING,WARNING: Container srv-12 restarting due to OOM
2025-10-21 08:01:00,ERROR,ERROR: Customer authentication failed. User ID: USR420
2025-10-21 08:02:00,WARNING,WARNING: Container srv-09 restarting due to OOM
2025-10-21 08:02:00,ERROR,ERROR: IMPS transaction failed. Transaction ID: TXN423. Reason: Invalid account
2025-10-21 08:03:00,ERROR,CRITICAL: Network timeout on srv-16. Latency: 639ms
2025-10-21 08:07:00,ERROR,ERROR: High CPU utilization detected on server srv-09. Current: 460%
2025-10-21 08:08:00,ERROR,ERROR: High CPU utilization detected on server srv-07. Current: 506%
2025-10-21 08:08:00,ERROR,ERROR: High CPU utilization detected on server srv-09. Current: 820%
2025-10-21 08:11:00,ERROR,ERROR: Disk I/O bottleneck detected on srv-03
2025-10-21 08:13:00,WARNING,WARNING: Payment gateway response time exceeded SLA. Time: 817ms
2025-10-21 08:15:00,ERROR,ERROR: IMPS transaction failed. Transaction ID: TXN533. Reason: Invalid account
2025-10-21 08:17:00,INFO,INFO: Cache refresh completed in 578ms
2025-10-21 08:18:00,ERROR,ERROR: IMPS transaction failed. Transaction ID: TXN752. Reason: Invalid account
2025-10-21 08:20:00,INFO,INFO: Database backup completed successfully
2025-10-21 08:20:00,WARNING,WARNING: Payment gateway response time exceeded SLA. Time: 98ms
2025-10-21 08:25:00,ERROR,ERROR: NEFT transaction failed. Transaction ID: TXN214. Reason: Gateway timeout
2025-10-21 08:25:00,ERROR,CRITICAL: Network timeout on srv-07. Latency: 462ms
2025-10-21 08:26:00,ERROR,ERROR: RTGS transaction failed. Transaction ID: TXN230. Reason: Insufficient funds
2025-10-21 08:29:00,ERROR,ERROR: Disk I/O bottleneck detected on srv-05
2025-10-21 08:35:00,ERROR,ERROR: Disk I/O bottleneck detected on srv-13
2025-10-21 08:36:00,INFO,INFO: User login successful. User ID: USR979
2025-10-21 08:37:00,WARNING,WARNING: Duplicate transaction detected. Transaction ID: TXN834
2025-10-21 08:38:00,ERROR,ERROR: Database connection pool exhausted. Connections: 403
2025-10-21 08:39:00,INFO,INFO: Cache refresh completed in 486ms
2025-10-21 08:40:00,WARNING,WARNING: Duplicate transaction detected. Transaction ID: TXN292
2025-10-21 08:43:00,ERROR,ERROR: High CPU utilization detected on server srv-08. Current: 71%
2025-10-21 08:44:00,WARNING,WARNING: Payment gateway response time exceeded SLA. Time: 470ms
2025-10-21 08:45:00,INFO,INFO: Transaction processed successfully. ID: TXN554
2025-10-21 08:46:00,INFO,INFO: Database backup completed successfully
2025-10-21 08:47:00,WARNING,WARNING: Payment gateway response time exceeded SLA. Time: 214ms
2025-10-21 08:50:00,WARNING,WARNING: Payment gateway response time exceeded SLA. Time: 254ms
2025-10-21 08:51:00,ERROR,ERROR: Disk I/O bottleneck detected on srv-05
2025-10-21 08:58:00,ERROR,ERROR: Database connection pool exhausted. Connections: 442
2025-10-21 09:01:00,WARNING,WARNING: Payment gateway response time exceeded SLA. Time: 577ms
2025-10-21 09:05:00,ERROR,CRITICAL: Network timeout on srv-16. Latency: 80ms
2025-10-21 09:06:00,ERROR,ERROR: IMPS transaction failed. Transaction ID: TXN541. Reason: Invalid account
2025-10-21 09:07:00,INFO,INFO: User login successful. User ID: USR487
2025-10-21 09:08:00,ERROR,ERROR: Customer authentication failed. User ID: USR477
2025-10-21 09:08:00,WARNING,WARNING: Memory usage approaching threshold on srv-03. Current: 711%
2025-10-21 09:11:00,INFO,INFO: Database backup completed successfully
2025-10-21 09:13:00,WARNING,WARNING: Payment gateway response time exceeded SLA. Time: 972ms
2025-10-21 09:15:00,INFO,INFO: Database backup completed successfully
2025-10-21 09:15:00,INFO,INFO: Transaction processed successfully. ID: TXN759
2025-10-21 09:16:00,ERROR,CRITICAL: Network timeout on srv-05. Latency: 182ms
2025-10-21 09:18:00,ERROR,ERROR: IMPS transaction failed. Transaction ID: TXN56. Reason: Invalid account
2025-10-21 09:20:00,ERROR,ERROR: NEFT transaction failed. Transaction ID: TXN422. Reason: Gateway timeout
2025-10-21 09:25:00,ERROR,ERROR: High CPU utilization detected on server srv-08. Current: 97%
2025-10-21 09:27:00,ERROR,ERROR: NEFT transaction failed. Transaction ID: TXN522. Reason: Gateway timeout
2025-10-21 09:38:00,WARNING,WARNING: Duplicate transaction detected. Transaction ID: TXN954
2025-10-21 09:38:00,ERROR,ERROR: NEFT transaction failed. Transaction ID: TXN623. Reason: Gateway timeout
2025-10-21 09:39:00,ERROR,ERROR: RTGS transaction failed. Transaction ID: TXN700. Reason: Insufficient funds
2025-10-21 09:41:00,INFO,INFO: User login successful. User ID: USR584
2025-10-21 09:41:00,ERROR,ERROR: RTGS transaction failed. Transaction ID: TXN848. Reason: Insufficient funds
2025-10-21 09:42:00,ERROR,CRITICAL: Network timeout on srv-08. Latency: 173ms
2025-10-21 09:43:00,INFO,INFO: User login successful. User ID: USR234
2025-10-21 09:50:00,WARNING,WARNING: Memory usage approaching threshold on srv-16. Current: 986%
2025-10-21 09:51:00,WARNING,WARNING: Duplicate transaction detected. Transaction ID: TXN171
2025-10-21 09:55:00,WARNING,WARNING: Payment gateway response time exceeded SLA. Time: 876ms
2025-10-21 09:56:00,INFO,INFO: Cache refresh completed in 730ms
2025-10-21 09:56:00,ERROR,ERROR: Customer authentication failed. User ID: USR238
2025-10-21 09:57:00,WARNING,WARNING: Memory usage approaching threshold on srv-17. Current: 682%
2025-10-21 10:01:00,ERROR,ERROR: API rate limit exceeded for endpoint /api/transactions
2025-10-21 10:02:00,INFO,INFO: Database backup completed successfully
2025-10-21 10:03:00,ERROR,ERROR: IMPS transaction failed. Transaction ID: TXN503. Reason: Invalid account
2025-10-21 10:07:00,INFO,INFO: Transaction processed successfully. ID: TXN965
2025-10-21 10:14:00,ERROR,ERROR: High CPU utilization detected on server srv-19. Current: 263%
2025-10-21 10:16:00,WARNING,WARNING: Container srv-06 restarting due to OOM
2025-10-21 10:16:00,ERROR,ERROR: NEFT transaction failed. Transaction ID: TXN204. Reason: Gateway timeout
2025-10-21 10:17:00,WARNING,WARNING: Duplicate transaction detected. Transaction ID: TXN588
2025-10-21 10:18:00,WARNING,WARNING: Payment gateway response time exceeded SLA. Time: 927ms
2025-10-21 10:27:00,INFO,INFO: User login successful. User ID: USR727
2025-10-21 10:27:00,ERROR,ERROR: High CPU utilization detected on server srv-10. Current: 152%
2025-10-21 10:31:00,INFO,INFO: User login successful. User ID: USR722
2025-10-21 10:33:00,ERROR,ERROR: API rate limit exceeded for endpoint /api/transactions
2025-10-21 10:34:00,INFO,INFO: Database backup completed successfully
2025-10-21 10:36:00,ERROR,ERROR: Customer authentication failed. User ID: USR734
2025-10-21 10:38:00,ERROR,CRITICAL: Network timeout on srv-19. Latency: 523ms
2025-10-21 10:41:00,INFO,INFO: Transaction processed successfully. ID: TXN77
2025-10-21 10:44:00,INFO,INFO: Transaction processed successfully. ID: TXN259
2025-10-21 10:44:00,INFO,INFO: Database backup completed successfully
2025-10-21 10:45:00,ERROR,ERROR: IMPS transaction failed. Transaction ID: TXN580. Reason: Invalid account
2025-10-21 10:53:00,INFO,INFO: Cache refresh completed in 151ms
2025-10-21 10:55:00,INFO,INFO: Database backup completed successfully
2025-10-21 10:56:00,INFO,INFO: Cache refresh completed in 712ms
2025-10-21 10:58:00,INFO,INFO: Transaction processed successfully. ID: TXN224
2025-10-21 10:59:00,ERROR,CRITICAL: Network timeout on srv-02. Latency: 483ms
2025-10-21 11:00:00,ERROR,CRITICAL: Network timeout on srv-01. Latency: 864ms
2025-10-21 11:02:00,WARNING,WARNING: Payment gateway response time exceeded SLA. Time: 244ms
2025-10-21 11:10:00,ERROR,ERROR: Customer authentication failed. User ID: USR348
2025-10-21 11:10:00,ERROR,ERROR: Database connection pool exhausted. Connections: 976
2025-10-21 11:11:00,ERROR,ERROR: Database connection pool exhausted. Connections: 608
2025-10-21 11:12:00,ERROR,CRITICAL: Network timeout on srv-10. Latency: 183ms
2025-10-21 11:16:00,INFO,INFO: User login successful. User ID: USR572
2025-10-21 11:17:00,WARNING,WARNING: Duplicate transaction detected. Transaction ID: TXN620
2025-10-21 11:24:00,ERROR,ERROR: Disk I/O bottleneck detected on srv-18
2025-10-21 11:26:00,ERROR,ERROR: API rate limit exceeded for endpoint /api/transactions
2025-10-21 11:27:00,INFO,INFO: User login successful. User ID: USR279
2025-10-21 11:36:00,ERROR,CRITICAL: Network timeout on srv-05. Latency: 503ms
2025-10-21 11:40:00,ERROR,ERROR: Database connection pool exhausted. Connections: 805
2025-10-21 11:42:00,INFO,INFO: Cache refresh completed in 359ms
2025-10-21 11:43:00,WARNING,WARNING: Duplicate transaction detected. Transaction ID: TXN298
2025-10-21 11:44:00,ERROR,ERROR: High CPU utilization detected on server srv-01. Current: 574%
2025-10-21 11:44:00,INFO,INFO: Cache refresh completed in 538ms
2025-10-21 11:44:00,ERROR,CRITICAL: Network timeout on srv-12. Latency: 902ms
2025-10-21 11:46:00,ERROR,ERROR: Disk I/O bottleneck detected on srv-01
2025-10-21 11:47:00,ERROR,ERROR: RTGS transaction failed. Transaction ID: TXN689. Reason: Insufficient funds
2025-10-21 11:48:00,ERROR,ERROR: High CPU utilization detected on server srv-19. Current: 963%
2025-10-21 11:50:00,ERROR,ERROR: Database connection pool exhausted. Connections: 383
2025-10-21 11:52:00,ERROR,ERROR: API rate limit exceeded for endpoint /api/transactions
2025-10-21 11:54:00,ERROR,ERROR: Disk I/O bottleneck detected on srv-01
2025-10-21 11:54:00,INFO,INFO: Transaction processed successfully. ID: TXN579
2025-10-21 11:54:00,ERROR,ERROR: Disk I/O bottleneck detected on srv-04
2025-10-21 11:56:00,WARNING,WARNING: Duplicate transaction detected. Transaction ID: TXN742
2025-10-21 11:58:00,ERROR,ERROR: Database connection pool exhausted. Connections: 473
2025-10-21 12:01:00,ERROR,ERROR: Customer authentication failed. User ID: USR717
2025-10-21 12:09:00,ERROR,ERROR: IMPS transaction failed. Transaction ID: TXN266. Reason: Invalid account
2025-10-21 12:15:00,INFO,INFO: User login successful. User ID: USR137
2025-10-21 12:18:00,WARNING,WARNING: Duplicate transaction detected. Transaction ID: TXN333
2025-10-21 12:18:00,ERROR,ERROR: Database connection pool exhausted. Connections: 776
2025-10-21 12:18:00,WARNING,WARNING: Duplicate transaction detected. Transaction ID: TXN829
2025-10-21 12:19:00,ERROR,ERROR: RTGS transaction failed. Transaction ID: TXN798. Reason: Insufficient funds
2025-10-21 12:19:00,ERROR,ERROR: Disk I/O bottleneck detected on srv-09
2025-10-21 12:29:00,INFO,INFO: Transaction processed successfully. ID: TXN565
2025-10-21 12:30:00,ERROR,ERROR: Customer authentication failed. User ID: USR812
2025-10-21 12:34:00,ERROR,ERROR: High CPU utilization detected on server srv-02. Current: 962%
2025-10-21 12:35:00,WARNING,WARNING: Container srv-09 restarting due to OOM
2025-10-21 12:40:00,ERROR,ERROR: NEFT transaction failed. Transaction ID: TXN353. Reason: Gateway timeout
2025-10-21 12:40:00,ERROR,CRITICAL: Network timeout on srv-08. Latency: 387ms
2025-10-21 12:43:00,WARNING,WARNING: Container srv-13 restarting due to OOM
2025-10-21 12:44:00,WARNING,WARNING: Memory usage approaching threshold on srv-14. Current: 886%
2025-10-21 12:44:00,ERROR,ERROR: Disk I/O bottleneck detected on srv-08
2025-10-21 12:47:00,ERROR,ERROR: Disk I/O bottleneck detected on srv-07
2025-10-21 12:48:00,WARNING,WARNING: Container srv-02 restarting due to OOM
2025-10-21 12:50:00,WARNING,WARNING: Memory usage approaching threshold on srv-05. Current: 122%
2025-10-21 12:52:00,INFO,INFO: User login successful. User ID: USR854
2025-10-21 12:56:00,ERROR,ERROR: Database connection pool exhausted. Connections: 615
2025-10-21 12:56:00,INFO,INFO: Transaction processed successfully. ID: TXN620
2025-10-21 12:58:00,ERROR,ERROR: RTGS transaction failed. Transaction ID: TXN994. Reason: Insufficient funds
2025-10-21 12:59:00,INFO,INFO: Database backup completed successfully
2025-10-21 13:00:00,WARNING,WARNING: Duplicate transaction detected. Transaction ID: TXN704
2025-10-21 13:02:00,WARNING,WARNING: Payment gateway response time exceeded SLA. Time: 604ms
2025-10-21 13:03:00,INFO,INFO: Database backup completed successfully
2025-10-21 13:03:00,ERROR,ERROR: NEFT transaction failed. Transaction ID: TXN598. Reason: Gateway timeout
2025-10-21 13:05:00,ERROR,ERROR: Database connection pool exhausted. Connections: 90
2025-10-21 13:05:00,ERROR,ERROR: Disk I/O bottleneck detected on srv-04
2025-10-21 13:10:00,INFO,INFO: Cache refresh completed in 644ms
2025-10-21 13:15:00,WARNING,WARNING: Memory usage approaching threshold on srv-08. Current: 314%
2025-10-21 13:17:00,WARNING,WARNING: Duplicate transaction detected. Transaction ID: TXN91
2025-10-21 13:22:00,INFO,INFO: Cache refresh completed in 668ms
2025-10-21 13:26:00,ERROR,ERROR: Database connection pool exhausted. Connections: 805
2025-10-21 13:26:00,WARNING,WARNING: Memory usage approaching threshold on srv-17. Current: 495%
2025-10-21 13:28:00,INFO,INFO: Database backup completed successfully
2025-10-21 13:33:00,ERROR,ERROR: High CPU utilization detected on server srv-19. Current: 311%
2025-10-21 13:33:00,ERROR,ERROR: Disk I/O bottleneck detected on srv-14
2025-10-21 13:35:00,ERROR,ERROR: Database connection pool exhausted. Connections: 708
2025-10-21 13:42:00,WARNING,WARNING: Container srv-09 restarting due to OOM
2025-10-21 13:45:00,ERROR,ERROR: NEFT transaction failed. Transaction ID: TXN573. Reason: Gateway timeout
2025-10-21 13:48:00,ERROR,CRITICAL: Network timeout on srv-18. Latency: 602ms
2025-10-21 13:50:00,ERROR,ERROR: IMPS transaction failed. Transaction ID: TXN358. Reason: Invalid account
2025-10-21 13:50:00,ERROR,ERROR: High CPU utilization detected on server srv-16. Current: 586%
2025-10-21 13:50:00,ERROR,ERROR: NEFT transaction failed. Transaction ID: TXN744. Reason: Gateway timeout
2025-10-21 13:55:00,ERROR,ERROR: Database connection pool exhausted. Connections: 94
2025-10-21 13:56:00,ERROR,ERROR: RTGS transaction failed. Transaction ID: TXN283. Reason: Insufficient funds
2025-10-21 13:56:00,INFO,INFO: Transaction processed successfully. ID: TXN848
2025-10-21 13:58:00,ERROR,ERROR: API rate limit exceeded for endpoint /api/transactions
2025-10-21 13:58:00,ERROR,ERROR: Database connection pool exhausted. Connections: 458
2025-10-21 14:00:00,INFO,INFO: Transaction processed successfully. ID: TXN689
2025-10-21 14:01:00,WARNING,WARNING: Container srv-14 restarting due to OOM
2025-10-21 14:02:00,ERROR,ERROR: High CPU utilization detected on server srv-15. Current: 85%
2025-10-21 14:05:00,WARNING,WARNING: Payment gateway response time exceeded SLA. Time: 136ms
2025-10-21 14:06:00,INFO,INFO: Database backup completed successfully
2025-10-21 14:06:00,ERROR,ERROR: RTGS transaction failed. Transaction ID: TXN470. Reason: Insufficient funds
2025-10-21 14:10:00,INFO,INFO: Cache refresh completed in 840ms
2025-10-21 14:13:00,INFO,INFO: Transaction processed successfully. ID: TXN519
2025-10-21 14:15:00,INFO,INFO: Cache refresh completed in 774ms
2025-10-21 14:15:00,INFO,INFO: User login successful. User ID: USR66
2025-10-21 14:17:00,ERROR,ERROR: Disk I/O bottleneck detected on srv-12
2025-10-21 14:18:00,INFO,INFO: Transaction processed successfully. ID: TXN333
2025-10-21 14:18:00,INFO,INFO: Database backup completed successfully
2025-10-21 14:19:00,WARNING,WARNING: Duplicate transaction detected. Transaction ID: TXN273
2025-10-21 14:21:00,ERROR,ERROR: RTGS transaction failed. Transaction ID: TXN137. Reason: Insufficient funds
2025-10-21 14:23:00,WARNING,WARNING: Memory usage approaching threshold on srv-09. Current: 296%
2025-10-21 14:25:00,WARNING,WARNING: Memory usage approaching threshold on srv-11. Current: 670%
2025-10-21 14:26:00,ERROR,ERROR: Customer authentication failed. User ID: USR197
2025-10-21 14:27:00,WARNING,WARNING: Memory usage approaching threshold on srv-15. Current: 829%
2025-10-21 14:31:00,ERROR,ERROR: High CPU utilization detected on server srv-16. Current: 427%
2025-10-21 14:32:00,ERROR,ERROR: Customer authentication failed. User ID: USR792
2025-10-21 14:33:00,ERROR,ERROR: RTGS transaction failed. Transaction ID: TXN328. Reason: Insufficient funds
2025-10-21 14:35:00,WARNING,WARNING: Duplicate transaction detected. Transaction ID: TXN167
2025-10-21 14:38:00,WARNING,WARNING: Memory usage approaching threshold on srv-11. Current: 946%
2025-10-21 14:39:00,ERROR,ERROR: Customer authentication failed. User ID: USR645
2025-10-21 14:39:00,ERROR,ERROR: Disk I/O bottleneck detected on srv-13
2025-10-21 14:40:00,ERROR,ERROR: Database connection pool exhausted. Connections: 327
2025-10-21 14:45:00,WARNING,WARNING: Memory usage approaching threshold on srv-10. Current: 615%
2025-10-21 14:46:00,ERROR,ERROR: RTGS transaction failed. Transaction ID: TXN357. Reason: Insufficient funds
2025-10-21 14:46:00,WARNING,WARNING: Container srv-09 restarting due to OOM
2025-10-21 14:46:00,ERROR,ERROR: IMPS transaction failed. Transaction ID: TXN75. Reason: Invalid account
2025-10-21 14:47:00,ERROR,CRITICAL: Network timeout on srv-10. Latency: 238ms
2025-10-21 14:52:00,ERROR,ERROR: Database connection pool exhausted. Connections: 555
2025-10-21 14:56:00,WARNING,WARNING: Payment gateway response time exceeded SLA. Time: 554ms
2025-10-21 15:01:00,INFO,INFO: User login successful. User ID: USR863
2025-10-21 15:05:00,INFO,INFO: Cache refresh completed in 829ms
2025-10-21 15:06:00,WARNING,WARNING: Payment gateway response time exceeded SLA. Time: 350ms
2025-10-21 15:07:00,INFO,INFO: Cache refresh completed in 59ms
2025-10-21 15:08:00,WARNING,WARNING: Memory usage approaching threshold on srv-16. Current: 330%
2025-10-21 15:08:00,WARNING,WARNING: Payment gateway response time exceeded SLA. Time: 255ms
2025-10-21 15:10:00,ERROR,ERROR: Database connection pool exhausted. Connections: 386
2025-10-21 15:11:00,INFO,INFO: Cache refresh completed in 252ms
2025-10-21 15:11:00,WARNING,WARNING: Memory usage approaching threshold on srv-10. Current: 554%
2025-10-21 15:14:00,WARNING,WARNING: Duplicate transaction detected. Transaction ID: TXN166
2025-10-21 15:16:00,ERROR,ERROR: Disk I/O bottleneck detected on srv-07
2025-10-21 15:19:00,ERROR,ERROR: Database connection pool exhausted. Connections: 60
2025-10-21 15:20:00,ERROR,ERROR: RTGS transaction failed. Transaction ID: TXN155. Reason: Insufficient funds
2025-10-21 15:21:00,WARNING,WARNING: Memory usage approaching threshold on srv-03. Current: 688%
2025-10-21 15:24:00,ERROR,ERROR: Customer authentication failed. User ID: USR528
2025-10-21 15:28:00,INFO,INFO: Transaction processed successfully. ID: TXN400
2025-10-21 15:29:00,ERROR,ERROR: IMPS transaction failed. Transaction ID: TXN112. Reason: Invalid account
2025-10-21 15:29:00,INFO,INFO: User login successful. User ID: USR859
2025-10-21 15:30:00,ERROR,ERROR: High CPU utilization detected on server srv-08. Current: 311%
2025-10-21 15:33:00,ERROR,ERROR: Database connection pool exhausted. Connections: 599
2025-10-21 15:38:00,ERROR,ERROR: RTGS transaction failed. Transaction ID: TXN117. Reason: Insufficient funds
2025-10-21 15:39:00,ERROR,CRITICAL: Network timeout on srv-10. Latency: 542ms
2025-10-21 15:40:00,WARNING,WARNING: Container srv-17 restarting due to OOM
2025-10-21 15:41:00,ERROR,ERROR: NEFT transaction failed. Transaction ID: TXN123. Reason: Gateway timeout
2025-10-21 15:41:00,ERROR,CRITICAL: Network timeout on srv-05. Latency: 194ms
2025-10-21 15:44:00,WARNING,WARNING: Duplicate transaction detected. Transaction ID: TXN483
2025-10-21 15:45:00,ERROR,ERROR: API rate limit exceeded for endpoint /api/transactions
2025-10-21 15:47:00,WARNING,WARNING: Duplicate transaction detected. Transaction ID: TXN574
2025-10-21 15:50:00,ERROR,ERROR: Disk I/O bottleneck detected on srv-04
2025-10-21 15:56:00,ERROR,ERROR: Customer authentication failed. User ID: USR480
2025-10-21 15:57:00,INFO,INFO: User login successful. User ID: USR835
2025-10-21 15:58:00,INFO,INFO: Database backup completed successfully
2025-10-21 15:58:00,ERROR,ERROR: High CPU utilization detected on server srv-06. Current: 685%
2025-10-21 16:02:00,WARNING,WARNING: Container srv-19 restarting due to OOM
2025-10-21 16:02:00,INFO,INFO: User login successful. User ID: USR874
2025-10-21 16:05:00,ERROR,ERROR: IMPS transaction failed. Transaction ID: TXN438. Reason: Invalid account
2025-10-21 16:06:00,INFO,INFO: Cache refresh completed in 300ms
2025-10-21 16:07:00,INFO,INFO: Cache refresh completed in 487ms
2025-10-21 16:08:00,ERROR,CRITICAL: Network timeout on srv-10. Latency: 345ms
2025-10-21 16:14:00,WARNING,WARNING: Container srv-11 restarting due to OOM
2025-10-21 16:14:00,WARNING,WARNING: Memory usage approaching threshold on srv-03. Current: 688%
2025-10-21 16:14:00,ERROR,ERROR: API rate limit exceeded for endpoint /api/transactions
2025-10-21 16:18:00,WARNING,WARNING: Memory usage approaching threshold on srv-18. Current: 238%
2025-10-21 16:19:00,INFO,INFO: Cache refresh completed in 878ms
2025-10-21 16:19:00,ERROR,ERROR: Database connection pool exhausted. Connections: 427
2025-10-21 16:22:00,WARNING,WARNING: Payment gateway response time exceeded SLA. Time: 740ms
2025-10-21 16:23:00,WARNING,WARNING: Payment gateway response time exceeded SLA. Time: 705ms
2025-10-21 16:23:00,ERROR,ERROR: API rate limit exceeded for endpoint /api/transactions
2025-10-21 16:26:00,ERROR,ERROR: Disk I/O bottleneck detected on srv-06
2025-10-21 16:26:00,ERROR,ERROR: IMPS transaction failed. Transaction ID: TXN381. Reason: Invalid account
2025-10-21 16:28:00,WARNING,WARNING: Duplicate transaction detected. Transaction ID: TXN349
2025-10-21 16:29:00,ERROR,ERROR: High CPU utilization detected on server srv-04. Current: 949%
2025-10-21 16:30:00,INFO,INFO: Transaction processed successfully. ID: TXN652
2025-10-21 16:36:00,INFO,INFO: Cache refresh completed in 541ms
2025-10-21 16:37:00,ERROR,ERROR: API rate limit exceeded for endpoint /api/transactions
2025-10-21 16:38:00,WARNING,WARNING: Memory usage approaching threshold on srv-15. Current: 119%
2025-10-21 16:38:00,INFO,INFO: Cache refresh completed in 453ms
2025-10-21 16:42:00,INFO,INFO: Cache refresh completed in 769ms
2025-10-21 16:42:00,ERROR,ERROR: RTGS transaction failed. Transaction ID: TXN151. Reason: Insufficient funds
2025-10-21 16:43:00,WARNING,WARNING: Container srv-14 restarting due to OOM
2025-10-21 16:45:00,ERROR,ERROR: High CPU utilization detected on server srv-06. Current: 808%
2025-10-21 16:55:00,WARNING,WARNING: Container srv-04 restarting due to OOM
2025-10-21 16:57:00,INFO,INFO: User login successful. User ID: USR347
2025-10-21 17:01:00,WARNING,WARNING: Payment gateway response time exceeded SLA. Time: 513ms
2025-10-21 17:01:00,INFO,INFO: Cache refresh completed in 990ms
2025-10-21 17:03:00,ERROR,ERROR: Database connection pool exhausted. Connections: 401
2025-10-21 17:05:00,ERROR,ERROR: IMPS transaction failed. Transaction ID: TXN85. Reason: Invalid account
2025-10-21 17:11:00,ERROR,ERROR: Disk I/O bottleneck detected on srv-14
2025-10-21 17:13:00,ERROR,ERROR: NEFT transaction failed. Transaction ID: TXN626. Reason: Gateway timeout
2025-10-21 17:14:00,WARNING,WARNING: Payment gateway response time exceeded SLA. Time: 102ms
2025-10-21 17:15:00,WARNING,WARNING: Memory usage approaching threshold on srv-07. Current: 678%
2025-10-21 17:17:00,ERROR,ERROR: NEFT transaction failed. Transaction ID: TXN519. Reason: Gateway timeout
2025-10-21 17:18:00,ERROR,ERROR: High CPU utilization detected on server srv-02. Current: 520%
2025-10-21 17:19:00,ERROR,ERROR: Database connection pool exhausted. Connections: 135
2025-10-21 17:20:00,ERROR,ERROR: API rate limit exceeded for endpoint /api/transactions
2025-10-21 17:21:00,ERROR,ERROR: Database connection pool exhausted. Connections: 949
2025-10-21 17:22:00,ERROR,ERROR: NEFT transaction failed. Transaction ID: TXN985. Reason: Gateway timeout
2025-10-21 17:23:00,ERROR,ERROR: High CPU utilization detected on server srv-18. Current: 352%
2025-10-21 17:24:00,ERROR,ERROR: RTGS transaction failed. Transaction ID: TXN864. Reason: Insufficient funds
2025-10-21 17:26:00,ERROR,ERROR: RTGS transaction failed. Transaction ID: TXN536. Reason: Insufficient funds
2025-10-21 17:28:00,WARNING,WARNING: Payment gateway response time exceeded SLA. Time: 51ms
2025-10-21 17:31:00,ERROR,ERROR: API rate limit exceeded for endpoint /api/transactions
2025-10-21 17:31:00,WARNING,WARNING: Payment gateway response time exceeded SLA. Time: 696ms
2025-10-21 17:33:00,ERROR,ERROR: Customer authentication failed. User ID: USR875
2025-10-21 17:34:00,WARNING,WARNING: Container srv-08 restarting due to OOM
2025-10-21 17:47:00,ERROR,ERROR: Disk I/O bottleneck detected on srv-11
2025-10-21 17:47:00,ERROR,ERROR: Database connection pool exhausted. Connections: 767
2025-10-21 17:49:00,INFO,INFO: User login successful. User ID: USR415
2025-10-21 17:51:00,ERROR,ERROR: NEFT transaction failed. Transaction ID: TXN84. Reason: Gateway timeout
2025-10-21 17:53:00,ERROR,ERROR: Database connection pool exhausted. Connections: 497
2025-10-21 17:57:00,INFO,INFO: Transaction processed successfully. ID: TXN689
2025-10-21 17:58:00,WARNING,WARNING: Payment gateway response time exceeded SLA. Time: 503ms
2025-10-21 17:58:00,ERROR,ERROR: High CPU utilization detected on server srv-08. Current: 234%
2025-10-21 17:58:00,ERROR,ERROR: High CPU utilization detected on server srv-19. Current: 472%
2025-10-21 18:00:00,INFO,INFO: Cache refresh completed in 434ms
2025-10-21 18:06:00,WARNING,WARNING: Duplicate transaction detected. Transaction ID: TXN620
2025-10-21 18:08:00,WARNING,WARNING: Duplicate transaction detected. Transaction ID: TXN290
2025-10-21 18:10:00,WARNING,WARNING: Payment gateway response time exceeded SLA. Time: 719ms
2025-10-21 18:10:00,ERROR,ERROR: API rate limit exceeded for endpoint /api/transactions
2025-10-21 18:12:00,WARNING,WARNING: Payment gateway response time exceeded SLA. Time: 635ms
2025-10-21 18:15:00,ERROR,ERROR: RTGS transaction failed. Transaction ID: TXN639. Reason: Insufficient funds
2025-10-21 18:17:00,ERROR,ERROR: Disk I/O bottleneck detected on srv-03
2025-10-21 18:18:00,WARNING,WARNING: Duplicate transaction detected. Transaction ID: TXN548
2025-10-21 18:20:00,ERROR,CRITICAL: Network timeout on srv-09. Latency: 746ms
2025-10-21 18:24:00,ERROR,ERROR: Database connection pool exhausted. Connections: 888
2025-10-21 18:27:00,ERROR,ERROR: Database connection pool exhausted. Connections: 780
2025-10-21 18:27:00,WARNING,WARNING: Payment gateway response time exceeded SLA. Time: 169ms
2025-10-21 18:28:00,ERROR,ERROR: API rate limit exceeded for endpoint /api/transactions
2025-10-21 18:29:00,ERROR,ERROR: Database connection pool exhausted. Connections: 183
2025-10-21 18:29:00,WARNING,WARNING: Duplicate transaction detected. Transaction ID: TXN928
2025-10-21 18:31:00,ERROR,ERROR: IMPS transaction failed. Transaction ID: TXN967. Reason: Invalid account
2025-10-21 18:36:00,INFO,INFO: Transaction processed successfully. ID: TXN715
2025-10-21 18:37:00,WARNING,WARNING: Payment gateway response time exceeded SLA. Time: 487ms
2025-10-21 18:38:00,ERROR,ERROR: Disk I/O bottleneck detected on srv-07
2025-10-21 18:42:00,ERROR,ERROR: High CPU utilization detected on server srv-04. Current: 390%
2025-10-21 18:42:00,INFO,INFO: Database backup completed successfully
2025-10-21 18:43:00,ERROR,ERROR: Disk I/O bottleneck detected on srv-13
2025-10-21 18:45:00,ERROR,ERROR: Disk I/O bottleneck detected on srv-03
2025-10-21 18:54:00,ERROR,ERROR: Database connection pool exhausted. Connections: 774
2025-10-21 18:59:00,ERROR,ERROR: Disk I/O bottleneck detected on srv-07
2025-10-21 18:59:00,ERROR,ERROR: Disk I/O bottleneck detected on srv-01
2025-10-21 18:59:00,ERROR,ERROR: Disk I/O bottleneck detected on srv-13
2025-10-21 19:00:00,ERROR,ERROR: API rate limit exceeded for endpoint /api/transactions
2025-10-21 19:05:00,INFO,INFO: Cache refresh completed in 798ms
2025-10-21 19:07:00,ERROR,ERROR: IMPS transaction failed. Transaction ID: TXN687. Reason: Invalid account
2025-10-21 19:07:00,INFO,INFO: Cache refresh completed in 997ms
2025-10-21 19:12:00,ERROR,ERROR: Database connection pool exhausted. Connections: 752
2025-10-21 19:13:00,ERROR,ERROR: NEFT transaction failed. Transaction ID: TXN178. Reason: Gateway timeout
2025-10-21 19:17:00,ERROR,CRITICAL: Network timeout on srv-02. Latency: 371ms
2025-10-21 19:19:00,WARNING,WARNING: Duplicate transaction detected. Transaction ID: TXN92
2025-10-21 19:23:00,ERROR,ERROR: IMPS transaction failed. Transaction ID: TXN793. Reason: Invalid account
2025-10-21 19:28:00,WARNING,WARNING: Duplicate transaction detected. Transaction ID: TXN802
2025-10-21 19:29:00,ERROR,ERROR: High CPU utilization detected on server srv-09. Current: 247%
2025-10-21 19:32:00,INFO,INFO: User login successful. User ID: USR661
2025-10-21 19:34:00,ERROR,ERROR: Customer authentication failed. User ID: USR686
2025-10-21 19:38:00,WARNING,WARNING: Memory usage approaching threshold on srv-18. Current: 177%
2025-10-21 19:38:00,WARNING,WARNING: Duplicate transaction detected. Transaction ID: TXN800
2025-10-21 19:39:00,WARNING,WARNING: Container srv-04 restarting due to OOM
2025-10-21 19:39:00,ERROR,CRITICAL: Network timeout on srv-11. Latency: 165ms
2025-10-21 19:40:00,ERROR,CRITICAL: Network timeout on srv-03. Latency: 452ms
2025-10-21 19:40:00,ERROR,ERROR: IMPS transaction failed. Transaction ID: TXN847. Reason: Invalid account
2025-10-21 19:41:00,ERROR,ERROR: RTGS transaction failed. Transaction ID: TXN153. Reason: Insufficient funds
2025-10-21 19:48:00,ERROR,ERROR: NEFT transaction failed. Transaction ID: TXN391. Reason: Gateway timeout
2025-10-21 19:50:00,ERROR,CRITICAL: Network timeout on srv-05. Latency: 150ms
2025-10-21 19:54:00,WARNING,WARNING: Duplicate transaction detected. Transaction ID: TXN158
2025-10-21 19:54:00,WARNING,WARNING: Duplicate transaction detected. Transaction ID: TXN55
2025-10-21 19:56:00,WARNING,WARNING: Duplicate transaction detected. Transaction ID: TXN954
2025-10-21 20:00:00,ERROR,ERROR: High CPU utilization detected on server srv-15. Current: 206%
2025-10-21 20:01:00,INFO,INFO: User login successful. User ID: USR903
2025-10-21 20:05:00,ERROR,ERROR: High CPU utilization detected on server srv-18. Current: 568%
2025-10-21 20:05:00,WARNING,WARNING: Memory usage approaching threshold on srv-12. Current: 719%
2025-10-21 20:05:00,WARNING,WARNING: Duplicate transaction detected. Transaction ID: TXN639
2025-10-21 20:08:00,WARNING,WARNING: Container srv-15 restarting due to OOM
2025-10-21 20:12:00,WARNING,WARNING: Memory usage approaching threshold on srv-12. Current: 897%
2025-10-21 20:13:00,ERROR,ERROR: IMPS transaction failed. Transaction ID: TXN91. Reason: Invalid account
2025-10-21 20:15:00,WARNING,WARNING: Memory usage approaching threshold on srv-12. Current: 198%
2025-10-21 20:16:00,INFO,INFO: User login successful. User ID: USR371
2025-10-21 20:17:00,ERROR,ERROR: API rate limit exceeded for endpoint /api/transactions
2025-10-21 20:20:00,ERROR,ERROR: IMPS transaction failed. Transaction ID: TXN485. Reason: Invalid account
2025-10-21 20:21:00,WARNING,WARNING: Container srv-08 restarting due to OOM
2025-10-21 20:26:00,ERROR,ERROR: Database connection pool exhausted. Connections: 998
2025-10-21 20:30:00,INFO,INFO: Database backup completed successfully
2025-10-21 20:34:00,WARNING,WARNING: Payment gateway response time exceeded SLA. Time: 499ms
2025-10-21 20:39:00,ERROR,CRITICAL: Network timeout on srv-09. Latency: 267ms
2025-10-21 20:42:00,INFO,INFO: Transaction processed successfully. ID: TXN271
2025-10-21 20:50:00,WARNING,WARNING: Payment gateway response time exceeded SLA. Time: 139ms
2025-10-21 20:51:00,ERROR,CRITICAL: Network timeout on srv-06. Latency: 188ms
2025-10-21 20:56:00,INFO,INFO: Transaction processed successfully. ID: TXN216
2025-10-21 20:56:00,ERROR,ERROR: Customer authentication failed. User ID: USR591
2025-10-21 20:56:00,INFO,INFO: Database backup completed successfully
2025-10-21 20:59:00,WARNING,WARNING: Payment gateway response time exceeded SLA. Time: 708ms
2025-10-21 20:59:00,ERROR,ERROR: Customer authentication failed. User ID: USR396
2025-10-21 21:00:00,ERROR,ERROR: IMPS transaction failed. Transaction ID: TXN171. Reason: Invalid account
2025-10-21 21:09:00,ERROR,ERROR: High CPU utilization detected on server srv-06. Current: 247%
2025-10-21 21:09:00,INFO,INFO: Database backup completed successfully
2025-10-21 21:10:00,INFO,INFO: Cache refresh completed in 455ms
2025-10-21 21:12:00,INFO,INFO: Transaction processed successfully. ID: TXN610
2025-10-21 21:13:00,ERROR,ERROR: Disk I/O bottleneck detected on srv-11
2025-10-21 21:15:00,ERROR,ERROR: High CPU utilization detected on server srv-14. Current: 361%
2025-10-21 21:16:00,ERROR,ERROR: High CPU utilization detected on server srv-17. Current: 815%
2025-10-21 21:21:00,ERROR,ERROR: IMPS transaction failed. Transaction ID: TXN603. Reason: Invalid account
2025-10-21 21:22:00,ERROR,ERROR: Disk I/O bottleneck detected on srv-14
2025-10-21 21:23:00,WARNING,WARNING: Memory usage approaching threshold on srv-12. Current: 537%
2025-10-21 21:24:00,INFO,INFO: Transaction processed successfully. ID: TXN627
2025-10-21 21:26:00,ERROR,ERROR: RTGS transaction failed. Transaction ID: TXN521. Reason: Insufficient funds
2025-10-21 21:27:00,ERROR,ERROR: High CPU utilization detected on server srv-08. Current: 908%
2025-10-21 21:29:00,ERROR,ERROR: Disk I/O bottleneck detected on srv-01
2025-10-21 21:36:00,ERROR,ERROR: IMPS transaction failed. Transaction ID: TXN696. Reason: Invalid account
2025-10-21 21:43:00,INFO,INFO: Cache refresh completed in 297ms
2025-10-21 21:43:00,ERROR,ERROR: High CPU utilization detected on server srv-13. Current: 466%
2025-10-21 21:43:00,ERROR,ERROR: API rate limit exceeded for endpoint /api/transactions
2025-10-21 21:45:00,ERROR,ERROR: Disk I/O bottleneck detected on srv-15
2025-10-21 21:46:00,ERROR,ERROR: Customer authentication failed. User ID: USR182
2025-10-21 21:47:00,INFO,INFO: Transaction processed successfully. ID: TXN866
2025-10-21 21:53:00,ERROR,ERROR: IMPS transaction failed. Transaction ID: TXN751. Reason: Invalid account
2025-10-21 21:54:00,WARNING,WARNING: Duplicate transaction detected. Transaction ID: TXN203
2025-10-21 21:55:00,ERROR,ERROR: API rate limit exceeded for endpoint /api/transactions
2025-10-21 21:56:00,ERROR,ERROR: High CPU utilization detected on server srv-14. Current: 574%
2025-10-21 21:58:00,INFO,INFO: User login successful. User ID: USR225
2025-10-21 22:12:00,ERROR,ERROR: API rate limit exceeded for endpoint /api/transactions
2025-10-21 22:14:00,ERROR,ERROR: Database connection pool exhausted. Connections: 823
2025-10-21 22:14:00,WARNING,WARNING: Container srv-06 restarting due to OOM
2025-10-21 22:19:00,INFO,INFO: Transaction processed successfully. ID: TXN989
2025-10-21 22:28:00,ERROR,ERROR: Database connection pool exhausted. Connections: 998
2025-10-21 22:31:00,ERROR,ERROR: High CPU utilization detected on server srv-16. Current: 268%
2025-10-21 22:32:00,ERROR,ERROR: NEFT transaction failed. Transaction ID: TXN648. Reason: Gateway timeout
2025-10-21 22:32:00,WARNING,WARNING: Memory usage approaching threshold on srv-13. Current: 514%
2025-10-21 22:32:00,WARNING,WARNING: Duplicate transaction detected. Transaction ID: TXN798
2025-10-21 22:34:00,INFO,INFO: Database backup completed successfully
2025-10-21 22:34:00,ERROR,ERROR: NEFT transaction failed. Transaction ID: TXN887. Reason: Gateway timeout
2025-10-21 22:35:00,INFO,INFO: Transaction processed successfully. ID: TXN823
2025-10-21 22:36:00,INFO,INFO: Transaction processed successfully. ID: TXN670
2025-10-21 22:40:00,INFO,INFO: Cache refresh completed in 151ms
2025-10-21 22:40:00,WARNING,WARNING: Duplicate transaction detected. Transaction ID: TXN315
2025-10-21 22:43:00,INFO,INFO: User login successful. User ID: USR192
2025-10-21 22:44:00,ERROR,CRITICAL: Network timeout on srv-15. Latency: 944ms
2025-10-21 22:46:00,ERROR,ERROR: Disk I/O bottleneck detected on srv-06
2025-10-21 22:47:00,ERROR,CRITICAL: Network timeout on srv-15. Latency: 166ms
2025-10-21 22:49:00,INFO,INFO: Cache refresh completed in 865ms
2025-10-21 22:50:00,WARNING,WARNING: Container srv-07 restarting due to OOM
2025-10-21 22:52:00,ERROR,ERROR: NEFT transaction failed. Transaction ID: TXN149. Reason: Gateway timeout
2025-10-21 22:53:00,ERROR,ERROR: IMPS transaction failed. Transaction ID: TXN57. Reason: Invalid account
2025-10-21 22:54:00,INFO,INFO: Transaction processed successfully. ID: TXN647
2025-10-21 22:56:00,ERROR,ERROR: RTGS transaction failed. Transaction ID: TXN424. Reason: Insufficient funds
2025-10-21 22:56:00,ERROR,ERROR: Database connection pool exhausted. Connections: 852
2025-10-21 22:57:00,ERROR,CRITICAL: Network timeout on srv-19. Latency: 277ms
2025-10-21 22:57:00,ERROR,ERROR: High CPU utilization detected on server srv-17. Current: 478%
2025-10-21 22:59:00,ERROR,ERROR: Database connection pool exhausted. Connections: 167
2025-10-21 23:06:00,ERROR,ERROR: Database connection pool exhausted. Connections: 771
2025-10-21 23:08:00,ERROR,CRITICAL: Network timeout on srv-09. Latency: 149ms
2025-10-21 23:09:00,ERROR,ERROR: API rate limit exceeded for endpoint /api/transactions
2025-10-21 23:10:00,ERROR,ERROR: Customer authentication failed. User ID: USR960
2025-10-21 23:15:00,ERROR,ERROR: High CPU utilization detected on server srv-17. Current: 810%
2025-10-21 23:15:00,INFO,INFO: Database backup completed successfully
2025-10-21 23:17:00,WARNING,WARNING: Duplicate transaction detected. Transaction ID: TXN428
2025-10-21 23:17:00,INFO,INFO: Cache refresh completed in 935ms
2025-10-21 23:18:00,INFO,INFO: User login successful. User ID: USR546
2025-10-21 23:20:00,WARNING,WARNING: Memory usage approaching threshold on srv-02. Current: 520%
2025-10-21 23:20:00,ERROR,ERROR: NEFT transaction failed. Transaction ID: TXN102. Reason: Gateway timeout
2025-10-21 23:21:00,ERROR,ERROR: IMPS transaction failed. Transaction ID: TXN51. Reason: Invalid account
2025-10-21 23:22:00,ERROR,ERROR: NEFT transaction failed. Transaction ID: TXN442. Reason: Gateway timeout
2025-10-21 23:24:00,WARNING,WARNING: Memory usage approaching threshold on srv-01. Current: 933%
2025-10-21 23:26:00,ERROR,ERROR: NEFT transaction failed. Transaction ID: TXN861. Reason: Gateway timeout
2025-10-21 23:30:00,ERROR,ERROR: IMPS transaction failed. Transaction ID: TXN101. Reason: Invalid account
2025-10-21 23:32:00,INFO,INFO: Transaction processed successfully. ID: TXN825
2025-10-21 23:35:00,ERROR,ERROR: IMPS transaction failed. Transaction ID: TXN369. Reason: Invalid account
2025-10-21 23:37:00,ERROR,ERROR: Database connection pool exhausted. Connections: 926
2025-10-21 23:41:00,INFO,INFO: Transaction processed successfully. ID: TXN355
2025-10-21 23:42:00,INFO,INFO: User login successful. User ID: USR472
2025-10-21 23:42:00,ERROR,ERROR: Database connection pool exhausted. Connections: 326
2025-10-21 23:42:00,WARNING,WARNING: Payment gateway response time exceeded SLA. Time: 113ms
2025-10-21 23:44:00,ERROR,ERROR: Customer authentication failed. User ID: USR751
2025-10-21 23:47:00,INFO,INFO: Cache refresh completed in 972ms
2025-10-21 23:48:00,INFO,INFO: Cache refresh completed in 408ms
2025-10-21 23:48:00,INFO,INFO: User login successful. User ID: USR167
2025-10-21 23:52:00,WARNING,WARNING: Memory usage approaching threshold on srv-10. Current: 298%
2025-10-21 23:52:00,ERROR,ERROR: IMPS transaction failed. Transaction ID: TXN112. Reason: Invalid account
2025-10-21 23:56:00,ERROR,ERROR: Disk I/O bottleneck detected on srv-02
2025-10-21 23:57:00,ERROR,ERROR: Disk I/O bottleneck detected on srv-06
2025-10-22 00:00:00,ERROR,CRITICAL: Network timeout on srv-11. Latency: 981ms
2025-10-22 00:06:00,ERROR,ERROR: IMPS transaction failed. Transaction ID: TXN902. Reason: Invalid account
2025-10-22 00:07:00,WARNING,WARNING: Memory usage approaching threshold on srv-06. Current: 599%
2025-10-22 00:07:00,INFO,INFO: Database backup completed successfully
2025-10-22 00:12:00,WARNING,WARNING: Memory usage approaching threshold on srv-05. Current: 718%
2025-10-22 00:14:00,WARNING,WARNING: Payment gateway response time exceeded SLA. Time: 278ms
2025-10-22 00:15:00,WARNING,WARNING: Memory usage approaching threshold on srv-17. Current: 895%
2025-10-22 00:17:00,ERROR,ERROR: High CPU utilization detected on server srv-12. Current: 593%
2025-10-22 00:17:00,WARNING,WARNING: Duplicate transaction detected. Transaction ID: TXN760
2025-10-22 00:20:00,ERROR,ERROR: Database connection pool exhausted. Connections: 656
2025-10-22 00:23:00,ERROR,ERROR: NEFT transaction failed. Transaction ID: TXN799. Reason: Gateway timeout
2025-10-22 00:23:00,INFO,INFO: Database backup completed successfully
2025-10-22 00:25:00,INFO,INFO: Cache refresh completed in 410ms
2025-10-22 00:25:00,WARNING,WARNING: Payment gateway response time exceeded SLA. Time: 929ms
2025-10-22 00:25:00,WARNING,WARNING: Container srv-16 restarting due to OOM
2025-10-22 00:29:00,WARNING,WARNING: Memory usage approaching threshold on srv-11. Current: 70%
2025-10-22 00:29:00,WARNING,WARNING: Container srv-18 restarting due to OOM
2025-10-22 00:34:00,ERROR,ERROR: High CPU utilization detected on server srv-05. Current: 901%
2025-10-22 00:39:00,ERROR,ERROR: NEFT transaction failed. Transaction ID: TXN931. Reason: Gateway timeout
2025-10-22 00:39:00,INFO,INFO: Database backup completed successfully
2025-10-22 00:41:00,ERROR,ERROR: Customer authentication failed. User ID: USR199
2025-10-22 00:42:00,ERROR,ERROR: API rate limit exceeded for endpoint /api/transactions
2025-10-22 00:44:00,INFO,INFO: Transaction processed successfully. ID: TXN800
2025-10-22 00:47:00,ERROR,ERROR: High CPU utilization detected on server srv-12. Current: 621%
2025-10-22 00:48:00,INFO,INFO: Database backup completed successfully
2025-10-22 00:49:00,ERROR,ERROR: Database connection pool exhausted. Connections: 553
2025-10-22 00:50:00,ERROR,ERROR: Disk I/O bottleneck detected on srv-01
2025-10-22 00:54:00,ERROR,ERROR: IMPS transaction failed. Transaction ID: TXN99. Reason: Invalid account
2025-10-22 00:59:00,ERROR,ERROR: High CPU utilization detected on server srv-18. Current: 532%
2025-10-22 00:59:00,WARNING,WARNING: Container srv-10 restarting due to OOM
2025-10-22 01:01:00,WARNING,WARNING: Container srv-10 restarting due to OOM
2025-10-22 01:02:00,ERROR,ERROR: High CPU utilization detected on server srv-07. Current: 700%
2025-10-22 01:04:00,ERROR,ERROR: Customer authentication failed. User ID: USR877
2025-10-22 01:04:00,ERROR,ERROR: Database connection pool exhausted. Connections: 677
2025-10-22 01:05:00,ERROR,ERROR: RTGS transaction failed. Transaction ID: TXN914. Reason: Insufficient funds
2025-10-22 01:06:00,WARNING,WARNING: Memory usage approaching threshold on srv-14. Current: 208%
2025-10-22 01:09:00,WARNING,WARNING: Payment gateway response time exceeded SLA. Time: 893ms
2025-10-22 01:11:00,ERROR,ERROR: API rate limit exceeded for endpoint /api/transactions
2025-10-22 01:16:00,ERROR,ERROR: High CPU utilization detected on server srv-04. Current: 689%
2025-10-22 01:20:00,ERROR,ERROR: NEFT transaction failed. Transaction ID: TXN959. Reason: Gateway timeout
2025-10-22 01:21:00,INFO,INFO: Cache refresh completed in 855ms
2025-10-22 01:23:00,INFO,INFO: Transaction processed successfully. ID: TXN910
2025-10-22 01:26:00,INFO,INFO: Database backup completed successfully
2025-10-22 01:27:00,ERROR,ERROR: Disk I/O bottleneck detected on srv-13
2025-10-22 01:34:00,ERROR,ERROR: API rate limit exceeded for endpoint /api/transactions
2025-10-22 01:37:00,WARNING,WARNING: Memory usage approaching threshold on srv-14. Current: 701%
2025-10-22 01:38:00,WARNING,WARNING: Payment gateway response time exceeded SLA. Time: 950ms
2025-10-22 01:44:00,WARNING,WARNING: Payment gateway response time exceeded SLA. Time: 787ms
2025-10-22 01:48:00,ERROR,ERROR: Customer authentication failed. User ID: USR677
2025-10-22 01:49:00,WARNING,WARNING: Memory usage approaching threshold on srv-07. Current: 611%
2025-10-22 01:53:00,ERROR,ERROR: High CPU utilization detected on server srv-10. Current: 378%
2025-10-22 01:54:00,ERROR,ERROR: RTGS transaction failed. Transaction ID: TXN954. Reason: Insufficient funds
2025-10-22 01:58:00,ERROR,ERROR: Disk I/O bottleneck detected on srv-18
2025-10-22 02:02:00,WARNING,WARNING: Container srv-08 restarting due to OOM
2025-10-22 02:03:00,ERROR,ERROR: Disk I/O bottleneck detected on srv-19
2025-10-22 02:05:00,WARNING,WARNING: Duplicate transaction detected. Transaction ID: TXN600
2025-10-22 02:07:00,ERROR,ERROR: Disk I/O bottleneck detected on srv-11
2025-10-22 02:09:00,ERROR,ERROR: IMPS transaction failed. Transaction ID: TXN553. Reason: Invalid account
2025-10-22 02:14:00,WARNING,WARNING: Duplicate transaction detected. Transaction ID: TXN374
2025-10-22 02:16:00,WARNING,WARNING: Duplicate transaction detected. Transaction ID: TXN650
2025-10-22 02:16:00,ERROR,ERROR: API rate limit exceeded for endpoint /api/transactions
2025-10-22 02:18:00,ERROR,ERROR: Database connection pool exhausted. Connections: 65
2025-10-22 02:20:00,ERROR,ERROR: Disk I/O bottleneck detected on srv-13
2025-10-22 02:21:00,INFO,INFO: Cache refresh completed in 306ms
2025-10-22 02:22:00,WARNING,WARNING: Container srv-18 restarting due to OOM
2025-10-22 02:23:00,ERROR,ERROR: High CPU utilization detected on server srv-13. Current: 925%
2025-10-22 02:25:00,INFO,INFO: Cache refresh completed in 556ms
2025-10-22 02:25:00,ERROR,ERROR: Customer authentication failed. User ID: USR750
2025-10-22 02:26:00,WARNING,WARNING: Memory usage approaching threshold on srv-16. Current: 719%
2025-10-22 02:28:00,WARNING,WARNING: Container srv-19 restarting due to OOM
2025-10-22 02:29:00,ERROR,ERROR: Disk I/O bottleneck detected on srv-02
2025-10-22 02:31:00,ERROR,ERROR: Customer authentication failed. User ID: USR398
2025-10-22 02:32:00,ERROR,ERROR: High CPU utilization detected on server srv-15. Current: 720%
2025-10-22 02:33:00,ERROR,ERROR: IMPS transaction failed. Transaction ID: TXN575. Reason: Invalid account
2025-10-22 02:33:00,ERROR,ERROR: Database connection pool exhausted. Connections: 954
2025-10-22 02:34:00,ERROR,ERROR: Disk I/O bottleneck detected on srv-15
2025-10-22 02:36:00,ERROR,ERROR: RTGS transaction failed. Transaction ID: TXN230. Reason: Insufficient funds
2025-10-22 02:41:00,ERROR,ERROR: Customer authentication failed. User ID: USR132
2025-10-22 02:43:00,ERROR,ERROR: IMPS transaction failed. Transaction ID: TXN733. Reason: Invalid account
2025-10-22 02:53:00,ERROR,ERROR: IMPS transaction failed. Transaction ID: TXN385. Reason: Invalid account
2025-10-22 02:53:00,ERROR,ERROR: NEFT transaction failed. Transaction ID: TXN171. Reason: Gateway timeout
2025-10-22 02:55:00,INFO,INFO: Cache refresh completed in 247ms
2025-10-22 02:56:00,ERROR,ERROR: Customer authentication failed. User ID: USR614
2025-10-22 02:59:00,WARNING,WARNING: Container srv-04 restarting due to OOM
2025-10-22 03:04:00,INFO,INFO: Database backup completed successfully
2025-10-22 03:04:00,ERROR,CRITICAL: Network timeout on srv-01. Latency: 495ms
2025-10-22 03:04:00,INFO,INFO: Transaction processed successfully. ID: TXN225
2025-10-22 03:06:00,WARNING,WARNING: Memory usage approaching threshold on srv-11. Current: 712%
2025-10-22 03:07:00,ERROR,ERROR: IMPS transaction failed. Transaction ID: TXN768. Reason: Invalid account
2025-10-22 03:07:00,ERROR,ERROR: Database connection pool exhausted. Connections: 313
2025-10-22 03:08:00,ERROR,ERROR: RTGS transaction failed. Transaction ID: TXN289. Reason: Insufficient funds
2025-10-22 03:12:00,INFO,INFO: Transaction processed successfully. ID: TXN331
2025-10-22 03:12:00,ERROR,CRITICAL: Network timeout on srv-18. Latency: 719ms
2025-10-22 03:12:00,INFO,INFO: Cache refresh completed in 182ms
2025-10-22 03:13:00,ERROR,ERROR: Database connection pool exhausted. Connections: 973
2025-10-22 03:15:00,ERROR,ERROR: API rate limit exceeded for endpoint /api/transactions
2025-10-22 03:17:00,WARNING,WARNING: Memory usage approaching threshold on srv-05. Current: 290%
2025-10-22 03:20:00,INFO,INFO: Database backup completed successfully
2025-10-22 03:23:00,ERROR,ERROR: RTGS transaction failed. Transaction ID: TXN619. Reason: Insufficient funds
2025-10-22 03:30:00,WARNING,WARNING: Memory usage approaching threshold on srv-18. Current: 312%
2025-10-22 03:31:00,ERROR,ERROR: Database connection pool exhausted. Connections: 692
2025-10-22 03:33:00,ERROR,ERROR: High CPU utilization detected on server srv-19. Current: 301%
2025-10-22 03:39:00,ERROR,ERROR: High CPU utilization detected on server srv-15. Current: 871%
2025-10-22 03:40:00,WARNING,WARNING: Payment gateway response time exceeded SLA. Time: 554ms
2025-10-22 03:40:00,WARNING,WARNING: Container srv-04 restarting due to OOM
2025-10-22 03:41:00,INFO,INFO: Cache refresh completed in 644ms
2025-10-22 03:42:00,INFO,INFO: Transaction processed successfully. ID: TXN404
2025-10-22 03:45:00,WARNING,WARNING: Container srv-03 restarting due to OOM
2025-10-22 03:48:00,ERROR,ERROR: Disk I/O bottleneck detected on srv-16
2025-10-22 03:49:00,ERROR,ERROR: Database connection pool exhausted. Connections: 345
2025-10-22 03:50:00,WARNING,WARNING: Memory usage approaching threshold on srv-02. Current: 851%
2025-10-22 03:51:00,INFO,INFO: Transaction processed successfully. ID: TXN85
2025-10-22 03:51:00,INFO,INFO: Cache refresh completed in 535ms
2025-10-22 03:51:00,ERROR,ERROR: RTGS transaction failed. Transaction ID: TXN978. Reason: Insufficient funds
2025-10-22 03:52:00,ERROR,CRITICAL: Network timeout on srv-16. Latency: 585ms
2025-10-22 03:53:00,ERROR,ERROR: Customer authentication failed. User ID: USR769
2025-10-22 03:56:00,WARNING,WARNING: Memory usage approaching threshold on srv-16. Current: 502%
2025-10-22 03:58:00,ERROR,ERROR: API rate limit exceeded for endpoint /api/transactions
2025-10-22 04:01:00,ERROR,ERROR: Disk I/O bottleneck detected on srv-04
2025-10-22 04:05:00,ERROR,ERROR: Disk I/O bottleneck detected on srv-06
2025-10-22 04:08:00,ERROR,ERROR: High CPU utilization detected on server srv-19. Current: 664%
2025-10-22 04:09:00,ERROR,ERROR: NEFT transaction failed. Transaction ID: TXN613. Reason: Gateway timeout
2025-10-22 04:15:00,ERROR,ERROR: Disk I/O bottleneck detected on srv-01
2025-10-22 04:15:00,ERROR,ERROR: Customer authentication failed. User ID: USR646
2025-10-22 04:16:00,WARNING,WARNING: Payment gateway response time exceeded SLA. Time: 884ms
2025-10-22 04:16:00,WARNING,WARNING: Duplicate transaction detected. Transaction ID: TXN782
2025-10-22 04:16:00,WARNING,WARNING: Duplicate transaction detected. Transaction ID: TXN961
2025-10-22 04:19:00,INFO,INFO: Cache refresh completed in 628ms
2025-10-22 04:20:00,ERROR,ERROR: Database connection pool exhausted. Connections: 446
2025-10-22 04:22:00,ERROR,ERROR: Customer authentication failed. User ID: USR506
2025-10-22 04:22:00,ERROR,ERROR: Customer authentication failed. User ID: USR638
2025-10-22 04:23:00,INFO,INFO: Database backup completed successfully
2025-10-22 04:24:00,INFO,INFO: Cache refresh completed in 829ms
2025-10-22 04:25:00,INFO,INFO: Transaction processed successfully. ID: TXN652
2025-10-22 04:26:00,ERROR,ERROR: RTGS transaction failed. Transaction ID: TXN788. Reason: Insufficient funds
2025-10-22 04:27:00,INFO,INFO: User login successful. User ID: USR458
2025-10-22 04:29:00,ERROR,ERROR: High CPU utilization detected on server srv-02. Current: 601%
2025-10-22 04:31:00,ERROR,ERROR: API rate limit exceeded for endpoint /api/transactions
2025-10-22 04:32:00,WARNING,WARNING: Payment gateway response time exceeded SLA. Time: 673ms
2025-10-22 04:35:00,ERROR,ERROR: Customer authentication failed. User ID: USR241
2025-10-22 04:37:00,WARNING,WARNING: Memory usage approaching threshold on srv-02. Current: 802%
2025-10-22 04:40:00,ERROR,ERROR: NEFT transaction failed. Transaction ID: TXN235. Reason: Gateway timeout
2025-10-22 04:45:00,INFO,INFO: User login successful. User ID: USR930
2025-10-22 04:47:00,ERROR,ERROR: High CPU utilization detected on server srv-12. Current: 619%
2025-10-22 04:50:00,ERROR,ERROR: Customer authentication failed. User ID: USR64
2025-10-22 04:51:00,ERROR,ERROR: RTGS transaction failed. Transaction ID: TXN328. Reason: Insufficient funds
2025-10-22 04:51:00,ERROR,ERROR: High CPU utilization detected on server srv-10. Current: 818%
2025-10-22 04:51:00,WARNING,WARNING: Container srv-18 restarting due to OOM
2025-10-22 04:52:00,WARNING,WARNING: Memory usage approaching threshold on srv-01. Current: 616%
2025-10-22 04:52:00,ERROR,ERROR: API rate limit exceeded for endpoint /api/transactions
2025-10-22 04:52:00,ERROR,ERROR: Customer authentication failed. User ID: USR67
2025-10-22 04:53:00,WARNING,WARNING: Memory usage approaching threshold on srv-11. Current: 832%
2025-10-22 04:54:00,ERROR,ERROR: Database connection pool exhausted. Connections: 116
2025-10-22 04:56:00,WARNING,WARNING: Duplicate transaction detected. Transaction ID: TXN322
2025-10-22 04:59:00,INFO,INFO: Transaction processed successfully. ID: TXN103
2025-10-22 04:59:00,WARNING,WARNING: Memory usage approaching threshold on srv-12. Current: 929%
2025-10-22 05:01:00,ERROR,ERROR: Database connection pool exhausted. Connections: 110
2025-10-22 05:03:00,INFO,INFO: Database backup completed successfully
2025-10-22 05:04:00,WARNING,WARNING: Container srv-05 restarting due to OOM
2025-10-22 05:04:00,ERROR,ERROR: High CPU utilization detected on server srv-16. Current: 550%
2025-10-22 05:04:00,ERROR,ERROR: IMPS transaction failed. Transaction ID: TXN283. Reason: Invalid account
2025-10-22 05:06:00,WARNING,WARNING: Container srv-12 restarting due to OOM
2025-10-22 05:06:00,ERROR,ERROR: API rate limit exceeded for endpoint /api/transactions
2025-10-22 05:06:00,ERROR,ERROR: API rate limit exceeded for endpoint /api/transactions
2025-10-22 05:09:00,ERROR,ERROR: Customer authentication failed. User ID: USR915
2025-10-22 05:10:00,INFO,INFO: User login successful. User ID: USR158
2025-10-22 05:11:00,ERROR,ERROR: Disk I/O bottleneck detected on srv-12
2025-10-22 05:11:00,WARNING,WARNING: Payment gateway response time exceeded SLA. Time: 383ms
2025-10-22 05:12:00,ERROR,ERROR: RTGS transaction failed. Transaction ID: TXN640. Reason: Insufficient funds
2025-10-22 05:14:00,INFO,INFO: Database backup completed successfully
2025-10-22 05:16:00,WARNING,WARNING: Duplicate transaction detected. Transaction ID: TXN591
2025-10-22 05:16:00,WARNING,WARNING: Memory usage approaching threshold on srv-08. Current: 354%
2025-10-22 05:22:00,INFO,INFO: Database backup completed successfully
2025-10-22 05:25:00,ERROR,ERROR: NEFT transaction failed. Transaction ID: TXN380. Reason: Gateway timeout
2025-10-22 05:34:00,INFO,INFO: Cache refresh completed in 158ms
2025-10-22 05:34:00,WARNING,WARNING: Duplicate transaction detected. Transaction ID: TXN91
2025-10-22 05:36:00,ERROR,ERROR: API rate limit exceeded for endpoint /api/transactions
2025-10-22 05:37:00,ERROR,ERROR: Customer authentication failed. User ID: USR997
2025-10-22 05:39:00,INFO,INFO: Transaction processed successfully. ID: TXN675
2025-10-22 05:42:00,ERROR,CRITICAL: Network timeout on srv-19. Latency: 904ms
2025-10-22 05:44:00,ERROR,ERROR: Database connection pool exhausted. Connections: 373
2025-10-22 05:49:00,WARNING,WARNING: Payment gateway response time exceeded SLA. Time: 58ms
2025-10-22 05:51:00,INFO,INFO: User login successful. User ID: USR184
2025-10-22 05:54:00,ERROR,ERROR: High CPU utilization detected on server srv-01. Current: 402%
2025-10-22 05:55:00,INFO,INFO: Transaction processed successfully. ID: TXN52
2025-10-22 05:58:00,ERROR,ERROR: High CPU utilization detected on server srv-12. Current: 959%
2025-10-22 06:01:00,ERROR,ERROR: Database connection pool exhausted. Connections: 208
2025-10-22 06:02:00,ERROR,ERROR: IMPS transaction failed. Transaction ID: TXN616. Reason: Invalid account
2025-10-22 06:05:00,ERROR,CRITICAL: Network timeout on srv-01. Latency: 256ms
2025-10-22 06:07:00,ERROR,ERROR: API rate limit exceeded for endpoint /api/transactions
2025-10-22 06:11:00,WARNING,WARNING: Duplicate transaction detected. Transaction ID: TXN482
2025-10-22 06:13:00,ERROR,CRITICAL: Network timeout on srv-15. Latency: 988ms
2025-10-22 06:17:00,ERROR,ERROR: NEFT transaction failed. Transaction ID: TXN961. Reason: Gateway timeout
2025-10-22 06:17:00,WARNING,WARNING: Memory usage approaching threshold on srv-10. Current: 731%
2025-10-22 06:19:00,WARNING,WARNING: Duplicate transaction detected. Transaction ID: TXN168
2025-10-22 06:19:00,WARNING,WARNING: Container srv-04 restarting due to OOM
2025-10-22 06:19:00,INFO,INFO: Transaction processed successfully. ID: TXN56
2025-10-22 06:22:00,ERROR,ERROR: NEFT transaction failed. Transaction ID: TXN362. Reason: Gateway timeout
2025-10-22 06:24:00,WARNING,WARNING: Memory usage approaching threshold on srv-13. Current: 282%
2025-10-22 06:24:00,INFO,INFO: User login successful. User ID: USR838
2025-10-22 06:25:00,WARNING,WARNING: Memory usage approaching threshold on srv-12. Current: 471%
2025-10-22 06:29:00,ERROR,ERROR: High CPU utilization detected on server srv-12. Current: 96%
2025-10-22 06:31:00,INFO,INFO: User login successful. User ID: USR919
2025-10-22 06:33:00,INFO,INFO: Database backup completed successfully
2025-10-22 06:34:00,WARNING,WARNING: Payment gateway response time exceeded SLA. Time: 895ms
2025-10-22 06:35:00,ERROR,ERROR: NEFT transaction failed. Transaction ID: TXN187. Reason: Gateway timeout
2025-10-22 06:35:00,ERROR,ERROR: IMPS transaction failed. Transaction ID: TXN480. Reason: Invalid account
2025-10-22 06:36:00,INFO,INFO: User login successful. User ID: USR627
2025-10-22 06:37:00,WARNING,WARNING: Duplicate transaction detected. Transaction ID: TXN533
2025-10-22 06:38:00,ERROR,ERROR: Database connection pool exhausted. Connections: 359
2025-10-22 06:46:00,INFO,INFO: Cache refresh completed in 325ms
2025-10-22 06:47:00,INFO,INFO: Database backup completed successfully
2025-10-22 06:48:00,WARNING,WARNING: Payment gateway response time exceeded SLA. Time: 220ms
2025-10-22 06:49:00,INFO,INFO: User login successful. User ID: USR286
2025-10-22 06:49:00,WARNING,WARNING: Duplicate transaction detected. Transaction ID: TXN276
2025-10-22 06:55:00,ERROR,ERROR: IMPS transaction failed. Transaction ID: TXN51. Reason: Invalid account
2025-10-22 06:58:00,ERROR,ERROR: NEFT transaction failed. Transaction ID: TXN421. Reason: Gateway timeout
2025-10-22 06:59:00,INFO,INFO: Database backup completed successfully
2025-10-22 07:00:00,INFO,INFO: Cache refresh completed in 967ms
2025-10-22 07:03:00,INFO,INFO: Cache refresh completed in 967ms
2025-10-22 07:03:00,ERROR,ERROR: High CPU utilization detected on server srv-13. Current: 255%
2025-10-22 07:09:00,WARNING,WARNING: Payment gateway response time exceeded SLA. Time: 910ms
2025-10-22 07:09:00,ERROR,ERROR: Customer authentication failed. User ID: USR376
2025-10-22 07:11:00,ERROR,ERROR: IMPS transaction failed. Transaction ID: TXN958. Reason: Invalid account
2025-10-22 07:14:00,INFO,INFO: Database backup completed successfully
2025-10-22 07:18:00,WARNING,WARNING: Container srv-03 restarting due to OOM
2025-10-22 07:19:00,ERROR,ERROR: API rate limit exceeded for endpoint /api/transactions
2025-10-22 07:25:00,ERROR,ERROR: NEFT transaction failed. Transaction ID: TXN257. Reason: Gateway timeout
2025-10-22 07:30:00,ERROR,ERROR: API rate limit exceeded for endpoint /api/transactions
2025-10-22 07:31:00,ERROR,ERROR: Disk I/O bottleneck detected on srv-08
2025-10-22 07:31:00,ERROR,ERROR: API rate limit exceeded for endpoint /api/transactions
2025-10-22 07:32:00,WARNING,WARNING: Duplicate transaction detected. Transaction ID: TXN791
2025-10-22 07:32:00,ERROR,ERROR: Customer authentication failed. User ID: USR449
2025-10-22 07:32:00,INFO,INFO: User login successful. User ID: USR984
2025-10-22 07:34:00,INFO,INFO: Cache refresh completed in 297ms
2025-10-22 07:34:00,INFO,INFO: User login successful. User ID: USR238
2025-10-22 07:35:00,INFO,INFO: Cache refresh completed in 406ms
2025-10-22 07:39:00,ERROR,ERROR: High CPU utilization detected on server srv-18. Current: 72%
2025-10-22 07:40:00,ERROR,ERROR: High CPU utilization detected on server srv-03. Current: 83%
2025-10-22 07:41:00,ERROR,ERROR: Customer authentication failed. User ID: USR642
2025-10-22 07:42:00,ERROR,ERROR: Database connection pool exhausted. Connections: 387
2025-10-22 07:44:00,ERROR,ERROR: Customer authentication failed. User ID: USR712
2025-10-22 07:46:00,ERROR,ERROR: API rate limit exceeded for endpoint /api/transactions
2025-10-22 07:47:00,WARNING,WARNING: Duplicate transaction detected. Transaction ID: TXN460
2025-10-22 07:47:00,ERROR,ERROR: RTGS transaction failed. Transaction ID: TXN805. Reason: Insufficient funds
2025-10-22 07:53:00,ERROR,ERROR: Customer authentication failed. User ID: USR734
2025-10-22 07:56:00,INFO,INFO: Transaction processed successfully. ID: TXN452
2025-10-22 07:57:00,ERROR,ERROR: High CPU utilization detected on server srv-11. Current: 759%
2025-10-22 07:58:00,ERROR,ERROR: Database connection pool exhausted. Connections: 594
2025-10-22 07:58:00,ERROR,ERROR: Disk I/O bottleneck detected on srv-04
2025-10-22 07:59:00,INFO,INFO: Cache refresh completed in 864ms
2025-10-22 08:08:00,ERROR,ERROR: Customer authentication failed. User ID: USR909
2025-10-22 08:09:00,INFO,INFO: Transaction processed successfully. ID: TXN580
2025-10-22 08:09:00,WARNING,WARNING: Duplicate transaction detected. Transaction ID: TXN308
2025-10-22 08:13:00,INFO,INFO: Transaction processed successfully. ID: TXN921
2025-10-22 08:13:00,ERROR,ERROR: NEFT transaction failed. Transaction ID: TXN952. Reason: Gateway timeout
2025-10-22 08:13:00,INFO,INFO: User login successful. User ID: USR948
2025-10-22 08:14:00,ERROR,ERROR: IMPS transaction failed. Transaction ID: TXN80. Reason: Invalid account
2025-10-22 08:14:00,ERROR,ERROR: Disk I/O bottleneck detected on srv-06
2025-10-22 08:19:00,ERROR,CRITICAL: Network timeout on srv-10. Latency: 520ms
2025-10-22 08:20:00,WARNING,WARNING: Duplicate transaction detected. Transaction ID: TXN269
2025-10-22 08:23:00,ERROR,ERROR: Database connection pool exhausted. Connections: 981
2025-10-22 08:24:00,INFO,INFO: Database backup completed successfully
2025-10-22 08:25:00,INFO,INFO: User login successful. User ID: USR509
2025-10-22 08:27:00,ERROR,ERROR: High CPU utilization detected on server srv-18. Current: 507%
2025-10-22 08:32:00,WARNING,WARNING: Duplicate transaction detected. Transaction ID: TXN465
2025-10-22 08:34:00,ERROR,ERROR: Disk I/O bottleneck detected on srv-05
2025-10-22 08:38:00,ERROR,ERROR: NEFT transaction failed. Transaction ID: TXN408. Reason: Gateway timeout
2025-10-22 08:39:00,WARNING,WARNING: Memory usage approaching threshold on srv-06. Current: 525%
2025-10-22 08:41:00,ERROR,ERROR: High CPU utilization detected on server srv-16. Current: 497%
2025-10-22 08:44:00,ERROR,ERROR: Database connection pool exhausted. Connections: 286
2025-10-22 08:46:00,INFO,INFO: Transaction processed successfully. ID: TXN708
2025-10-22 08:47:00,INFO,INFO: User login successful. User ID: USR100
2025-10-22 08:50:00,ERROR,ERROR: API rate limit exceeded for endpoint /api/transactions
2025-10-22 08:52:00,ERROR,ERROR: Database connection pool exhausted. Connections: 115
2025-10-22 09:00:00,INFO,INFO: User login successful. User ID: USR880
2025-10-22 09:00:00,ERROR,ERROR: Disk I/O bottleneck detected on srv-02
2025-10-22 09:01:00,ERROR,ERROR: Database connection pool exhausted. Connections: 875
2025-10-22 09:03:00,ERROR,ERROR: Database connection pool exhausted. Connections: 779
2025-10-22 09:06:00,ERROR,ERROR: Customer authentication failed. User ID: USR82
2025-10-22 09:07:00,ERROR,ERROR: API rate limit exceeded for endpoint /api/transactions
2025-10-22 09:07:00,INFO,INFO: User login successful. User ID: USR894
2025-10-22 09:11:00,ERROR,ERROR: API rate limit exceeded for endpoint /api/transactions
2025-10-22 09:11:00,INFO,INFO: Database backup completed successfully
2025-10-22 09:11:00,ERROR,ERROR: API rate limit exceeded for endpoint /api/transactions
2025-10-22 09:12:00,WARNING,WARNING: Memory usage approaching threshold on srv-14. Current: 891%
2025-10-22 09:15:00,ERROR,ERROR: IMPS transaction failed. Transaction ID: TXN268. Reason: Invalid account
2025-10-22 09:19:00,INFO,INFO: Database backup completed successfully
2025-10-22 09:20:00,ERROR,ERROR: RTGS transaction failed. Transaction ID: TXN181. Reason: Insufficient funds
2025-10-22 09:23:00,INFO,INFO: Transaction processed successfully. ID: TXN116
2025-10-22 09:24:00,WARNING,WARNING: Memory usage approaching threshold on srv-11. Current: 302%
2025-10-22 09:27:00,INFO,INFO: Cache refresh completed in 511ms
2025-10-22 09:34:00,WARNING,WARNING: Payment gateway response time exceeded SLA. Time: 891ms
2025-10-22 09:34:00,ERROR,ERROR: NEFT transaction failed. Transaction ID: TXN949. Reason: Gateway timeout
2025-10-22 09:35:00,ERROR,ERROR: High CPU utilization detected on server srv-07. Current: 297%
2025-10-22 09:40:00,WARNING,WARNING: Memory usage approaching threshold on srv-09. Current: 514%
2025-10-22 09:40:00,ERROR,ERROR: Disk I/O bottleneck detected on srv-19
2025-10-22 09:41:00,ERROR,ERROR: Database connection pool exhausted. Connections: 511
2025-10-22 09:42:00,WARNING,WARNING: Payment gateway response time exceeded SLA. Time: 208ms
2025-10-22 09:43:00,ERROR,ERROR: Disk I/O bottleneck detected on srv-04
2025-10-22 09:47:00,INFO,INFO: Cache refresh completed in 880ms
2025-10-22 09:48:00,ERROR,ERROR: RTGS transaction failed. Transaction ID: TXN322. Reason: Insufficient funds
2025-10-22 09:49:00,ERROR,ERROR: RTGS transaction failed. Transaction ID: TXN899. Reason: Insufficient funds
2025-10-22 09:51:00,WARNING,WARNING: Payment gateway response time exceeded SLA. Time: 634ms
2025-10-22 09:51:00,ERROR,CRITICAL: Network timeout on srv-08. Latency: 295ms
2025-10-22 09:52:00,ERROR,ERROR: API rate limit exceeded for endpoint /api/transactions
2025-10-22 09:56:00,ERROR,ERROR: API rate limit exceeded for endpoint /api/transactions
2025-10-22 09:56:00,ERROR,ERROR: API rate limit exceeded for endpoint /api/transactions
2025-10-22 09:58:00,ERROR,ERROR: NEFT transaction failed. Transaction ID: TXN936. Reason: Gateway timeout
2025-10-22 10:00:00,WARNING,WARNING: Duplicate transaction detected. Transaction ID: TXN67
2025-10-22 10:01:00,ERROR,ERROR: Disk I/O bottleneck detected on srv-05
2025-10-22 10:03:00,ERROR,ERROR: RTGS transaction failed. Transaction ID: TXN647. Reason: Insufficient funds
2025-10-22 10:08:00,INFO,INFO: Database backup completed successfully
2025-10-22 10:11:00,INFO,INFO: User login successful. User ID: USR284
2025-10-22 10:13:00,ERROR,ERROR: IMPS transaction failed. Transaction ID: TXN391. Reason: Invalid account
2025-10-22 10:17:00,INFO,INFO: Database backup completed successfully
2025-10-22 10:19:00,INFO,INFO: Transaction processed successfully. ID: TXN200
2025-10-22 10:21:00,WARNING,WARNING: Memory usage approaching threshold on srv-09. Current: 816%
2025-10-22 10:21:00,WARNING,WARNING: Container srv-05 restarting due to OOM
2025-10-22 10:22:00,INFO,INFO: User login successful. User ID: USR904
2025-10-22 10:23:00,ERROR,ERROR: NEFT transaction failed. Transaction ID: TXN950. Reason: Gateway timeout
2025-10-22 10:24:00,ERROR,ERROR: API rate limit exceeded for endpoint /api/transactions
2025-10-22 10:24:00,INFO,INFO: Database backup completed successfully
2025-10-22 10:24:00,WARNING,WARNING: Container srv-17 restarting due to OOM
2025-10-22 10:25:00,ERROR,ERROR: RTGS transaction failed. Transaction ID: TXN229. Reason: Insufficient funds
2025-10-22 10:26:00,ERROR,ERROR: High CPU utilization detected on server srv-05. Current: 401%
2025-10-22 10:26:00,WARNING,WARNING: Container srv-13 restarting due to OOM
2025-10-22 10:26:00,ERROR,ERROR: High CPU utilization detected on server srv-03. Current: 575%
2025-10-22 10:26:00,ERROR,ERROR: Database connection pool exhausted. Connections: 944
2025-10-22 10:29:00,WARNING,WARNING: Duplicate transaction detected. Transaction ID: TXN384
2025-10-22 10:32:00,INFO,INFO: Transaction processed successfully. ID: TXN904
2025-10-22 10:32:00,WARNING,WARNING: Memory usage approaching threshold on srv-08. Current: 472%
2025-10-22 10:33:00,ERROR,ERROR: Disk I/O bottleneck detected on srv-07
2025-10-22 10:33:00,ERROR,CRITICAL: Network timeout on srv-13. Latency: 432ms
2025-10-22 10:35:00,ERROR,ERROR: NEFT transaction failed. Transaction ID: TXN620. Reason: Gateway timeout
2025-10-22 10:35:00,INFO,INFO: Cache refresh completed in 81ms
2025-10-22 10:37:00,ERROR,ERROR: IMPS transaction failed. Transaction ID: TXN996. Reason: Invalid account
2025-10-22 10:38:00,WARNING,WARNING: Memory usage approaching threshold on srv-14. Current: 442%
2025-10-22 10:39:00,WARNING,WARNING: Duplicate transaction detected. Transaction ID: TXN127
2025-10-22 10:42:00,ERROR,ERROR: RTGS transaction failed. Transaction ID: TXN895. Reason: Insufficient funds
2025-10-22 10:44:00,WARNING,WARNING: Memory usage approaching threshold on srv-08. Current: 152%
2025-10-22 10:44:00,ERROR,ERROR: RTGS transaction failed. Transaction ID: TXN766. Reason: Insufficient funds
2025-10-22 10:49:00,ERROR,ERROR: Disk I/O bottleneck detected on srv-06
2025-10-22 10:49:00,WARNING,WARNING: Duplicate transaction detected. Transaction ID: TXN174
2025-10-22 10:49:00,ERROR,ERROR: Customer authentication failed. User ID: USR345
2025-10-22 10:52:00,ERROR,ERROR: Database connection pool exhausted. Connections: 892
2025-10-22 10:53:00,INFO,INFO: Cache refresh completed in 764ms
2025-10-22 10:55:00,INFO,INFO: Cache refresh completed in 760ms
2025-10-22 10:55:00,ERROR,CRITICAL: Network timeout on srv-05. Latency: 628ms
2025-10-22 10:58:00,ERROR,ERROR: Disk I/O bottleneck detected on srv-06
2025-10-22 10:58:00,ERROR,ERROR: Database connection pool exhausted. Connections: 230
2025-10-22 10:58:00,ERROR,ERROR: IMPS transaction failed. Transaction ID: TXN385. Reason: Invalid account
2025-10-22 11:01:00,WARNING,WARNING: Memory usage approaching threshold on srv-19. Current: 101%
2025-10-22 11:01:00,WARNING,WARNING: Payment gateway response time exceeded SLA. Time: 240ms
2025-10-22 11:02:00,ERROR,ERROR: High CPU utilization detected on server srv-01. Current: 546%
2025-10-22 11:02:00,ERROR,ERROR: Disk I/O bottleneck detected on srv-05
2025-10-22 11:03:00,WARNING,WARNING: Container srv-08 restarting due to OOM
2025-10-22 11:03:00,ERROR,ERROR: API rate limit exceeded for endpoint /api/transactions
2025-10-22 11:10:00,WARNING,WARNING: Memory usage approaching threshold on srv-05. Current: 99%
2025-10-22 11:14:00,INFO,INFO: Database backup completed successfully
2025-10-22 11:15:00,WARNING,WARNING: Memory usage approaching threshold on srv-05. Current: 276%
2025-10-22 11:17:00,ERROR,ERROR: API rate limit exceeded for endpoint /api/transactions
2025-10-22 11:18:00,ERROR,ERROR: API rate limit exceeded for endpoint /api/transactions
2025-10-22 11:19:00,INFO,INFO: Transaction processed successfully. ID: TXN90
2025-10-22 11:21:00,ERROR,ERROR: NEFT transaction failed. Transaction ID: TXN923. Reason: Gateway timeout
2025-10-22 11:21:00,WARNING,WARNING: Memory usage approaching threshold on srv-09. Current: 222%
2025-10-22 11:25:00,ERROR,ERROR: High CPU utilization detected on server srv-16. Current: 516%
2025-10-22 11:25:00,WARNING,WARNING: Memory usage approaching threshold on srv-08. Current: 954%
2025-10-22 11:27:00,INFO,INFO: Database backup completed successfully
2025-10-22 11:27:00,ERROR,ERROR: Database connection pool exhausted. Connections: 473
2025-10-22 11:30:00,ERROR,ERROR: NEFT transaction failed. Transaction ID: TXN198. Reason: Gateway timeout
2025-10-22 11:32:00,ERROR,ERROR: Customer authentication failed. User ID: USR55
2025-10-22 11:32:00,ERROR,CRITICAL: Network timeout on srv-17. Latency: 673ms
2025-10-22 11:35:00,ERROR,ERROR: High CPU utilization detected on server srv-09. Current: 620%
2025-10-22 11:35:00,ERROR,ERROR: NEFT transaction failed. Transaction ID: TXN674. Reason: Gateway timeout
2025-10-22 11:38:00,ERROR,CRITICAL: Network timeout on srv-19. Latency: 784ms
2025-10-22 11:39:00,ERROR,ERROR: Disk I/O bottleneck detected on srv-10
2025-10-22 11:45:00,INFO,INFO: Cache refresh completed in 685ms
2025-10-22 11:48:00,ERROR,ERROR: NEFT transaction failed. Transaction ID: TXN503. Reason: Gateway timeout
2025-10-22 11:48:00,ERROR,ERROR: NEFT transaction failed. Transaction ID: TXN489. Reason: Gateway timeout
2025-10-22 11:51:00,INFO,INFO: User login successful. User ID: USR343
2025-10-22 11:52:00,ERROR,CRITICAL: Network timeout on srv-01. Latency: 492ms
2025-10-22 11:54:00,WARNING,WARNING: Duplicate transaction detected. Transaction ID: TXN55
2025-10-22 11:58:00,ERROR,CRITICAL: Network timeout on srv-10. Latency: 603ms
2025-10-22 11:59:00,ERROR,ERROR: Database connection pool exhausted. Connections: 592
2025-10-22 12:03:00,ERROR,ERROR: Database connection pool exhausted. Connections: 388
2025-10-22 12:05:00,WARNING,WARNING: Memory usage approaching threshold on srv-14. Current: 480%
2025-10-22 12:05:00,ERROR,ERROR: Customer authentication failed. User ID: USR159
2025-10-22 12:07:00,INFO,INFO: Cache refresh completed in 795ms
2025-10-22 12:07:00,ERROR,ERROR: NEFT transaction failed. Transaction ID: TXN522. Reason: Gateway timeout
2025-10-22 12:09:00,ERROR,CRITICAL: Network timeout on srv-19. Latency: 563ms
2025-10-22 12:09:00,ERROR,ERROR: API rate limit exceeded for endpoint /api/transactions
2025-10-22 12:09:00,ERROR,ERROR: IMPS transaction failed. Transaction ID: TXN284. Reason: Invalid account
2025-10-22 12:10:00,ERROR,ERROR: RTGS transaction failed. Transaction ID: TXN516. Reason: Insufficient funds
2025-10-22 12:14:00,ERROR,CRITICAL: Network timeout on srv-07. Latency: 860ms
2025-10-22 12:20:00,INFO,INFO: Database backup completed successfully
2025-10-22 12:21:00,ERROR,ERROR: NEFT transaction failed. Transaction ID: TXN468. Reason: Gateway timeout
2025-10-22 12:22:00,INFO,INFO: User login successful. User ID: USR766
2025-10-22 12:22:00,INFO,INFO: User login successful. User ID: USR329
2025-10-22 12:24:00,ERROR,ERROR: Database connection pool exhausted. Connections: 680
2025-10-22 12:24:00,ERROR,ERROR: High CPU utilization detected on server srv-13. Current: 62%
2025-10-22 12:26:00,WARNING,WARNING: Container srv-14 restarting due to OOM
2025-10-22 12:27:00,WARNING,WARNING: Payment gateway response time exceeded SLA. Time: 133ms
2025-10-22 12:28:00,ERROR,ERROR: High CPU utilization detected on server srv-01. Current: 498%
2025-10-22 12:30:00,INFO,INFO: User login successful. User ID: USR553
2025-10-22 12:31:00,ERROR,ERROR: Disk I/O bottleneck detected on srv-19
2025-10-22 12:32:00,INFO,INFO: Cache refresh completed in 182ms
2025-10-22 12:35:00,ERROR,ERROR: High CPU utilization detected on server srv-07. Current: 813%
2025-10-22 12:40:00,ERROR,ERROR: RTGS transaction failed. Transaction ID: TXN133. Reason: Insufficient funds
2025-10-22 12:43:00,WARNING,WARNING: Payment gateway response time exceeded SLA. Time: 579ms
2025-10-22 12:44:00,ERROR,ERROR: Database connection pool exhausted. Connections: 408
2025-10-22 12:48:00,ERROR,ERROR: Customer authentication failed. User ID: USR760
2025-10-22 12:49:00,INFO,INFO: Transaction processed successfully. ID: TXN612
2025-10-22 12:49:00,ERROR,ERROR: High CPU utilization detected on server srv-07. Current: 632%
2025-10-22 12:51:00,ERROR,ERROR: Database connection pool exhausted. Connections: 957
2025-10-22 12:54:00,INFO,INFO: Transaction processed successfully. ID: TXN609
2025-10-22 12:55:00,ERROR,CRITICAL: Network timeout on srv-07. Latency: 926ms
2025-10-22 12:57:00,INFO,INFO: Transaction processed successfully. ID: TXN301
2025-10-22 12:57:00,ERROR,ERROR: Disk I/O bottleneck detected on srv-06
2025-10-22 13:02:00,INFO,INFO: Transaction processed successfully. ID: TXN140
2025-10-22 13:02:00,INFO,INFO: User login successful. User ID: USR781
2025-10-22 13:02:00,INFO,INFO: User login successful. User ID: USR916
2025-10-22 13:07:00,ERROR,CRITICAL: Network timeout on srv-02. Latency: 551ms
2025-10-22 13:08:00,ERROR,CRITICAL: Network timeout on srv-10. Latency: 389ms
2025-10-22 13:08:00,ERROR,ERROR: High CPU utilization detected on server srv-07. Current: 56%
2025-10-22 13:12:00,WARNING,WARNING: Container srv-06 restarting due to OOM
2025-10-22 13:15:00,WARNING,WARNING: Container srv-02 restarting due to OOM
2025-10-22 13:18:00,WARNING,WARNING: Container srv-18 restarting due to OOM
2025-10-22 13:22:00,ERROR,ERROR: Database connection pool exhausted. Connections: 791
2025-10-22 13:23:00,ERROR,ERROR: High CPU utilization detected on server srv-04. Current: 534%
2025-10-22 13:24:00,WARNING,WARNING: Memory usage approaching threshold on srv-09. Current: 663%
2025-10-22 13:24:00,ERROR,ERROR: Database connection pool exhausted. Connections: 823
2025-10-22 13:29:00,INFO,INFO: Cache refresh completed in 698ms
2025-10-22 13:30:00,ERROR,ERROR: API rate limit exceeded for endpoint /api/transactions
2025-10-22 13:32:00,INFO,INFO: Cache refresh completed in 851ms
2025-10-22 13:38:00,WARNING,WARNING: Duplicate transaction detected. Transaction ID: TXN495
2025-10-22 13:39:00,INFO,INFO: Cache refresh completed in 664ms
2025-10-22 13:40:00,ERROR,ERROR: Database connection pool exhausted. Connections: 253
2025-10-22 13:41:00,WARNING,WARNING: Container srv-18 restarting due to OOM
2025-10-22 13:41:00,WARNING,WARNING: Duplicate transaction detected. Transaction ID: TXN400
2025-10-22 13:43:00,ERROR,CRITICAL: Network timeout on srv-06. Latency: 935ms
2025-10-22 13:44:00,INFO,INFO: User login successful. User ID: USR980
2025-10-22 13:46:00,INFO,INFO: Transaction processed successfully. ID: TXN720
2025-10-22 13:47:00,ERROR,ERROR: NEFT transaction failed. Transaction ID: TXN739. Reason: Gateway timeout
2025-10-22 13:47:00,ERROR,CRITICAL: Network timeout on srv-16. Latency: 438ms
2025-10-22 13:47:00,ERROR,ERROR: RTGS transaction failed. Transaction ID: TXN340. Reason: Insufficient funds
2025-10-22 13:48:00,ERROR,ERROR: RTGS transaction failed. Transaction ID: TXN233. Reason: Insufficient funds
2025-10-22 13:48:00,ERROR,ERROR: NEFT transaction failed. Transaction ID: TXN525. Reason: Gateway timeout
2025-10-22 13:48:00,ERROR,ERROR: Disk I/O bottleneck detected on srv-19
2025-10-22 13:50:00,INFO,INFO: User login successful. User ID: USR394
2025-10-22 13:52:00,ERROR,ERROR: Database connection pool exhausted. Connections: 666
2025-10-22 13:53:00,WARNING,WARNING: Memory usage approaching threshold on srv-14. Current: 168%
2025-10-22 13:55:00,INFO,INFO: Transaction processed successfully. ID: TXN546
2025-10-22 13:56:00,ERROR,ERROR: API rate limit exceeded for endpoint /api/transactions
2025-10-22 13:56:00,ERROR,ERROR: NEFT transaction failed. Transaction ID: TXN420. Reason: Gateway timeout
2025-10-22 13:56:00,ERROR,ERROR: RTGS transaction failed. Transaction ID: TXN915. Reason: Insufficient funds
2025-10-22 14:05:00,INFO,INFO: Transaction processed successfully. ID: TXN260
2025-10-22 14:09:00,ERROR,ERROR: RTGS transaction failed. Transaction ID: TXN943. Reason: Insufficient funds
2025-10-22 14:10:00,ERROR,CRITICAL: Network timeout on srv-03. Latency: 566ms
2025-10-22 14:10:00,ERROR,ERROR: Customer authentication failed. User ID: USR168
2025-10-22 14:13:00,INFO,INFO: User login successful. User ID: USR582
2025-10-22 14:15:00,ERROR,ERROR: Database connection pool exhausted. Connections: 953
2025-10-22 14:15:00,ERROR,ERROR: NEFT transaction failed. Transaction ID: TXN519. Reason: Gateway timeout
2025-10-22 14:16:00,INFO,INFO: Transaction processed successfully. ID: TXN551
2025-10-22 14:18:00,ERROR,ERROR: High CPU utilization detected on server srv-10. Current: 266%
2025-10-22 14:22:00,ERROR,ERROR: IMPS transaction failed. Transaction ID: TXN451. Reason: Invalid account
2025-10-22 14:23:00,ERROR,ERROR: Customer authentication failed. User ID: USR611
2025-10-22 14:25:00,ERROR,ERROR: NEFT transaction failed. Transaction ID: TXN686. Reason: Gateway timeout
2025-10-22 14:33:00,ERROR,ERROR: Customer authentication failed. User ID: USR883
2025-10-22 14:35:00,WARNING,WARNING: Memory usage approaching threshold on srv-12. Current: 639%
2025-10-22 14:35:00,ERROR,ERROR: Customer authentication failed. User ID: USR365
2025-10-22 14:36:00,ERROR,ERROR: NEFT transaction failed. Transaction ID: TXN947. Reason: Gateway timeout
2025-10-22 14:40:00,ERROR,ERROR: Disk I/O bottleneck detected on srv-02
2025-10-22 14:41:00,INFO,INFO: Cache refresh completed in 167ms
2025-10-22 14:45:00,INFO,INFO: Database backup completed successfully
2025-10-22 14:46:00,ERROR,ERROR: High CPU utilization detected on server srv-14. Current: 898%
2025-10-22 14:47:00,ERROR,ERROR: API rate limit exceeded for endpoint /api/transactions
2025-10-22 14:48:00,ERROR,ERROR: Customer authentication failed. User ID: USR991
2025-10-22 14:57:00,INFO,INFO: Database backup completed successfully
2025-10-22 14:59:00,ERROR,CRITICAL: Network timeout on srv-16. Latency: 723ms
2025-10-22 14:59:00,ERROR,ERROR: RTGS transaction failed. Transaction ID: TXN692. Reason: Insufficient funds
2025-10-22 15:00:00,WARNING,WARNING: Memory usage approaching threshold on srv-07. Current: 765%
2025-10-22 15:02:00,INFO,INFO: Database backup completed successfully
2025-10-22 15:02:00,ERROR,ERROR: Customer authentication failed. User ID: USR321
2025-10-22 15:03:00,INFO,INFO: User login successful. User ID: USR263
2025-10-22 15:05:00,WARNING,WARNING: Payment gateway response time exceeded SLA. Time: 526ms
2025-10-22 15:07:00,INFO,INFO: Cache refresh completed in 573ms
2025-10-22 15:07:00,ERROR,ERROR: RTGS transaction failed. Transaction ID: TXN53. Reason: Insufficient funds
2025-10-22 15:08:00,INFO,INFO: Database backup completed successfully
2025-10-22 15:12:00,ERROR,ERROR: RTGS transaction failed. Transaction ID: TXN102. Reason: Insufficient funds
2025-10-22 15:20:00,ERROR,ERROR: Customer authentication failed. User ID: USR864
2025-10-22 15:20:00,ERROR,ERROR: NEFT transaction failed. Transaction ID: TXN175. Reason: Gateway timeout
2025-10-22 15:20:00,WARNING,WARNING: Duplicate transaction detected. Transaction ID: TXN285
2025-10-22 15:21:00,ERROR,ERROR: High CPU utilization detected on server srv-18. Current: 787%
2025-10-22 15:24:00,ERROR,ERROR: High CPU utilization detected on server srv-02. Current: 196%
2025-10-22 15:25:00,WARNING,WARNING: Duplicate transaction detected. Transaction ID: TXN763
2025-10-22 15:29:00,WARNING,WARNING: Memory usage approaching threshold on srv-19. Current: 662%
2025-10-22 15:29:00,WARNING,WARNING: Memory usage approaching threshold on srv-04. Current: 270%
2025-10-22 15:35:00,ERROR,ERROR: Customer authentication failed. User ID: USR801
2025-10-22 15:36:00,INFO,INFO: Cache refresh completed in 192ms
2025-10-22 15:38:00,ERROR,ERROR: Disk I/O bottleneck detected on srv-06
2025-10-22 15:43:00,ERROR,ERROR: Database connection pool exhausted. Connections: 911
2025-10-22 15:43:00,ERROR,ERROR: High CPU utilization detected on server srv-15. Current: 718%
2025-10-22 15:44:00,ERROR,CRITICAL: Network timeout on srv-03. Latency: 881ms
2025-10-22 15:44:00,ERROR,ERROR: API rate limit exceeded for endpoint /api/transactions
2025-10-22 15:50:00,ERROR,ERROR: IMPS transaction failed. Transaction ID: TXN668. Reason: Invalid account
2025-10-22 15:51:00,WARNING,WARNING: Payment gateway response time exceeded SLA. Time: 298ms
2025-10-22 15:51:00,INFO,INFO: Transaction processed successfully. ID: TXN391
2025-10-22 15:55:00,ERROR,ERROR: Database connection pool exhausted. Connections: 729
2025-10-22 15:58:00,ERROR,ERROR: Customer authentication failed. User ID: USR967
2025-10-22 16:01:00,ERROR,ERROR: API rate limit exceeded for endpoint /api/transactions
2025-10-22 16:04:00,ERROR,ERROR: IMPS transaction failed. Transaction ID: TXN199. Reason: Invalid account
2025-10-22 16:04:00,ERROR,ERROR: Disk I/O bottleneck detected on srv-03
2025-10-22 16:12:00,ERROR,ERROR: Customer authentication failed. User ID: USR951
2025-10-22 16:16:00,INFO,INFO: Database backup completed successfully
2025-10-22 16:20:00,ERROR,ERROR: NEFT transaction failed. Transaction ID: TXN726. Reason: Gateway timeout
2025-10-22 16:21:00,INFO,INFO: Transaction processed successfully. ID: TXN345
2025-10-22 16:22:00,ERROR,ERROR: IMPS transaction failed. Transaction ID: TXN305. Reason: Invalid account
2025-10-22 16:23:00,ERROR,ERROR: Customer authentication failed. User ID: USR593
2025-10-22 16:24:00,INFO,INFO: User login successful. User ID: USR128
2025-10-22 16:30:00,ERROR,ERROR: Customer authentication failed. User ID: USR908
2025-10-22 16:34:00,ERROR,ERROR: API rate limit exceeded for endpoint /api/transactions
2025-10-22 16:34:00,WARNING,WARNING: Container srv-10 restarting due to OOM
2025-10-22 16:35:00,ERROR,ERROR: NEFT transaction failed. Transaction ID: TXN976. Reason: Gateway timeout
2025-10-22 16:36:00,WARNING,WARNING: Payment gateway response time exceeded SLA. Time: 295ms
2025-10-22 16:38:00,ERROR,ERROR: High CPU utilization detected on server srv-15. Current: 362%
2025-10-22 16:39:00,ERROR,ERROR: High CPU utilization detected on server srv-14. Current: 165%
2025-10-22 16:39:00,ERROR,ERROR: NEFT transaction failed. Transaction ID: TXN51. Reason: Gateway timeout
2025-10-22 16:42:00,ERROR,ERROR: Disk I/O bottleneck detected on srv-17
2025-10-22 16:43:00,INFO,INFO: Cache refresh completed in 910ms
2025-10-22 16:43:00,WARNING,WARNING: Duplicate transaction detected. Transaction ID: TXN782
2025-10-22 16:46:00,WARNING,WARNING: Container srv-15 restarting due to OOM
2025-10-22 16:50:00,ERROR,ERROR: NEFT transaction failed. Transaction ID: TXN353. Reason: Gateway timeout
2025-10-22 16:50:00,ERROR,ERROR: RTGS transaction failed. Transaction ID: TXN837. Reason: Insufficient funds
2025-10-22 16:53:00,ERROR,ERROR: IMPS transaction failed. Transaction ID: TXN329. Reason: Invalid account
2025-10-22 16:54:00,WARNING,WARNING: Duplicate transaction detected. Transaction ID: TXN185
2025-10-22 16:55:00,ERROR,ERROR: Database connection pool exhausted. Connections: 714
2025-10-22 16:56:00,INFO,INFO: User login successful. User ID: USR940
2025-10-22 16:57:00,ERROR,ERROR: High CPU utilization detected on server srv-01. Current: 762%
2025-10-22 17:00:00,ERROR,ERROR: IMPS transaction failed. Transaction ID: TXN82. Reason: Invalid account
2025-10-22 17:01:00,ERROR,ERROR: Database connection pool exhausted. Connections: 575
2025-10-22 17:02:00,ERROR,ERROR: Database connection pool exhausted. Connections: 642
2025-10-22 17:08:00,WARNING,WARNING: Payment gateway response time exceeded SLA. Time: 312ms
2025-10-22 17:13:00,ERROR,ERROR: IMPS transaction failed. Transaction ID: TXN553. Reason: Invalid account
2025-10-22 17:13:00,INFO,INFO: Transaction processed successfully. ID: TXN677
2025-10-22 17:16:00,ERROR,CRITICAL: Network timeout on srv-01. Latency: 69ms
2025-10-22 17:18:00,INFO,INFO: Cache refresh completed in 191ms
2025-10-22 17:18:00,WARNING,WARNING: Duplicate transaction detected. Transaction ID: TXN406
2025-10-22 17:19:00,INFO,INFO: User login successful. User ID: USR299
2025-10-22 17:20:00,INFO,INFO: Database backup completed successfully
2025-10-22 17:21:00,ERROR,ERROR: Database connection pool exhausted. Connections: 205
2025-10-22 17:21:00,WARNING,WARNING: Payment gateway response time exceeded SLA. Time: 914ms
2025-10-22 17:28:00,WARNING,WARNING: Duplicate transaction detected. Transaction ID: TXN836
2025-10-22 17:29:00,INFO,INFO: Transaction processed successfully. ID: TXN319
2025-10-22 17:29:00,WARNING,WARNING: Container srv-10 restarting due to OOM
2025-10-22 17:31:00,INFO,INFO: Transaction processed successfully. ID: TXN108
2025-10-22 17:32:00,ERROR,ERROR: NEFT transaction failed. Transaction ID: TXN404. Reason: Gateway timeout
2025-10-22 17:32:00,ERROR,ERROR: API rate limit exceeded for endpoint /api/transactions
2025-10-22 17:35:00,ERROR,ERROR: Disk I/O bottleneck detected on srv-15
2025-10-22 17:40:00,ERROR,ERROR: Database connection pool exhausted. Connections: 228
2025-10-22 17:43:00,INFO,INFO: User login successful. User ID: USR124
2025-10-22 17:43:00,INFO,INFO: Cache refresh completed in 547ms
2025-10-22 17:47:00,INFO,INFO: Transaction processed successfully. ID: TXN385
2025-10-22 17:47:00,ERROR,ERROR: Disk I/O bottleneck detected on srv-13
2025-10-22 17:50:00,ERROR,ERROR: Database connection pool exhausted. Connections: 740
2025-10-22 17:54:00,WARNING,WARNING: Memory usage approaching threshold on srv-13. Current: 186%
2025-10-22 17:56:00,ERROR,ERROR: Customer authentication failed. User ID: USR567
2025-10-22 17:56:00,ERROR,CRITICAL: Network timeout on srv-06. Latency: 983ms
2025-10-22 17:58:00,ERROR,ERROR: RTGS transaction failed. Transaction ID: TXN503. Reason: Insufficient funds
2025-10-22 17:59:00,WARNING,WARNING: Memory usage approaching threshold on srv-15. Current: 483%
2025-10-22 18:02:00,WARNING,WARNING: Duplicate transaction detected. Transaction ID: TXN294
2025-10-22 18:05:00,INFO,INFO: Transaction processed successfully. ID: TXN568
2025-10-22 18:06:00,WARNING,WARNING: Duplicate transaction detected. Transaction ID: TXN820
2025-10-22 18:07:00,INFO,INFO: Cache refresh completed in 566ms
2025-10-22 18:07:00,INFO,INFO: Transaction processed successfully. ID: TXN708
2025-10-22 18:15:00,WARNING,WARNING: Payment gateway response time exceeded SLA. Time: 285ms
2025-10-22 18:18:00,INFO,INFO: Cache refresh completed in 909ms
2025-10-22 18:19:00,INFO,INFO: Database backup completed successfully
2025-10-22 18:21:00,WARNING,WARNING: Memory usage approaching threshold on srv-12. Current: 790%
2025-10-22 18:24:00,ERROR,ERROR: Disk I/O bottleneck detected on srv-09
2025-10-22 18:24:00,INFO,INFO: Transaction processed successfully. ID: TXN359
2025-10-22 18:25:00,WARNING,WARNING: Duplicate transaction detected. Transaction ID: TXN748
2025-10-22 18:31:00,INFO,INFO: Transaction processed successfully. ID: TXN561
2025-10-22 18:32:00,INFO,INFO: Transaction processed successfully. ID: TXN265
2025-10-22 18:32:00,ERROR,ERROR: API rate limit exceeded for endpoint /api/transactions
2025-10-22 18:34:00,ERROR,ERROR: IMPS transaction failed. Transaction ID: TXN567. Reason: Invalid account
2025-10-22 18:34:00,ERROR,ERROR: Customer authentication failed. User ID: USR768
2025-10-22 18:36:00,WARNING,WARNING: Payment gateway response time exceeded SLA. Time: 340ms
2025-10-22 18:38:00,INFO,INFO: User login successful. User ID: USR426
2025-10-22 18:47:00,ERROR,ERROR: API rate limit exceeded for endpoint /api/transactions
2025-10-22 18:49:00,ERROR,ERROR: RTGS transaction failed. Transaction ID: TXN662. Reason: Insufficient funds
2025-10-22 18:57:00,WARNING,WARNING: Memory usage approaching threshold on srv-01. Current: 605%
2025-10-22 18:58:00,ERROR,ERROR: RTGS transaction failed. Transaction ID: TXN347. Reason: Insufficient funds
2025-10-22 18:59:00,ERROR,ERROR: Database connection pool exhausted. Connections: 296
2025-10-22 19:00:00,ERROR,ERROR: API rate limit exceeded for endpoint /api/transactions
2025-10-22 19:01:00,INFO,INFO: Transaction processed successfully. ID: TXN589
2025-10-22 19:01:00,INFO,INFO: Transaction processed successfully. ID: TXN81
2025-10-22 19:02:00,ERROR,ERROR: Disk I/O bottleneck detected on srv-14
2025-10-22 19:04:00,WARNING,WARNING: Memory usage approaching threshold on srv-12. Current: 416%
2025-10-22 19:05:00,ERROR,ERROR: IMPS transaction failed. Transaction ID: TXN224. Reason: Invalid account
2025-10-22 19:07:00,WARNING,WARNING: Payment gateway response time exceeded SLA. Time: 481ms
2025-10-22 19:08:00,INFO,INFO: User login successful. User ID: USR193
2025-10-22 19:08:00,WARNING,WARNING: Container srv-10 restarting due to OOM
2025-10-22 19:10:00,ERROR,CRITICAL: Network timeout on srv-04. Latency: 394ms
2025-10-22 19:13:00,ERROR,ERROR: NEFT transaction failed. Transaction ID: TXN489. Reason: Gateway timeout
2025-10-22 19:14:00,ERROR,ERROR: IMPS transaction failed. Transaction ID: TXN439. Reason: Invalid account
2025-10-22 19:15:00,ERROR,CRITICAL: Network timeout on srv-02. Latency: 352ms
2025-10-22 19:21:00,INFO,INFO: Transaction processed successfully. ID: TXN748
2025-10-22 19:22:00,WARNING,WARNING: Memory usage approaching threshold on srv-04. Current: 568%
2025-10-22 19:23:00,INFO,INFO: Cache refresh completed in 557ms
2025-10-22 19:29:00,ERROR,ERROR: IMPS transaction failed. Transaction ID: TXN455. Reason: Invalid account
2025-10-22 19:30:00,INFO,INFO: Database backup completed successfully
2025-10-22 19:32:00,ERROR,CRITICAL: Network timeout on srv-15. Latency: 855ms
2025-10-22 19:35:00,ERROR,ERROR: NEFT transaction failed. Transaction ID: TXN661. Reason: Gateway timeout
2025-10-22 19:39:00,ERROR,ERROR: Disk I/O bottleneck detected on srv-10
2025-10-22 19:41:00,ERROR,ERROR: RTGS transaction failed. Transaction ID: TXN636. Reason: Insufficient funds
2025-10-22 19:45:00,ERROR,ERROR: IMPS transaction failed. Transaction ID: TXN309. Reason: Invalid account
2025-10-22 19:46:00,ERROR,ERROR: NEFT transaction failed. Transaction ID: TXN93. Reason: Gateway timeout
2025-10-22 19:47:00,INFO,INFO: Transaction processed successfully. ID: TXN90
2025-10-22 19:49:00,ERROR,ERROR: Customer authentication failed. User ID: USR531
2025-10-22 19:51:00,WARNING,WARNING: Payment gateway response time exceeded SLA. Time: 655ms
2025-10-22 19:52:00,ERROR,CRITICAL: Network timeout on srv-10. Latency: 839ms
2025-10-22 19:55:00,INFO,INFO: Cache refresh completed in 626ms
2025-10-22 20:00:00,ERROR,ERROR: API rate limit exceeded for endpoint /api/transactions
2025-10-22 20:01:00,WARNING,WARNING: Memory usage approaching threshold on srv-07. Current: 832%
2025-10-22 20:01:00,ERROR,ERROR: RTGS transaction failed. Transaction ID: TXN538. Reason: Insufficient funds
2025-10-22 20:02:00,ERROR,ERROR: RTGS transaction failed. Transaction ID: TXN433. Reason: Insufficient funds
2025-10-22 20:04:00,WARNING,WARNING: Duplicate transaction detected. Transaction ID: TXN244
2025-10-22 20:06:00,ERROR,ERROR: High CPU utilization detected on server srv-05. Current: 77%
2025-10-22 20:06:00,INFO,INFO: User login successful. User ID: USR407
2025-10-22 20:12:00,ERROR,ERROR: NEFT transaction failed. Transaction ID: TXN399. Reason: Gateway timeout
2025-10-22 20:12:00,ERROR,ERROR: Database connection pool exhausted. Connections: 367
2025-10-22 20:17:00,ERROR,ERROR: NEFT transaction failed. Transaction ID: TXN721. Reason: Gateway timeout
2025-10-22 20:18:00,ERROR,ERROR: API rate limit exceeded for endpoint /api/transactions
2025-10-22 20:19:00,INFO,INFO: Transaction processed successfully. ID: TXN53
2025-10-22 20:20:00,ERROR,ERROR: NEFT transaction failed. Transaction ID: TXN600. Reason: Gateway timeout
2025-10-22 20:23:00,ERROR,ERROR: NEFT transaction failed. Transaction ID: TXN467. Reason: Gateway timeout
2025-10-22 20:28:00,ERROR,ERROR: API rate limit exceeded for endpoint /api/transactions
2025-10-22 20:30:00,ERROR,ERROR: IMPS transaction failed. Transaction ID: TXN578. Reason: Invalid account
2025-10-22 20:32:00,INFO,INFO: Cache refresh completed in 961ms
2025-10-22 20:33:00,ERROR,ERROR: RTGS transaction failed. Transaction ID: TXN291. Reason: Insufficient funds
2025-10-22 20:35:00,INFO,INFO: Transaction processed successfully. ID: TXN824
2025-10-22 20:36:00,INFO,INFO: Cache refresh completed in 843ms
2025-10-22 20:37:00,WARNING,WARNING: Duplicate transaction detected. Transaction ID: TXN724
2025-10-22 20:39:00,WARNING,WARNING: Duplicate transaction detected. Transaction ID: TXN64
2025-10-22 20:39:00,INFO,INFO: Transaction processed successfully. ID: TXN936
2025-10-22 20:42:00,WARNING,WARNING: Container srv-13 restarting due to OOM
2025-10-22 20:44:00,INFO,INFO: User login successful. User ID: USR757
2025-10-22 20:45:00,INFO,INFO: Database backup completed successfully
2025-10-22 20:47:00,ERROR,ERROR: API rate limit exceeded for endpoint /api/transactions
2025-10-22 20:51:00,WARNING,WARNING: Duplicate transaction detected. Transaction ID: TXN276
2025-10-22 20:52:00,ERROR,CRITICAL: Network timeout on srv-18. Latency: 414ms
2025-10-22 20:52:00,ERROR,ERROR: Disk I/O bottleneck detected on srv-05
2025-10-22 20:56:00,ERROR,ERROR: Disk I/O bottleneck detected on srv-01
2025-10-22 20:56:00,ERROR,ERROR: Database connection pool exhausted. Connections: 911
2025-10-22 20:58:00,ERROR,CRITICAL: Network timeout on srv-19. Latency: 885ms
2025-10-22 21:01:00,WARNING,WARNING: Duplicate transaction detected. Transaction ID: TXN89
2025-10-22 21:01:00,INFO,INFO: Database backup completed successfully
2025-10-22 21:02:00,ERROR,ERROR: RTGS transaction failed. Transaction ID: TXN200. Reason: Insufficient funds
2025-10-22 21:03:00,ERROR,ERROR: Database connection pool exhausted. Connections: 797
2025-10-22 21:04:00,INFO,INFO: Cache refresh completed in 120ms
2025-10-22 21:05:00,WARNING,WARNING: Memory usage approaching threshold on srv-01. Current: 871%
2025-10-22 21:05:00,WARNING,WARNING: Container srv-15 restarting due to OOM
2025-10-22 21:09:00,ERROR,ERROR: Disk I/O bottleneck detected on srv-13
2025-10-22 21:13:00,ERROR,ERROR: RTGS transaction failed. Transaction ID: TXN988. Reason: Insufficient funds
2025-10-22 21:13:00,ERROR,ERROR: API rate limit exceeded for endpoint /api/transactions
2025-10-22 21:13:00,ERROR,ERROR: High CPU utilization detected on server srv-11. Current: 344%
2025-10-22 21:15:00,WARNING,WARNING: Memory usage approaching threshold on srv-16. Current: 936%
2025-10-22 21:15:00,INFO,INFO: User login successful. User ID: USR515
2025-10-22 21:16:00,ERROR,ERROR: API rate limit exceeded for endpoint /api/transactions
2025-10-22 21:23:00,WARNING,WARNING: Duplicate transaction detected. Transaction ID: TXN328
2025-10-22 21:26:00,INFO,INFO: Transaction processed successfully. ID: TXN195
2025-10-22 21:26:00,WARNING,WARNING: Memory usage approaching threshold on srv-19. Current: 394%
2025-10-22 21:27:00,ERROR,CRITICAL: Network timeout on srv-11. Latency: 727ms
2025-10-22 21:29:00,WARNING,WARNING: Memory usage approaching threshold on srv-11. Current: 173%
2025-10-22 21:29:00,INFO,INFO: Cache refresh completed in 554ms
2025-10-22 21:31:00,ERROR,ERROR: NEFT transaction failed. Transaction ID: TXN621. Reason: Gateway timeout
2025-10-22 21:31:00,ERROR,ERROR: Customer authentication failed. User ID: USR275
2025-10-22 21:32:00,ERROR,ERROR: NEFT transaction failed. Transaction ID: TXN704. Reason: Gateway timeout
2025-10-22 21:37:00,ERROR,ERROR: RTGS transaction failed. Transaction ID: TXN737. Reason: Insufficient funds
2025-10-22 21:37:00,INFO,INFO: Transaction processed successfully. ID: TXN379
2025-10-22 21:37:00,INFO,INFO: Database backup completed successfully
2025-10-22 21:38:00,ERROR,ERROR: Customer authentication failed. User ID: USR430
2025-10-22 21:39:00,ERROR,ERROR: Database connection pool exhausted. Connections: 971
2025-10-22 21:44:00,WARNING,WARNING: Memory usage approaching threshold on srv-12. Current: 862%
2025-10-22 21:44:00,WARNING,WARNING: Container srv-07 restarting due to OOM
2025-10-22 21:45:00,WARNING,WARNING: Container srv-09 restarting due to OOM
2025-10-22 21:50:00,WARNING,WARNING: Payment gateway response time exceeded SLA. Time: 162ms
2025-10-22 22:00:00,WARNING,WARNING: Payment gateway response time exceeded SLA. Time: 784ms
2025-10-22 22:00:00,ERROR,CRITICAL: Network timeout on srv-18. Latency: 446ms
2025-10-22 22:03:00,WARNING,WARNING: Payment gateway response time exceeded SLA. Time: 591ms
2025-10-22 22:03:00,ERROR,ERROR: Customer authentication failed. User ID: USR205
2025-10-22 22:10:00,ERROR,ERROR: NEFT transaction failed. Transaction ID: TXN281. Reason: Gateway timeout
2025-10-22 22:11:00,ERROR,ERROR: Database connection pool exhausted. Connections: 294
2025-10-22 22:11:00,ERROR,ERROR: IMPS transaction failed. Transaction ID: TXN910. Reason: Invalid account
2025-10-22 22:11:00,ERROR,ERROR: Disk I/O bottleneck detected on srv-13
2025-10-22 22:13:00,ERROR,ERROR: Customer authentication failed. User ID: USR873
2025-10-22 22:15:00,ERROR,ERROR: NEFT transaction failed. Transaction ID: TXN702. Reason: Gateway timeout
2025-10-22 22:16:00,INFO,INFO: Cache refresh completed in 603ms
2025-10-22 22:17:00,INFO,INFO: Cache refresh completed in 706ms
2025-10-22 22:19:00,ERROR,ERROR: Customer authentication failed. User ID: USR282
2025-10-22 22:20:00,ERROR,ERROR: Database connection pool exhausted. Connections: 755
2025-10-22 22:22:00,WARNING,WARNING: Payment gateway response time exceeded SLA. Time: 719ms
2025-10-22 22:22:00,INFO,INFO: Database backup completed successfully
2025-10-22 22:22:00,ERROR,ERROR: RTGS transaction failed. Transaction ID: TXN541. Reason: Insufficient funds
2025-10-22 22:24:00,ERROR,ERROR: API rate limit exceeded for endpoint /api/transactions
2025-10-22 22:27:00,INFO,INFO: Cache refresh completed in 799ms
2025-10-22 22:30:00,WARNING,WARNING: Payment gateway response time exceeded SLA. Time: 530ms
2025-10-22 22:32:00,ERROR,ERROR: Disk I/O bottleneck detected on srv-14
2025-10-22 22:32:00,WARNING,WARNING: Duplicate transaction detected. Transaction ID: TXN600
2025-10-22 22:34:00,INFO,INFO: Transaction processed successfully. ID: TXN661
2025-10-22 22:34:00,ERROR,ERROR: API rate limit exceeded for endpoint /api/transactions
2025-10-22 22:35:00,WARNING,WARNING: Container srv-03 restarting due to OOM
2025-10-22 22:38:00,ERROR,CRITICAL: Network timeout on srv-04. Latency: 389ms
2025-10-22 22:38:00,ERROR,ERROR: Customer authentication failed. User ID: USR243
2025-10-22 22:38:00,ERROR,ERROR: Database connection pool exhausted. Connections: 76
2025-10-22 22:39:00,WARNING,WARNING: Duplicate transaction detected. Transaction ID: TXN906
2025-10-22 22:40:00,INFO,INFO: User login successful. User ID: USR274
2025-10-22 22:42:00,INFO,INFO: Transaction processed successfully. ID: TXN125
2025-10-22 22:45:00,ERROR,ERROR: Customer authentication failed. User ID: USR850
2025-10-22 22:45:00,WARNING,WARNING: Container srv-08 restarting due to OOM
2025-10-22 22:48:00,ERROR,ERROR: NEFT transaction failed. Transaction ID: TXN927. Reason: Gateway timeout
2025-10-22 22:50:00,ERROR,ERROR: RTGS transaction failed. Transaction ID: TXN606. Reason: Insufficient funds
2025-10-22 22:50:00,WARNING,WARNING: Memory usage approaching threshold on srv-12. Current: 585%
2025-10-22 22:53:00,ERROR,ERROR: API rate limit exceeded for endpoint /api/transactions
2025-10-22 22:54:00,ERROR,ERROR: Disk I/O bottleneck detected on srv-17
2025-10-22 22:55:00,WARNING,WARNING: Duplicate transaction detected. Transaction ID: TXN196
2025-10-22 22:57:00,ERROR,ERROR: Customer authentication failed. User ID: USR565
2025-10-22 22:57:00,WARNING,WARNING: Duplicate transaction detected. Transaction ID: TXN156
2025-10-22 22:59:00,INFO,INFO: Database backup completed successfully
2025-10-22 22:59:00,INFO,INFO: Transaction processed successfully. ID: TXN285
2025-10-22 23:00:00,ERROR,ERROR: IMPS transaction failed. Transaction ID: TXN816. Reason: Invalid account
2025-10-22 23:00:00,WARNING,WARNING: Container srv-02 restarting due to OOM
2025-10-22 23:05:00,ERROR,ERROR: API rate limit exceeded for endpoint /api/transactions
2025-10-22 23:06:00,INFO,INFO: Database backup completed successfully
2025-10-22 23:08:00,ERROR,ERROR: Disk I/O bottleneck detected on srv-07
2025-10-22 23:08:00,WARNING,WARNING: Payment gateway response time exceeded SLA. Time: 435ms
2025-10-22 23:13:00,WARNING,WARNING: Duplicate transaction detected. Transaction ID: TXN946
2025-10-22 23:14:00,ERROR,ERROR: NEFT transaction failed. Transaction ID: TXN747. Reason: Gateway timeout
2025-10-22 23:15:00,WARNING,WARNING: Duplicate transaction detected. Transaction ID: TXN623
2025-10-22 23:18:00,ERROR,ERROR: Customer authentication failed. User ID: USR387
2025-10-22 23:21:00,INFO,INFO: User login successful. User ID: USR890
2025-10-22 23:21:00,ERROR,ERROR: Database connection pool exhausted. Connections: 372
2025-10-22 23:25:00,INFO,INFO: User login successful. User ID: USR854
2025-10-22 23:33:00,WARNING,WARNING: Memory usage approaching threshold on srv-16. Current: 801%
2025-10-22 23:37:00,ERROR,CRITICAL: Network timeout on srv-10. Latency: 312ms
2025-10-22 23:41:00,WARNING,WARNING: Memory usage approaching threshold on srv-06. Current: 193%
2025-10-22 23:43:00,WARNING,WARNING: Memory usage approaching threshold on srv-11. Current: 841%
2025-10-22 23:50:00,INFO,INFO: User login successful. User ID: USR748
2025-10-22 23:50:00,WARNING,WARNING: Container srv-14 restarting due to OOM
2025-10-22 23:54:00,INFO,INFO: Cache refresh completed in 670ms
2025-10-22 23:55:00,ERROR,CRITICAL: Network timeout on srv-10. Latency: 433ms
2025-10-22 23:56:00,INFO,INFO: User login successful. User ID: USR882
2025-10-22 23:58:00,ERROR,ERROR: RTGS transaction failed. Transaction ID: TXN685. Reason: Insufficient funds
2025-10-22 23:58:00,ERROR,CRITICAL: Network timeout on srv-01. Latency: 194ms
2025-10-23 00:01:00,INFO,INFO: Transaction processed successfully. ID: TXN490
2025-10-23 00:05:00,ERROR,ERROR: Customer authentication failed. User ID: USR885
2025-10-23 00:07:00,ERROR,ERROR: RTGS transaction failed. Transaction ID: TXN710. Reason: Insufficient funds
2025-10-23 00:10:00,ERROR,ERROR: NEFT transaction failed. Transaction ID: TXN701. Reason: Gateway timeout
2025-10-23 00:10:00,ERROR,ERROR: IMPS transaction failed. Transaction ID: TXN83. Reason: Invalid account
2025-10-23 00:12:00,ERROR,ERROR: Disk I/O bottleneck detected on srv-10
2025-10-23 00:13:00,INFO,INFO: Transaction processed successfully. ID: TXN506
2025-10-23 00:14:00,ERROR,ERROR: High CPU utilization detected on server srv-09. Current: 721%
2025-10-23 00:19:00,ERROR,ERROR: Disk I/O bottleneck detected on srv-11
2025-10-23 00:23:00,INFO,INFO: Transaction processed successfully. ID: TXN123
2025-10-23 00:25:00,INFO,INFO: Transaction processed successfully. ID: TXN879
2025-10-23 00:25:00,ERROR,ERROR: API rate limit exceeded for endpoint /api/transactions
2025-10-23 00:27:00,WARNING,WARNING: Memory usage approaching threshold on srv-08. Current: 219%
2025-10-23 00:28:00,INFO,INFO: Database backup completed successfully
2025-10-23 00:28:00,ERROR,CRITICAL: Network timeout on srv-11. Latency: 279ms
2025-10-23 00:36:00,INFO,INFO: User login successful. User ID: USR589
2025-10-23 00:36:00,ERROR,ERROR: Customer authentication failed. User ID: USR821
2025-10-23 00:38:00,ERROR,ERROR: NEFT transaction failed. Transaction ID: TXN638. Reason: Gateway timeout
2025-10-23 00:38:00,WARNING,WARNING: Payment gateway response time exceeded SLA. Time: 401ms
2025-10-23 00:38:00,ERROR,ERROR: Customer authentication failed. User ID: USR161
2025-10-23 00:39:00,WARNING,WARNING: Payment gateway response time exceeded SLA. Time: 465ms
2025-10-23 00:40:00,WARNING,WARNING: Container srv-09 restarting due to OOM
2025-10-23 00:42:00,ERROR,ERROR: IMPS transaction failed. Transaction ID: TXN788. Reason: Invalid account
2025-10-23 00:44:00,ERROR,ERROR: RTGS transaction failed. Transaction ID: TXN460. Reason: Insufficient funds
2025-10-23 00:45:00,ERROR,ERROR: Database connection pool exhausted. Connections: 521
2025-10-23 00:50:00,INFO,INFO: Database backup completed successfully
2025-10-23 00:52:00,ERROR,ERROR: High CPU utilization detected on server srv-06. Current: 935%
2025-10-23 00:57:00,ERROR,ERROR: RTGS transaction failed. Transaction ID: TXN648. Reason: Insufficient funds
2025-10-23 00:59:00,ERROR,ERROR: Customer authentication failed. User ID: USR406
2025-10-23 01:06:00,INFO,INFO: Transaction processed successfully. ID: TXN641
2025-10-23 01:06:00,ERROR,ERROR: NEFT transaction failed. Transaction ID: TXN423. Reason: Gateway timeout
2025-10-23 01:08:00,ERROR,ERROR: RTGS transaction failed. Transaction ID: TXN694. Reason: Insufficient funds
2025-10-23 01:09:00,ERROR,ERROR: RTGS transaction failed. Transaction ID: TXN490. Reason: Insufficient funds
2025-10-23 01:11:00,ERROR,ERROR: Customer authentication failed. User ID: USR323
2025-10-23 01:11:00,INFO,INFO: Cache refresh completed in 432ms
2025-10-23 01:12:00,ERROR,ERROR: RTGS transaction failed. Transaction ID: TXN914. Reason: Insufficient funds
2025-10-23 01:20:00,WARNING,WARNING: Container srv-12 restarting due to OOM
2025-10-23 01:24:00,INFO,INFO: Database backup completed successfully
2025-10-23 01:25:00,ERROR,ERROR: NEFT transaction failed. Transaction ID: TXN622. Reason: Gateway timeout
2025-10-23 01:27:00,WARNING,WARNING: Container srv-08 restarting due to OOM
2025-10-23 01:31:00,ERROR,ERROR: RTGS transaction failed. Transaction ID: TXN438. Reason: Insufficient funds
2025-10-23 01:34:00,INFO,INFO: Transaction processed successfully. ID: TXN197
2025-10-23 01:35:00,INFO,INFO: Transaction processed successfully. ID: TXN961
2025-10-23 01:43:00,INFO,INFO: Cache refresh completed in 627ms
2025-10-23 01:44:00,ERROR,ERROR: NEFT transaction failed. Transaction ID: TXN292. Reason: Gateway timeout
2025-10-23 01:47:00,INFO,INFO: Database backup completed successfully
2025-10-23 01:48:00,WARNING,WARNING: Duplicate transaction detected. Transaction ID: TXN524
2025-10-23 01:50:00,ERROR,ERROR: Database connection pool exhausted. Connections: 155
2025-10-23 01:52:00,INFO,INFO: User login successful. User ID: USR179
2025-10-23 01:53:00,INFO,INFO: Cache refresh completed in 702ms
2025-10-23 01:56:00,INFO,INFO: Database backup completed successfully
2025-10-23 01:58:00,ERROR,ERROR: IMPS transaction failed. Transaction ID: TXN981. Reason: Invalid account
2025-10-23 02:03:00,WARNING,WARNING: Duplicate transaction detected. Transaction ID: TXN216
2025-10-23 02:05:00,ERROR,ERROR: NEFT transaction failed. Transaction ID: TXN763. Reason: Gateway timeout
2025-10-23 02:05:00,ERROR,ERROR: Database connection pool exhausted. Connections: 87
2025-10-23 02:07:00,WARNING,WARNING: Duplicate transaction detected. Transaction ID: TXN623
2025-10-23 02:08:00,INFO,INFO: Cache refresh completed in 873ms
2025-10-23 02:08:00,ERROR,ERROR: Database connection pool exhausted. Connections: 803
2025-10-23 02:09:00,ERROR,ERROR: NEFT transaction failed. Transaction ID: TXN61. Reason: Gateway timeout
2025-10-23 02:09:00,WARNING,WARNING: Container srv-08 restarting due to OOM
2025-10-23 02:11:00,ERROR,CRITICAL: Network timeout on srv-06. Latency: 812ms
2025-10-23 02:19:00,INFO,INFO: User login successful. User ID: USR603
2025-10-23 02:22:00,ERROR,ERROR: RTGS transaction failed. Transaction ID: TXN332. Reason: Insufficient funds
2025-10-23 02:23:00,WARNING,WARNING: Memory usage approaching threshold on srv-18. Current: 65%
2025-10-23 02:23:00,WARNING,WARNING: Memory usage approaching threshold on srv-13. Current: 994%
2025-10-23 02:24:00,INFO,INFO: User login successful. User ID: USR787
2025-10-23 02:25:00,WARNING,WARNING: Duplicate transaction detected. Transaction ID: TXN245
2025-10-23 02:26:00,INFO,INFO: User login successful. User ID: USR304
2025-10-23 02:26:00,INFO,INFO: Cache refresh completed in 99ms
2025-10-23 02:26:00,WARNING,WARNING: Memory usage approaching threshold on srv-04. Current: 427%
2025-10-23 02:28:00,WARNING,WARNING: Payment gateway response time exceeded SLA. Time: 891ms
2025-10-23 02:30:00,INFO,INFO: Cache refresh completed in 341ms
2025-10-23 02:30:00,INFO,INFO: Transaction processed successfully. ID: TXN481
2025-10-23 02:33:00,ERROR,ERROR: Customer authentication failed. User ID: USR112
2025-10-23 02:37:00,ERROR,ERROR: API rate limit exceeded for endpoint /api/transactions
2025-10-23 02:38:00,WARNING,WARNING: Container srv-01 restarting due to OOM
2025-10-23 02:40:00,ERROR,ERROR: High CPU utilization detected on server srv-05. Current: 857%
2025-10-23 02:45:00,WARNING,WARNING: Payment gateway response time exceeded SLA. Time: 200ms
2025-10-23 02:45:00,WARNING,WARNING: Memory usage approaching threshold on srv-10. Current: 54%
2025-10-23 02:46:00,ERROR,ERROR: NEFT transaction failed. Transaction ID: TXN415. Reason: Gateway timeout
2025-10-23 02:49:00,WARNING,WARNING: Memory usage approaching threshold on srv-19. Current: 837%
2025-10-23 02:49:00,INFO,INFO: Database backup completed successfully
2025-10-23 02:50:00,ERROR,ERROR: Disk I/O bottleneck detected on srv-01
2025-10-23 02:51:00,INFO,INFO: User login successful. User ID: USR291
2025-10-23 02:52:00,ERROR,ERROR: High CPU utilization detected on server srv-09. Current: 861%
2025-10-23 03:00:00,ERROR,ERROR: IMPS transaction failed. Transaction ID: TXN59. Reason: Invalid account
2025-10-23 03:00:00,ERROR,ERROR: Database connection pool exhausted. Connections: 682
2025-10-23 03:01:00,WARNING,WARNING: Duplicate transaction detected. Transaction ID: TXN688
2025-10-23 03:02:00,ERROR,ERROR: NEFT transaction failed. Transaction ID: TXN293. Reason: Gateway timeout
2025-10-23 03:07:00,ERROR,CRITICAL: Network timeout on srv-08. Latency: 95ms
2025-10-23 03:11:00,ERROR,ERROR: IMPS transaction failed. Transaction ID: TXN644. Reason: Invalid account
2025-10-23 03:14:00,INFO,INFO: Database backup completed successfully
2025-10-23 03:15:00,WARNING,WARNING: Container srv-09 restarting due to OOM
2025-10-23 03:15:00,ERROR,ERROR: Disk I/O bottleneck detected on srv-06
2025-10-23 03:19:00,ERROR,ERROR: Customer authentication failed. User ID: USR931
2025-10-23 03:19:00,ERROR,ERROR: Database connection pool exhausted. Connections: 463
2025-10-23 03:23:00,WARNING,WARNING: Duplicate transaction detected. Transaction ID: TXN249
2025-10-23 03:23:00,ERROR,ERROR: Customer authentication failed. User ID: USR900
2025-10-23 03:24:00,ERROR,ERROR: Customer authentication failed. User ID: USR530
2025-10-23 03:26:00,WARNING,WARNING: Duplicate transaction detected. Transaction ID: TXN553
2025-10-23 03:32:00,INFO,INFO: Transaction processed successfully. ID: TXN841
2025-10-23 03:32:00,WARNING,WARNING: Payment gateway response time exceeded SLA. Time: 157ms
2025-10-23 03:35:00,INFO,INFO: Transaction processed successfully. ID: TXN480
2025-10-23 03:37:00,ERROR,ERROR: High CPU utilization detected on server srv-09. Current: 690%
2025-10-23 03:37:00,INFO,INFO: Database backup completed successfully
2025-10-23 03:38:00,ERROR,ERROR: High CPU utilization detected on server srv-05. Current: 427%
2025-10-23 03:39:00,INFO,INFO: Database backup completed successfully
2025-10-23 03:40:00,ERROR,ERROR: NEFT transaction failed. Transaction ID: TXN847. Reason: Gateway timeout
2025-10-23 03:41:00,INFO,INFO: User login successful. User ID: USR956
2025-10-23 03:46:00,ERROR,ERROR: RTGS transaction failed. Transaction ID: TXN682. Reason: Insufficient funds
2025-10-23 03:46:00,ERROR,ERROR: NEFT transaction failed. Transaction ID: TXN194. Reason: Gateway timeout
2025-10-23 03:48:00,ERROR,ERROR: Customer authentication failed. User ID: USR462
2025-10-23 03:52:00,WARNING,WARNING: Payment gateway response time exceeded SLA. Time: 247ms
2025-10-23 03:55:00,ERROR,ERROR: Database connection pool exhausted. Connections: 61
2025-10-23 03:56:00,INFO,INFO: Cache refresh completed in 677ms
2025-10-23 03:57:00,ERROR,ERROR: Database connection pool exhausted. Connections: 680
2025-10-23 03:57:00,ERROR,ERROR: NEFT transaction failed. Transaction ID: TXN104. Reason: Gateway timeout
2025-10-23 04:04:00,ERROR,ERROR: Disk I/O bottleneck detected on srv-02
2025-10-23 04:08:00,WARNING,WARNING: Container srv-09 restarting due to OOM
2025-10-23 04:11:00,INFO,INFO: Transaction processed successfully. ID: TXN322
2025-10-23 04:14:00,ERROR,ERROR: Customer authentication failed. User ID: USR60
2025-10-23 04:16:00,WARNING,WARNING: Duplicate transaction detected. Transaction ID: TXN280
2025-10-23 04:25:00,WARNING,WARNING: Duplicate transaction detected. Transaction ID: TXN314
2025-10-23 04:34:00,ERROR,ERROR: Disk I/O bottleneck detected on srv-02
2025-10-23 04:35:00,WARNING,WARNING: Duplicate transaction detected. Transaction ID: TXN779
2025-10-23 04:35:00,ERROR,ERROR: Customer authentication failed. User ID: USR125
2025-10-23 04:39:00,WARNING,WARNING: Container srv-14 restarting due to OOM
2025-10-23 04:39:00,ERROR,ERROR: RTGS transaction failed. Transaction ID: TXN845. Reason: Insufficient funds
2025-10-23 04:41:00,ERROR,ERROR: Disk I/O bottleneck detected on srv-05
2025-10-23 04:45:00,WARNING,WARNING: Container srv-17 restarting due to OOM
2025-10-23 04:47:00,ERROR,CRITICAL: Network timeout on srv-02. Latency: 389ms
2025-10-23 04:48:00,ERROR,ERROR: Database connection pool exhausted. Connections: 83
2025-10-23 04:49:00,WARNING,WARNING: Duplicate transaction detected. Transaction ID: TXN434
2025-10-23 04:49:00,ERROR,ERROR: API rate limit exceeded for endpoint /api/transactions
2025-10-23 04:49:00,ERROR,ERROR: NEFT transaction failed. Transaction ID: TXN910. Reason: Gateway timeout
2025-10-23 04:49:00,INFO,INFO: Database backup completed successfully
2025-10-23 04:50:00,ERROR,ERROR: Database connection pool exhausted. Connections: 737
2025-10-23 04:54:00,ERROR,ERROR: API rate limit exceeded for endpoint /api/transactions
2025-10-23 04:56:00,WARNING,WARNING: Container srv-06 restarting due to OOM
2025-10-23 04:56:00,ERROR,ERROR: RTGS transaction failed. Transaction ID: TXN844. Reason: Insufficient funds
2025-10-23 04:57:00,ERROR,CRITICAL: Network timeout on srv-03. Latency: 305ms
2025-10-23 04:59:00,ERROR,ERROR: High CPU utilization detected on server srv-16. Current: 797%
2025-10-23 05:00:00,INFO,INFO: Database backup completed successfully
2025-10-23 05:00:00,ERROR,ERROR: Customer authentication failed. User ID: USR913
2025-10-23 05:01:00,ERROR,CRITICAL: Network timeout on srv-16. Latency: 962ms
2025-10-23 05:04:00,ERROR,ERROR: Customer authentication failed. User ID: USR914
2025-10-23 05:06:00,ERROR,ERROR: Database connection pool exhausted. Connections: 176
2025-10-23 05:07:00,WARNING,WARNING: Payment gateway response time exceeded SLA. Time: 822ms
2025-10-23 05:11:00,ERROR,ERROR: RTGS transaction failed. Transaction ID: TXN621. Reason: Insufficient funds
2025-10-23 05:13:00,WARNING,WARNING: Payment gateway response time exceeded SLA. Time: 598ms
2025-10-23 05:13:00,ERROR,ERROR: API rate limit exceeded for endpoint /api/transactions
2025-10-23 05:16:00,ERROR,ERROR: Customer authentication failed. User ID: USR465
2025-10-23 05:17:00,ERROR,ERROR: NEFT transaction failed. Transaction ID: TXN713. Reason: Gateway timeout
2025-10-23 05:27:00,WARNING,WARNING: Payment gateway response time exceeded SLA. Time: 213ms
2025-10-23 05:27:00,ERROR,ERROR: Customer authentication failed. User ID: USR279
2025-10-23 05:29:00,WARNING,WARNING: Duplicate transaction detected. Transaction ID: TXN812
2025-10-23 05:31:00,ERROR,ERROR: High CPU utilization detected on server srv-15. Current: 824%
2025-10-23 05:41:00,ERROR,ERROR: API rate limit exceeded for endpoint /api/transactions
2025-10-23 05:45:00,ERROR,ERROR: NEFT transaction failed. Transaction ID: TXN335. Reason: Gateway timeout
2025-10-23 05:47:00,WARNING,WARNING: Memory usage approaching threshold on srv-06. Current: 289%
2025-10-23 05:52:00,INFO,INFO: Database backup completed successfully
2025-10-23 05:54:00,ERROR,ERROR: Customer authentication failed. User ID: USR219
2025-10-23 05:54:00,ERROR,ERROR: Disk I/O bottleneck detected on srv-03
2025-10-23 05:57:00,WARNING,WARNING: Payment gateway response time exceeded SLA. Time: 166ms
2025-10-23 05:57:00,ERROR,ERROR: NEFT transaction failed. Transaction ID: TXN843. Reason: Gateway timeout
2025-10-23 06:00:00,ERROR,ERROR: API rate limit exceeded for endpoint /api/transactions
2025-10-23 06:01:00,ERROR,ERROR: IMPS transaction failed. Transaction ID: TXN390. Reason: Invalid account
2025-10-23 06:03:00,ERROR,CRITICAL: Network timeout on srv-11. Latency: 420ms
2025-10-23 06:05:00,WARNING,WARNING: Memory usage approaching threshold on srv-13. Current: 161%
2025-10-23 06:12:00,INFO,INFO: Database backup completed successfully
2025-10-23 06:13:00,ERROR,ERROR: High CPU utilization detected on server srv-16. Current: 714%
2025-10-23 06:14:00,ERROR,ERROR: Disk I/O bottleneck detected on srv-04
2025-10-23 06:15:00,ERROR,CRITICAL: Network timeout on srv-10. Latency: 445ms
2025-10-23 06:15:00,WARNING,WARNING: Memory usage approaching threshold on srv-15. Current: 836%
2025-10-23 06:18:00,ERROR,ERROR: Customer authentication failed. User ID: USR88
2025-10-23 06:21:00,ERROR,ERROR: Customer authentication failed. User ID: USR368
2025-10-23 06:24:00,INFO,INFO: User login successful. User ID: USR366
2025-10-23 06:29:00,ERROR,ERROR: Disk I/O bottleneck detected on srv-08
2025-10-23 06:29:00,INFO,INFO: Transaction processed successfully. ID: TXN693
2025-10-23 06:39:00,ERROR,ERROR: Customer authentication failed. User ID: USR561
2025-10-23 06:39:00,ERROR,ERROR: Disk I/O bottleneck detected on srv-13
2025-10-23 06:39:00,INFO,INFO: Database backup completed successfully
2025-10-23 06:39:00,ERROR,ERROR: Database connection pool exhausted. Connections: 744
2025-10-23 06:39:00,ERROR,ERROR: High CPU utilization detected on server srv-04. Current: 447%
2025-10-23 06:39:00,ERROR,ERROR: High CPU utilization detected on server srv-17. Current: 879%
2025-10-23 06:43:00,ERROR,CRITICAL: Network timeout on srv-01. Latency: 711ms
2025-10-23 06:44:00,WARNING,WARNING: Container srv-11 restarting due to OOM
2025-10-23 06:52:00,WARNING,WARNING: Payment gateway response time exceeded SLA. Time: 553ms
2025-10-23 06:53:00,INFO,INFO: Database backup completed successfully
2025-10-23 06:54:00,ERROR,ERROR: API rate limit exceeded for endpoint /api/transactions
2025-10-23 06:56:00,ERROR,ERROR: Disk I/O bottleneck detected on srv-15
2025-10-23 06:59:00,INFO,INFO: User login successful. User ID: USR582
2025-10-23 07:01:00,ERROR,ERROR: Customer authentication failed. User ID: USR967
2025-10-23 07:01:00,ERROR,ERROR: NEFT transaction failed. Transaction ID: TXN311. Reason: Gateway timeout
2025-10-23 07:03:00,WARNING,WARNING: Payment gateway response time exceeded SLA. Time: 508ms
2025-10-23 07:04:00,WARNING,WARNING: Payment gateway response time exceeded SLA. Time: 634ms
2025-10-23 07:07:00,ERROR,ERROR: API rate limit exceeded for endpoint /api/transactions
2025-10-23 07:08:00,INFO,INFO: User login successful. User ID: USR477
2025-10-23 07:09:00,ERROR,ERROR: High CPU utilization detected on server srv-19. Current: 687%
2025-10-23 07:10:00,ERROR,ERROR: RTGS transaction failed. Transaction ID: TXN362. Reason: Insufficient funds
2025-10-23 07:11:00,ERROR,ERROR: API rate limit exceeded for endpoint /api/transactions
2025-10-23 07:12:00,ERROR,ERROR: API rate limit exceeded for endpoint /api/transactions
2025-10-23 07:13:00,INFO,INFO: Transaction processed successfully. ID: TXN724
2025-10-23 07:13:00,ERROR,ERROR: Disk I/O bottleneck detected on srv-14
2025-10-23 07:15:00,INFO,INFO: User login successful. User ID: USR669
2025-10-23 07:17:00,ERROR,ERROR: Customer authentication failed. User ID: USR787
2025-10-23 07:17:00,INFO,INFO: Database backup completed successfully
2025-10-23 07:21:00,ERROR,ERROR: API rate limit exceeded for endpoint /api/transactions
2025-10-23 07:24:00,INFO,INFO: Cache refresh completed in 122ms
2025-10-23 07:25:00,ERROR,ERROR: High CPU utilization detected on server srv-02. Current: 965%
2025-10-23 07:25:00,INFO,INFO: Transaction processed successfully. ID: TXN252
2025-10-23 07:29:00,WARNING,WARNING: Memory usage approaching threshold on srv-18. Current: 221%
2025-10-23 07:30:00,WARNING,WARNING: Container srv-18 restarting due to OOM
2025-10-23 07:35:00,ERROR,ERROR: RTGS transaction failed. Transaction ID: TXN938. Reason: Insufficient funds
2025-10-23 07:37:00,INFO,INFO: Transaction processed successfully. ID: TXN683
2025-10-23 07:38:00,INFO,INFO: Database backup completed successfully
2025-10-23 07:40:00,WARNING,WARNING: Duplicate transaction detected. Transaction ID: TXN210
2025-10-23 07:43:00,ERROR,CRITICAL: Network timeout on srv-19. Latency: 870ms
2025-10-23 07:43:00,WARNING,WARNING: Duplicate transaction detected. Transaction ID: TXN941
2025-10-23 07:56:00,WARNING,WARNING: Payment gateway response time exceeded SLA. Time: 306ms
2025-10-23 07:59:00,INFO,INFO: Cache refresh completed in 471ms
2025-10-23 07:59:00,ERROR,ERROR: Disk I/O bottleneck detected on srv-13
2025-10-23 08:00:00,WARNING,WARNING: Container srv-05 restarting due to OOM
2025-10-23 08:07:00,ERROR,ERROR: RTGS transaction failed. Transaction ID: TXN696. Reason: Insufficient funds
2025-10-23 08:08:00,ERROR,ERROR: API rate limit exceeded for endpoint /api/transactions
2025-10-23 08:09:00,WARNING,WARNING: Duplicate transaction detected. Transaction ID: TXN460
2025-10-23 08:09:00,ERROR,ERROR: RTGS transaction failed. Transaction ID: TXN969. Reason: Insufficient funds
2025-10-23 08:10:00,ERROR,ERROR: Database connection pool exhausted. Connections: 788
2025-10-23 08:11:00,ERROR,ERROR: RTGS transaction failed. Transaction ID: TXN904. Reason: Insufficient funds
2025-10-23 08:15:00,ERROR,CRITICAL: Network timeout on srv-16. Latency: 268ms
2025-10-23 08:17:00,ERROR,ERROR: Disk I/O bottleneck detected on srv-08
2025-10-23 08:21:00,ERROR,ERROR: Customer authentication failed. User ID: USR254
2025-10-23 08:22:00,ERROR,ERROR: RTGS transaction failed. Transaction ID: TXN433. Reason: Insufficient funds
2025-10-23 08:23:00,ERROR,CRITICAL: Network timeout on srv-05. Latency: 399ms
2025-10-23 08:26:00,WARNING,WARNING: Duplicate transaction detected. Transaction ID: TXN395
2025-10-23 08:31:00,WARNING,WARNING: Duplicate transaction detected. Transaction ID: TXN927
2025-10-23 08:32:00,WARNING,WARNING: Container srv-06 restarting due to OOM
2025-10-23 08:33:00,WARNING,WARNING: Duplicate transaction detected. Transaction ID: TXN154
2025-10-23 08:33:00,INFO,INFO: Transaction processed successfully. ID: TXN902
2025-10-23 08:38:00,INFO,INFO: Cache refresh completed in 192ms
2025-10-23 08:48:00,INFO,INFO: Transaction processed successfully. ID: TXN469
2025-10-23 08:53:00,INFO,INFO: Transaction processed successfully. ID: TXN653
2025-10-23 08:58:00,WARNING,WARNING: Duplicate transaction detected. Transaction ID: TXN872
2025-10-23 09:00:00,WARNING,WARNING: Payment gateway response time exceeded SLA. Time: 501ms
2025-10-23 09:01:00,ERROR,ERROR: Customer authentication failed. User ID: USR224
2025-10-23 09:01:00,ERROR,ERROR: High CPU utilization detected on server srv-16. Current: 331%
2025-10-23 09:02:00,WARNING,WARNING: Container srv-09 restarting due to OOM
2025-10-23 09:02:00,WARNING,WARNING: Memory usage approaching threshold on srv-03. Current: 155%
2025-10-23 09:05:00,ERROR,ERROR: Database connection pool exhausted. Connections: 216
2025-10-23 09:06:00,ERROR,ERROR: API rate limit exceeded for endpoint /api/transactions
2025-10-23 09:08:00,ERROR,ERROR: Database connection pool exhausted. Connections: 800
2025-10-23 09:09:00,ERROR,ERROR: IMPS transaction failed. Transaction ID: TXN159. Reason: Invalid account
2025-10-23 09:09:00,ERROR,ERROR: API rate limit exceeded for endpoint /api/transactions
2025-10-23 09:10:00,INFO,INFO: Transaction processed successfully. ID: TXN899
2025-10-23 09:13:00,ERROR,ERROR: Disk I/O bottleneck detected on srv-04
2025-10-23 09:13:00,WARNING,WARNING: Container srv-05 restarting due to OOM
2025-10-23 09:14:00,INFO,INFO: Cache refresh completed in 359ms
2025-10-23 09:18:00,ERROR,ERROR: High CPU utilization detected on server srv-19. Current: 431%
2025-10-23 09:18:00,INFO,INFO: Transaction processed successfully. ID: TXN478
2025-10-23 09:19:00,ERROR,ERROR: IMPS transaction failed. Transaction ID: TXN50. Reason: Invalid account
2025-10-23 09:19:00,ERROR,ERROR: Database connection pool exhausted. Connections: 680
2025-10-23 09:21:00,ERROR,ERROR: Customer authentication failed. User ID: USR653
2025-10-23 09:25:00,ERROR,ERROR: API rate limit exceeded for endpoint /api/transactions
2025-10-23 09:26:00,ERROR,ERROR: RTGS transaction failed. Transaction ID: TXN806. Reason: Insufficient funds
2025-10-23 09:26:00,INFO,INFO: User login successful. User ID: USR78
2025-10-23 09:27:00,ERROR,CRITICAL: Network timeout on srv-07. Latency: 319ms
2025-10-23 09:27:00,ERROR,ERROR: API rate limit exceeded for endpoint /api/transactions
2025-10-23 09:27:00,ERROR,ERROR: IMPS transaction failed. Transaction ID: TXN584. Reason: Invalid account
2025-10-23 09:28:00,WARNING,WARNING: Memory usage approaching threshold on srv-15. Current: 572%
2025-10-23 09:29:00,ERROR,ERROR: API rate limit exceeded for endpoint /api/transactions
2025-10-23 09:33:00,ERROR,ERROR: NEFT transaction failed. Transaction ID: TXN540. Reason: Gateway timeout
2025-10-23 09:34:00,ERROR,CRITICAL: Network timeout on srv-11. Latency: 971ms
2025-10-23 09:40:00,ERROR,CRITICAL: Network timeout on srv-18. Latency: 828ms
2025-10-23 09:41:00,ERROR,ERROR: Customer authentication failed. User ID: USR689
2025-10-23 09:43:00,WARNING,WARNING: Memory usage approaching threshold on srv-12. Current: 593%
2025-10-23 09:43:00,ERROR,ERROR: IMPS transaction failed. Transaction ID: TXN468. Reason: Invalid account
2025-10-23 09:44:00,INFO,INFO: Transaction processed successfully. ID: TXN472
2025-10-23 09:46:00,ERROR,ERROR: Customer authentication failed. User ID: USR370
2025-10-23 09:48:00,ERROR,ERROR: Database connection pool exhausted. Connections: 960
2025-10-23 09:49:00,INFO,INFO: Transaction processed successfully. ID: TXN847
2025-10-23 09:49:00,ERROR,ERROR: RTGS transaction failed. Transaction ID: TXN781. Reason: Insufficient funds
2025-10-23 09:53:00,ERROR,ERROR: Customer authentication failed. User ID: USR85
2025-10-23 09:54:00,ERROR,CRITICAL: Network timeout on srv-08. Latency: 865ms
2025-10-23 10:04:00,ERROR,CRITICAL: Network timeout on srv-04. Latency: 997ms
2025-10-23 10:05:00,WARNING,WARNING: Container srv-07 restarting due to OOM
2025-10-23 10:07:00,ERROR,ERROR: Database connection pool exhausted. Connections: 938
2025-10-23 10:08:00,ERROR,ERROR: Customer authentication failed. User ID: USR538
2025-10-23 10:08:00,ERROR,ERROR: API rate limit exceeded for endpoint /api/transactions
2025-10-23 10:10:00,WARNING,WARNING: Payment gateway response time exceeded SLA. Time: 313ms
2025-10-23 10:11:00,ERROR,ERROR: Disk I/O bottleneck detected on srv-17
2025-10-23 10:12:00,ERROR,ERROR: Customer authentication failed. User ID: USR726
2025-10-23 10:15:00,INFO,INFO: Transaction processed successfully. ID: TXN808
2025-10-23 10:15:00,INFO,INFO: User login successful. User ID: USR82
2025-10-23 10:16:00,ERROR,ERROR: Customer authentication failed. User ID: USR539
2025-10-23 10:16:00,WARNING,WARNING: Memory usage approaching threshold on srv-11. Current: 968%
2025-10-23 10:18:00,WARNING,WARNING: Duplicate transaction detected. Transaction ID: TXN924
2025-10-23 10:19:00,INFO,INFO: Cache refresh completed in 953ms
2025-10-23 10:21:00,ERROR,ERROR: NEFT transaction failed. Transaction ID: TXN675. Reason: Gateway timeout
2025-10-23 10:21:00,INFO,INFO: Cache refresh completed in 547ms
2025-10-23 10:31:00,WARNING,WARNING: Duplicate transaction detected. Transaction ID: TXN432
2025-10-23 10:33:00,ERROR,ERROR: NEFT transaction failed. Transaction ID: TXN717. Reason: Gateway timeout
2025-10-23 10:35:00,INFO,INFO: User login successful. User ID: USR267
2025-10-23 10:36:00,ERROR,CRITICAL: Network timeout on srv-05. Latency: 714ms
2025-10-23 10:48:00,ERROR,ERROR: Disk I/O bottleneck detected on srv-09
2025-10-23 10:51:00,ERROR,ERROR: Database connection pool exhausted. Connections: 367
2025-10-23 11:02:00,ERROR,ERROR: Disk I/O bottleneck detected on srv-05
2025-10-23 11:03:00,WARNING,WARNING: Duplicate transaction detected. Transaction ID: TXN257
2025-10-23 11:07:00,INFO,INFO: Cache refresh completed in 469ms
2025-10-23 11:10:00,ERROR,ERROR: IMPS transaction failed. Transaction ID: TXN250. Reason: Invalid account
2025-10-23 11:15:00,INFO,INFO: Transaction processed successfully. ID: TXN612
2025-10-23 11:18:00,ERROR,CRITICAL: Network timeout on srv-12. Latency: 286ms
2025-10-23 11:21:00,ERROR,ERROR: Database connection pool exhausted. Connections: 842
2025-10-23 11:21:00,ERROR,ERROR: Disk I/O bottleneck detected on srv-19
2025-10-23 11:23:00,ERROR,CRITICAL: Network timeout on srv-10. Latency: 805ms
2025-10-23 11:25:00,ERROR,ERROR: Customer authentication failed. User ID: USR226
2025-10-23 11:26:00,ERROR,ERROR: IMPS transaction failed. Transaction ID: TXN994. Reason: Invalid account
2025-10-23 11:26:00,ERROR,ERROR: RTGS transaction failed. Transaction ID: TXN759. Reason: Insufficient funds
2025-10-23 11:31:00,ERROR,CRITICAL: Network timeout on srv-04. Latency: 853ms
2025-10-23 11:32:00,WARNING,WARNING: Container srv-10 restarting due to OOM
2025-10-23 11:33:00,INFO,INFO: Database backup completed successfully
2025-10-23 11:34:00,ERROR,ERROR: Database connection pool exhausted. Connections: 616
2025-10-23 11:37:00,WARNING,WARNING: Duplicate transaction detected. Transaction ID: TXN879
2025-10-23 11:37:00,ERROR,ERROR: RTGS transaction failed. Transaction ID: TXN434. Reason: Insufficient funds
2025-10-23 11:40:00,WARNING,WARNING: Payment gateway response time exceeded SLA. Time: 546ms
2025-10-23 11:42:00,ERROR,ERROR: Database connection pool exhausted. Connections: 998
2025-10-23 11:47:00,INFO,INFO: Cache refresh completed in 411ms
2025-10-23 11:47:00,INFO,INFO: Transaction processed successfully. ID: TXN711
2025-10-23 11:49:00,INFO,INFO: Transaction processed successfully. ID: TXN317
2025-10-23 11:53:00,INFO,INFO: User login successful. User ID: USR263
2025-10-23 11:54:00,INFO,INFO: User login successful. User ID: USR842
2025-10-23 11:56:00,INFO,INFO: Transaction processed successfully. ID: TXN148
2025-10-23 11:58:00,WARNING,WARNING: Duplicate transaction detected. Transaction ID: TXN695
2025-10-23 12:00:00,INFO,INFO: Transaction processed successfully. ID: TXN557
2025-10-23 12:00:00,WARNING,WARNING: Container srv-19 restarting due to OOM
2025-10-23 12:00:00,ERROR,ERROR: High CPU utilization detected on server srv-07. Current: 715%
2025-10-23 12:01:00,ERROR,ERROR: Disk I/O bottleneck detected on srv-13
2025-10-23 12:01:00,ERROR,ERROR: Customer authentication failed. User ID: USR113
2025-10-23 12:01:00,INFO,INFO: Database backup completed successfully
2025-10-23 12:03:00,ERROR,CRITICAL: Network timeout on srv-14. Latency: 935ms
2025-10-23 12:04:00,INFO,INFO: User login successful. User ID: USR703
2025-10-23 12:04:00,ERROR,ERROR: High CPU utilization detected on server srv-14. Current: 491%
2025-10-23 12:06:00,WARNING,WARNING: Duplicate transaction detected. Transaction ID: TXN412
2025-10-23 12:09:00,ERROR,ERROR: RTGS transaction failed. Transaction ID: TXN675. Reason: Insufficient funds
2025-10-23 12:15:00,INFO,INFO: Cache refresh completed in 333ms
2025-10-23 12:16:00,ERROR,CRITICAL: Network timeout on srv-08. Latency: 994ms
2025-10-23 12:22:00,ERROR,ERROR: RTGS transaction failed. Transaction ID: TXN285. Reason: Insufficient funds
2025-10-23 12:24:00,ERROR,ERROR: API rate limit exceeded for endpoint /api/transactions
2025-10-23 12:25:00,WARNING,WARNING: Payment gateway response time exceeded SLA. Time: 768ms
2025-10-23 12:27:00,ERROR,CRITICAL: Network timeout on srv-15. Latency: 997ms
2025-10-23 12:31:00,ERROR,ERROR: NEFT transaction failed. Transaction ID: TXN591. Reason: Gateway timeout
2025-10-23 12:44:00,INFO,INFO: Database backup completed successfully
2025-10-23 12:45:00,ERROR,ERROR: Database connection pool exhausted. Connections: 646
2025-10-23 12:46:00,ERROR,ERROR: High CPU utilization detected on server srv-12. Current: 68%
2025-10-23 12:46:00,ERROR,ERROR: API rate limit exceeded for endpoint /api/transactions
2025-10-23 12:48:00,ERROR,ERROR: RTGS transaction failed. Transaction ID: TXN182. Reason: Insufficient funds
2025-10-23 12:49:00,ERROR,ERROR: RTGS transaction failed. Transaction ID: TXN324. Reason: Insufficient funds
2025-10-23 12:51:00,ERROR,ERROR: Disk I/O bottleneck detected on srv-05
2025-10-23 12:51:00,ERROR,CRITICAL: Network timeout on srv-16. Latency: 488ms
2025-10-23 12:59:00,ERROR,ERROR: Database connection pool exhausted. Connections: 571
2025-10-23 13:01:00,ERROR,ERROR: IMPS transaction failed. Transaction ID: TXN594. Reason: Invalid account
2025-10-23 13:02:00,ERROR,CRITICAL: Network timeout on srv-10. Latency: 737ms
2025-10-23 13:03:00,ERROR,ERROR: IMPS transaction failed. Transaction ID: TXN641. Reason: Invalid account
2025-10-23 13:12:00,ERROR,ERROR: High CPU utilization detected on server srv-01. Current: 571%
2025-10-23 13:13:00,ERROR,ERROR: High CPU utilization detected on server srv-16. Current: 252%
2025-10-23 13:14:00,ERROR,ERROR: High CPU utilization detected on server srv-12. Current: 70%
2025-10-23 13:14:00,ERROR,CRITICAL: Network timeout on srv-08. Latency: 784ms
2025-10-23 13:30:00,ERROR,ERROR: NEFT transaction failed. Transaction ID: TXN903. Reason: Gateway timeout
2025-10-23 13:30:00,WARNING,WARNING: Memory usage approaching threshold on srv-17. Current: 172%
2025-10-23 13:35:00,ERROR,ERROR: NEFT transaction failed. Transaction ID: TXN337. Reason: Gateway timeout
2025-10-23 13:35:00,ERROR,ERROR: Disk I/O bottleneck detected on srv-10
2025-10-23 13:37:00,WARNING,WARNING: Duplicate transaction detected. Transaction ID: TXN834
2025-10-23 13:37:00,INFO,INFO: Transaction processed successfully. ID: TXN590
2025-10-23 13:37:00,ERROR,CRITICAL: Network timeout on srv-01. Latency: 422ms
2025-10-23 13:42:00,ERROR,CRITICAL: Network timeout on srv-06. Latency: 996ms
2025-10-23 13:46:00,WARNING,WARNING: Memory usage approaching threshold on srv-09. Current: 470%
2025-10-23 13:49:00,INFO,INFO: Transaction processed successfully. ID: TXN512
2025-10-23 13:52:00,ERROR,ERROR: API rate limit exceeded for endpoint /api/transactions
2025-10-23 13:54:00,WARNING,WARNING: Payment gateway response time exceeded SLA. Time: 72ms
2025-10-23 13:57:00,INFO,INFO: User login successful. User ID: USR604
2025-10-23 13:57:00,WARNING,WARNING: Memory usage approaching threshold on srv-04. Current: 539%
2025-10-23 14:02:00,ERROR,ERROR: High CPU utilization detected on server srv-05. Current: 314%
2025-10-23 14:02:00,WARNING,WARNING: Memory usage approaching threshold on srv-18. Current: 959%
2025-10-23 14:02:00,ERROR,ERROR: High CPU utilization detected on server srv-08. Current: 466%
2025-10-23 14:06:00,ERROR,ERROR: IMPS transaction failed. Transaction ID: TXN300. Reason: Invalid account
2025-10-23 14:07:00,ERROR,ERROR: RTGS transaction failed. Transaction ID: TXN179. Reason: Insufficient funds
2025-10-23 14:09:00,INFO,INFO: User login successful. User ID: USR366
2025-10-23 14:10:00,ERROR,ERROR: API rate limit exceeded for endpoint /api/transactions
2025-10-23 14:12:00,INFO,INFO: Cache refresh completed in 703ms
2025-10-23 14:14:00,WARNING,WARNING: Payment gateway response time exceeded SLA. Time: 675ms
2025-10-23 14:17:00,ERROR,ERROR: IMPS transaction failed. Transaction ID: TXN131. Reason: Invalid account
2025-10-23 14:20:00,INFO,INFO: Database backup completed successfully
2025-10-23 14:20:00,ERROR,ERROR: Database connection pool exhausted. Connections: 553
2025-10-23 14:24:00,INFO,INFO: Transaction processed successfully. ID: TXN699
2025-10-23 14:24:00,ERROR,ERROR: API rate limit exceeded for endpoint /api/transactions
2025-10-23 14:25:00,WARNING,WARNING: Container srv-15 restarting due to OOM
2025-10-23 14:33:00,WARNING,WARNING: Duplicate transaction detected. Transaction ID: TXN862
2025-10-23 14:37:00,ERROR,ERROR: Database connection pool exhausted. Connections: 924
2025-10-23 14:37:00,INFO,INFO: Cache refresh completed in 522ms
2025-10-23 14:40:00,ERROR,CRITICAL: Network timeout on srv-08. Latency: 438ms
2025-10-23 14:41:00,ERROR,ERROR: API rate limit exceeded for endpoint /api/transactions
2025-10-23 14:44:00,INFO,INFO: Database backup completed successfully
2025-10-23 14:44:00,ERROR,ERROR: Database connection pool exhausted. Connections: 967
2025-10-23 14:45:00,ERROR,ERROR: NEFT transaction failed. Transaction ID: TXN977. Reason: Gateway timeout
2025-10-23 14:46:00,INFO,INFO: Transaction processed successfully. ID: TXN878
2025-10-23 14:50:00,ERROR,ERROR: Disk I/O bottleneck detected on srv-11
2025-10-23 14:51:00,ERROR,ERROR: Disk I/O bottleneck detected on srv-08
2025-10-23 14:52:00,INFO,INFO: Database backup completed successfully
2025-10-23 14:52:00,ERROR,ERROR: Database connection pool exhausted. Connections: 60
2025-10-23 14:55:00,ERROR,ERROR: NEFT transaction failed. Transaction ID: TXN67. Reason: Gateway timeout
2025-10-23 14:55:00,INFO,INFO: Transaction processed successfully. ID: TXN909
2025-10-23 14:57:00,INFO,INFO: Transaction processed successfully. ID: TXN421
2025-10-23 14:57:00,WARNING,WARNING: Duplicate transaction detected. Transaction ID: TXN138
2025-10-23 14:59:00,ERROR,CRITICAL: Network timeout on srv-12. Latency: 334ms
2025-10-23 14:59:00,ERROR,ERROR: RTGS transaction failed. Transaction ID: TXN762. Reason: Insufficient funds
2025-10-23 15:01:00,ERROR,CRITICAL: Network timeout on srv-16. Latency: 508ms
2025-10-23 15:01:00,INFO,INFO: Database backup completed successfully
2025-10-23 15:05:00,ERROR,ERROR: Customer authentication failed. User ID: USR547
2025-10-23 15:06:00,WARNING,WARNING: Payment gateway response time exceeded SLA. Time: 297ms
2025-10-23 15:09:00,INFO,INFO: User login successful. User ID: USR333
2025-10-23 15:10:00,WARNING,WARNING: Payment gateway response time exceeded SLA. Time: 54ms
2025-10-23 15:13:00,ERROR,ERROR: NEFT transaction failed. Transaction ID: TXN626. Reason: Gateway timeout
2025-10-23 15:14:00,ERROR,ERROR: RTGS transaction failed. Transaction ID: TXN841. Reason: Insufficient funds
2025-10-23 15:16:00,INFO,INFO: Transaction processed successfully. ID: TXN581
2025-10-23 15:18:00,ERROR,ERROR: API rate limit exceeded for endpoint /api/transactions
2025-10-23 15:25:00,INFO,INFO: Cache refresh completed in 789ms
2025-10-23 15:25:00,INFO,INFO: User login successful. User ID: USR649
2025-10-23 15:28:00,ERROR,ERROR: IMPS transaction failed. Transaction ID: TXN985. Reason: Invalid account
2025-10-23 15:30:00,INFO,INFO: Database backup completed successfully
2025-10-23 15:30:00,ERROR,ERROR: IMPS transaction failed. Transaction ID: TXN589. Reason: Invalid account
2025-10-23 15:31:00,WARNING,WARNING: Duplicate transaction detected. Transaction ID: TXN487
2025-10-23 15:31:00,ERROR,ERROR: Disk I/O bottleneck detected on srv-17
2025-10-23 15:32:00,ERROR,ERROR: API rate limit exceeded for endpoint /api/transactions
2025-10-23 15:38:00,ERROR,ERROR: Customer authentication failed. User ID: USR539
2025-10-23 15:41:00,WARNING,WARNING: Memory usage approaching threshold on srv-14. Current: 614%
2025-10-23 15:45:00,INFO,INFO: Transaction processed successfully. ID: TXN891
2025-10-23 15:47:00,ERROR,ERROR: High CPU utilization detected on server srv-10. Current: 508%
2025-10-23 15:57:00,ERROR,ERROR: High CPU utilization detected on server srv-11. Current: 380%
2025-10-23 15:58:00,INFO,INFO: Database backup completed successfully
2025-10-23 16:04:00,ERROR,ERROR: High CPU utilization detected on server srv-06. Current: 753%
2025-10-23 16:07:00,WARNING,WARNING: Payment gateway response time exceeded SLA. Time: 551ms
2025-10-23 16:11:00,ERROR,CRITICAL: Network timeout on srv-18. Latency: 193ms
2025-10-23 16:14:00,ERROR,ERROR: Disk I/O bottleneck detected on srv-15
2025-10-23 16:15:00,ERROR,ERROR: Database connection pool exhausted. Connections: 77
2025-10-23 16:16:00,WARNING,WARNING: Duplicate transaction detected. Transaction ID: TXN969
2025-10-23 16:20:00,ERROR,ERROR: Disk I/O bottleneck detected on srv-04
2025-10-23 16:24:00,ERROR,ERROR: IMPS transaction failed. Transaction ID: TXN672. Reason: Invalid account
2025-10-23 16:25:00,ERROR,ERROR: NEFT transaction failed. Transaction ID: TXN93. Reason: Gateway timeout
2025-10-23 16:26:00,ERROR,ERROR: IMPS transaction failed. Transaction ID: TXN246. Reason: Invalid account
2025-10-23 16:27:00,ERROR,CRITICAL: Network timeout on srv-05. Latency: 901ms
2025-10-23 16:29:00,ERROR,ERROR: Database connection pool exhausted. Connections: 293
2025-10-23 16:29:00,ERROR,ERROR: API rate limit exceeded for endpoint /api/transactions
2025-10-23 16:30:00,INFO,INFO: Database backup completed successfully
2025-10-23 16:32:00,ERROR,ERROR: NEFT transaction failed. Transaction ID: TXN763. Reason: Gateway timeout
2025-10-23 16:37:00,ERROR,ERROR: RTGS transaction failed. Transaction ID: TXN54. Reason: Insufficient funds
2025-10-23 16:40:00,INFO,INFO: Transaction processed successfully. ID: TXN471
2025-10-23 16:42:00,WARNING,WARNING: Container srv-15 restarting due to OOM
2025-10-23 16:45:00,ERROR,ERROR: RTGS transaction failed. Transaction ID: TXN721. Reason: Insufficient funds
2025-10-23 16:52:00,WARNING,WARNING: Payment gateway response time exceeded SLA. Time: 488ms
2025-10-23 16:53:00,WARNING,WARNING: Container srv-06 restarting due to OOM
2025-10-23 16:53:00,ERROR,CRITICAL: Network timeout on srv-05. Latency: 65ms
2025-10-23 16:56:00,ERROR,ERROR: Database connection pool exhausted. Connections: 679
2025-10-23 16:58:00,WARNING,WARNING: Container srv-14 restarting due to OOM
2025-10-23 16:59:00,ERROR,ERROR: IMPS transaction failed. Transaction ID: TXN459. Reason: Invalid account
2025-10-23 17:01:00,WARNING,WARNING: Payment gateway response time exceeded SLA. Time: 845ms
2025-10-23 17:05:00,ERROR,ERROR: API rate limit exceeded for endpoint /api/transactions
2025-10-23 17:07:00,ERROR,ERROR: High CPU utilization detected on server srv-18. Current: 109%
2025-10-23 17:08:00,ERROR,ERROR: Database connection pool exhausted. Connections: 680
2025-10-23 17:08:00,INFO,INFO: Cache refresh completed in 863ms
2025-10-23 17:09:00,INFO,INFO: Database backup completed successfully
2025-10-23 17:11:00,ERROR,ERROR: Disk I/O bottleneck detected on srv-12
2025-10-23 17:16:00,INFO,INFO: User login successful. User ID: USR811
2025-10-23 17:16:00,ERROR,ERROR: API rate limit exceeded for endpoint /api/transactions
2025-10-23 17:19:00,ERROR,ERROR: Disk I/O bottleneck detected on srv-08
2025-10-23 17:19:00,ERROR,ERROR: API rate limit exceeded for endpoint /api/transactions
2025-10-23 17:24:00,WARNING,WARNING: Container srv-13 restarting due to OOM
2025-10-23 17:25:00,WARNING,WARNING: Memory usage approaching threshold on srv-11. Current: 167%
2025-10-23 17:26:00,ERROR,ERROR: High CPU utilization detected on server srv-07. Current: 292%
2025-10-23 17:33:00,WARNING,WARNING: Payment gateway response time exceeded SLA. Time: 522ms
2025-10-23 17:33:00,WARNING,WARNING: Payment gateway response time exceeded SLA. Time: 911ms
2025-10-23 17:33:00,INFO,INFO: Database backup completed successfully
2025-10-23 17:37:00,ERROR,ERROR: Customer authentication failed. User ID: USR118
2025-10-23 17:37:00,ERROR,ERROR: High CPU utilization detected on server srv-13. Current: 331%
2025-10-23 17:39:00,WARNING,WARNING: Payment gateway response time exceeded SLA. Time: 636ms
2025-10-23 17:42:00,ERROR,ERROR: Database connection pool exhausted. Connections: 724
2025-10-23 17:45:00,INFO,INFO: User login successful. User ID: USR752
2025-10-23 17:49:00,ERROR,ERROR: Disk I/O bottleneck detected on srv-08
2025-10-23 17:49:00,ERROR,ERROR: Disk I/O bottleneck detected on srv-09
2025-10-23 17:50:00,WARNING,WARNING: Payment gateway response time exceeded SLA. Time: 868ms
2025-10-23 17:51:00,ERROR,ERROR: NEFT transaction failed. Transaction ID: TXN142. Reason: Gateway timeout
2025-10-23 17:55:00,ERROR,ERROR: High CPU utilization detected on server srv-04. Current: 954%
2025-10-23 17:59:00,INFO,INFO: Cache refresh completed in 719ms
2025-10-23 18:01:00,ERROR,ERROR: Customer authentication failed. User ID: USR510
2025-10-23 18:03:00,ERROR,ERROR: API rate limit exceeded for endpoint /api/transactions
2025-10-23 18:03:00,WARNING,WARNING: Duplicate transaction detected. Transaction ID: TXN637
2025-10-23 18:06:00,ERROR,CRITICAL: Network timeout on srv-18. Latency: 139ms
2025-10-23 18:06:00,ERROR,CRITICAL: Network timeout on srv-19. Latency: 479ms
2025-10-23 18:07:00,WARNING,WARNING: Container srv-10 restarting due to OOM
2025-10-23 18:11:00,WARNING,WARNING: Container srv-18 restarting due to OOM
2025-10-23 18:17:00,WARNING,WARNING: Duplicate transaction detected. Transaction ID: TXN214
2025-10-23 18:17:00,ERROR,ERROR: Customer authentication failed. User ID: USR701
2025-10-23 18:18:00,INFO,INFO: Transaction processed successfully. ID: TXN223
2025-10-23 18:26:00,ERROR,ERROR: Database connection pool exhausted. Connections: 572
2025-10-23 18:27:00,ERROR,ERROR: IMPS transaction failed. Transaction ID: TXN597. Reason: Invalid account
2025-10-23 18:28:00,WARNING,WARNING: Memory usage approaching threshold on srv-05. Current: 425%
2025-10-23 18:29:00,ERROR,ERROR: API rate limit exceeded for endpoint /api/transactions
2025-10-23 18:29:00,ERROR,ERROR: Disk I/O bottleneck detected on srv-15
2025-10-23 18:32:00,WARNING,WARNING: Container srv-01 restarting due to OOM
2025-10-23 18:38:00,ERROR,ERROR: RTGS transaction failed. Transaction ID: TXN212. Reason: Insufficient funds
2025-10-23 18:40:00,ERROR,ERROR: NEFT transaction failed. Transaction ID: TXN455. Reason: Gateway timeout
2025-10-23 18:41:00,ERROR,ERROR: Disk I/O bottleneck detected on srv-10
2025-10-23 18:42:00,ERROR,ERROR: IMPS transaction failed. Transaction ID: TXN124. Reason: Invalid account
2025-10-23 18:47:00,WARNING,WARNING: Container srv-09 restarting due to OOM
2025-10-23 18:49:00,WARNING,WARNING: Duplicate transaction detected. Transaction ID: TXN378
2025-10-23 18:51:00,INFO,INFO: Database backup completed successfully
2025-10-23 18:54:00,ERROR,ERROR: Disk I/O bottleneck detected on srv-04
2025-10-23 18:54:00,INFO,INFO: Transaction processed successfully. ID: TXN348
2025-10-23 18:56:00,ERROR,ERROR: IMPS transaction failed. Transaction ID: TXN321. Reason: Invalid account
2025-10-23 18:56:00,WARNING,WARNING: Duplicate transaction detected. Transaction ID: TXN459
2025-10-23 18:56:00,ERROR,ERROR: IMPS transaction failed. Transaction ID: TXN495. Reason: Invalid account
2025-10-23 18:58:00,ERROR,CRITICAL: Network timeout on srv-06. Latency: 374ms
2025-10-23 19:00:00,INFO,INFO: Transaction processed successfully. ID: TXN589
2025-10-23 19:04:00,INFO,INFO: Cache refresh completed in 590ms
2025-10-23 19:12:00,ERROR,ERROR: Disk I/O bottleneck detected on srv-05
2025-10-23 19:12:00,INFO,INFO: User login successful. User ID: USR911
2025-10-23 19:15:00,INFO,INFO: Database backup completed successfully
2025-10-23 19:17:00,WARNING,WARNING: Memory usage approaching threshold on srv-19. Current: 753%
2025-10-23 19:20:00,INFO,INFO: Transaction processed successfully. ID: TXN200
2025-10-23 19:21:00,ERROR,ERROR: Disk I/O bottleneck detected on srv-18
2025-10-23 19:22:00,ERROR,ERROR: Disk I/O bottleneck detected on srv-14
2025-10-23 19:24:00,WARNING,WARNING: Payment gateway response time exceeded SLA. Time: 420ms
2025-10-23 19:26:00,WARNING,WARNING: Container srv-14 restarting due to OOM
2025-10-23 19:31:00,ERROR,ERROR: RTGS transaction failed. Transaction ID: TXN146. Reason: Insufficient funds
2025-10-23 19:32:00,ERROR,ERROR: API rate limit exceeded for endpoint /api/transactions
2025-10-23 19:33:00,WARNING,WARNING: Container srv-18 restarting due to OOM
2025-10-23 19:36:00,WARNING,WARNING: Payment gateway response time exceeded SLA. Time: 255ms
2025-10-23 19:37:00,ERROR,ERROR: API rate limit exceeded for endpoint /api/transactions
2025-10-23 19:37:00,ERROR,ERROR: NEFT transaction failed. Transaction ID: TXN519. Reason: Gateway timeout
2025-10-23 19:41:00,INFO,INFO: Cache refresh completed in 254ms
2025-10-23 19:42:00,WARNING,WARNING: Memory usage approaching threshold on srv-18. Current: 439%
2025-10-23 19:42:00,WARNING,WARNING: Duplicate transaction detected. Transaction ID: TXN369
2025-10-23 19:42:00,INFO,INFO: Cache refresh completed in 849ms
2025-10-23 19:43:00,INFO,INFO: Database backup completed successfully
2025-10-23 19:44:00,INFO,INFO: Transaction processed successfully. ID: TXN114
2025-10-23 19:45:00,ERROR,ERROR: Database connection pool exhausted. Connections: 819
2025-10-23 19:46:00,WARNING,WARNING: Memory usage approaching threshold on srv-01. Current: 670%
2025-10-23 19:46:00,ERROR,ERROR: High CPU utilization detected on server srv-09. Current: 772%
2025-10-23 19:52:00,INFO,INFO: Database backup completed successfully
2025-10-23 19:57:00,WARNING,WARNING: Container srv-18 restarting due to OOM
2025-10-23 19:57:00,INFO,INFO: Cache refresh completed in 308ms
2025-10-23 19:58:00,ERROR,ERROR: IMPS transaction failed. Transaction ID: TXN475. Reason: Invalid account
2025-10-23 19:59:00,ERROR,ERROR: IMPS transaction failed. Transaction ID: TXN102. Reason: Invalid account
2025-10-23 20:00:00,WARNING,WARNING: Payment gateway response time exceeded SLA. Time: 921ms
2025-10-23 20:00:00,INFO,INFO: Cache refresh completed in 629ms
2025-10-23 20:03:00,INFO,INFO: Database backup completed successfully
2025-10-23 20:07:00,INFO,INFO: User login successful. User ID: USR126
2025-10-23 20:09:00,WARNING,WARNING: Payment gateway response time exceeded SLA. Time: 453ms
2025-10-23 20:10:00,INFO,INFO: Transaction processed successfully. ID: TXN400
2025-10-23 20:13:00,INFO,INFO: Cache refresh completed in 71ms
2025-10-23 20:15:00,WARNING,WARNING: Duplicate transaction detected. Transaction ID: TXN399
2025-10-23 20:17:00,ERROR,ERROR: NEFT transaction failed. Transaction ID: TXN733. Reason: Gateway timeout
2025-10-23 20:17:00,INFO,INFO: Database backup completed successfully
2025-10-23 20:21:00,WARNING,WARNING: Duplicate transaction detected. Transaction ID: TXN634
2025-10-23 20:25:00,ERROR,ERROR: High CPU utilization detected on server srv-05. Current: 75%
2025-10-23 20:28:00,ERROR,ERROR: Customer authentication failed. User ID: USR910
2025-10-23 20:28:00,WARNING,WARNING: Duplicate transaction detected. Transaction ID: TXN880
2025-10-23 20:29:00,INFO,INFO: Transaction processed successfully. ID: TXN705
2025-10-23 20:29:00,ERROR,ERROR: NEFT transaction failed. Transaction ID: TXN628. Reason: Gateway timeout
2025-10-23 20:30:00,INFO,INFO: Cache refresh completed in 352ms
2025-10-23 20:31:00,ERROR,ERROR: High CPU utilization detected on server srv-05. Current: 569%
2025-10-23 20:33:00,WARNING,WARNING: Container srv-19 restarting due to OOM
2025-10-23 20:34:00,ERROR,ERROR: API rate limit exceeded for endpoint /api/transactions
2025-10-23 20:34:00,ERROR,ERROR: Disk I/O bottleneck detected on srv-10
2025-10-23 20:36:00,ERROR,ERROR: Database connection pool exhausted. Connections: 806
2025-10-23 20:39:00,ERROR,ERROR: High CPU utilization detected on server srv-04. Current: 863%
2025-10-23 20:44:00,ERROR,ERROR: RTGS transaction failed. Transaction ID: TXN787. Reason: Insufficient funds
2025-10-23 20:46:00,INFO,INFO: Transaction processed successfully. ID: TXN872
2025-10-23 20:48:00,INFO,INFO: Transaction processed successfully. ID: TXN90
2025-10-23 20:49:00,ERROR,ERROR: NEFT transaction failed. Transaction ID: TXN951. Reason: Gateway timeout
2025-10-23 20:51:00,ERROR,ERROR: Database connection pool exhausted. Connections: 393
2025-10-23 20:51:00,INFO,INFO: Database backup completed successfully
2025-10-23 20:53:00,ERROR,ERROR: NEFT transaction failed. Transaction ID: TXN811. Reason: Gateway timeout
2025-10-23 20:54:00,WARNING,WARNING: Payment gateway response time exceeded SLA. Time: 464ms
2025-10-23 20:56:00,ERROR,ERROR: High CPU utilization detected on server srv-05. Current: 64%
2025-10-23 21:00:00,INFO,INFO: User login successful. User ID: USR800
2025-10-23 21:01:00,INFO,INFO: User login successful. User ID: USR878
2025-10-23 21:08:00,INFO,INFO: Cache refresh completed in 85ms
2025-10-23 21:09:00,WARNING,WARNING: Duplicate transaction detected. Transaction ID: TXN84
2025-10-23 21:10:00,WARNING,WARNING: Memory usage approaching threshold on srv-11. Current: 327%
2025-10-23 21:13:00,WARNING,WARNING: Duplicate transaction detected. Transaction ID: TXN933
2025-10-23 21:16:00,INFO,INFO: User login successful. User ID: USR560
2025-10-23 21:17:00,INFO,INFO: Transaction processed successfully. ID: TXN181
2025-10-23 21:17:00,ERROR,CRITICAL: Network timeout on srv-18. Latency: 950ms
2025-10-23 21:18:00,INFO,INFO: Cache refresh completed in 189ms
2025-10-23 21:20:00,WARNING,WARNING: Payment gateway response time exceeded SLA. Time: 520ms
2025-10-23 21:23:00,ERROR,CRITICAL: Network timeout on srv-16. Latency: 812ms
2025-10-23 21:26:00,WARNING,WARNING: Payment gateway response time exceeded SLA. Time: 222ms
2025-10-23 21:27:00,INFO,INFO: User login successful. User ID: USR888
2025-10-23 21:29:00,ERROR,CRITICAL: Network timeout on srv-11. Latency: 220ms
2025-10-23 21:29:00,INFO,INFO: Cache refresh completed in 182ms
2025-10-23 21:31:00,ERROR,ERROR: RTGS transaction failed. Transaction ID: TXN452. Reason: Insufficient funds
2025-10-23 21:31:00,INFO,INFO: Database backup completed successfully
2025-10-23 21:34:00,ERROR,ERROR: RTGS transaction failed. Transaction ID: TXN759. Reason: Insufficient funds
2025-10-23 21:34:00,ERROR,ERROR: High CPU utilization detected on server srv-07. Current: 741%
2025-10-23 21:37:00,ERROR,ERROR: High CPU utilization detected on server srv-12. Current: 321%
2025-10-23 21:40:00,ERROR,ERROR: High CPU utilization detected on server srv-05. Current: 898%
2025-10-23 21:40:00,WARNING,WARNING: Container srv-17 restarting due to OOM
2025-10-23 21:40:00,WARNING,WARNING: Memory usage approaching threshold on srv-08. Current: 524%
2025-10-23 21:41:00,ERROR,ERROR: RTGS transaction failed. Transaction ID: TXN723. Reason: Insufficient funds
2025-10-23 21:47:00,ERROR,ERROR: Customer authentication failed. User ID: USR764
2025-10-23 21:50:00,WARNING,WARNING: Duplicate transaction detected. Transaction ID: TXN448
2025-10-23 21:51:00,ERROR,CRITICAL: Network timeout on srv-18. Latency: 779ms
2025-10-23 21:51:00,WARNING,WARNING: Memory usage approaching threshold on srv-16. Current: 585%
2025-10-23 21:57:00,ERROR,ERROR: RTGS transaction failed. Transaction ID: TXN667. Reason: Insufficient funds
2025-10-23 22:01:00,INFO,INFO: User login successful. User ID: USR426
2025-10-23 22:03:00,INFO,INFO: Database backup completed successfully
2025-10-23 22:05:00,ERROR,ERROR: Customer authentication failed. User ID: USR762
2025-10-23 22:06:00,WARNING,WARNING: Container srv-19 restarting due to OOM
2025-10-23 22:09:00,ERROR,ERROR: IMPS transaction failed. Transaction ID: TXN123. Reason: Invalid account
2025-10-23 22:16:00,WARNING,WARNING: Duplicate transaction detected. Transaction ID: TXN221
2025-10-23 22:17:00,ERROR,ERROR: Database connection pool exhausted. Connections: 635
2025-10-23 22:19:00,ERROR,ERROR: RTGS transaction failed. Transaction ID: TXN362. Reason: Insufficient funds
2025-10-23 22:21:00,WARNING,WARNING: Payment gateway response time exceeded SLA. Time: 307ms
2025-10-23 22:24:00,ERROR,ERROR: IMPS transaction failed. Transaction ID: TXN436. Reason: Invalid account
2025-10-23 22:26:00,ERROR,ERROR: NEFT transaction failed. Transaction ID: TXN641. Reason: Gateway timeout
2025-10-23 22:29:00,ERROR,ERROR: NEFT transaction failed. Transaction ID: TXN514. Reason: Gateway timeout
2025-10-23 22:36:00,INFO,INFO: Cache refresh completed in 97ms
2025-10-23 22:39:00,ERROR,ERROR: Disk I/O bottleneck detected on srv-05
2025-10-23 22:40:00,WARNING,WARNING: Duplicate transaction detected. Transaction ID: TXN908
2025-10-23 22:43:00,WARNING,WARNING: Payment gateway response time exceeded SLA. Time: 503ms
2025-10-23 22:43:00,ERROR,ERROR: NEFT transaction failed. Transaction ID: TXN200. Reason: Gateway timeout
2025-10-23 22:44:00,ERROR,ERROR: High CPU utilization detected on server srv-15. Current: 94%
2025-10-23 22:44:00,INFO,INFO: Transaction processed successfully. ID: TXN127
2025-10-23 22:46:00,WARNING,WARNING: Container srv-06 restarting due to OOM
2025-10-23 22:46:00,ERROR,ERROR: Customer authentication failed. User ID: USR994
2025-10-23 22:47:00,WARNING,WARNING: Duplicate transaction detected. Transaction ID: TXN539
2025-10-23 22:48:00,ERROR,ERROR: Database connection pool exhausted. Connections: 974
2025-10-23 22:49:00,WARNING,WARNING: Container srv-10 restarting due to OOM
2025-10-23 22:50:00,ERROR,ERROR: High CPU utilization detected on server srv-12. Current: 224%
2025-10-23 22:51:00,ERROR,ERROR: API rate limit exceeded for endpoint /api/transactions
2025-10-23 22:52:00,INFO,INFO: Database backup completed successfully
2025-10-23 22:55:00,INFO,INFO: Database backup completed successfully
2025-10-23 22:57:00,ERROR,ERROR: High CPU utilization detected on server srv-11. Current: 122%
2025-10-23 22:57:00,ERROR,ERROR: IMPS transaction failed. Transaction ID: TXN824. Reason: Invalid account
2025-10-23 23:04:00,WARNING,WARNING: Duplicate transaction detected. Transaction ID: TXN364
2025-10-23 23:07:00,ERROR,ERROR: Customer authentication failed. User ID: USR614
2025-10-23 23:09:00,INFO,INFO: User login successful. User ID: USR882
2025-10-23 23:12:00,ERROR,ERROR: API rate limit exceeded for endpoint /api/transactions
2025-10-23 23:15:00,ERROR,ERROR: RTGS transaction failed. Transaction ID: TXN358. Reason: Insufficient funds
2025-10-23 23:17:00,ERROR,ERROR: Database connection pool exhausted. Connections: 164
2025-10-23 23:17:00,INFO,INFO: Transaction processed successfully. ID: TXN829
2025-10-23 23:17:00,ERROR,ERROR: RTGS transaction failed. Transaction ID: TXN978. Reason: Insufficient funds
2025-10-23 23:20:00,WARNING,WARNING: Container srv-09 restarting due to OOM
2025-10-23 23:21:00,ERROR,ERROR: RTGS transaction failed. Transaction ID: TXN764. Reason: Insufficient funds
2025-10-23 23:22:00,INFO,INFO: User login successful. User ID: USR314
2025-10-23 23:22:00,INFO,INFO: Cache refresh completed in 668ms
2025-10-23 23:24:00,ERROR,ERROR: High CPU utilization detected on server srv-16. Current: 844%
2025-10-23 23:28:00,ERROR,ERROR: Customer authentication failed. User ID: USR289
2025-10-23 23:30:00,ERROR,ERROR: Database connection pool exhausted. Connections: 634
2025-10-23 23:31:00,ERROR,ERROR: RTGS transaction failed. Transaction ID: TXN202. Reason: Insufficient funds
2025-10-23 23:37:00,ERROR,ERROR: Database connection pool exhausted. Connections: 991
2025-10-23 23:39:00,ERROR,ERROR: Database connection pool exhausted. Connections: 309
2025-10-23 23:39:00,INFO,INFO: Cache refresh completed in 300ms
2025-10-23 23:39:00,WARNING,WARNING: Duplicate transaction detected. Transaction ID: TXN436
2025-10-23 23:40:00,ERROR,ERROR: High CPU utilization detected on server srv-14. Current: 169%
2025-10-23 23:40:00,WARNING,WARNING: Container srv-17 restarting due to OOM
2025-10-23 23:41:00,WARNING,WARNING: Payment gateway response time exceeded SLA. Time: 70ms
2025-10-23 23:43:00,ERROR,ERROR: RTGS transaction failed. Transaction ID: TXN313. Reason: Insufficient funds
2025-10-23 23:46:00,ERROR,ERROR: API rate limit exceeded for endpoint /api/transactions
2025-10-23 23:49:00,INFO,INFO: Transaction processed successfully. ID: TXN328
2025-10-23 23:50:00,ERROR,ERROR: Customer authentication failed. User ID: USR363
2025-10-23 23:50:00,WARNING,WARNING: Container srv-15 restarting due to OOM
2025-10-23 23:51:00,WARNING,WARNING: Memory usage approaching threshold on srv-16. Current: 782%
2025-10-23 23:51:00,WARNING,WARNING: Payment gateway response time exceeded SLA. Time: 774ms
2025-10-23 23:54:00,WARNING,WARNING: Duplicate transaction detected. Transaction ID: TXN108
2025-10-23 23:55:00,INFO,INFO: User login successful. User ID: USR166
2025-10-24 00:00:00,ERROR,ERROR: Database connection pool exhausted. Connections: 558
2025-10-24 00:00:00,ERROR,ERROR: RTGS transaction failed. Transaction ID: TXN695. Reason: Insufficient funds
2025-10-24 00:02:00,ERROR,ERROR: High CPU utilization detected on server srv-05. Current: 125%
2025-10-24 00:03:00,WARNING,WARNING: Payment gateway response time exceeded SLA. Time: 701ms
2025-10-24 00:04:00,ERROR,ERROR: Customer authentication failed. User ID: USR722
2025-10-24 00:05:00,ERROR,ERROR: Disk I/O bottleneck detected on srv-09
2025-10-24 00:10:00,ERROR,ERROR: RTGS transaction failed. Transaction ID: TXN691. Reason: Insufficient funds
2025-10-24 00:11:00,WARNING,WARNING: Duplicate transaction detected. Transaction ID: TXN236
2025-10-24 00:11:00,ERROR,ERROR: Customer authentication failed. User ID: USR266
2025-10-24 00:12:00,WARNING,WARNING: Container srv-19 restarting due to OOM
2025-10-24 00:15:00,WARNING,WARNING: Duplicate transaction detected. Transaction ID: TXN232
2025-10-24 00:19:00,ERROR,CRITICAL: Network timeout on srv-19. Latency: 331ms
2025-10-24 00:19:00,INFO,INFO: Transaction processed successfully. ID: TXN941
2025-10-24 00:23:00,ERROR,CRITICAL: Network timeout on srv-05. Latency: 796ms
2025-10-24 00:23:00,ERROR,ERROR: Disk I/O bottleneck detected on srv-08
2025-10-24 00:31:00,INFO,INFO: User login successful. User ID: USR814
2025-10-24 00:35:00,ERROR,ERROR: NEFT transaction failed. Transaction ID: TXN467. Reason: Gateway timeout
2025-10-24 00:35:00,ERROR,ERROR: RTGS transaction failed. Transaction ID: TXN586. Reason: Insufficient funds
2025-10-24 00:35:00,ERROR,ERROR: API rate limit exceeded for endpoint /api/transactions
2025-10-24 00:37:00,ERROR,ERROR: Customer authentication failed. User ID: USR513
2025-10-24 00:41:00,INFO,INFO: Cache refresh completed in 345ms
2025-10-24 00:41:00,INFO,INFO: User login successful. User ID: USR294
2025-10-24 00:47:00,ERROR,CRITICAL: Network timeout on srv-02. Latency: 985ms
2025-10-24 00:48:00,ERROR,ERROR: IMPS transaction failed. Transaction ID: TXN669. Reason: Invalid account
2025-10-24 00:49:00,ERROR,ERROR: High CPU utilization detected on server srv-13. Current: 312%
2025-10-24 00:55:00,ERROR,ERROR: Disk I/O bottleneck detected on srv-04
2025-10-24 00:56:00,WARNING,WARNING: Container srv-19 restarting due to OOM
2025-10-24 00:57:00,WARNING,WARNING: Duplicate transaction detected. Transaction ID: TXN650
2025-10-24 00:58:00,WARNING,WARNING: Memory usage approaching threshold on srv-17. Current: 112%
2025-10-24 01:01:00,INFO,INFO: Database backup completed successfully
2025-10-24 01:04:00,ERROR,ERROR: Disk I/O bottleneck detected on srv-12
2025-10-24 01:09:00,WARNING,WARNING: Memory usage approaching threshold on srv-05. Current: 595%
2025-10-24 01:11:00,INFO,INFO: Cache refresh completed in 579ms
2025-10-24 01:16:00,ERROR,ERROR: Customer authentication failed. User ID: USR50
2025-10-24 01:17:00,INFO,INFO: Transaction processed successfully. ID: TXN292
2025-10-24 01:17:00,ERROR,ERROR: RTGS transaction failed. Transaction ID: TXN501. Reason: Insufficient funds
2025-10-24 01:21:00,WARNING,WARNING: Duplicate transaction detected. Transaction ID: TXN267
2025-10-24 01:26:00,WARNING,WARNING: Memory usage approaching threshold on srv-16. Current: 844%
2025-10-24 01:27:00,INFO,INFO: Transaction processed successfully. ID: TXN328
2025-10-24 01:29:00,WARNING,WARNING: Memory usage approaching threshold on srv-02. Current: 108%
2025-10-24 01:30:00,ERROR,CRITICAL: Network timeout on srv-14. Latency: 741ms
2025-10-24 01:31:00,WARNING,WARNING: Memory usage approaching threshold on srv-01. Current: 554%
2025-10-24 01:42:00,ERROR,ERROR: IMPS transaction failed. Transaction ID: TXN992. Reason: Invalid account
2025-10-24 01:47:00,WARNING,WARNING: Memory usage approaching threshold on srv-14. Current: 116%
2025-10-24 01:49:00,ERROR,ERROR: Customer authentication failed. User ID: USR96
2025-10-24 01:50:00,ERROR,ERROR: IMPS transaction failed. Transaction ID: TXN222. Reason: Invalid account
2025-10-24 01:52:00,ERROR,ERROR: High CPU utilization detected on server srv-06. Current: 107%
2025-10-24 01:52:00,ERROR,ERROR: NEFT transaction failed. Transaction ID: TXN594. Reason: Gateway timeout
2025-10-24 01:56:00,ERROR,ERROR: Disk I/O bottleneck detected on srv-05
2025-10-24 01:57:00,ERROR,ERROR: Customer authentication failed. User ID: USR347
2025-10-24 01:58:00,INFO,INFO: Transaction processed successfully. ID: TXN861
2025-10-24 02:13:00,ERROR,ERROR: High CPU utilization detected on server srv-04. Current: 309%
2025-10-24 02:14:00,INFO,INFO: User login successful. User ID: USR101
2025-10-24 02:15:00,ERROR,ERROR: Customer authentication failed. User ID: USR965
2025-10-24 02:15:00,INFO,INFO: Cache refresh completed in 447ms
2025-10-24 02:18:00,ERROR,ERROR: RTGS transaction failed. Transaction ID: TXN150. Reason: Insufficient funds
2025-10-24 02:19:00,WARNING,WARNING: Container srv-05 restarting due to OOM
2025-10-24 02:19:00,WARNING,WARNING: Memory usage approaching threshold on srv-16. Current: 333%
2025-10-24 02:20:00,WARNING,WARNING: Payment gateway response time exceeded SLA. Time: 193ms
2025-10-24 02:20:00,ERROR,ERROR: IMPS transaction failed. Transaction ID: TXN495. Reason: Invalid account
2025-10-24 02:30:00,WARNING,WARNING: Container srv-10 restarting due to OOM
2025-10-24 02:31:00,INFO,INFO: Transaction processed successfully. ID: TXN190
2025-10-24 02:35:00,ERROR,ERROR: API rate limit exceeded for endpoint /api/transactions
2025-10-24 02:36:00,INFO,INFO: Database backup completed successfully
2025-10-24 02:36:00,ERROR,ERROR: High CPU utilization detected on server srv-18. Current: 350%
2025-10-24 02:36:00,WARNING,WARNING: Payment gateway response time exceeded SLA. Time: 123ms
2025-10-24 02:39:00,ERROR,ERROR: API rate limit exceeded for endpoint /api/transactions
2025-10-24 02:40:00,WARNING,WARNING: Payment gateway response time exceeded SLA. Time: 833ms
2025-10-24 02:41:00,ERROR,ERROR: Disk I/O bottleneck detected on srv-02
2025-10-24 02:42:00,ERROR,ERROR: IMPS transaction failed. Transaction ID: TXN549. Reason: Invalid account
2025-10-24 02:44:00,WARNING,WARNING: Container srv-06 restarting due to OOM
2025-10-24 02:46:00,WARNING,WARNING: Duplicate transaction detected. Transaction ID: TXN212
2025-10-24 02:52:00,ERROR,ERROR: NEFT transaction failed. Transaction ID: TXN504. Reason: Gateway timeout
2025-10-24 02:52:00,ERROR,ERROR: High CPU utilization detected on server srv-11. Current: 375%
2025-10-24 02:56:00,WARNING,WARNING: Payment gateway response time exceeded SLA. Time: 375ms
2025-10-24 02:58:00,INFO,INFO: Transaction processed successfully. ID: TXN795
2025-10-24 02:59:00,WARNING,WARNING: Container srv-09 restarting due to OOM
2025-10-24 03:01:00,WARNING,WARNING: Duplicate transaction detected. Transaction ID: TXN678
2025-10-24 03:04:00,WARNING,WARNING: Payment gateway response time exceeded SLA. Time: 266ms
2025-10-24 03:06:00,WARNING,WARNING: Duplicate transaction detected. Transaction ID: TXN570
2025-10-24 03:06:00,ERROR,CRITICAL: Network timeout on srv-02. Latency: 791ms
2025-10-24 03:09:00,INFO,INFO: User login successful. User ID: USR823
2025-10-24 03:10:00,ERROR,ERROR: NEFT transaction failed. Transaction ID: TXN953. Reason: Gateway timeout
2025-10-24 03:14:00,WARNING,WARNING: Duplicate transaction detected. Transaction ID: TXN415
2025-10-24 03:14:00,ERROR,ERROR: IMPS transaction failed. Transaction ID: TXN964. Reason: Invalid account
2025-10-24 03:14:00,ERROR,ERROR: High CPU utilization detected on server srv-16. Current: 797%
2025-10-24 03:16:00,WARNING,WARNING: Payment gateway response time exceeded SLA. Time: 144ms
2025-10-24 03:20:00,WARNING,WARNING: Container srv-01 restarting due to OOM
2025-10-24 03:21:00,INFO,INFO: Database backup completed successfully
2025-10-24 03:21:00,INFO,INFO: User login successful. User ID: USR593
2025-10-24 03:22:00,ERROR,ERROR: RTGS transaction failed. Transaction ID: TXN330. Reason: Insufficient funds
2025-10-24 03:25:00,INFO,INFO: Transaction processed successfully. ID: TXN864
2025-10-24 03:25:00,ERROR,ERROR: Customer authentication failed. User ID: USR847
2025-10-24 03:28:00,ERROR,ERROR: High CPU utilization detected on server srv-04. Current: 80%
2025-10-24 03:28:00,INFO,INFO: User login successful. User ID: USR848
2025-10-24 03:37:00,WARNING,WARNING: Container srv-15 restarting due to OOM
2025-10-24 03:38:00,ERROR,ERROR: IMPS transaction failed. Transaction ID: TXN165. Reason: Invalid account
2025-10-24 03:38:00,ERROR,ERROR: NEFT transaction failed. Transaction ID: TXN871. Reason: Gateway timeout
2025-10-24 03:39:00,WARNING,WARNING: Memory usage approaching threshold on srv-16. Current: 880%
2025-10-24 03:42:00,ERROR,ERROR: High CPU utilization detected on server srv-05. Current: 867%
2025-10-24 03:42:00,ERROR,ERROR: API rate limit exceeded for endpoint /api/transactions
2025-10-24 03:43:00,INFO,INFO: Database backup completed successfully
2025-10-24 03:43:00,ERROR,ERROR: IMPS transaction failed. Transaction ID: TXN137. Reason: Invalid account
2025-10-24 03:48:00,INFO,INFO: User login successful. User ID: USR633
2025-10-24 03:48:00,ERROR,CRITICAL: Network timeout on srv-14. Latency: 375ms
2025-10-24 03:49:00,ERROR,ERROR: NEFT transaction failed. Transaction ID: TXN841. Reason: Gateway timeout
2025-10-24 03:49:00,ERROR,ERROR: Disk I/O bottleneck detected on srv-10
2025-10-24 03:49:00,ERROR,CRITICAL: Network timeout on srv-02. Latency: 305ms
2025-10-24 03:49:00,WARNING,WARNING: Memory usage approaching threshold on srv-16. Current: 646%
2025-10-24 03:49:00,ERROR,CRITICAL: Network timeout on srv-05. Latency: 764ms
2025-10-24 03:50:00,ERROR,ERROR: API rate limit exceeded for endpoint /api/transactions
2025-10-24 03:51:00,WARNING,WARNING: Duplicate transaction detected. Transaction ID: TXN668
2025-10-24 03:56:00,ERROR,ERROR: IMPS transaction failed. Transaction ID: TXN950. Reason: Invalid account
2025-10-24 03:56:00,INFO,INFO: Cache refresh completed in 463ms
2025-10-24 03:58:00,INFO,INFO: User login successful. User ID: USR622
2025-10-24 04:03:00,ERROR,ERROR: RTGS transaction failed. Transaction ID: TXN904. Reason: Insufficient funds
2025-10-24 04:03:00,WARNING,WARNING: Duplicate transaction detected. Transaction ID: TXN952
2025-10-24 04:04:00,ERROR,ERROR: RTGS transaction failed. Transaction ID: TXN345. Reason: Insufficient funds
2025-10-24 04:04:00,WARNING,WARNING: Duplicate transaction detected. Transaction ID: TXN287
2025-10-24 04:04:00,WARNING,WARNING: Container srv-18 restarting due to OOM
2025-10-24 04:05:00,ERROR,ERROR: NEFT transaction failed. Transaction ID: TXN155. Reason: Gateway timeout
2025-10-24 04:07:00,ERROR,ERROR: High CPU utilization detected on server srv-16. Current: 52%
2025-10-24 04:11:00,ERROR,ERROR: Disk I/O bottleneck detected on srv-12
2025-10-24 04:12:00,INFO,INFO: Transaction processed successfully. ID: TXN67
2025-10-24 04:13:00,WARNING,WARNING: Payment gateway response time exceeded SLA. Time: 144ms
2025-10-24 04:17:00,ERROR,ERROR: RTGS transaction failed. Transaction ID: TXN772. Reason: Insufficient funds
2025-10-24 04:18:00,ERROR,ERROR: Database connection pool exhausted. Connections: 912
2025-10-24 04:18:00,ERROR,ERROR: IMPS transaction failed. Transaction ID: TXN744. Reason: Invalid account
2025-10-24 04:20:00,ERROR,ERROR: Database connection pool exhausted. Connections: 751
2025-10-24 04:21:00,ERROR,ERROR: RTGS transaction failed. Transaction ID: TXN230. Reason: Insufficient funds
2025-10-24 04:27:00,ERROR,CRITICAL: Network timeout on srv-17. Latency: 391ms
2025-10-24 04:27:00,ERROR,ERROR: NEFT transaction failed. Transaction ID: TXN255. Reason: Gateway timeout
2025-10-24 04:29:00,INFO,INFO: User login successful. User ID: USR165
2025-10-24 04:30:00,WARNING,WARNING: Payment gateway response time exceeded SLA. Time: 180ms
2025-10-24 04:30:00,ERROR,ERROR: Database connection pool exhausted. Connections: 466
2025-10-24 04:31:00,ERROR,ERROR: NEFT transaction failed. Transaction ID: TXN536. Reason: Gateway timeout
2025-10-24 04:33:00,INFO,INFO: Transaction processed successfully. ID: TXN645
2025-10-24 04:34:00,INFO,INFO: User login successful. User ID: USR886
2025-10-24 04:36:00,ERROR,ERROR: NEFT transaction failed. Transaction ID: TXN211. Reason: Gateway timeout
2025-10-24 04:38:00,ERROR,ERROR: API rate limit exceeded for endpoint /api/transactions
2025-10-24 04:38:00,ERROR,CRITICAL: Network timeout on srv-19. Latency: 878ms
2025-10-24 04:39:00,ERROR,ERROR: Customer authentication failed. User ID: USR494
2025-10-24 04:41:00,INFO,INFO: Cache refresh completed in 305ms
2025-10-24 04:45:00,INFO,INFO: User login successful. User ID: USR560
2025-10-24 04:45:00,ERROR,ERROR: Database connection pool exhausted. Connections: 603
2025-10-24 04:47:00,ERROR,ERROR: RTGS transaction failed. Transaction ID: TXN511. Reason: Insufficient funds
2025-10-24 04:48:00,ERROR,ERROR: Customer authentication failed. User ID: USR488
2025-10-24 04:54:00,INFO,INFO: Cache refresh completed in 538ms
2025-10-24 04:54:00,ERROR,ERROR: NEFT transaction failed. Transaction ID: TXN995. Reason: Gateway timeout
2025-10-24 04:54:00,INFO,INFO: User login successful. User ID: USR161
2025-10-24 04:55:00,ERROR,ERROR: IMPS transaction failed. Transaction ID: TXN363. Reason: Invalid account
2025-10-24 04:57:00,WARNING,WARNING: Memory usage approaching threshold on srv-11. Current: 916%
2025-10-24 05:01:00,ERROR,ERROR: NEFT transaction failed. Transaction ID: TXN931. Reason: Gateway timeout
2025-10-24 05:03:00,INFO,INFO: Cache refresh completed in 89ms
2025-10-24 05:05:00,ERROR,ERROR: IMPS transaction failed. Transaction ID: TXN446. Reason: Invalid account
2025-10-24 05:08:00,INFO,INFO: Transaction processed successfully. ID: TXN409
2025-10-24 05:08:00,INFO,INFO: Database backup completed successfully
2025-10-24 05:09:00,ERROR,ERROR: RTGS transaction failed. Transaction ID: TXN266. Reason: Insufficient funds
2025-10-24 05:15:00,ERROR,ERROR: API rate limit exceeded for endpoint /api/transactions
2025-10-24 05:15:00,INFO,INFO: Database backup completed successfully
2025-10-24 05:17:00,INFO,INFO: User login successful. User ID: USR373
2025-10-24 05:26:00,ERROR,ERROR: IMPS transaction failed. Transaction ID: TXN878. Reason: Invalid account
2025-10-24 05:28:00,ERROR,ERROR: RTGS transaction failed. Transaction ID: TXN937. Reason: Insufficient funds
2025-10-24 05:28:00,INFO,INFO: User login successful. User ID: USR164
2025-10-24 05:30:00,ERROR,ERROR: Disk I/O bottleneck detected on srv-04
2025-10-24 05:33:00,INFO,INFO: User login successful. User ID: USR775
2025-10-24 05:42:00,ERROR,ERROR: NEFT transaction failed. Transaction ID: TXN305. Reason: Gateway timeout
2025-10-24 05:42:00,ERROR,ERROR: IMPS transaction failed. Transaction ID: TXN377. Reason: Invalid account
2025-10-24 05:48:00,ERROR,ERROR: Customer authentication failed. User ID: USR126
2025-10-24 05:49:00,ERROR,ERROR: Customer authentication failed. User ID: USR316
2025-10-24 05:50:00,WARNING,WARNING: Memory usage approaching threshold on srv-15. Current: 533%
2025-10-24 05:50:00,ERROR,CRITICAL: Network timeout on srv-01. Latency: 734ms
2025-10-24 05:51:00,ERROR,ERROR: NEFT transaction failed. Transaction ID: TXN632. Reason: Gateway timeout
2025-10-24 05:51:00,INFO,INFO: Transaction processed successfully. ID: TXN628
2025-10-24 05:53:00,ERROR,ERROR: API rate limit exceeded for endpoint /api/transactions
2025-10-24 05:55:00,ERROR,ERROR: Database connection pool exhausted. Connections: 286
2025-10-24 05:59:00,ERROR,ERROR: High CPU utilization detected on server srv-16. Current: 113%
2025-10-24 06:02:00,ERROR,ERROR: RTGS transaction failed. Transaction ID: TXN469. Reason: Insufficient funds
2025-10-24 06:03:00,ERROR,ERROR: IMPS transaction failed. Transaction ID: TXN485. Reason: Invalid account
2025-10-24 06:10:00,ERROR,ERROR: Customer authentication failed. User ID: USR547
2025-10-24 06:17:00,ERROR,ERROR: RTGS transaction failed. Transaction ID: TXN940. Reason: Insufficient funds
2025-10-24 06:19:00,ERROR,ERROR: High CPU utilization detected on server srv-19. Current: 634%
2025-10-24 06:25:00,ERROR,ERROR: Disk I/O bottleneck detected on srv-02
2025-10-24 06:26:00,WARNING,WARNING: Duplicate transaction detected. Transaction ID: TXN695
2025-10-24 06:26:00,WARNING,WARNING: Payment gateway response time exceeded SLA. Time: 459ms
2025-10-24 06:29:00,ERROR,ERROR: NEFT transaction failed. Transaction ID: TXN615. Reason: Gateway timeout
2025-10-24 06:29:00,WARNING,WARNING: Container srv-18 restarting due to OOM
2025-10-24 06:29:00,ERROR,ERROR: IMPS transaction failed. Transaction ID: TXN181. Reason: Invalid account
2025-10-24 06:31:00,ERROR,CRITICAL: Network timeout on srv-13. Latency: 613ms
2025-10-24 06:33:00,ERROR,ERROR: Customer authentication failed. User ID: USR549
2025-10-24 06:37:00,ERROR,ERROR: Customer authentication failed. User ID: USR351
2025-10-24 06:38:00,WARNING,WARNING: Duplicate transaction detected. Transaction ID: TXN949
2025-10-24 06:39:00,INFO,INFO: Cache refresh completed in 450ms
2025-10-24 06:40:00,INFO,INFO: Database backup completed successfully
2025-10-24 06:41:00,INFO,INFO: Cache refresh completed in 948ms
2025-10-24 06:45:00,ERROR,CRITICAL: Network timeout on srv-02. Latency: 545ms
2025-10-24 06:46:00,ERROR,ERROR: NEFT transaction failed. Transaction ID: TXN581. Reason: Gateway timeout
2025-10-24 06:49:00,ERROR,ERROR: API rate limit exceeded for endpoint /api/transactions
2025-10-24 06:49:00,WARNING,WARNING: Payment gateway response time exceeded SLA. Time: 180ms
2025-10-24 06:52:00,ERROR,ERROR: Disk I/O bottleneck detected on srv-18
2025-10-24 06:56:00,ERROR,ERROR: RTGS transaction failed. Transaction ID: TXN618. Reason: Insufficient funds
2025-10-24 06:56:00,ERROR,ERROR: Customer authentication failed. User ID: USR344
2025-10-24 06:59:00,ERROR,ERROR: Customer authentication failed. User ID: USR332
2025-10-24 07:00:00,INFO,INFO: Transaction processed successfully. ID: TXN308
2025-10-24 07:04:00,WARNING,WARNING: Duplicate transaction detected. Transaction ID: TXN712
2025-10-24 07:10:00,ERROR,ERROR: Customer authentication failed. User ID: USR427
2025-10-24 07:12:00,INFO,INFO: Database backup completed successfully
2025-10-24 07:13:00,INFO,INFO: User login successful. User ID: USR776
2025-10-24 07:17:00,WARNING,WARNING: Duplicate transaction detected. Transaction ID: TXN566
2025-10-24 07:18:00,ERROR,ERROR: High CPU utilization detected on server srv-04. Current: 408%
2025-10-24 07:19:00,ERROR,ERROR: Database connection pool exhausted. Connections: 52
2025-10-24 07:21:00,ERROR,ERROR: RTGS transaction failed. Transaction ID: TXN143. Reason: Insufficient funds
2025-10-24 07:22:00,ERROR,ERROR: Customer authentication failed. User ID: USR499
2025-10-24 07:22:00,ERROR,CRITICAL: Network timeout on srv-02. Latency: 842ms
2025-10-24 07:23:00,ERROR,ERROR: NEFT transaction failed. Transaction ID: TXN324. Reason: Gateway timeout
2025-10-24 07:25:00,INFO,INFO: Transaction processed successfully. ID: TXN104
2025-10-24 07:27:00,INFO,INFO: Database backup completed successfully
2025-10-24 07:28:00,WARNING,WARNING: Container srv-08 restarting due to OOM
2025-10-24 07:29:00,ERROR,ERROR: Disk I/O bottleneck detected on srv-13
2025-10-24 07:29:00,WARNING,WARNING: Duplicate transaction detected. Transaction ID: TXN783
2025-10-24 07:32:00,ERROR,ERROR: High CPU utilization detected on server srv-10. Current: 764%
2025-10-24 07:32:00,INFO,INFO: Database backup completed successfully
2025-10-24 07:32:00,ERROR,ERROR: API rate limit exceeded for endpoint /api/transactions
2025-10-24 07:33:00,WARNING,WARNING: Duplicate transaction detected. Transaction ID: TXN971
2025-10-24 07:34:00,INFO,INFO: Cache refresh completed in 816ms
2025-10-24 07:35:00,ERROR,ERROR: NEFT transaction failed. Transaction ID: TXN161. Reason: Gateway timeout
2025-10-24 07:36:00,INFO,INFO: Cache refresh completed in 258ms
2025-10-24 07:37:00,INFO,INFO: User login successful. User ID: USR706
2025-10-24 07:38:00,INFO,INFO: Cache refresh completed in 381ms
2025-10-24 07:40:00,ERROR,ERROR: High CPU utilization detected on server srv-04. Current: 158%
2025-10-24 07:44:00,ERROR,ERROR: NEFT transaction failed. Transaction ID: TXN905. Reason: Gateway timeout
2025-10-24 07:45:00,WARNING,WARNING: Payment gateway response time exceeded SLA. Time: 258ms
2025-10-24 07:48:00,INFO,INFO: Database backup completed successfully
2025-10-24 07:48:00,WARNING,WARNING: Payment gateway response time exceeded SLA. Time: 264ms
2025-10-24 07:49:00,INFO,INFO: Cache refresh completed in 574ms
2025-10-24 07:51:00,WARNING,WARNING: Duplicate transaction detected. Transaction ID: TXN119
2025-10-24 07:52:00,WARNING,WARNING: Duplicate transaction detected. Transaction ID: TXN532
2025-10-24 07:52:00,ERROR,ERROR: RTGS transaction failed. Transaction ID: TXN627. Reason: Insufficient funds
2025-10-24 07:53:00,ERROR,ERROR: Database connection pool exhausted. Connections: 636
2025-10-24 07:57:00,WARNING,WARNING: Memory usage approaching threshold on srv-10. Current: 852%
2025-10-24 07:57:00,ERROR,ERROR: API rate limit exceeded for endpoint /api/transactions
2025-10-24 07:59:00,ERROR,CRITICAL: Network timeout on srv-04. Latency: 836ms
2025-10-24 07:59:00,WARNING,WARNING: Payment gateway response time exceeded SLA. Time: 164ms
2025-10-24 07:59:00,WARNING,WARNING: Duplicate transaction detected. Transaction ID: TXN177
2025-10-24 08:00:00,WARNING,WARNING: Container srv-02 restarting due to OOM
2025-10-24 08:01:00,ERROR,CRITICAL: Network timeout on srv-11. Latency: 483ms
2025-10-24 08:05:00,INFO,INFO: Transaction processed successfully. ID: TXN161
2025-10-24 08:05:00,WARNING,WARNING: Memory usage approaching threshold on srv-13. Current: 724%
2025-10-24 08:05:00,WARNING,WARNING: Duplicate transaction detected. Transaction ID: TXN220
2025-10-24 08:06:00,ERROR,ERROR: High CPU utilization detected on server srv-14. Current: 507%
2025-10-24 08:09:00,ERROR,ERROR: Customer authentication failed. User ID: USR387
2025-10-24 08:12:00,ERROR,ERROR: High CPU utilization detected on server srv-16. Current: 635%
2025-10-24 08:21:00,INFO,INFO: User login successful. User ID: USR149
2025-10-24 08:22:00,INFO,INFO: Cache refresh completed in 752ms
2025-10-24 08:25:00,INFO,INFO: Cache refresh completed in 214ms
2025-10-24 08:28:00,INFO,INFO: User login successful. User ID: USR330
2025-10-24 08:31:00,ERROR,ERROR: NEFT transaction failed. Transaction ID: TXN858. Reason: Gateway timeout
2025-10-24 08:36:00,INFO,INFO: Transaction processed successfully. ID: TXN759
2025-10-24 08:38:00,ERROR,ERROR: High CPU utilization detected on server srv-13. Current: 356%
2025-10-24 08:39:00,INFO,INFO: Cache refresh completed in 443ms
2025-10-24 08:40:00,ERROR,ERROR: RTGS transaction failed. Transaction ID: TXN501. Reason: Insufficient funds
2025-10-24 08:43:00,ERROR,CRITICAL: Network timeout on srv-08. Latency: 948ms
2025-10-24 08:44:00,WARNING,WARNING: Duplicate transaction detected. Transaction ID: TXN598
2025-10-24 08:45:00,INFO,INFO: User login successful. User ID: USR601
2025-10-24 08:47:00,ERROR,ERROR: Disk I/O bottleneck detected on srv-15
2025-10-24 08:47:00,ERROR,ERROR: IMPS transaction failed. Transaction ID: TXN691. Reason: Invalid account
2025-10-24 08:47:00,WARNING,WARNING: Payment gateway response time exceeded SLA. Time: 606ms
2025-10-24 08:48:00,ERROR,ERROR: API rate limit exceeded for endpoint /api/transactions
2025-10-24 08:51:00,ERROR,ERROR: High CPU utilization detected on server srv-14. Current: 709%
2025-10-24 08:53:00,WARNING,WARNING: Container srv-01 restarting due to OOM
2025-10-24 08:55:00,ERROR,ERROR: Customer authentication failed. User ID: USR113
2025-10-24 08:57:00,INFO,INFO: Database backup completed successfully
2025-10-24 09:03:00,INFO,INFO: Database backup completed successfully
2025-10-24 09:03:00,ERROR,ERROR: High CPU utilization detected on server srv-09. Current: 170%
2025-10-24 09:04:00,ERROR,ERROR: High CPU utilization detected on server srv-15. Current: 245%
2025-10-24 09:06:00,WARNING,WARNING: Duplicate transaction detected. Transaction ID: TXN588
2025-10-24 09:09:00,INFO,INFO: Cache refresh completed in 828ms
2025-10-24 09:10:00,WARNING,WARNING: Payment gateway response time exceeded SLA. Time: 567ms
2025-10-24 09:10:00,WARNING,WARNING: Memory usage approaching threshold on srv-11. Current: 177%
2025-10-24 09:15:00,INFO,INFO: Cache refresh completed in 898ms
2025-10-24 09:21:00,WARNING,WARNING: Container srv-05 restarting due to OOM
2025-10-24 09:21:00,ERROR,ERROR: NEFT transaction failed. Transaction ID: TXN406. Reason: Gateway timeout
2025-10-24 09:24:00,ERROR,ERROR: Database connection pool exhausted. Connections: 464
2025-10-24 09:24:00,ERROR,ERROR: Database connection pool exhausted. Connections: 847
2025-10-24 09:24:00,INFO,INFO: Cache refresh completed in 348ms
2025-10-24 09:29:00,WARNING,WARNING: Duplicate transaction detected. Transaction ID: TXN816
2025-10-24 09:37:00,INFO,INFO: Transaction processed successfully. ID: TXN561
2025-10-24 09:37:00,INFO,INFO: User login successful. User ID: USR222
2025-10-24 09:42:00,ERROR,ERROR: Disk I/O bottleneck detected on srv-11
2025-10-24 09:44:00,INFO,INFO: Cache refresh completed in 411ms
2025-10-24 09:45:00,ERROR,ERROR: Customer authentication failed. User ID: USR912
2025-10-24 09:48:00,ERROR,ERROR: RTGS transaction failed. Transaction ID: TXN206. Reason: Insufficient funds
2025-10-24 09:50:00,INFO,INFO: Database backup completed successfully
2025-10-24 09:51:00,INFO,INFO: Transaction processed successfully. ID: TXN608
2025-10-24 09:52:00,ERROR,ERROR: Customer authentication failed. User ID: USR385
2025-10-24 09:52:00,WARNING,WARNING: Container srv-17 restarting due to OOM
2025-10-24 09:53:00,INFO,INFO: Cache refresh completed in 841ms
2025-10-24 09:58:00,INFO,INFO: Database backup completed successfully
2025-10-24 10:01:00,INFO,INFO: User login successful. User ID: USR819
2025-10-24 10:05:00,WARNING,WARNING: Duplicate transaction detected. Transaction ID: TXN752
2025-10-24 10:06:00,INFO,INFO: Cache refresh completed in 92ms
2025-10-24 10:06:00,WARNING,WARNING: Payment gateway response time exceeded SLA. Time: 577ms
2025-10-24 10:08:00,INFO,INFO: Cache refresh completed in 683ms
2025-10-24 10:12:00,WARNING,WARNING: Container srv-13 restarting due to OOM
2025-10-24 10:14:00,ERROR,ERROR: RTGS transaction failed. Transaction ID: TXN672. Reason: Insufficient funds
2025-10-24 10:14:00,INFO,INFO: Cache refresh completed in 335ms
2025-10-24 10:15:00,ERROR,ERROR: Database connection pool exhausted. Connections: 418
2025-10-24 10:21:00,INFO,INFO: User login successful. User ID: USR847
2025-10-24 10:22:00,INFO,INFO: Cache refresh completed in 133ms
2025-10-24 10:25:00,INFO,INFO: Database backup completed successfully
2025-10-24 10:30:00,ERROR,ERROR: API rate limit exceeded for endpoint /api/transactions
2025-10-24 10:31:00,ERROR,ERROR: RTGS transaction failed. Transaction ID: TXN288. Reason: Insufficient funds
2025-10-24 10:32:00,ERROR,ERROR: Customer authentication failed. User ID: USR480
2025-10-24 10:37:00,ERROR,ERROR: Disk I/O bottleneck detected on srv-07
2025-10-24 10:39:00,ERROR,ERROR: RTGS transaction failed. Transaction ID: TXN375. Reason: Insufficient funds
2025-10-24 10:39:00,ERROR,ERROR: IMPS transaction failed. Transaction ID: TXN574. Reason: Invalid account
2025-10-24 10:42:00,ERROR,ERROR: Customer authentication failed. User ID: USR64
2025-10-24 10:42:00,INFO,INFO: Cache refresh completed in 809ms
2025-10-24 10:47:00,ERROR,CRITICAL: Network timeout on srv-19. Latency: 920ms
2025-10-24 10:58:00,WARNING,WARNING: Duplicate transaction detected. Transaction ID: TXN865
2025-10-24 11:00:00,INFO,INFO: Database backup completed successfully
2025-10-24 11:01:00,ERROR,ERROR: IMPS transaction failed. Transaction ID: TXN176. Reason: Invalid account
2025-10-24 11:02:00,ERROR,ERROR: API rate limit exceeded for endpoint /api/transactions
2025-10-24 11:02:00,ERROR,ERROR: Customer authentication failed. User ID: USR934
2025-10-24 11:04:00,INFO,INFO: User login successful. User ID: USR773
2025-10-24 11:06:00,ERROR,ERROR: NEFT transaction failed. Transaction ID: TXN955. Reason: Gateway timeout
2025-10-24 11:09:00,WARNING,WARNING: Payment gateway response time exceeded SLA. Time: 708ms
2025-10-24 11:10:00,INFO,INFO: Database backup completed successfully
2025-10-24 11:11:00,WARNING,WARNING: Container srv-19 restarting due to OOM
2025-10-24 11:11:00,WARNING,WARNING: Payment gateway response time exceeded SLA. Time: 256ms
2025-10-24 11:18:00,INFO,INFO: Cache refresh completed in 647ms
2025-10-24 11:19:00,WARNING,WARNING: Duplicate transaction detected. Transaction ID: TXN668
2025-10-24 11:19:00,WARNING,WARNING: Duplicate transaction detected. Transaction ID: TXN591
2025-10-24 11:21:00,WARNING,WARNING: Payment gateway response time exceeded SLA. Time: 135ms
2025-10-24 11:27:00,WARNING,WARNING: Duplicate transaction detected. Transaction ID: TXN340
2025-10-24 11:29:00,ERROR,ERROR: API rate limit exceeded for endpoint /api/transactions
2025-10-24 11:29:00,ERROR,CRITICAL: Network timeout on srv-15. Latency: 709ms
2025-10-24 11:30:00,INFO,INFO: User login successful. User ID: USR906
2025-10-24 11:31:00,ERROR,ERROR: RTGS transaction failed. Transaction ID: TXN849. Reason: Insufficient funds
2025-10-24 11:36:00,ERROR,ERROR: IMPS transaction failed. Transaction ID: TXN498. Reason: Invalid account
2025-10-24 11:38:00,ERROR,ERROR: NEFT transaction failed. Transaction ID: TXN633. Reason: Gateway timeout
2025-10-24 11:38:00,ERROR,ERROR: IMPS transaction failed. Transaction ID: TXN125. Reason: Invalid account
2025-10-24 11:41:00,ERROR,ERROR: API rate limit exceeded for endpoint /api/transactions
2025-10-24 11:41:00,ERROR,ERROR: RTGS transaction failed. Transaction ID: TXN489. Reason: Insufficient funds
2025-10-24 11:50:00,ERROR,ERROR: RTGS transaction failed. Transaction ID: TXN216. Reason: Insufficient funds
2025-10-24 11:52:00,ERROR,ERROR: NEFT transaction failed. Transaction ID: TXN637. Reason: Gateway timeout
2025-10-24 11:52:00,ERROR,ERROR: NEFT transaction failed. Transaction ID: TXN337. Reason: Gateway timeout
2025-10-24 11:53:00,WARNING,WARNING: Memory usage approaching threshold on srv-12. Current: 537%
2025-10-24 11:54:00,INFO,INFO: Transaction processed successfully. ID: TXN597
2025-10-24 11:57:00,INFO,INFO: User login successful. User ID: USR569
2025-10-24 11:58:00,INFO,INFO: User login successful. User ID: USR769
2025-10-24 11:59:00,ERROR,CRITICAL: Network timeout on srv-19. Latency: 426ms
2025-10-24 11:59:00,INFO,INFO: Transaction processed successfully. ID: TXN721
2025-10-24 12:03:00,INFO,INFO: Transaction processed successfully. ID: TXN557
2025-10-24 12:04:00,INFO,INFO: Cache refresh completed in 468ms
2025-10-24 12:07:00,ERROR,ERROR: High CPU utilization detected on server srv-02. Current: 317%
2025-10-24 12:09:00,INFO,INFO: Cache refresh completed in 868ms
2025-10-24 12:10:00,ERROR,ERROR: NEFT transaction failed. Transaction ID: TXN385. Reason: Gateway timeout
2025-10-24 12:14:00,WARNING,WARNING: Container srv-10 restarting due to OOM
2025-10-24 12:16:00,ERROR,ERROR: IMPS transaction failed. Transaction ID: TXN915. Reason: Invalid account
2025-10-24 12:16:00,WARNING,WARNING: Memory usage approaching threshold on srv-02. Current: 105%
2025-10-24 12:18:00,ERROR,ERROR: NEFT transaction failed. Transaction ID: TXN988. Reason: Gateway timeout
2025-10-24 12:21:00,WARNING,WARNING: Duplicate transaction detected. Transaction ID: TXN205
2025-10-24 12:23:00,WARNING,WARNING: Duplicate transaction detected. Transaction ID: TXN460
2025-10-24 12:24:00,ERROR,ERROR: RTGS transaction failed. Transaction ID: TXN750. Reason: Insufficient funds
2025-10-24 12:25:00,ERROR,ERROR: High CPU utilization detected on server srv-13. Current: 343%
2025-10-24 12:27:00,INFO,INFO: User login successful. User ID: USR920
2025-10-24 12:30:00,WARNING,WARNING: Duplicate transaction detected. Transaction ID: TXN103
2025-10-24 12:35:00,ERROR,ERROR: Disk I/O bottleneck detected on srv-16
2025-10-24 12:36:00,ERROR,ERROR: IMPS transaction failed. Transaction ID: TXN549. Reason: Invalid account
2025-10-24 12:36:00,WARNING,WARNING: Duplicate transaction detected. Transaction ID: TXN208
2025-10-24 12:36:00,WARNING,WARNING: Container srv-03 restarting due to OOM
2025-10-24 12:38:00,INFO,INFO: User login successful. User ID: USR225
2025-10-24 12:40:00,ERROR,ERROR: RTGS transaction failed. Transaction ID: TXN991. Reason: Insufficient funds
2025-10-24 12:40:00,WARNING,WARNING: Container srv-01 restarting due to OOM
2025-10-24 12:50:00,WARNING,WARNING: Container srv-12 restarting due to OOM
2025-10-24 12:51:00,WARNING,WARNING: Duplicate transaction detected. Transaction ID: TXN209
2025-10-24 12:51:00,WARNING,WARNING: Duplicate transaction detected. Transaction ID: TXN880
2025-10-24 12:56:00,INFO,INFO: User login successful. User ID: USR995
2025-10-24 12:58:00,ERROR,ERROR: Database connection pool exhausted. Connections: 289
2025-10-24 13:00:00,ERROR,ERROR: Disk I/O bottleneck detected on srv-14
2025-10-24 13:00:00,WARNING,WARNING: Container srv-03 restarting due to OOM
2025-10-24 13:01:00,ERROR,CRITICAL: Network timeout on srv-04. Latency: 680ms
2025-10-24 13:02:00,ERROR,CRITICAL: Network timeout on srv-01. Latency: 671ms
2025-10-24 13:03:00,ERROR,ERROR: IMPS transaction failed. Transaction ID: TXN71. Reason: Invalid account
2025-10-24 13:05:00,ERROR,ERROR: High CPU utilization detected on server srv-01. Current: 753%
2025-10-24 13:17:00,INFO,INFO: Cache refresh completed in 901ms
2025-10-24 13:22:00,WARNING,WARNING: Container srv-06 restarting due to OOM
2025-10-24 13:23:00,INFO,INFO: Cache refresh completed in 484ms
2025-10-24 13:25:00,ERROR,ERROR: API rate limit exceeded for endpoint /api/transactions
2025-10-24 13:26:00,ERROR,ERROR: NEFT transaction failed. Transaction ID: TXN510. Reason: Gateway timeout
2025-10-24 13:27:00,ERROR,ERROR: NEFT transaction failed. Transaction ID: TXN280. Reason: Gateway timeout
2025-10-24 13:27:00,INFO,INFO: Transaction processed successfully. ID: TXN776
2025-10-24 13:28:00,ERROR,ERROR: NEFT transaction failed. Transaction ID: TXN440. Reason: Gateway timeout
2025-10-24 13:28:00,WARNING,WARNING: Payment gateway response time exceeded SLA. Time: 220ms
2025-10-24 13:28:00,INFO,INFO: Database backup completed successfully
2025-10-24 13:30:00,ERROR,ERROR: API rate limit exceeded for endpoint /api/transactions
2025-10-24 13:35:00,INFO,INFO: Cache refresh completed in 170ms
2025-10-24 13:36:00,ERROR,CRITICAL: Network timeout on srv-15. Latency: 723ms
2025-10-24 13:37:00,INFO,INFO: Database backup completed successfully
2025-10-24 13:38:00,ERROR,ERROR: Customer authentication failed. User ID: USR443
2025-10-24 13:39:00,WARNING,WARNING: Payment gateway response time exceeded SLA. Time: 951ms
2025-10-24 13:42:00,ERROR,ERROR: RTGS transaction failed. Transaction ID: TXN994. Reason: Insufficient funds
2025-10-24 13:49:00,INFO,INFO: Cache refresh completed in 672ms
2025-10-24 13:49:00,ERROR,ERROR: IMPS transaction failed. Transaction ID: TXN764. Reason: Invalid account
2025-10-24 13:50:00,ERROR,ERROR: Customer authentication failed. User ID: USR657
2025-10-24 13:51:00,INFO,INFO: Transaction processed successfully. ID: TXN565
2025-10-24 13:53:00,WARNING,WARNING: Duplicate transaction detected. Transaction ID: TXN855
2025-10-24 13:54:00,ERROR,ERROR: Disk I/O bottleneck detected on srv-06
2025-10-24 14:03:00,ERROR,ERROR: RTGS transaction failed. Transaction ID: TXN257. Reason: Insufficient funds
2025-10-24 14:04:00,ERROR,ERROR: NEFT transaction failed. Transaction ID: TXN908. Reason: Gateway timeout
2025-10-24 14:05:00,ERROR,ERROR: RTGS transaction failed. Transaction ID: TXN125. Reason: Insufficient funds
2025-10-24 14:06:00,INFO,INFO: Database backup completed successfully
2025-10-24 14:07:00,ERROR,ERROR: IMPS transaction failed. Transaction ID: TXN730. Reason: Invalid account
2025-10-24 14:09:00,WARNING,WARNING: Payment gateway response time exceeded SLA. Time: 334ms
2025-10-24 14:12:00,ERROR,ERROR: API rate limit exceeded for endpoint /api/transactions
2025-10-24 14:13:00,ERROR,ERROR: Database connection pool exhausted. Connections: 368
2025-10-24 14:13:00,INFO,INFO: User login successful. User ID: USR956
2025-10-24 14:16:00,INFO,INFO: Database backup completed successfully
2025-10-24 14:19:00,ERROR,ERROR: IMPS transaction failed. Transaction ID: TXN307. Reason: Invalid account
2025-10-24 14:20:00,WARNING,WARNING: Payment gateway response time exceeded SLA. Time: 124ms
2025-10-24 14:21:00,WARNING,WARNING: Memory usage approaching threshold on srv-10. Current: 587%
2025-10-24 14:25:00,ERROR,ERROR: API rate limit exceeded for endpoint /api/transactions
2025-10-24 14:26:00,INFO,INFO: Transaction processed successfully. ID: TXN624
2025-10-24 14:26:00,INFO,INFO: Cache refresh completed in 967ms
2025-10-24 14:29:00,ERROR,CRITICAL: Network timeout on srv-17. Latency: 995ms
2025-10-24 14:29:00,ERROR,ERROR: API rate limit exceeded for endpoint /api/transactions
2025-10-24 14:32:00,ERROR,ERROR: High CPU utilization detected on server srv-15. Current: 979%
2025-10-24 14:34:00,WARNING,WARNING: Payment gateway response time exceeded SLA. Time: 57ms
2025-10-24 14:36:00,INFO,INFO: Cache refresh completed in 345ms
2025-10-24 14:36:00,INFO,INFO: Transaction processed successfully. ID: TXN285
2025-10-24 14:38:00,ERROR,ERROR: API rate limit exceeded for endpoint /api/transactions
2025-10-24 14:38:00,ERROR,ERROR: NEFT transaction failed. Transaction ID: TXN117. Reason: Gateway timeout
2025-10-24 14:39:00,WARNING,WARNING: Memory usage approaching threshold on srv-05. Current: 230%
2025-10-24 14:39:00,ERROR,ERROR: High CPU utilization detected on server srv-14. Current: 624%
2025-10-24 14:46:00,ERROR,ERROR: Database connection pool exhausted. Connections: 684
2025-10-24 14:46:00,ERROR,ERROR: Disk I/O bottleneck detected on srv-03
2025-10-24 14:49:00,ERROR,ERROR: Disk I/O bottleneck detected on srv-14
2025-10-24 14:50:00,ERROR,ERROR: IMPS transaction failed. Transaction ID: TXN533. Reason: Invalid account
2025-10-24 14:51:00,ERROR,ERROR: RTGS transaction failed. Transaction ID: TXN664. Reason: Insufficient funds
2025-10-24 14:51:00,ERROR,ERROR: IMPS transaction failed. Transaction ID: TXN319. Reason: Invalid account
2025-10-24 14:52:00,ERROR,CRITICAL: Network timeout on srv-18. Latency: 50ms
2025-10-24 14:54:00,ERROR,ERROR: API rate limit exceeded for endpoint /api/transactions
2025-10-24 14:56:00,ERROR,ERROR: NEFT transaction failed. Transaction ID: TXN662. Reason: Gateway timeout
2025-10-24 15:01:00,ERROR,ERROR: RTGS transaction failed. Transaction ID: TXN196. Reason: Insufficient funds
2025-10-24 15:03:00,ERROR,ERROR: Customer authentication failed. User ID: USR542
2025-10-24 15:04:00,ERROR,ERROR: Customer authentication failed. User ID: USR195
2025-10-24 15:05:00,INFO,INFO: Database backup completed successfully
2025-10-24 15:06:00,INFO,INFO: Cache refresh completed in 729ms
2025-10-24 15:08:00,ERROR,ERROR: API rate limit exceeded for endpoint /api/transactions
2025-10-24 15:08:00,WARNING,WARNING: Container srv-15 restarting due to OOM
2025-10-24 15:14:00,INFO,INFO: Database backup completed successfully
2025-10-24 15:16:00,INFO,INFO: User login successful. User ID: USR545
2025-10-24 15:17:00,ERROR,CRITICAL: Network timeout on srv-14. Latency: 635ms
2025-10-24 15:21:00,ERROR,ERROR: High CPU utilization detected on server srv-16. Current: 914%
2025-10-24 15:22:00,ERROR,ERROR: NEFT transaction failed. Transaction ID: TXN887. Reason: Gateway timeout
2025-10-24 15:23:00,ERROR,CRITICAL: Network timeout on srv-01. Latency: 182ms
2025-10-24 15:26:00,WARNING,WARNING: Memory usage approaching threshold on srv-11. Current: 815%
2025-10-24 15:26:00,ERROR,ERROR: Customer authentication failed. User ID: USR492
2025-10-24 15:29:00,WARNING,WARNING: Container srv-07 restarting due to OOM
2025-10-24 15:34:00,INFO,INFO: Cache refresh completed in 65ms
2025-10-24 15:38:00,ERROR,ERROR: Database connection pool exhausted. Connections: 62
2025-10-24 15:41:00,INFO,INFO: Transaction processed successfully. ID: TXN862
2025-10-24 15:52:00,ERROR,ERROR: API rate limit exceeded for endpoint /api/transactions
2025-10-24 15:53:00,ERROR,ERROR: Database connection pool exhausted. Connections: 931
2025-10-24 15:54:00,ERROR,CRITICAL: Network timeout on srv-10. Latency: 412ms
2025-10-24 15:55:00,INFO,INFO: User login successful. User ID: USR130
2025-10-24 15:57:00,INFO,INFO: Database backup completed successfully
2025-10-24 15:59:00,ERROR,ERROR: IMPS transaction failed. Transaction ID: TXN811. Reason: Invalid account
2025-10-24 16:00:00,ERROR,ERROR: IMPS transaction failed. Transaction ID: TXN120. Reason: Invalid account
2025-10-24 16:05:00,ERROR,ERROR: Customer authentication failed. User ID: USR302
2025-10-24 16:06:00,WARNING,WARNING: Container srv-13 restarting due to OOM
2025-10-24 16:09:00,ERROR,CRITICAL: Network timeout on srv-07. Latency: 427ms
2025-10-24 16:10:00,ERROR,ERROR: Disk I/O bottleneck detected on srv-14
2025-10-24 16:11:00,ERROR,ERROR: IMPS transaction failed. Transaction ID: TXN498. Reason: Invalid account
2025-10-24 16:14:00,ERROR,ERROR: IMPS transaction failed. Transaction ID: TXN815. Reason: Invalid account
2025-10-24 16:14:00,INFO,INFO: User login successful. User ID: USR791
2025-10-24 16:15:00,INFO,INFO: User login successful. User ID: USR384
2025-10-24 16:19:00,WARNING,WARNING: Container srv-15 restarting due to OOM
2025-10-24 16:23:00,ERROR,ERROR: API rate limit exceeded for endpoint /api/transactions
2025-10-24 16:23:00,ERROR,ERROR: API rate limit exceeded for endpoint /api/transactions
2025-10-24 16:24:00,INFO,INFO: User login successful. User ID: USR816
2025-10-24 16:27:00,ERROR,ERROR: NEFT transaction failed. Transaction ID: TXN152. Reason: Gateway timeout
2025-10-24 16:27:00,WARNING,WARNING: Duplicate transaction detected. Transaction ID: TXN929
2025-10-24 16:28:00,ERROR,ERROR: IMPS transaction failed. Transaction ID: TXN86. Reason: Invalid account
2025-10-24 16:29:00,WARNING,WARNING: Memory usage approaching threshold on srv-04. Current: 145%
2025-10-24 16:34:00,ERROR,ERROR: RTGS transaction failed. Transaction ID: TXN202. Reason: Insufficient funds
2025-10-24 16:40:00,INFO,INFO: User login successful. User ID: USR642
2025-10-24 16:41:00,INFO,INFO: Cache refresh completed in 750ms
2025-10-24 16:42:00,ERROR,ERROR: Customer authentication failed. User ID: USR947
2025-10-24 16:43:00,ERROR,ERROR: NEFT transaction failed. Transaction ID: TXN652. Reason: Gateway timeout
2025-10-24 16:44:00,ERROR,ERROR: High CPU utilization detected on server srv-03. Current: 342%
2025-10-24 16:44:00,WARNING,WARNING: Memory usage approaching threshold on srv-12. Current: 246%
2025-10-24 16:45:00,INFO,INFO: User login successful. User ID: USR58
2025-10-24 16:45:00,WARNING,WARNING: Container srv-07 restarting due to OOM
2025-10-24 16:46:00,ERROR,CRITICAL: Network timeout on srv-03. Latency: 769ms
2025-10-24 16:47:00,ERROR,ERROR: High CPU utilization detected on server srv-01. Current: 833%
2025-10-24 16:51:00,INFO,INFO: Transaction processed successfully. ID: TXN776
2025-10-24 16:53:00,INFO,INFO: Database backup completed successfully
2025-10-24 17:01:00,WARNING,WARNING: Duplicate transaction detected. Transaction ID: TXN791
2025-10-24 17:02:00,ERROR,ERROR: API rate limit exceeded for endpoint /api/transactions
2025-10-24 17:06:00,WARNING,WARNING: Duplicate transaction detected. Transaction ID: TXN272
2025-10-24 17:09:00,ERROR,ERROR: High CPU utilization detected on server srv-07. Current: 237%
2025-10-24 17:11:00,WARNING,WARNING: Memory usage approaching threshold on srv-07. Current: 776%
2025-10-24 17:16:00,ERROR,ERROR: Disk I/O bottleneck detected on srv-03
2025-10-24 17:17:00,INFO,INFO: Database backup completed successfully
2025-10-24 17:20:00,WARNING,WARNING: Container srv-15 restarting due to OOM
2025-10-24 17:20:00,INFO,INFO: Transaction processed successfully. ID: TXN960
2025-10-24 17:21:00,INFO,INFO: Transaction processed successfully. ID: TXN453
2025-10-24 17:21:00,INFO,INFO: Database backup completed successfully
2025-10-24 17:24:00,INFO,INFO: User login successful. User ID: USR897
2025-10-24 17:24:00,ERROR,ERROR: API rate limit exceeded for endpoint /api/transactions
2025-10-24 17:24:00,ERROR,CRITICAL: Network timeout on srv-04. Latency: 830ms
2025-10-24 17:29:00,WARNING,WARNING: Container srv-15 restarting due to OOM
2025-10-24 17:36:00,WARNING,WARNING: Memory usage approaching threshold on srv-09. Current: 349%
2025-10-24 17:41:00,INFO,INFO: Cache refresh completed in 271ms
2025-10-24 17:42:00,WARNING,WARNING: Container srv-18 restarting due to OOM
2025-10-24 17:43:00,INFO,INFO: Database backup completed successfully
2025-10-24 17:45:00,INFO,INFO: User login successful. User ID: USR876
2025-10-24 17:48:00,ERROR,ERROR: Disk I/O bottleneck detected on srv-02
2025-10-24 17:52:00,ERROR,ERROR: IMPS transaction failed. Transaction ID: TXN269. Reason: Invalid account
2025-10-24 17:53:00,ERROR,ERROR: Customer authentication failed. User ID: USR357
2025-10-24 17:54:00,ERROR,ERROR: Database connection pool exhausted. Connections: 598
2025-10-24 17:55:00,INFO,INFO: Transaction processed successfully. ID: TXN497
2025-10-24 17:59:00,ERROR,ERROR: Database connection pool exhausted. Connections: 771
2025-10-24 17:59:00,ERROR,ERROR: Database connection pool exhausted. Connections: 722
2025-10-24 18:02:00,INFO,INFO: Database backup completed successfully
2025-10-24 18:04:00,ERROR,ERROR: High CPU utilization detected on server srv-05. Current: 510%
2025-10-24 18:05:00,WARNING,WARNING: Payment gateway response time exceeded SLA. Time: 969ms
2025-10-24 18:07:00,ERROR,ERROR: API rate limit exceeded for endpoint /api/transactions
2025-10-24 18:08:00,ERROR,ERROR: API rate limit exceeded for endpoint /api/transactions
2025-10-24 18:09:00,INFO,INFO: User login successful. User ID: USR889
2025-10-24 18:13:00,INFO,INFO: Cache refresh completed in 55ms
2025-10-24 18:18:00,ERROR,ERROR: RTGS transaction failed. Transaction ID: TXN129. Reason: Insufficient funds
2025-10-24 18:23:00,INFO,INFO: Cache refresh completed in 632ms
2025-10-24 18:26:00,INFO,INFO: User login successful. User ID: USR91
2025-10-24 18:29:00,WARNING,WARNING: Memory usage approaching threshold on srv-02. Current: 676%
2025-10-24 18:31:00,INFO,INFO: Transaction processed successfully. ID: TXN574
2025-10-24 18:32:00,WARNING,WARNING: Memory usage approaching threshold on srv-09. Current: 302%
2025-10-24 18:34:00,ERROR,ERROR: NEFT transaction failed. Transaction ID: TXN105. Reason: Gateway timeout
2025-10-24 18:34:00,ERROR,CRITICAL: Network timeout on srv-05. Latency: 645ms
2025-10-24 18:36:00,ERROR,ERROR: NEFT transaction failed. Transaction ID: TXN867. Reason: Gateway timeout
2025-10-24 18:36:00,ERROR,ERROR: High CPU utilization detected on server srv-16. Current: 559%
2025-10-24 18:38:00,WARNING,WARNING: Duplicate transaction detected. Transaction ID: TXN347
2025-10-24 18:39:00,ERROR,ERROR: NEFT transaction failed. Transaction ID: TXN192. Reason: Gateway timeout
2025-10-24 18:45:00,ERROR,ERROR: Disk I/O bottleneck detected on srv-08
2025-10-24 18:45:00,INFO,INFO: Transaction processed successfully. ID: TXN530
2025-10-24 18:48:00,ERROR,ERROR: RTGS transaction failed. Transaction ID: TXN144. Reason: Insufficient funds
2025-10-24 18:52:00,INFO,INFO: User login successful. User ID: USR914
2025-10-24 18:52:00,INFO,INFO: Transaction processed successfully. ID: TXN794
2025-10-24 18:53:00,ERROR,ERROR: RTGS transaction failed. Transaction ID: TXN331. Reason: Insufficient funds
2025-10-24 18:54:00,ERROR,ERROR: Customer authentication failed. User ID: USR870
2025-10-24 18:58:00,INFO,INFO: User login successful. User ID: USR849
2025-10-24 18:59:00,WARNING,WARNING: Duplicate transaction detected. Transaction ID: TXN914
2025-10-24 19:00:00,INFO,INFO: Transaction processed successfully. ID: TXN266
2025-10-24 19:01:00,INFO,INFO: Database backup completed successfully
2025-10-24 19:02:00,ERROR,ERROR: RTGS transaction failed. Transaction ID: TXN425. Reason: Insufficient funds
2025-10-24 19:05:00,INFO,INFO: User login successful. User ID: USR185
2025-10-24 19:06:00,WARNING,WARNING: Duplicate transaction detected. Transaction ID: TXN98
2025-10-24 19:08:00,WARNING,WARNING: Memory usage approaching threshold on srv-01. Current: 860%
2025-10-24 19:15:00,WARNING,WARNING: Container srv-08 restarting due to OOM
2025-10-24 19:18:00,ERROR,ERROR: API rate limit exceeded for endpoint /api/transactions
2025-10-24 19:21:00,ERROR,ERROR: API rate limit exceeded for endpoint /api/transactions
2025-10-24 19:21:00,INFO,INFO: Cache refresh completed in 992ms
2025-10-24 19:23:00,ERROR,ERROR: High CPU utilization detected on server srv-18. Current: 643%
2025-10-24 19:23:00,WARNING,WARNING: Payment gateway response time exceeded SLA. Time: 377ms
2025-10-24 19:34:00,ERROR,ERROR: RTGS transaction failed. Transaction ID: TXN295. Reason: Insufficient funds
2025-10-24 19:35:00,INFO,INFO: Transaction processed successfully. ID: TXN221
2025-10-24 19:37:00,ERROR,ERROR: RTGS transaction failed. Transaction ID: TXN135. Reason: Insufficient funds
2025-10-24 19:37:00,ERROR,ERROR: Customer authentication failed. User ID: USR601
2025-10-24 19:40:00,ERROR,ERROR: Disk I/O bottleneck detected on srv-02
2025-10-24 19:42:00,ERROR,ERROR: NEFT transaction failed. Transaction ID: TXN789. Reason: Gateway timeout
2025-10-24 19:45:00,INFO,INFO: Cache refresh completed in 671ms
2025-10-24 19:47:00,ERROR,ERROR: Customer authentication failed. User ID: USR727
2025-10-24 19:49:00,INFO,INFO: Cache refresh completed in 874ms
2025-10-24 19:50:00,ERROR,ERROR: High CPU utilization detected on server srv-11. Current: 859%
2025-10-24 19:52:00,ERROR,ERROR: Customer authentication failed. User ID: USR432
2025-10-24 19:54:00,INFO,INFO: Cache refresh completed in 274ms
2025-10-24 19:54:00,INFO,INFO: Database backup completed successfully
2025-10-24 19:54:00,WARNING,WARNING: Memory usage approaching threshold on srv-18. Current: 362%
2025-10-24 19:55:00,ERROR,ERROR: NEFT transaction failed. Transaction ID: TXN479. Reason: Gateway timeout
2025-10-24 19:58:00,INFO,INFO: User login successful. User ID: USR959
2025-10-24 20:00:00,ERROR,CRITICAL: Network timeout on srv-14. Latency: 262ms
2025-10-24 20:01:00,ERROR,ERROR: IMPS transaction failed. Transaction ID: TXN337. Reason: Invalid account
2025-10-24 20:03:00,INFO,INFO: User login successful. User ID: USR268
2025-10-24 20:03:00,ERROR,ERROR: High CPU utilization detected on server srv-01. Current: 953%
2025-10-24 20:04:00,WARNING,WARNING: Container srv-15 restarting due to OOM
2025-10-24 20:05:00,WARNING,WARNING: Duplicate transaction detected. Transaction ID: TXN455
2025-10-24 20:08:00,WARNING,WARNING: Container srv-03 restarting due to OOM
2025-10-24 20:12:00,ERROR,CRITICAL: Network timeout on srv-11. Latency: 100ms
2025-10-24 20:13:00,WARNING,WARNING: Payment gateway response time exceeded SLA. Time: 60ms
2025-10-24 20:14:00,ERROR,ERROR: IMPS transaction failed. Transaction ID: TXN934. Reason: Invalid account
2025-10-24 20:14:00,INFO,INFO: Cache refresh completed in 574ms
2025-10-24 20:15:00,ERROR,ERROR: RTGS transaction failed. Transaction ID: TXN308. Reason: Insufficient funds
2025-10-24 20:17:00,WARNING,WARNING: Duplicate transaction detected. Transaction ID: TXN855
2025-10-24 20:20:00,ERROR,ERROR: NEFT transaction failed. Transaction ID: TXN474. Reason: Gateway timeout
2025-10-24 20:21:00,ERROR,ERROR: IMPS transaction failed. Transaction ID: TXN834. Reason: Invalid account
2025-10-24 20:21:00,WARNING,WARNING: Duplicate transaction detected. Transaction ID: TXN475
2025-10-24 20:26:00,ERROR,ERROR: Database connection pool exhausted. Connections: 166
2025-10-24 20:28:00,WARNING,WARNING: Memory usage approaching threshold on srv-17. Current: 994%
2025-10-24 20:32:00,INFO,INFO: Database backup completed successfully
2025-10-24 20:34:00,WARNING,WARNING: Memory usage approaching threshold on srv-08. Current: 431%
2025-10-24 20:34:00,WARNING,WARNING: Duplicate transaction detected. Transaction ID: TXN96
2025-10-24 20:34:00,ERROR,ERROR: RTGS transaction failed. Transaction ID: TXN180. Reason: Insufficient funds
2025-10-24 20:37:00,INFO,INFO: Cache refresh completed in 490ms
2025-10-24 20:39:00,INFO,INFO: User login successful. User ID: USR648
2025-10-24 20:42:00,WARNING,WARNING: Payment gateway response time exceeded SLA. Time: 306ms
2025-10-24 20:45:00,INFO,INFO: Cache refresh completed in 793ms
2025-10-24 20:49:00,ERROR,ERROR: API rate limit exceeded for endpoint /api/transactions
2025-10-24 20:52:00,INFO,INFO: User login successful. User ID: USR121
2025-10-24 20:53:00,INFO,INFO: Cache refresh completed in 759ms
2025-10-24 20:53:00,INFO,INFO: Cache refresh completed in 84ms
2025-10-24 20:57:00,ERROR,ERROR: Disk I/O bottleneck detected on srv-11
2025-10-24 20:58:00,ERROR,ERROR: Customer authentication failed. User ID: USR116
2025-10-24 20:59:00,INFO,INFO: Cache refresh completed in 592ms
2025-10-24 21:03:00,INFO,INFO: User login successful. User ID: USR503
2025-10-24 21:05:00,WARNING,WARNING: Memory usage approaching threshold on srv-07. Current: 810%
2025-10-24 21:09:00,INFO,INFO: Cache refresh completed in 932ms
2025-10-24 21:11:00,INFO,INFO: Database backup completed successfully
2025-10-24 21:14:00,ERROR,ERROR: IMPS transaction failed. Transaction ID: TXN937. Reason: Invalid account
2025-10-24 21:19:00,ERROR,CRITICAL: Network timeout on srv-19. Latency: 707ms
2025-10-24 21:21:00,ERROR,ERROR: Customer authentication failed. User ID: USR113
2025-10-24 21:24:00,INFO,INFO: Transaction processed successfully. ID: TXN947
2025-10-24 21:26:00,ERROR,ERROR: Database connection pool exhausted. Connections: 147
2025-10-24 21:26:00,ERROR,ERROR: Database connection pool exhausted. Connections: 427
2025-10-24 21:27:00,ERROR,ERROR: IMPS transaction failed. Transaction ID: TXN696. Reason: Invalid account
2025-10-24 21:29:00,WARNING,WARNING: Container srv-01 restarting due to OOM
2025-10-24 21:29:00,WARNING,WARNING: Memory usage approaching threshold on srv-19. Current: 564%
2025-10-24 21:30:00,ERROR,CRITICAL: Network timeout on srv-14. Latency: 775ms
2025-10-24 21:38:00,WARNING,WARNING: Memory usage approaching threshold on srv-12. Current: 539%
2025-10-24 21:40:00,ERROR,ERROR: NEFT transaction failed. Transaction ID: TXN587. Reason: Gateway timeout
2025-10-24 21:41:00,ERROR,ERROR: Customer authentication failed. User ID: USR211
2025-10-24 21:47:00,WARNING,WARNING: Container srv-10 restarting due to OOM
2025-10-24 21:47:00,ERROR,ERROR: NEFT transaction failed. Transaction ID: TXN914. Reason: Gateway timeout
2025-10-24 21:48:00,INFO,INFO: User login successful. User ID: USR929
2025-10-24 21:49:00,WARNING,WARNING: Container srv-10 restarting due to OOM
2025-10-24 21:49:00,INFO,INFO: Transaction processed successfully. ID: TXN238
2025-10-24 21:56:00,WARNING,WARNING: Container srv-09 restarting due to OOM
2025-10-24 22:00:00,ERROR,ERROR: API rate limit exceeded for endpoint /api/transactions
2025-10-24 22:01:00,ERROR,ERROR: Customer authentication failed. User ID: USR704
2025-10-24 22:02:00,ERROR,ERROR: NEFT transaction failed. Transaction ID: TXN605. Reason: Gateway timeout
2025-10-24 22:04:00,ERROR,ERROR: Customer authentication failed. User ID: USR206
2025-10-24 22:06:00,ERROR,ERROR: RTGS transaction failed. Transaction ID: TXN756. Reason: Insufficient funds
2025-10-24 22:09:00,WARNING,WARNING: Container srv-02 restarting due to OOM
2025-10-24 22:09:00,WARNING,WARNING: Payment gateway response time exceeded SLA. Time: 695ms
2025-10-24 22:10:00,ERROR,ERROR: High CPU utilization detected on server srv-04. Current: 938%
2025-10-24 22:11:00,WARNING,WARNING: Memory usage approaching threshold on srv-12. Current: 496%
2025-10-24 22:18:00,WARNING,WARNING: Payment gateway response time exceeded SLA. Time: 982ms
2025-10-24 22:20:00,INFO,INFO: Database backup completed successfully
2025-10-24 22:20:00,ERROR,ERROR: Database connection pool exhausted. Connections: 715
2025-10-24 22:25:00,INFO,INFO: User login successful. User ID: USR956
2025-10-24 22:27:00,INFO,INFO: Cache refresh completed in 477ms
2025-10-24 22:29:00,ERROR,ERROR: RTGS transaction failed. Transaction ID: TXN337. Reason: Insufficient funds
2025-10-24 22:30:00,ERROR,ERROR: API rate limit exceeded for endpoint /api/transactions
2025-10-24 22:30:00,ERROR,ERROR: RTGS transaction failed. Transaction ID: TXN647. Reason: Insufficient funds
2025-10-24 22:32:00,WARNING,WARNING: Memory usage approaching threshold on srv-03. Current: 442%
2025-10-24 22:35:00,WARNING,WARNING: Payment gateway response time exceeded SLA. Time: 655ms
2025-10-24 22:36:00,WARNING,WARNING: Duplicate transaction detected. Transaction ID: TXN198
2025-10-24 22:37:00,ERROR,ERROR: High CPU utilization detected on server srv-04. Current: 909%
2025-10-24 22:38:00,WARNING,WARNING: Container srv-17 restarting due to OOM
2025-10-24 22:38:00,INFO,INFO: Database backup completed successfully
2025-10-24 22:41:00,WARNING,WARNING: Container srv-18 restarting due to OOM
2025-10-24 22:42:00,WARNING,WARNING: Payment gateway response time exceeded SLA. Time: 83ms
2025-10-24 22:43:00,ERROR,ERROR: RTGS transaction failed. Transaction ID: TXN119. Reason: Insufficient funds
2025-10-24 22:50:00,ERROR,CRITICAL: Network timeout on srv-18. Latency: 811ms
2025-10-24 22:52:00,INFO,INFO: Cache refresh completed in 435ms
2025-10-24 22:55:00,ERROR,ERROR: Customer authentication failed. User ID: USR96
2025-10-24 22:56:00,ERROR,ERROR: Database connection pool exhausted. Connections: 129
2025-10-24 22:58:00,WARNING,WARNING: Memory usage approaching threshold on srv-17. Current: 996%
2025-10-24 22:58:00,INFO,INFO: Database backup completed successfully
2025-10-24 22:59:00,ERROR,ERROR: NEFT transaction failed. Transaction ID: TXN455. Reason: Gateway timeout
2025-10-24 22:59:00,ERROR,ERROR: High CPU utilization detected on server srv-13. Current: 508%
2025-10-24 23:00:00,ERROR,ERROR: API rate limit exceeded for endpoint /api/transactions
2025-10-24 23:00:00,ERROR,ERROR: NEFT transaction failed. Transaction ID: TXN907. Reason: Gateway timeout
2025-10-24 23:05:00,INFO,INFO: Database backup completed successfully
2025-10-24 23:05:00,ERROR,CRITICAL: Network timeout on srv-16. Latency: 758ms
2025-10-24 23:09:00,ERROR,ERROR: Customer authentication failed. User ID: USR813
2025-10-24 23:11:00,ERROR,ERROR: Customer authentication failed. User ID: USR973
2025-10-24 23:14:00,INFO,INFO: Database backup completed successfully
2025-10-24 23:17:00,INFO,INFO: Transaction processed successfully. ID: TXN713
2025-10-24 23:19:00,ERROR,ERROR: NEFT transaction failed. Transaction ID: TXN95. Reason: Gateway timeout
2025-10-24 23:26:00,ERROR,ERROR: API rate limit exceeded for endpoint /api/transactions
2025-10-24 23:27:00,ERROR,CRITICAL: Network timeout on srv-02. Latency: 921ms
2025-10-24 23:31:00,INFO,INFO: Transaction processed successfully. ID: TXN520
2025-10-24 23:34:00,ERROR,ERROR: Database connection pool exhausted. Connections: 379
2025-10-24 23:38:00,INFO,INFO: Cache refresh completed in 240ms
2025-10-24 23:40:00,WARNING,WARNING: Payment gateway response time exceeded SLA. Time: 575ms
2025-10-24 23:40:00,WARNING,WARNING: Duplicate transaction detected. Transaction ID: TXN960
2025-10-24 23:46:00,ERROR,ERROR: High CPU utilization detected on server srv-17. Current: 899%
2025-10-24 23:46:00,ERROR,ERROR: Database connection pool exhausted. Connections: 499
2025-10-24 23:47:00,WARNING,WARNING: Payment gateway response time exceeded SLA. Time: 856ms
2025-10-24 23:48:00,ERROR,ERROR: Customer authentication failed. User ID: USR449
2025-10-24 23:51:00,INFO,INFO: User login successful. User ID: USR571
2025-10-24 23:51:00,WARNING,WARNING: Duplicate transaction detected. Transaction ID: TXN604
2025-10-24 23:52:00,WARNING,WARNING: Container srv-13 restarting due to OOM
2025-10-24 23:54:00,WARNING,WARNING: Duplicate transaction detected. Transaction ID: TXN760
2025-10-24 23:57:00,ERROR,ERROR: High CPU utilization detected on server srv-09. Current: 230%
2025-10-24 23:57:00,WARNING,WARNING: Duplicate transaction detected. Transaction ID: TXN990
2025-10-25 00:01:00,ERROR,ERROR: Customer authentication failed. User ID: USR466
2025-10-25 00:04:00,WARNING,WARNING: Duplicate transaction detected. Transaction ID: TXN168
2025-10-25 00:08:00,INFO,INFO: Cache refresh completed in 713ms
2025-10-25 00:09:00,ERROR,ERROR: IMPS transaction failed. Transaction ID: TXN843. Reason: Invalid account
2025-10-25 00:10:00,INFO,INFO: Transaction processed successfully. ID: TXN379
2025-10-25 00:10:00,INFO,INFO: User login successful. User ID: USR842
2025-10-25 00:11:00,ERROR,ERROR: NEFT transaction failed. Transaction ID: TXN389. Reason: Gateway timeout
2025-10-25 00:11:00,ERROR,ERROR: Customer authentication failed. User ID: USR112
2025-10-25 00:12:00,ERROR,CRITICAL: Network timeout on srv-07. Latency: 948ms
2025-10-25 00:14:00,INFO,INFO: Database backup completed successfully
2025-10-25 00:15:00,INFO,INFO: Transaction processed successfully. ID: TXN727
2025-10-25 00:15:00,WARNING,WARNING: Container srv-18 restarting due to OOM
2025-10-25 00:15:00,ERROR,ERROR: Disk I/O bottleneck detected on srv-08
2025-10-25 00:16:00,WARNING,WARNING: Payment gateway response time exceeded SLA. Time: 191ms
2025-10-25 00:16:00,ERROR,ERROR: NEFT transaction failed. Transaction ID: TXN333. Reason: Gateway timeout
2025-10-25 00:16:00,WARNING,WARNING: Duplicate transaction detected. Transaction ID: TXN219
2025-10-25 00:17:00,ERROR,CRITICAL: Network timeout on srv-01. Latency: 979ms
2025-10-25 00:19:00,ERROR,CRITICAL: Network timeout on srv-11. Latency: 723ms
2025-10-25 00:24:00,INFO,INFO: Transaction processed successfully. ID: TXN608
2025-10-25 00:24:00,WARNING,WARNING: Payment gateway response time exceeded SLA. Time: 692ms
2025-10-25 00:25:00,ERROR,ERROR: API rate limit exceeded for endpoint /api/transactions
2025-10-25 00:32:00,INFO,INFO: Database backup completed successfully
2025-10-25 00:32:00,ERROR,ERROR: High CPU utilization detected on server srv-10. Current: 403%
2025-10-25 00:32:00,INFO,INFO: User login successful. User ID: USR545
2025-10-25 00:34:00,ERROR,ERROR: Database connection pool exhausted. Connections: 733
2025-10-25 00:35:00,ERROR,ERROR: High CPU utilization detected on server srv-17. Current: 403%
2025-10-25 00:35:00,ERROR,ERROR: Database connection pool exhausted. Connections: 748
2025-10-25 00:36:00,INFO,INFO: Transaction processed successfully. ID: TXN623
2025-10-25 00:37:00,INFO,INFO: User login successful. User ID: USR225
2025-10-25 00:39:00,ERROR,ERROR: API rate limit exceeded for endpoint /api/transactions
2025-10-25 00:41:00,ERROR,ERROR: High CPU utilization detected on server srv-12. Current: 974%
2025-10-25 00:47:00,ERROR,CRITICAL: Network timeout on srv-18. Latency: 476ms
2025-10-25 00:48:00,ERROR,ERROR: Customer authentication failed. User ID: USR654
2025-10-25 00:50:00,ERROR,ERROR: IMPS transaction failed. Transaction ID: TXN637. Reason: Invalid account
2025-10-25 00:52:00,ERROR,ERROR: Customer authentication failed. User ID: USR789
2025-10-25 00:52:00,ERROR,CRITICAL: Network timeout on srv-03. Latency: 819ms
2025-10-25 00:53:00,WARNING,WARNING: Container srv-07 restarting due to OOM
2025-10-25 00:54:00,WARNING,WARNING: Payment gateway response time exceeded SLA. Time: 733ms
2025-10-25 00:59:00,INFO,INFO: Transaction processed successfully. ID: TXN674
2025-10-25 01:02:00,ERROR,ERROR: Customer authentication failed. User ID: USR566
2025-10-25 01:06:00,ERROR,ERROR: Customer authentication failed. User ID: USR463
2025-10-25 01:12:00,ERROR,ERROR: RTGS transaction failed. Transaction ID: TXN733. Reason: Insufficient funds
2025-10-25 01:13:00,WARNING,WARNING: Memory usage approaching threshold on srv-06. Current: 885%
2025-10-25 01:13:00,INFO,INFO: Database backup completed successfully
2025-10-25 01:14:00,ERROR,ERROR: IMPS transaction failed. Transaction ID: TXN700. Reason: Invalid account
2025-10-25 01:16:00,ERROR,ERROR: IMPS transaction failed. Transaction ID: TXN976. Reason: Invalid account
2025-10-25 01:16:00,WARNING,WARNING: Container srv-11 restarting due to OOM
2025-10-25 01:20:00,INFO,INFO: Transaction processed successfully. ID: TXN954
2025-10-25 01:21:00,ERROR,CRITICAL: Network timeout on srv-16. Latency: 255ms
2025-10-25 01:25:00,INFO,INFO: User login successful. User ID: USR451
2025-10-25 01:26:00,ERROR,ERROR: NEFT transaction failed. Transaction ID: TXN272. Reason: Gateway timeout
2025-10-25 01:29:00,INFO,INFO: Cache refresh completed in 988ms
2025-10-25 01:32:00,WARNING,WARNING: Container srv-06 restarting due to OOM
2025-10-25 01:33:00,ERROR,ERROR: High CPU utilization detected on server srv-05. Current: 476%
2025-10-25 01:36:00,ERROR,ERROR: Customer authentication failed. User ID: USR141
2025-10-25 01:38:00,ERROR,CRITICAL: Network timeout on srv-11. Latency: 619ms
2025-10-25 01:39:00,ERROR,CRITICAL: Network timeout on srv-08. Latency: 821ms
2025-10-25 01:43:00,ERROR,ERROR: Disk I/O bottleneck detected on srv-19
2025-10-25 01:46:00,ERROR,ERROR: NEFT transaction failed. Transaction ID: TXN918. Reason: Gateway timeout
2025-10-25 01:46:00,ERROR,ERROR: Database connection pool exhausted. Connections: 961
2025-10-25 01:47:00,ERROR,ERROR: Database connection pool exhausted. Connections: 625
2025-10-25 01:48:00,ERROR,ERROR: High CPU utilization detected on server srv-09. Current: 89%
2025-10-25 01:49:00,ERROR,ERROR: RTGS transaction failed. Transaction ID: TXN761. Reason: Insufficient funds
2025-10-25 01:50:00,ERROR,ERROR: High CPU utilization detected on server srv-05. Current: 87%
2025-10-25 01:50:00,ERROR,CRITICAL: Network timeout on srv-18. Latency: 608ms
2025-10-25 01:56:00,ERROR,ERROR: API rate limit exceeded for endpoint /api/transactions
2025-10-25 01:57:00,WARNING,WARNING: Duplicate transaction detected. Transaction ID: TXN512
2025-10-25 02:06:00,WARNING,WARNING: Memory usage approaching threshold on srv-01. Current: 417%
2025-10-25 02:06:00,INFO,INFO: Transaction processed successfully. ID: TXN479
2025-10-25 02:07:00,INFO,INFO: Cache refresh completed in 433ms
2025-10-25 02:09:00,ERROR,ERROR: NEFT transaction failed. Transaction ID: TXN447. Reason: Gateway timeout
2025-10-25 02:09:00,WARNING,WARNING: Duplicate transaction detected. Transaction ID: TXN859
2025-10-25 02:11:00,WARNING,WARNING: Memory usage approaching threshold on srv-12. Current: 83%
2025-10-25 02:13:00,ERROR,ERROR: Disk I/O bottleneck detected on srv-18
2025-10-25 02:15:00,ERROR,ERROR: IMPS transaction failed. Transaction ID: TXN852. Reason: Invalid account
2025-10-25 02:16:00,ERROR,CRITICAL: Network timeout on srv-14. Latency: 289ms
2025-10-25 02:17:00,WARNING,WARNING: Payment gateway response time exceeded SLA. Time: 415ms
2025-10-25 02:19:00,INFO,INFO: Cache refresh completed in 375ms
2025-10-25 02:19:00,ERROR,ERROR: API rate limit exceeded for endpoint /api/transactions
2025-10-25 02:19:00,ERROR,ERROR: RTGS transaction failed. Transaction ID: TXN215. Reason: Insufficient funds
2025-10-25 02:21:00,ERROR,ERROR: Customer authentication failed. User ID: USR974
2025-10-25 02:23:00,ERROR,ERROR: High CPU utilization detected on server srv-03. Current: 217%
2025-10-25 02:29:00,ERROR,ERROR: Customer authentication failed. User ID: USR945
2025-10-25 02:29:00,ERROR,ERROR: Customer authentication failed. User ID: USR202
2025-10-25 02:31:00,ERROR,ERROR: RTGS transaction failed. Transaction ID: TXN100. Reason: Insufficient funds
2025-10-25 02:34:00,ERROR,ERROR: RTGS transaction failed. Transaction ID: TXN203. Reason: Insufficient funds
2025-10-25 02:36:00,INFO,INFO: Database backup completed successfully
2025-10-25 02:40:00,ERROR,ERROR: High CPU utilization detected on server srv-16. Current: 900%
2025-10-25 02:40:00,ERROR,ERROR: Disk I/O bottleneck detected on srv-16
2025-10-25 02:42:00,INFO,INFO: Transaction processed successfully. ID: TXN104
2025-10-25 02:42:00,WARNING,WARNING: Duplicate transaction detected. Transaction ID: TXN580
2025-10-25 02:42:00,ERROR,ERROR: IMPS transaction failed. Transaction ID: TXN228. Reason: Invalid account
2025-10-25 02:43:00,ERROR,CRITICAL: Network timeout on srv-11. Latency: 52ms
2025-10-25 02:54:00,ERROR,ERROR: Disk I/O bottleneck detected on srv-13
2025-10-25 02:58:00,ERROR,ERROR: API rate limit exceeded for endpoint /api/transactions
2025-10-25 02:59:00,WARNING,WARNING: Container srv-17 restarting due to OOM
2025-10-25 03:00:00,WARNING,WARNING: Duplicate transaction detected. Transaction ID: TXN698
2025-10-25 03:04:00,WARNING,WARNING: Memory usage approaching threshold on srv-04. Current: 482%
2025-10-25 03:04:00,WARNING,WARNING: Duplicate transaction detected. Transaction ID: TXN229
2025-10-25 03:07:00,ERROR,ERROR: Customer authentication failed. User ID: USR335
2025-10-25 03:09:00,INFO,INFO: Transaction processed successfully. ID: TXN516
2025-10-25 03:10:00,WARNING,WARNING: Container srv-10 restarting due to OOM
2025-10-25 03:13:00,WARNING,WARNING: Container srv-05 restarting due to OOM
2025-10-25 03:15:00,WARNING,WARNING: Payment gateway response time exceeded SLA. Time: 391ms
2025-10-25 03:15:00,WARNING,WARNING: Payment gateway response time exceeded SLA. Time: 415ms
2025-10-25 03:19:00,WARNING,WARNING: Container srv-11 restarting due to OOM
2025-10-25 03:19:00,INFO,INFO: User login successful. User ID: USR514
2025-10-25 03:22:00,WARNING,WARNING: Memory usage approaching threshold on srv-05. Current: 811%
2025-10-25 03:27:00,ERROR,ERROR: Customer authentication failed. User ID: USR509
2025-10-25 03:28:00,INFO,INFO: Transaction processed successfully. ID: TXN675
2025-10-25 03:31:00,INFO,INFO: Transaction processed successfully. ID: TXN635
2025-10-25 03:31:00,ERROR,CRITICAL: Network timeout on srv-05. Latency: 187ms
2025-10-25 03:32:00,ERROR,CRITICAL: Network timeout on srv-05. Latency: 194ms
2025-10-25 03:35:00,INFO,INFO: Database backup completed successfully
2025-10-25 03:36:00,ERROR,ERROR: IMPS transaction failed. Transaction ID: TXN263. Reason: Invalid account
2025-10-25 03:37:00,INFO,INFO: Transaction processed successfully. ID: TXN215
2025-10-25 03:38:00,WARNING,WARNING: Payment gateway response time exceeded SLA. Time: 540ms
2025-10-25 03:40:00,ERROR,ERROR: Disk I/O bottleneck detected on srv-10
2025-10-25 03:41:00,ERROR,ERROR: Disk I/O bottleneck detected on srv-12
2025-10-25 03:41:00,INFO,INFO: User login successful. User ID: USR742
2025-10-25 03:41:00,INFO,INFO: User login successful. User ID: USR185
2025-10-25 03:50:00,ERROR,ERROR: Database connection pool exhausted. Connections: 842
2025-10-25 03:54:00,ERROR,ERROR: NEFT transaction failed. Transaction ID: TXN759. Reason: Gateway timeout
2025-10-25 03:55:00,ERROR,ERROR: RTGS transaction failed. Transaction ID: TXN314. Reason: Insufficient funds
2025-10-25 04:03:00,ERROR,ERROR: Customer authentication failed. User ID: USR608
2025-10-25 04:04:00,ERROR,ERROR: IMPS transaction failed. Transaction ID: TXN791. Reason: Invalid account
2025-10-25 04:05:00,WARNING,WARNING: Memory usage approaching threshold on srv-07. Current: 937%
2025-10-25 04:09:00,ERROR,ERROR: NEFT transaction failed. Transaction ID: TXN263. Reason: Gateway timeout
2025-10-25 04:11:00,WARNING,WARNING: Container srv-02 restarting due to OOM
2025-10-25 04:14:00,ERROR,ERROR: RTGS transaction failed. Transaction ID: TXN65. Reason: Insufficient funds
2025-10-25 04:16:00,INFO,INFO: User login successful. User ID: USR521
2025-10-25 04:17:00,ERROR,ERROR: Customer authentication failed. User ID: USR345
2025-10-25 04:20:00,WARNING,WARNING: Duplicate transaction detected. Transaction ID: TXN178
2025-10-25 04:22:00,ERROR,ERROR: Disk I/O bottleneck detected on srv-10
2025-10-25 04:23:00,ERROR,CRITICAL: Network timeout on srv-01. Latency: 976ms
2025-10-25 04:26:00,INFO,INFO: Database backup completed successfully
2025-10-25 04:27:00,WARNING,WARNING: Payment gateway response time exceeded SLA. Time: 284ms
2025-10-25 04:28:00,WARNING,WARNING: Container srv-13 restarting due to OOM
2025-10-25 04:33:00,ERROR,ERROR: Database connection pool exhausted. Connections: 902
2025-10-25 04:37:00,ERROR,ERROR: NEFT transaction failed. Transaction ID: TXN60. Reason: Gateway timeout
2025-10-25 04:39:00,WARNING,WARNING: Duplicate transaction detected. Transaction ID: TXN819
2025-10-25 04:40:00,ERROR,ERROR: IMPS transaction failed. Transaction ID: TXN970. Reason: Invalid account
2025-10-25 04:43:00,ERROR,CRITICAL: Network timeout on srv-14. Latency: 887ms
2025-10-25 04:44:00,WARNING,WARNING: Duplicate transaction detected. Transaction ID: TXN676
2025-10-25 04:46:00,ERROR,ERROR: Database connection pool exhausted. Connections: 653
2025-10-25 04:46:00,INFO,INFO: User login successful. User ID: USR117
2025-10-25 04:48:00,ERROR,ERROR: Disk I/O bottleneck detected on srv-11
2025-10-25 04:49:00,INFO,INFO: User login successful. User ID: USR950
2025-10-25 04:49:00,INFO,INFO: User login successful. User ID: USR644
2025-10-25 04:54:00,INFO,INFO: User login successful. User ID: USR737
2025-10-25 04:58:00,ERROR,ERROR: Customer authentication failed. User ID: USR324
2025-10-25 04:58:00,INFO,INFO: Cache refresh completed in 407ms
2025-10-25 04:59:00,WARNING,WARNING: Duplicate transaction detected. Transaction ID: TXN546
2025-10-25 05:00:00,ERROR,ERROR: Customer authentication failed. User ID: USR667
2025-10-25 05:00:00,ERROR,CRITICAL: Network timeout on srv-03. Latency: 300ms
2025-10-25 05:00:00,WARNING,WARNING: Payment gateway response time exceeded SLA. Time: 351ms
2025-10-25 05:01:00,ERROR,ERROR: Customer authentication failed. User ID: USR124
2025-10-25 05:03:00,INFO,INFO: Transaction processed successfully. ID: TXN158
2025-10-25 05:07:00,INFO,INFO: Transaction processed successfully. ID: TXN555
2025-10-25 05:13:00,ERROR,ERROR: Customer authentication failed. User ID: USR444
2025-10-25 05:14:00,WARNING,WARNING: Duplicate transaction detected. Transaction ID: TXN850
2025-10-25 05:15:00,INFO,INFO: Transaction processed successfully. ID: TXN295
2025-10-25 05:15:00,WARNING,WARNING: Duplicate transaction detected. Transaction ID: TXN229
2025-10-25 05:18:00,INFO,INFO: Database backup completed successfully
2025-10-25 05:18:00,INFO,INFO: Cache refresh completed in 850ms
2025-10-25 05:19:00,INFO,INFO: User login successful. User ID: USR627
2025-10-25 05:20:00,ERROR,ERROR: IMPS transaction failed. Transaction ID: TXN503. Reason: Invalid account
2025-10-25 05:24:00,WARNING,WARNING: Memory usage approaching threshold on srv-09. Current: 343%
2025-10-25 05:28:00,ERROR,ERROR: Disk I/O bottleneck detected on srv-12
2025-10-25 05:30:00,WARNING,WARNING: Memory usage approaching threshold on srv-03. Current: 390%
2025-10-25 05:31:00,ERROR,ERROR: API rate limit exceeded for endpoint /api/transactions
2025-10-25 05:33:00,WARNING,WARNING: Payment gateway response time exceeded SLA. Time: 311ms
2025-10-25 05:36:00,WARNING,WARNING: Duplicate transaction detected. Transaction ID: TXN228
2025-10-25 05:40:00,WARNING,WARNING: Payment gateway response time exceeded SLA. Time: 710ms
2025-10-25 05:40:00,ERROR,ERROR: Database connection pool exhausted. Connections: 251
2025-10-25 05:40:00,ERROR,ERROR: Customer authentication failed. User ID: USR941
2025-10-25 05:45:00,WARNING,WARNING: Memory usage approaching threshold on srv-06. Current: 233%
2025-10-25 05:46:00,ERROR,ERROR: API rate limit exceeded for endpoint /api/transactions
2025-10-25 05:49:00,WARNING,WARNING: Duplicate transaction detected. Transaction ID: TXN294
2025-10-25 05:49:00,ERROR,ERROR: Customer authentication failed. User ID: USR363
2025-10-25 05:52:00,INFO,INFO: Transaction processed successfully. ID: TXN693
2025-10-25 05:54:00,INFO,INFO: Transaction processed successfully. ID: TXN93
2025-10-25 05:56:00,ERROR,ERROR: API rate limit exceeded for endpoint /api/transactions
2025-10-25 05:57:00,ERROR,ERROR: High CPU utilization detected on server srv-12. Current: 238%
2025-10-25 05:58:00,ERROR,ERROR: NEFT transaction failed. Transaction ID: TXN820. Reason: Gateway timeout
2025-10-25 06:00:00,WARNING,WARNING: Duplicate transaction detected. Transaction ID: TXN385
2025-10-25 06:03:00,ERROR,ERROR: Disk I/O bottleneck detected on srv-10
2025-10-25 06:03:00,ERROR,ERROR: RTGS transaction failed. Transaction ID: TXN889. Reason: Insufficient funds
2025-10-25 06:09:00,WARNING,WARNING: Container srv-10 restarting due to OOM
2025-10-25 06:16:00,ERROR,ERROR: RTGS transaction failed. Transaction ID: TXN628. Reason: Insufficient funds
2025-10-25 06:19:00,WARNING,WARNING: Payment gateway response time exceeded SLA. Time: 441ms
2025-10-25 06:21:00,ERROR,ERROR: API rate limit exceeded for endpoint /api/transactions
2025-10-25 06:21:00,ERROR,ERROR: NEFT transaction failed. Transaction ID: TXN91. Reason: Gateway timeout
2025-10-25 06:23:00,ERROR,ERROR: Database connection pool exhausted. Connections: 904
2025-10-25 06:31:00,ERROR,ERROR: Database connection pool exhausted. Connections: 833
2025-10-25 06:35:00,INFO,INFO: Database backup completed successfully
2025-10-25 06:37:00,INFO,INFO: Cache refresh completed in 823ms
2025-10-25 06:42:00,INFO,INFO: Cache refresh completed in 694ms
2025-10-25 06:47:00,ERROR,ERROR: High CPU utilization detected on server srv-03. Current: 840%
2025-10-25 06:52:00,ERROR,CRITICAL: Network timeout on srv-18. Latency: 563ms
2025-10-25 06:54:00,INFO,INFO: Database backup completed successfully
2025-10-25 07:01:00,ERROR,ERROR: Disk I/O bottleneck detected on srv-14
2025-10-25 07:04:00,INFO,INFO: Cache refresh completed in 443ms
2025-10-25 07:05:00,ERROR,ERROR: Disk I/O bottleneck detected on srv-13
2025-10-25 07:16:00,WARNING,WARNING: Payment gateway response time exceeded SLA. Time: 298ms
2025-10-25 07:20:00,ERROR,ERROR: Database connection pool exhausted. Connections: 195
2025-10-25 07:21:00,INFO,INFO: Cache refresh completed in 757ms
2025-10-25 07:21:00,ERROR,ERROR: RTGS transaction failed. Transaction ID: TXN566. Reason: Insufficient funds
2025-10-25 07:21:00,INFO,INFO: Transaction processed successfully. ID: TXN218
2025-10-25 07:23:00,WARNING,WARNING: Duplicate transaction detected. Transaction ID: TXN624
2025-10-25 07:27:00,INFO,INFO: Transaction processed successfully. ID: TXN731
2025-10-25 07:30:00,ERROR,ERROR: Disk I/O bottleneck detected on srv-13
2025-10-25 07:32:00,ERROR,ERROR: Database connection pool exhausted. Connections: 507
2025-10-25 07:36:00,ERROR,ERROR: Disk I/O bottleneck detected on srv-10
2025-10-25 07:36:00,ERROR,ERROR: IMPS transaction failed. Transaction ID: TXN705. Reason: Invalid account
2025-10-25 07:37:00,ERROR,ERROR: Customer authentication failed. User ID: USR98
2025-10-25 07:37:00,INFO,INFO: Database backup completed successfully
2025-10-25 07:38:00,ERROR,ERROR: API rate limit exceeded for endpoint /api/transactions
2025-10-25 07:38:00,INFO,INFO: User login successful. User ID: USR94
2025-10-25 07:41:00,ERROR,ERROR: NEFT transaction failed. Transaction ID: TXN635. Reason: Gateway timeout
2025-10-25 07:41:00,ERROR,CRITICAL: Network timeout on srv-03. Latency: 604ms
2025-10-25 07:46:00,WARNING,WARNING: Container srv-16 restarting due to OOM
2025-10-25 07:46:00,ERROR,ERROR: Customer authentication failed. User ID: USR715
2025-10-25 07:47:00,WARNING,WARNING: Container srv-16 restarting due to OOM
2025-10-25 07:51:00,ERROR,ERROR: High CPU utilization detected on server srv-17. Current: 638%
2025-10-25 07:57:00,INFO,INFO: Cache refresh completed in 213ms
2025-10-25 07:59:00,WARNING,WARNING: Payment gateway response time exceeded SLA. Time: 190ms
2025-10-25 08:00:00,WARNING,WARNING: Container srv-07 restarting due to OOM
2025-10-25 08:01:00,WARNING,WARNING: Container srv-18 restarting due to OOM
2025-10-25 08:02:00,INFO,INFO: User login successful. User ID: USR667
2025-10-25 08:03:00,ERROR,ERROR: High CPU utilization detected on server srv-05. Current: 845%
2025-10-25 08:04:00,ERROR,ERROR: RTGS transaction failed. Transaction ID: TXN195. Reason: Insufficient funds
2025-10-25 08:04:00,ERROR,CRITICAL: Network timeout on srv-18. Latency: 817ms
2025-10-25 08:05:00,ERROR,ERROR: NEFT transaction failed. Transaction ID: TXN959. Reason: Gateway timeout
2025-10-25 08:05:00,ERROR,CRITICAL: Network timeout on srv-07. Latency: 625ms
2025-10-25 08:05:00,INFO,INFO: Transaction processed successfully. ID: TXN494
2025-10-25 08:07:00,ERROR,ERROR: NEFT transaction failed. Transaction ID: TXN637. Reason: Gateway timeout
2025-10-25 08:08:00,INFO,INFO: Cache refresh completed in 163ms
2025-10-25 08:08:00,ERROR,ERROR: Disk I/O bottleneck detected on srv-04
2025-10-25 08:09:00,INFO,INFO: Database backup completed successfully
2025-10-25 08:12:00,INFO,INFO: Database backup completed successfully
2025-10-25 08:13:00,ERROR,ERROR: Database connection pool exhausted. Connections: 738
2025-10-25 08:14:00,ERROR,ERROR: RTGS transaction failed. Transaction ID: TXN350. Reason: Insufficient funds
2025-10-25 08:15:00,INFO,INFO: Database backup completed successfully
2025-10-25 08:15:00,INFO,INFO: Cache refresh completed in 716ms
2025-10-25 08:17:00,INFO,INFO: Cache refresh completed in 400ms
2025-10-25 08:17:00,ERROR,ERROR: Disk I/O bottleneck detected on srv-07
2025-10-25 08:17:00,WARNING,WARNING: Container srv-03 restarting due to OOM
2025-10-25 08:19:00,ERROR,ERROR: Disk I/O bottleneck detected on srv-09
2025-10-25 08:21:00,ERROR,ERROR: Disk I/O bottleneck detected on srv-14
2025-10-25 08:24:00,ERROR,CRITICAL: Network timeout on srv-03. Latency: 886ms
2025-10-25 08:28:00,INFO,INFO: User login successful. User ID: USR285
2025-10-25 08:29:00,ERROR,ERROR: High CPU utilization detected on server srv-11. Current: 402%
2025-10-25 08:29:00,INFO,INFO: Transaction processed successfully. ID: TXN765
2025-10-25 08:31:00,ERROR,ERROR: NEFT transaction failed. Transaction ID: TXN596. Reason: Gateway timeout
2025-10-25 08:32:00,WARNING,WARNING: Duplicate transaction detected. Transaction ID: TXN420
2025-10-25 08:34:00,WARNING,WARNING: Memory usage approaching threshold on srv-10. Current: 139%
2025-10-25 08:34:00,ERROR,ERROR: Disk I/O bottleneck detected on srv-17
2025-10-25 08:35:00,ERROR,CRITICAL: Network timeout on srv-19. Latency: 279ms
2025-10-25 08:38:00,ERROR,ERROR: Database connection pool exhausted. Connections: 692
2025-10-25 08:39:00,INFO,INFO: Cache refresh completed in 415ms
2025-10-25 08:40:00,INFO,INFO: Transaction processed successfully. ID: TXN324
2025-10-25 08:41:00,ERROR,ERROR: NEFT transaction failed. Transaction ID: TXN986. Reason: Gateway timeout
2025-10-25 08:43:00,INFO,INFO: Database backup completed successfully
2025-10-25 08:45:00,INFO,INFO: Database backup completed successfully
2025-10-25 08:46:00,ERROR,ERROR: Customer authentication failed. User ID: USR541
2025-10-25 08:47:00,INFO,INFO: Cache refresh completed in 209ms
2025-10-25 08:49:00,INFO,INFO: User login successful. User ID: USR53
2025-10-25 08:49:00,ERROR,CRITICAL: Network timeout on srv-18. Latency: 812ms
2025-10-25 08:58:00,ERROR,ERROR: NEFT transaction failed. Transaction ID: TXN597. Reason: Gateway timeout
2025-10-25 09:01:00,WARNING,WARNING: Memory usage approaching threshold on srv-01. Current: 265%
2025-10-25 09:05:00,ERROR,ERROR: IMPS transaction failed. Transaction ID: TXN675. Reason: Invalid account
2025-10-25 09:07:00,INFO,INFO: User login successful. User ID: USR861
2025-10-25 09:09:00,INFO,INFO: User login successful. User ID: USR779
2025-10-25 09:13:00,WARNING,WARNING: Container srv-16 restarting due to OOM
2025-10-25 09:14:00,INFO,INFO: User login successful. User ID: USR584
2025-10-25 09:14:00,INFO,INFO: Database backup completed successfully
2025-10-25 09:16:00,WARNING,WARNING: Memory usage approaching threshold on srv-15. Current: 236%
2025-10-25 09:18:00,ERROR,ERROR: NEFT transaction failed. Transaction ID: TXN779. Reason: Gateway timeout
2025-10-25 09:18:00,ERROR,ERROR: Customer authentication failed. User ID: USR67
2025-10-25 09:19:00,WARNING,WARNING: Payment gateway response time exceeded SLA. Time: 677ms
2025-10-25 09:20:00,WARNING,WARNING: Payment gateway response time exceeded SLA. Time: 312ms
2025-10-25 09:22:00,INFO,INFO: User login successful. User ID: USR981
2025-10-25 09:28:00,ERROR,ERROR: High CPU utilization detected on server srv-04. Current: 987%
2025-10-25 09:34:00,WARNING,WARNING: Duplicate transaction detected. Transaction ID: TXN216
2025-10-25 09:37:00,ERROR,ERROR: NEFT transaction failed. Transaction ID: TXN149. Reason: Gateway timeout
2025-10-25 09:37:00,WARNING,WARNING: Memory usage approaching threshold on srv-17. Current: 749%
2025-10-25 09:41:00,ERROR,CRITICAL: Network timeout on srv-15. Latency: 550ms
2025-10-25 09:41:00,INFO,INFO: Database backup completed successfully
2025-10-25 09:41:00,ERROR,CRITICAL: Network timeout on srv-03. Latency: 760ms
2025-10-25 09:41:00,ERROR,ERROR: IMPS transaction failed. Transaction ID: TXN704. Reason: Invalid account
2025-10-25 09:41:00,INFO,INFO: Transaction processed successfully. ID: TXN924
2025-10-25 09:45:00,ERROR,ERROR: NEFT transaction failed. Transaction ID: TXN400. Reason: Gateway timeout
2025-10-25 09:47:00,INFO,INFO: Transaction processed successfully. ID: TXN993
2025-10-25 09:57:00,ERROR,ERROR: API rate limit exceeded for endpoint /api/transactions
2025-10-25 10:00:00,ERROR,ERROR: RTGS transaction failed. Transaction ID: TXN143. Reason: Insufficient funds
2025-10-25 10:01:00,ERROR,ERROR: NEFT transaction failed. Transaction ID: TXN294. Reason: Gateway timeout
2025-10-25 10:01:00,ERROR,CRITICAL: Network timeout on srv-19. Latency: 712ms
2025-10-25 10:03:00,ERROR,ERROR: High CPU utilization detected on server srv-19. Current: 619%
2025-10-25 10:06:00,ERROR,ERROR: Database connection pool exhausted. Connections: 761
2025-10-25 10:08:00,WARNING,WARNING: Container srv-19 restarting due to OOM
2025-10-25 10:11:00,ERROR,ERROR: Customer authentication failed. User ID: USR552
2025-10-25 10:13:00,INFO,INFO: User login successful. User ID: USR830
2025-10-25 10:17:00,INFO,INFO: Cache refresh completed in 113ms
2025-10-25 10:17:00,INFO,INFO: Transaction processed successfully. ID: TXN490
2025-10-25 10:18:00,ERROR,ERROR: Disk I/O bottleneck detected on srv-19
2025-10-25 10:26:00,ERROR,ERROR: Customer authentication failed. User ID: USR368
2025-10-25 10:28:00,ERROR,ERROR: IMPS transaction failed. Transaction ID: TXN158. Reason: Invalid account
2025-10-25 10:34:00,WARNING,WARNING: Container srv-18 restarting due to OOM
2025-10-25 10:39:00,INFO,INFO: User login successful. User ID: USR783
2025-10-25 10:41:00,ERROR,ERROR: RTGS transaction failed. Transaction ID: TXN607. Reason: Insufficient funds
2025-10-25 10:45:00,ERROR,ERROR: RTGS transaction failed. Transaction ID: TXN301. Reason: Insufficient funds
2025-10-25 10:48:00,INFO,INFO: Cache refresh completed in 425ms
2025-10-25 10:49:00,ERROR,ERROR: IMPS transaction failed. Transaction ID: TXN582. Reason: Invalid account
2025-10-25 10:50:00,INFO,INFO: Cache refresh completed in 664ms
2025-10-25 10:52:00,INFO,INFO: User login successful. User ID: USR822
2025-10-25 10:54:00,ERROR,ERROR: High CPU utilization detected on server srv-18. Current: 891%
2025-10-25 10:54:00,WARNING,WARNING: Container srv-11 restarting due to OOM
2025-10-25 10:57:00,INFO,INFO: Cache refresh completed in 697ms
2025-10-25 11:03:00,INFO,INFO: Transaction processed successfully. ID: TXN363
2025-10-25 11:05:00,ERROR,ERROR: High CPU utilization detected on server srv-16. Current: 891%
2025-10-25 11:05:00,ERROR,ERROR: RTGS transaction failed. Transaction ID: TXN333. Reason: Insufficient funds
2025-10-25 11:06:00,ERROR,ERROR: IMPS transaction failed. Transaction ID: TXN402. Reason: Invalid account
2025-10-25 11:07:00,WARNING,WARNING: Payment gateway response time exceeded SLA. Time: 471ms
2025-10-25 11:09:00,ERROR,ERROR: High CPU utilization detected on server srv-09. Current: 103%
2025-10-25 11:12:00,ERROR,ERROR: NEFT transaction failed. Transaction ID: TXN558. Reason: Gateway timeout
2025-10-25 11:15:00,ERROR,ERROR: Disk I/O bottleneck detected on srv-18
2025-10-25 11:15:00,WARNING,WARNING: Memory usage approaching threshold on srv-09. Current: 699%
2025-10-25 11:22:00,INFO,INFO: Database backup completed successfully
2025-10-25 11:28:00,ERROR,ERROR: Customer authentication failed. User ID: USR405
2025-10-25 11:32:00,WARNING,WARNING: Container srv-02 restarting due to OOM
2025-10-25 11:33:00,ERROR,ERROR: Disk I/O bottleneck detected on srv-19
2025-10-25 11:33:00,WARNING,WARNING: Duplicate transaction detected. Transaction ID: TXN628
2025-10-25 11:39:00,INFO,INFO: Cache refresh completed in 914ms
2025-10-25 11:40:00,INFO,INFO: Database backup completed successfully
2025-10-25 11:40:00,ERROR,ERROR: NEFT transaction failed. Transaction ID: TXN606. Reason: Gateway timeout
2025-10-25 11:42:00,INFO,INFO: Transaction processed successfully. ID: TXN937
2025-10-25 11:44:00,INFO,INFO: User login successful. User ID: USR834
2025-10-25 11:45:00,ERROR,ERROR: NEFT transaction failed. Transaction ID: TXN226. Reason: Gateway timeout
2025-10-25 11:48:00,INFO,INFO: Database backup completed successfully
2025-10-25 11:51:00,ERROR,ERROR: IMPS transaction failed. Transaction ID: TXN726. Reason: Invalid account
2025-10-25 11:57:00,WARNING,WARNING: Duplicate transaction detected. Transaction ID: TXN992
2025-10-25 11:58:00,ERROR,ERROR: Database connection pool exhausted. Connections: 162
2025-10-25 12:03:00,WARNING,WARNING: Container srv-14 restarting due to OOM
2025-10-25 12:08:00,INFO,INFO: Cache refresh completed in 434ms
2025-10-25 12:09:00,ERROR,ERROR: High CPU utilization detected on server srv-19. Current: 955%
2025-10-25 12:13:00,ERROR,ERROR: Disk I/O bottleneck detected on srv-11
2025-10-25 12:14:00,INFO,INFO: Cache refresh completed in 724ms
2025-10-25 12:15:00,WARNING,WARNING: Memory usage approaching threshold on srv-16. Current: 711%
2025-10-25 12:17:00,WARNING,WARNING: Payment gateway response time exceeded SLA. Time: 772ms
2025-10-25 12:17:00,INFO,INFO: Cache refresh completed in 261ms
2025-10-25 12:21:00,INFO,INFO: Transaction processed successfully. ID: TXN242
2025-10-25 12:21:00,ERROR,ERROR: Disk I/O bottleneck detected on srv-01
2025-10-25 12:22:00,ERROR,ERROR: API rate limit exceeded for endpoint /api/transactions
2025-10-25 12:23:00,ERROR,ERROR: RTGS transaction failed. Transaction ID: TXN275. Reason: Insufficient funds
2025-10-25 12:24:00,INFO,INFO: Transaction processed successfully. ID: TXN622
2025-10-25 12:31:00,ERROR,ERROR: Customer authentication failed. User ID: USR558
2025-10-25 12:36:00,INFO,INFO: User login successful. User ID: USR845
2025-10-25 12:36:00,ERROR,ERROR: High CPU utilization detected on server srv-15. Current: 166%
2025-10-25 12:37:00,INFO,INFO: Database backup completed successfully
2025-10-25 12:39:00,ERROR,ERROR: RTGS transaction failed. Transaction ID: TXN105. Reason: Insufficient funds
2025-10-25 12:39:00,INFO,INFO: Transaction processed successfully. ID: TXN559
2025-10-25 12:43:00,ERROR,ERROR: Customer authentication failed. User ID: USR289
2025-10-25 12:45:00,ERROR,CRITICAL: Network timeout on srv-02. Latency: 328ms
2025-10-25 12:46:00,WARNING,WARNING: Memory usage approaching threshold on srv-11. Current: 390%
2025-10-25 12:50:00,ERROR,ERROR: Customer authentication failed. User ID: USR308
2025-10-25 12:52:00,WARNING,WARNING: Memory usage approaching threshold on srv-14. Current: 105%
2025-10-25 12:52:00,ERROR,ERROR: Disk I/O bottleneck detected on srv-13
2025-10-25 12:53:00,WARNING,WARNING: Container srv-12 restarting due to OOM
2025-10-25 12:54:00,WARNING,WARNING: Payment gateway response time exceeded SLA. Time: 728ms
2025-10-25 12:55:00,ERROR,ERROR: API rate limit exceeded for endpoint /api/transactions
2025-10-25 12:57:00,WARNING,WARNING: Container srv-04 restarting due to OOM
2025-10-25 12:57:00,ERROR,ERROR: High CPU utilization detected on server srv-02. Current: 150%
2025-10-25 13:00:00,ERROR,ERROR: NEFT transaction failed. Transaction ID: TXN843. Reason: Gateway timeout
2025-10-25 13:02:00,ERROR,ERROR: API rate limit exceeded for endpoint /api/transactions
2025-10-25 13:04:00,WARNING,WARNING: Container srv-19 restarting due to OOM
2025-10-25 13:06:00,ERROR,ERROR: High CPU utilization detected on server srv-11. Current: 402%
2025-10-25 13:06:00,WARNING,WARNING: Container srv-02 restarting due to OOM
2025-10-25 13:15:00,INFO,INFO: User login successful. User ID: USR597
2025-10-25 13:15:00,INFO,INFO: Cache refresh completed in 208ms
2025-10-25 13:16:00,ERROR,ERROR: Disk I/O bottleneck detected on srv-14
2025-10-25 13:16:00,ERROR,ERROR: Disk I/O bottleneck detected on srv-11
2025-10-25 13:24:00,ERROR,ERROR: RTGS transaction failed. Transaction ID: TXN323. Reason: Insufficient funds
2025-10-25 13:28:00,ERROR,CRITICAL: Network timeout on srv-16. Latency: 276ms
2025-10-25 13:28:00,ERROR,ERROR: IMPS transaction failed. Transaction ID: TXN639. Reason: Invalid account
2025-10-25 13:29:00,ERROR,ERROR: Customer authentication failed. User ID: USR228
2025-10-25 13:31:00,WARNING,WARNING: Payment gateway response time exceeded SLA. Time: 997ms
2025-10-25 13:31:00,INFO,INFO: Transaction processed successfully. ID: TXN772
2025-10-25 13:34:00,INFO,INFO: Cache refresh completed in 626ms
2025-10-25 13:35:00,ERROR,ERROR: API rate limit exceeded for endpoint /api/transactions
2025-10-25 13:38:00,ERROR,ERROR: API rate limit exceeded for endpoint /api/transactions
2025-10-25 13:40:00,INFO,INFO: Database backup completed successfully
2025-10-25 13:40:00,WARNING,WARNING: Duplicate transaction detected. Transaction ID: TXN878
2025-10-25 13:43:00,ERROR,ERROR: RTGS transaction failed. Transaction ID: TXN789. Reason: Insufficient funds
2025-10-25 13:48:00,WARNING,WARNING: Container srv-02 restarting due to OOM
2025-10-25 13:49:00,ERROR,ERROR: RTGS transaction failed. Transaction ID: TXN656. Reason: Insufficient funds
2025-10-25 14:01:00,ERROR,ERROR: Customer authentication failed. User ID: USR209
2025-10-25 14:03:00,ERROR,ERROR: NEFT transaction failed. Transaction ID: TXN975. Reason: Gateway timeout
2025-10-25 14:03:00,ERROR,ERROR: Database connection pool exhausted. Connections: 900
2025-10-25 14:06:00,INFO,INFO: Database backup completed successfully
2025-10-25 14:06:00,INFO,INFO: User login successful. User ID: USR525
2025-10-25 14:08:00,ERROR,ERROR: Customer authentication failed. User ID: USR456
2025-10-25 14:08:00,ERROR,ERROR: API rate limit exceeded for endpoint /api/transactions
2025-10-25 14:10:00,WARNING,WARNING: Memory usage approaching threshold on srv-07. Current: 959%
2025-10-25 14:13:00,ERROR,ERROR: RTGS transaction failed. Transaction ID: TXN451. Reason: Insufficient funds
2025-10-25 14:16:00,INFO,INFO: User login successful. User ID: USR485
2025-10-25 14:17:00,INFO,INFO: Cache refresh completed in 949ms
2025-10-25 14:17:00,ERROR,ERROR: Database connection pool exhausted. Connections: 226
2025-10-25 14:18:00,ERROR,ERROR: IMPS transaction failed. Transaction ID: TXN148. Reason: Invalid account
2025-10-25 14:20:00,ERROR,ERROR: API rate limit exceeded for endpoint /api/transactions
2025-10-25 14:23:00,ERROR,ERROR: High CPU utilization detected on server srv-16. Current: 117%
2025-10-25 14:24:00,ERROR,ERROR: High CPU utilization detected on server srv-08. Current: 706%
2025-10-25 14:25:00,ERROR,ERROR: IMPS transaction failed. Transaction ID: TXN260. Reason: Invalid account
2025-10-25 14:26:00,WARNING,WARNING: Memory usage approaching threshold on srv-11. Current: 986%
2025-10-25 14:32:00,ERROR,ERROR: Disk I/O bottleneck detected on srv-11
2025-10-25 14:36:00,ERROR,CRITICAL: Network timeout on srv-08. Latency: 418ms
2025-10-25 14:37:00,INFO,INFO: User login successful. User ID: USR321
2025-10-25 14:38:00,ERROR,ERROR: Database connection pool exhausted. Connections: 361
2025-10-25 14:47:00,WARNING,WARNING: Payment gateway response time exceeded SLA. Time: 796ms
2025-10-25 14:49:00,ERROR,ERROR: RTGS transaction failed. Transaction ID: TXN932. Reason: Insufficient funds
2025-10-25 14:51:00,WARNING,WARNING: Memory usage approaching threshold on srv-08. Current: 223%
2025-10-25 14:51:00,ERROR,CRITICAL: Network timeout on srv-04. Latency: 185ms
2025-10-25 14:53:00,WARNING,WARNING: Memory usage approaching threshold on srv-02. Current: 138%
2025-10-25 15:00:00,INFO,INFO: User login successful. User ID: USR670
2025-10-25 15:01:00,ERROR,ERROR: Customer authentication failed. User ID: USR302
2025-10-25 15:04:00,ERROR,ERROR: Disk I/O bottleneck detected on srv-11
2025-10-25 15:04:00,ERROR,ERROR: High CPU utilization detected on server srv-17. Current: 222%
2025-10-25 15:04:00,ERROR,ERROR: Database connection pool exhausted. Connections: 530
2025-10-25 15:08:00,INFO,INFO: Cache refresh completed in 850ms
2025-10-25 15:08:00,WARNING,WARNING: Payment gateway response time exceeded SLA. Time: 848ms
2025-10-25 15:12:00,ERROR,ERROR: Disk I/O bottleneck detected on srv-14
2025-10-25 15:16:00,ERROR,ERROR: NEFT transaction failed. Transaction ID: TXN189. Reason: Gateway timeout
2025-10-25 15:16:00,ERROR,ERROR: High CPU utilization detected on server srv-16. Current: 505%
2025-10-25 15:19:00,ERROR,ERROR: NEFT transaction failed. Transaction ID: TXN107. Reason: Gateway timeout
2025-10-25 15:19:00,INFO,INFO: Cache refresh completed in 161ms
2025-10-25 15:22:00,WARNING,WARNING: Duplicate transaction detected. Transaction ID: TXN437
2025-10-25 15:22:00,ERROR,ERROR: IMPS transaction failed. Transaction ID: TXN546. Reason: Invalid account
2025-10-25 15:23:00,INFO,INFO: Database backup completed successfully
2025-10-25 15:24:00,INFO,INFO: Database backup completed successfully
2025-10-25 15:25:00,WARNING,WARNING: Memory usage approaching threshold on srv-17. Current: 482%
2025-10-25 15:25:00,INFO,INFO: Transaction processed successfully. ID: TXN346
2025-10-25 15:26:00,ERROR,ERROR: NEFT transaction failed. Transaction ID: TXN719. Reason: Gateway timeout
2025-10-25 15:30:00,ERROR,ERROR: API rate limit exceeded for endpoint /api/transactions
2025-10-25 15:34:00,ERROR,CRITICAL: Network timeout on srv-12. Latency: 811ms
2025-10-25 15:37:00,ERROR,ERROR: Database connection pool exhausted. Connections: 828
2025-10-25 15:38:00,INFO,INFO: User login successful. User ID: USR851
2025-10-25 15:38:00,ERROR,ERROR: Database connection pool exhausted. Connections: 902
2025-10-25 15:40:00,ERROR,ERROR: High CPU utilization detected on server srv-08. Current: 196%
2025-10-25 15:41:00,ERROR,ERROR: NEFT transaction failed. Transaction ID: TXN100. Reason: Gateway timeout
2025-10-25 15:41:00,WARNING,WARNING: Duplicate transaction detected. Transaction ID: TXN824
2025-10-25 15:42:00,ERROR,ERROR: Customer authentication failed. User ID: USR323
2025-10-25 15:43:00,INFO,INFO: Database backup completed successfully
2025-10-25 15:46:00,ERROR,ERROR: IMPS transaction failed. Transaction ID: TXN491. Reason: Invalid account
2025-10-25 15:46:00,ERROR,ERROR: Disk I/O bottleneck detected on srv-02
2025-10-25 15:52:00,ERROR,ERROR: NEFT transaction failed. Transaction ID: TXN238. Reason: Gateway timeout
2025-10-25 15:52:00,INFO,INFO: Cache refresh completed in 522ms
2025-10-25 15:54:00,WARNING,WARNING: Duplicate transaction detected. Transaction ID: TXN234
2025-10-25 15:54:00,WARNING,WARNING: Payment gateway response time exceeded SLA. Time: 121ms
2025-10-25 15:57:00,ERROR,ERROR: RTGS transaction failed. Transaction ID: TXN558. Reason: Insufficient funds
2025-10-25 15:59:00,INFO,INFO: Cache refresh completed in 884ms
2025-10-25 15:59:00,ERROR,ERROR: Customer authentication failed. User ID: USR512
2025-10-25 16:00:00,INFO,INFO: Cache refresh completed in 148ms
2025-10-25 16:01:00,ERROR,ERROR: API rate limit exceeded for endpoint /api/transactions
2025-10-25 16:02:00,ERROR,ERROR: Customer authentication failed. User ID: USR160
2025-10-25 16:03:00,INFO,INFO: Database backup completed successfully
2025-10-25 16:03:00,ERROR,ERROR: Database connection pool exhausted. Connections: 707
2025-10-25 16:04:00,INFO,INFO: Transaction processed successfully. ID: TXN521
2025-10-25 16:07:00,WARNING,WARNING: Duplicate transaction detected. Transaction ID: TXN601
2025-10-25 16:08:00,INFO,INFO: User login successful. User ID: USR823
2025-10-25 16:09:00,INFO,INFO: User login successful. User ID: USR336
2025-10-25 16:13:00,WARNING,WARNING: Duplicate transaction detected. Transaction ID: TXN844
2025-10-25 16:14:00,WARNING,WARNING: Payment gateway response time exceeded SLA. Time: 783ms
2025-10-25 16:14:00,INFO,INFO: Cache refresh completed in 188ms
2025-10-25 16:15:00,INFO,INFO: Database backup completed successfully
2025-10-25 16:15:00,ERROR,ERROR: IMPS transaction failed. Transaction ID: TXN102. Reason: Invalid account
2025-10-25 16:18:00,WARNING,WARNING: Memory usage approaching threshold on srv-14. Current: 314%
2025-10-25 16:19:00,ERROR,ERROR: NEFT transaction failed. Transaction ID: TXN550. Reason: Gateway timeout
2025-10-25 16:20:00,INFO,INFO: User login successful. User ID: USR165
2025-10-25 16:26:00,WARNING,WARNING: Payment gateway response time exceeded SLA. Time: 637ms
2025-10-25 16:27:00,WARNING,WARNING: Container srv-09 restarting due to OOM
2025-10-25 16:27:00,ERROR,ERROR: High CPU utilization detected on server srv-09. Current: 953%
2025-10-25 16:30:00,ERROR,CRITICAL: Network timeout on srv-11. Latency: 179ms
2025-10-25 16:33:00,ERROR,ERROR: Database connection pool exhausted. Connections: 545
2025-10-25 16:34:00,ERROR,ERROR: High CPU utilization detected on server srv-12. Current: 776%
2025-10-25 16:35:00,ERROR,ERROR: RTGS transaction failed. Transaction ID: TXN553. Reason: Insufficient funds
2025-10-25 16:40:00,ERROR,ERROR: NEFT transaction failed. Transaction ID: TXN800. Reason: Gateway timeout
2025-10-25 16:40:00,WARNING,WARNING: Payment gateway response time exceeded SLA. Time: 263ms
2025-10-25 16:57:00,INFO,INFO: Cache refresh completed in 900ms
2025-10-25 17:02:00,ERROR,ERROR: Database connection pool exhausted. Connections: 548
2025-10-25 17:04:00,ERROR,CRITICAL: Network timeout on srv-02. Latency: 92ms
2025-10-25 17:09:00,INFO,INFO: User login successful. User ID: USR117
2025-10-25 17:09:00,WARNING,WARNING: Memory usage approaching threshold on srv-01. Current: 375%
2025-10-25 17:11:00,ERROR,ERROR: Database connection pool exhausted. Connections: 643
2025-10-25 17:12:00,ERROR,ERROR: API rate limit exceeded for endpoint /api/transactions
2025-10-25 17:15:00,ERROR,ERROR: High CPU utilization detected on server srv-13. Current: 975%
2025-10-25 17:15:00,WARNING,WARNING: Container srv-13 restarting due to OOM
2025-10-25 17:19:00,ERROR,ERROR: Database connection pool exhausted. Connections: 790
2025-10-25 17:23:00,ERROR,ERROR: Customer authentication failed. User ID: USR450
2025-10-25 17:27:00,ERROR,ERROR: High CPU utilization detected on server srv-10. Current: 518%
2025-10-25 17:30:00,INFO,INFO: Cache refresh completed in 977ms
2025-10-25 17:32:00,ERROR,ERROR: Disk I/O bottleneck detected on srv-06
2025-10-25 17:35:00,INFO,INFO: Transaction processed successfully. ID: TXN915
2025-10-25 17:36:00,ERROR,ERROR: Disk I/O bottleneck detected on srv-10
2025-10-25 17:37:00,WARNING,WARNING: Duplicate transaction detected. Transaction ID: TXN763
2025-10-25 17:40:00,ERROR,ERROR: IMPS transaction failed. Transaction ID: TXN810. Reason: Invalid account
2025-10-25 17:41:00,INFO,INFO: Cache refresh completed in 684ms
2025-10-25 17:43:00,INFO,INFO: Cache refresh completed in 947ms
2025-10-25 17:46:00,WARNING,WARNING: Container srv-03 restarting due to OOM
2025-10-25 17:46:00,ERROR,ERROR: RTGS transaction failed. Transaction ID: TXN988. Reason: Insufficient funds
2025-10-25 17:46:00,ERROR,ERROR: Database connection pool exhausted. Connections: 333
2025-10-25 17:58:00,ERROR,ERROR: RTGS transaction failed. Transaction ID: TXN455. Reason: Insufficient funds
2025-10-25 17:59:00,ERROR,CRITICAL: Network timeout on srv-15. Latency: 156ms
2025-10-25 17:59:00,ERROR,ERROR: Disk I/O bottleneck detected on srv-04
2025-10-25 18:01:00,ERROR,CRITICAL: Network timeout on srv-05. Latency: 454ms
2025-10-25 18:05:00,WARNING,WARNING: Memory usage approaching threshold on srv-15. Current: 781%
2025-10-25 18:05:00,INFO,INFO: User login successful. User ID: USR327
2025-10-25 18:05:00,ERROR,ERROR: RTGS transaction failed. Transaction ID: TXN170. Reason: Insufficient funds
2025-10-25 18:08:00,WARNING,WARNING: Duplicate transaction detected. Transaction ID: TXN803
2025-10-25 18:10:00,ERROR,ERROR: Customer authentication failed. User ID: USR506
2025-10-25 18:12:00,ERROR,ERROR: Disk I/O bottleneck detected on srv-04
2025-10-25 18:13:00,ERROR,ERROR: API rate limit exceeded for endpoint /api/transactions
2025-10-25 18:15:00,INFO,INFO: Transaction processed successfully. ID: TXN846
2025-10-25 18:16:00,ERROR,ERROR: IMPS transaction failed. Transaction ID: TXN240. Reason: Invalid account
2025-10-25 18:19:00,WARNING,WARNING: Duplicate transaction detected. Transaction ID: TXN406
2025-10-25 18:23:00,ERROR,ERROR: IMPS transaction failed. Transaction ID: TXN475. Reason: Invalid account
2025-10-25 18:24:00,ERROR,ERROR: RTGS transaction failed. Transaction ID: TXN883. Reason: Insufficient funds
2025-10-25 18:25:00,ERROR,ERROR: RTGS transaction failed. Transaction ID: TXN358. Reason: Insufficient funds
2025-10-25 18:28:00,INFO,INFO: Database backup completed successfully
2025-10-25 18:28:00,ERROR,ERROR: Customer authentication failed. User ID: USR613
2025-10-25 18:28:00,WARNING,WARNING: Payment gateway response time exceeded SLA. Time: 229ms
2025-10-25 18:30:00,ERROR,ERROR: Customer authentication failed. User ID: USR57
2025-10-25 18:32:00,WARNING,WARNING: Memory usage approaching threshold on srv-08. Current: 450%
2025-10-25 18:33:00,ERROR,ERROR: NEFT transaction failed. Transaction ID: TXN875. Reason: Gateway timeout
2025-10-25 18:34:00,ERROR,ERROR: High CPU utilization detected on server srv-06. Current: 770%
2025-10-25 18:34:00,WARNING,WARNING: Container srv-13 restarting due to OOM
2025-10-25 18:34:00,ERROR,ERROR: Disk I/O bottleneck detected on srv-10
2025-10-25 18:36:00,WARNING,WARNING: Payment gateway response time exceeded SLA. Time: 124ms
2025-10-25 18:38:00,WARNING,WARNING: Payment gateway response time exceeded SLA. Time: 139ms
2025-10-25 18:39:00,WARNING,WARNING: Memory usage approaching threshold on srv-15. Current: 259%
2025-10-25 18:39:00,INFO,INFO: Transaction processed successfully. ID: TXN416
2025-10-25 18:39:00,ERROR,ERROR: NEFT transaction failed. Transaction ID: TXN749. Reason: Gateway timeout
2025-10-25 18:40:00,INFO,INFO: User login successful. User ID: USR564
2025-10-25 18:40:00,INFO,INFO: Cache refresh completed in 847ms
2025-10-25 18:41:00,INFO,INFO: Cache refresh completed in 75ms
2025-10-25 18:41:00,INFO,INFO: Database backup completed successfully
2025-10-25 18:42:00,ERROR,ERROR: RTGS transaction failed. Transaction ID: TXN589. Reason: Insufficient funds
2025-10-25 18:45:00,WARNING,WARNING: Duplicate transaction detected. Transaction ID: TXN832
2025-10-25 18:47:00,ERROR,ERROR: Disk I/O bottleneck detected on srv-14
2025-10-25 18:50:00,INFO,INFO: Transaction processed successfully. ID: TXN554
2025-10-25 18:50:00,WARNING,WARNING: Duplicate transaction detected. Transaction ID: TXN683
2025-10-25 18:51:00,ERROR,ERROR: RTGS transaction failed. Transaction ID: TXN287. Reason: Insufficient funds
2025-10-25 18:52:00,ERROR,ERROR: High CPU utilization detected on server srv-15. Current: 298%
2025-10-25 18:54:00,WARNING,WARNING: Memory usage approaching threshold on srv-15. Current: 223%
2025-10-25 18:55:00,ERROR,ERROR: High CPU utilization detected on server srv-02. Current: 451%
2025-10-25 18:59:00,ERROR,ERROR: Disk I/O bottleneck detected on srv-19
2025-10-25 18:59:00,WARNING,WARNING: Duplicate transaction detected. Transaction ID: TXN157
2025-10-25 19:01:00,ERROR,ERROR: IMPS transaction failed. Transaction ID: TXN674. Reason: Invalid account
2025-10-25 19:02:00,INFO,INFO: Transaction processed successfully. ID: TXN775
2025-10-25 19:07:00,ERROR,ERROR: Database connection pool exhausted. Connections: 901
2025-10-25 19:07:00,WARNING,WARNING: Container srv-04 restarting due to OOM
2025-10-25 19:07:00,ERROR,ERROR: API rate limit exceeded for endpoint /api/transactions
2025-10-25 19:09:00,ERROR,ERROR: Customer authentication failed. User ID: USR667
2025-10-25 19:11:00,ERROR,ERROR: Disk I/O bottleneck detected on srv-14
2025-10-25 19:12:00,WARNING,WARNING: Duplicate transaction detected. Transaction ID: TXN649
2025-10-25 19:13:00,ERROR,ERROR: Database connection pool exhausted. Connections: 599
2025-10-25 19:13:00,ERROR,ERROR: RTGS transaction failed. Transaction ID: TXN827. Reason: Insufficient funds
2025-10-25 19:17:00,ERROR,ERROR: NEFT transaction failed. Transaction ID: TXN585. Reason: Gateway timeout
2025-10-25 19:20:00,WARNING,WARNING: Container srv-13 restarting due to OOM
2025-10-25 19:20:00,ERROR,CRITICAL: Network timeout on srv-03. Latency: 295ms
2025-10-25 19:22:00,ERROR,ERROR: Disk I/O bottleneck detected on srv-08
2025-10-25 19:24:00,WARNING,WARNING: Memory usage approaching threshold on srv-19. Current: 861%
2025-10-25 19:24:00,WARNING,WARNING: Memory usage approaching threshold on srv-12. Current: 380%
2025-10-25 19:24:00,ERROR,ERROR: NEFT transaction failed. Transaction ID: TXN265. Reason: Gateway timeout
2025-10-25 19:29:00,INFO,INFO: User login successful. User ID: USR824
2025-10-25 19:30:00,ERROR,ERROR: API rate limit exceeded for endpoint /api/transactions
2025-10-25 19:32:00,ERROR,ERROR: RTGS transaction failed. Transaction ID: TXN734. Reason: Insufficient funds
2025-10-25 19:32:00,INFO,INFO: Cache refresh completed in 969ms
2025-10-25 19:36:00,ERROR,ERROR: API rate limit exceeded for endpoint /api/transactions
2025-10-25 19:38:00,ERROR,ERROR: NEFT transaction failed. Transaction ID: TXN605. Reason: Gateway timeout
2025-10-25 19:40:00,WARNING,WARNING: Memory usage approaching threshold on srv-03. Current: 604%
2025-10-25 19:41:00,ERROR,ERROR: API rate limit exceeded for endpoint /api/transactions
2025-10-25 19:41:00,WARNING,WARNING: Container srv-08 restarting due to OOM
2025-10-25 19:42:00,INFO,INFO: Cache refresh completed in 348ms
2025-10-25 19:45:00,ERROR,ERROR: Customer authentication failed. User ID: USR312
2025-10-25 19:54:00,ERROR,ERROR: RTGS transaction failed. Transaction ID: TXN165. Reason: Insufficient funds
2025-10-25 20:00:00,INFO,INFO: Transaction processed successfully. ID: TXN806
2025-10-25 20:00:00,ERROR,ERROR: Disk I/O bottleneck detected on srv-01
2025-10-25 20:01:00,ERROR,ERROR: NEFT transaction failed. Transaction ID: TXN970. Reason: Gateway timeout
2025-10-25 20:02:00,INFO,INFO: Cache refresh completed in 615ms
2025-10-25 20:03:00,ERROR,ERROR: IMPS transaction failed. Transaction ID: TXN370. Reason: Invalid account
2025-10-25 20:04:00,INFO,INFO: Transaction processed successfully. ID: TXN95
2025-10-25 20:06:00,ERROR,ERROR: Customer authentication failed. User ID: USR348
2025-10-25 20:07:00,ERROR,ERROR: RTGS transaction failed. Transaction ID: TXN869. Reason: Insufficient funds
2025-10-25 20:13:00,ERROR,ERROR: RTGS transaction failed. Transaction ID: TXN322. Reason: Insufficient funds
2025-10-25 20:14:00,ERROR,ERROR: IMPS transaction failed. Transaction ID: TXN582. Reason: Invalid account
2025-10-25 20:15:00,INFO,INFO: Cache refresh completed in 436ms
2025-10-25 20:16:00,WARNING,WARNING: Memory usage approaching threshold on srv-06. Current: 652%
2025-10-25 20:19:00,INFO,INFO: User login successful. User ID: USR252
2025-10-25 20:20:00,INFO,INFO: Database backup completed successfully
2025-10-25 20:21:00,ERROR,ERROR: Disk I/O bottleneck detected on srv-04
2025-10-25 20:21:00,WARNING,WARNING: Duplicate transaction detected. Transaction ID: TXN731
2025-10-25 20:22:00,ERROR,ERROR: Database connection pool exhausted. Connections: 705
2025-10-25 20:22:00,WARNING,WARNING: Payment gateway response time exceeded SLA. Time: 612ms
2025-10-25 20:27:00,ERROR,ERROR: NEFT transaction failed. Transaction ID: TXN239. Reason: Gateway timeout
2025-10-25 20:27:00,INFO,INFO: Cache refresh completed in 909ms
2025-10-25 20:27:00,INFO,INFO: User login successful. User ID: USR695
2025-10-25 20:28:00,INFO,INFO: Transaction processed successfully. ID: TXN609
2025-10-25 20:30:00,ERROR,ERROR: API rate limit exceeded for endpoint /api/transactions
2025-10-25 20:35:00,WARNING,WARNING: Payment gateway response time exceeded SLA. Time: 996ms
2025-10-25 20:37:00,WARNING,WARNING: Payment gateway response time exceeded SLA. Time: 625ms
2025-10-25 20:38:00,ERROR,ERROR: High CPU utilization detected on server srv-02. Current: 913%
2025-10-25 20:40:00,WARNING,WARNING: Payment gateway response time exceeded SLA. Time: 560ms
2025-10-25 20:41:00,WARNING,WARNING: Memory usage approaching threshold on srv-16. Current: 114%
2025-10-25 20:43:00,INFO,INFO: Cache refresh completed in 978ms
2025-10-25 20:47:00,ERROR,ERROR: API rate limit exceeded for endpoint /api/transactions
2025-10-25 20:52:00,WARNING,WARNING: Payment gateway response time exceeded SLA. Time: 324ms
2025-10-25 20:53:00,ERROR,ERROR: API rate limit exceeded for endpoint /api/transactions
2025-10-25 20:54:00,INFO,INFO: Database backup completed successfully
2025-10-25 20:54:00,ERROR,ERROR: High CPU utilization detected on server srv-13. Current: 141%
2025-10-25 20:57:00,INFO,INFO: Database backup completed successfully
2025-10-25 21:00:00,WARNING,WARNING: Memory usage approaching threshold on srv-02. Current: 654%
2025-10-25 21:01:00,ERROR,ERROR: Customer authentication failed. User ID: USR800
2025-10-25 21:01:00,ERROR,ERROR: Database connection pool exhausted. Connections: 692
2025-10-25 21:02:00,ERROR,ERROR: NEFT transaction failed. Transaction ID: TXN271. Reason: Gateway timeout
2025-10-25 21:02:00,ERROR,ERROR: RTGS transaction failed. Transaction ID: TXN155. Reason: Insufficient funds
2025-10-25 21:02:00,ERROR,ERROR: API rate limit exceeded for endpoint /api/transactions
2025-10-25 21:03:00,WARNING,WARNING: Duplicate transaction detected. Transaction ID: TXN951
2025-10-25 21:11:00,ERROR,ERROR: Database connection pool exhausted. Connections: 451
2025-10-25 21:11:00,ERROR,ERROR: Database connection pool exhausted. Connections: 827
2025-10-25 21:12:00,ERROR,ERROR: Disk I/O bottleneck detected on srv-13
2025-10-25 21:13:00,ERROR,ERROR: Database connection pool exhausted. Connections: 727
2025-10-25 21:18:00,WARNING,WARNING: Duplicate transaction detected. Transaction ID: TXN509
2025-10-25 21:19:00,INFO,INFO: Cache refresh completed in 464ms
2025-10-25 21:20:00,INFO,INFO: Transaction processed successfully. ID: TXN587
2025-10-25 21:21:00,WARNING,WARNING: Memory usage approaching threshold on srv-18. Current: 592%
2025-10-25 21:21:00,ERROR,ERROR: IMPS transaction failed. Transaction ID: TXN648. Reason: Invalid account
2025-10-25 21:21:00,WARNING,WARNING: Payment gateway response time exceeded SLA. Time: 886ms
2025-10-25 21:25:00,ERROR,ERROR: IMPS transaction failed. Transaction ID: TXN572. Reason: Invalid account
2025-10-25 21:28:00,INFO,INFO: Transaction processed successfully. ID: TXN575
2025-10-25 21:31:00,INFO,INFO: Database backup completed successfully
2025-10-25 21:31:00,INFO,INFO: Transaction processed successfully. ID: TXN303
2025-10-25 21:35:00,WARNING,WARNING: Container srv-19 restarting due to OOM
2025-10-25 21:36:00,ERROR,ERROR: IMPS transaction failed. Transaction ID: TXN424. Reason: Invalid account
2025-10-25 21:41:00,WARNING,WARNING: Payment gateway response time exceeded SLA. Time: 225ms
2025-10-25 21:41:00,WARNING,WARNING: Container srv-10 restarting due to OOM
2025-10-25 21:42:00,ERROR,CRITICAL: Network timeout on srv-09. Latency: 180ms
2025-10-25 21:46:00,INFO,INFO: Cache refresh completed in 423ms
2025-10-25 21:46:00,ERROR,ERROR: Database connection pool exhausted. Connections: 985
2025-10-25 21:53:00,WARNING,WARNING: Payment gateway response time exceeded SLA. Time: 272ms
2025-10-25 21:56:00,ERROR,ERROR: Disk I/O bottleneck detected on srv-13
2025-10-25 21:58:00,WARNING,WARNING: Memory usage approaching threshold on srv-19. Current: 786%
2025-10-25 22:00:00,INFO,INFO: Transaction processed successfully. ID: TXN933
2025-10-25 22:01:00,ERROR,ERROR: API rate limit exceeded for endpoint /api/transactions
2025-10-25 22:01:00,ERROR,ERROR: API rate limit exceeded for endpoint /api/transactions
2025-10-25 22:02:00,INFO,INFO: User login successful. User ID: USR908
2025-10-25 22:06:00,INFO,INFO: Database backup completed successfully
2025-10-25 22:08:00,INFO,INFO: User login successful. User ID: USR64
2025-10-25 22:12:00,INFO,INFO: Transaction processed successfully. ID: TXN339
2025-10-25 22:12:00,WARNING,WARNING: Duplicate transaction detected. Transaction ID: TXN482
2025-10-25 22:13:00,ERROR,ERROR: High CPU utilization detected on server srv-16. Current: 839%
2025-10-25 22:14:00,ERROR,ERROR: High CPU utilization detected on server srv-02. Current: 173%
2025-10-25 22:14:00,INFO,INFO: Cache refresh completed in 926ms
2025-10-25 22:15:00,WARNING,WARNING: Memory usage approaching threshold on srv-04. Current: 628%
2025-10-25 22:15:00,ERROR,CRITICAL: Network timeout on srv-13. Latency: 255ms
2025-10-25 22:16:00,WARNING,WARNING: Payment gateway response time exceeded SLA. Time: 228ms
2025-10-25 22:18:00,WARNING,WARNING: Memory usage approaching threshold on srv-09. Current: 630%
2025-10-25 22:21:00,ERROR,ERROR: IMPS transaction failed. Transaction ID: TXN193. Reason: Invalid account
2025-10-25 22:21:00,WARNING,WARNING: Memory usage approaching threshold on srv-18. Current: 542%
2025-10-25 22:21:00,ERROR,ERROR: Customer authentication failed. User ID: USR231
2025-10-25 22:24:00,WARNING,WARNING: Duplicate transaction detected. Transaction ID: TXN143
2025-10-25 22:28:00,INFO,INFO: Cache refresh completed in 740ms
2025-10-25 22:30:00,ERROR,ERROR: Database connection pool exhausted. Connections: 159
2025-10-25 22:32:00,ERROR,CRITICAL: Network timeout on srv-11. Latency: 730ms
2025-10-25 22:33:00,ERROR,ERROR: Customer authentication failed. User ID: USR920
2025-10-25 22:35:00,WARNING,WARNING: Memory usage approaching threshold on srv-10. Current: 443%
2025-10-25 22:36:00,INFO,INFO: Cache refresh completed in 742ms
2025-10-25 22:39:00,ERROR,ERROR: IMPS transaction failed. Transaction ID: TXN428. Reason: Invalid account
2025-10-25 22:39:00,WARNING,WARNING: Memory usage approaching threshold on srv-06. Current: 383%
2025-10-25 22:39:00,ERROR,ERROR: High CPU utilization detected on server srv-11. Current: 845%
2025-10-25 22:43:00,INFO,INFO: Transaction processed successfully. ID: TXN222
2025-10-25 22:43:00,WARNING,WARNING: Memory usage approaching threshold on srv-03. Current: 682%
2025-10-25 22:45:00,INFO,INFO: Cache refresh completed in 314ms
2025-10-25 22:48:00,ERROR,ERROR: High CPU utilization detected on server srv-16. Current: 740%
2025-10-25 22:49:00,ERROR,ERROR: NEFT transaction failed. Transaction ID: TXN439. Reason: Gateway timeout
2025-10-25 22:50:00,ERROR,ERROR: IMPS transaction failed. Transaction ID: TXN558. Reason: Invalid account
2025-10-25 22:55:00,ERROR,ERROR: RTGS transaction failed. Transaction ID: TXN383. Reason: Insufficient funds
2025-10-25 22:55:00,ERROR,ERROR: IMPS transaction failed. Transaction ID: TXN787. Reason: Invalid account
2025-10-25 22:56:00,ERROR,ERROR: High CPU utilization detected on server srv-03. Current: 109%
2025-10-25 22:59:00,ERROR,ERROR: High CPU utilization detected on server srv-15. Current: 690%
2025-10-25 23:01:00,WARNING,WARNING: Duplicate transaction detected. Transaction ID: TXN795
2025-10-25 23:01:00,ERROR,ERROR: RTGS transaction failed. Transaction ID: TXN709. Reason: Insufficient funds
2025-10-25 23:04:00,INFO,INFO: Cache refresh completed in 411ms
2025-10-25 23:07:00,INFO,INFO: User login successful. User ID: USR419
2025-10-25 23:08:00,WARNING,WARNING: Duplicate transaction detected. Transaction ID: TXN825
2025-10-25 23:12:00,ERROR,ERROR: Database connection pool exhausted. Connections: 496
2025-10-25 23:12:00,ERROR,ERROR: Customer authentication failed. User ID: USR645
2025-10-25 23:13:00,ERROR,ERROR: API rate limit exceeded for endpoint /api/transactions
2025-10-25 23:17:00,WARNING,WARNING: Container srv-17 restarting due to OOM
2025-10-25 23:17:00,INFO,INFO: User login successful. User ID: USR174
2025-10-25 23:19:00,ERROR,ERROR: Database connection pool exhausted. Connections: 183
2025-10-25 23:21:00,ERROR,ERROR: RTGS transaction failed. Transaction ID: TXN337. Reason: Insufficient funds
2025-10-25 23:22:00,WARNING,WARNING: Memory usage approaching threshold on srv-09. Current: 612%
2025-10-25 23:25:00,ERROR,ERROR: High CPU utilization detected on server srv-14. Current: 782%
2025-10-25 23:25:00,WARNING,WARNING: Memory usage approaching threshold on srv-18. Current: 365%
2025-10-25 23:26:00,WARNING,WARNING: Payment gateway response time exceeded SLA. Time: 797ms
2025-10-25 23:27:00,WARNING,WARNING: Memory usage approaching threshold on srv-05. Current: 260%
2025-10-25 23:35:00,ERROR,CRITICAL: Network timeout on srv-14. Latency: 72ms
2025-10-25 23:37:00,WARNING,WARNING: Memory usage approaching threshold on srv-15. Current: 109%
2025-10-25 23:40:00,ERROR,ERROR: Customer authentication failed. User ID: USR491
2025-10-25 23:40:00,WARNING,WARNING: Container srv-08 restarting due to OOM
2025-10-25 23:41:00,INFO,INFO: Transaction processed successfully. ID: TXN176
2025-10-25 23:41:00,ERROR,CRITICAL: Network timeout on srv-19. Latency: 69ms
2025-10-25 23:47:00,INFO,INFO: Database backup completed successfully
2025-10-25 23:50:00,ERROR,ERROR: RTGS transaction failed. Transaction ID: TXN123. Reason: Insufficient funds
2025-10-25 23:51:00,WARNING,WARNING: Container srv-14 restarting due to OOM
2025-10-25 23:51:00,INFO,INFO: User login successful. User ID: USR132
2025-10-25 23:53:00,ERROR,ERROR: High CPU utilization detected on server srv-02. Current: 968%
2025-10-25 23:54:00,ERROR,ERROR: IMPS transaction failed. Transaction ID: TXN69. Reason: Invalid account
2025-10-25 23:55:00,ERROR,ERROR: IMPS transaction failed. Transaction ID: TXN977. Reason: Invalid account
2025-10-25 23:59:00,ERROR,ERROR: RTGS transaction failed. Transaction ID: TXN400. Reason: Insufficient funds
2025-10-26 00:06:00,WARNING,WARNING: Memory usage approaching threshold on srv-10. Current: 974%
2025-10-26 00:12:00,ERROR,CRITICAL: Network timeout on srv-04. Latency: 326ms
2025-10-26 00:14:00,INFO,INFO: User login successful. User ID: USR700
2025-10-26 00:16:00,WARNING,WARNING: Duplicate transaction detected. Transaction ID: TXN290
2025-10-26 00:17:00,ERROR,ERROR: High CPU utilization detected on server srv-04. Current: 78%
2025-10-26 00:18:00,INFO,INFO: User login successful. User ID: USR863
2025-10-26 00:20:00,INFO,INFO: Cache refresh completed in 595ms
2025-10-26 00:21:00,INFO,INFO: Cache refresh completed in 189ms
2025-10-26 00:22:00,WARNING,WARNING: Duplicate transaction detected. Transaction ID: TXN132
2025-10-26 00:26:00,WARNING,WARNING: Payment gateway response time exceeded SLA. Time: 59ms
2025-10-26 00:27:00,ERROR,ERROR: IMPS transaction failed. Transaction ID: TXN239. Reason: Invalid account
2025-10-26 00:28:00,ERROR,ERROR: Database connection pool exhausted. Connections: 853
2025-10-26 00:31:00,WARNING,WARNING: Container srv-02 restarting due to OOM
2025-10-26 00:31:00,INFO,INFO: Database backup completed successfully
2025-10-26 00:32:00,INFO,INFO: User login successful. User ID: USR241
2025-10-26 00:32:00,ERROR,ERROR: IMPS transaction failed. Transaction ID: TXN56. Reason: Invalid account
2025-10-26 00:36:00,WARNING,WARNING: Container srv-10 restarting due to OOM
2025-10-26 00:39:00,INFO,INFO: Database backup completed successfully
2025-10-26 00:41:00,WARNING,WARNING: Duplicate transaction detected. Transaction ID: TXN932
2025-10-26 00:48:00,ERROR,ERROR: RTGS transaction failed. Transaction ID: TXN649. Reason: Insufficient funds
2025-10-26 00:50:00,WARNING,WARNING: Duplicate transaction detected. Transaction ID: TXN170
2025-10-26 00:54:00,ERROR,ERROR: Disk I/O bottleneck detected on srv-10
2025-10-26 00:58:00,ERROR,CRITICAL: Network timeout on srv-16. Latency: 76ms
2025-10-26 00:59:00,ERROR,ERROR: RTGS transaction failed. Transaction ID: TXN552. Reason: Insufficient funds
2025-10-26 01:00:00,INFO,INFO: Database backup completed successfully
2025-10-26 01:00:00,ERROR,ERROR: Database connection pool exhausted. Connections: 584
2025-10-26 01:02:00,ERROR,ERROR: IMPS transaction failed. Transaction ID: TXN720. Reason: Invalid account
2025-10-26 01:03:00,INFO,INFO: Database backup completed successfully
2025-10-26 01:03:00,ERROR,ERROR: Customer authentication failed. User ID: USR101
2025-10-26 01:03:00,WARNING,WARNING: Payment gateway response time exceeded SLA. Time: 594ms
2025-10-26 01:06:00,WARNING,WARNING: Payment gateway response time exceeded SLA. Time: 753ms
2025-10-26 01:06:00,WARNING,WARNING: Container srv-02 restarting due to OOM
2025-10-26 01:06:00,ERROR,ERROR: Disk I/O bottleneck detected on srv-14
2025-10-26 01:08:00,INFO,INFO: Database backup completed successfully
2025-10-26 01:08:00,INFO,INFO: Cache refresh completed in 582ms
2025-10-26 01:10:00,ERROR,ERROR: NEFT transaction failed. Transaction ID: TXN676. Reason: Gateway timeout
2025-10-26 01:11:00,ERROR,ERROR: Disk I/O bottleneck detected on srv-02
2025-10-26 01:11:00,WARNING,WARNING: Payment gateway response time exceeded SLA. Time: 701ms
2025-10-26 01:12:00,WARNING,WARNING: Memory usage approaching threshold on srv-03. Current: 185%
2025-10-26 01:18:00,ERROR,ERROR: High CPU utilization detected on server srv-18. Current: 324%
2025-10-26 01:31:00,ERROR,ERROR: API rate limit exceeded for endpoint /api/transactions
2025-10-26 01:33:00,ERROR,ERROR: NEFT transaction failed. Transaction ID: TXN156. Reason: Gateway timeout
2025-10-26 01:36:00,WARNING,WARNING: Duplicate transaction detected. Transaction ID: TXN931
2025-10-26 01:46:00,ERROR,ERROR: API rate limit exceeded for endpoint /api/transactions
2025-10-26 01:48:00,ERROR,ERROR: IMPS transaction failed. Transaction ID: TXN761. Reason: Invalid account
2025-10-26 01:53:00,INFO,INFO: Transaction processed successfully. ID: TXN262
2025-10-26 01:54:00,INFO,INFO: Cache refresh completed in 232ms
2025-10-26 01:58:00,ERROR,CRITICAL: Network timeout on srv-11. Latency: 148ms
2025-10-26 01:58:00,ERROR,ERROR: API rate limit exceeded for endpoint /api/transactions
2025-10-26 01:58:00,ERROR,ERROR: Disk I/O bottleneck detected on srv-03
2025-10-26 02:00:00,INFO,INFO: Cache refresh completed in 317ms
2025-10-26 02:03:00,ERROR,ERROR: Disk I/O bottleneck detected on srv-19
2025-10-26 02:04:00,WARNING,WARNING: Container srv-13 restarting due to OOM
2025-10-26 02:05:00,ERROR,ERROR: High CPU utilization detected on server srv-02. Current: 623%
2025-10-26 02:05:00,ERROR,ERROR: High CPU utilization detected on server srv-16. Current: 739%
2025-10-26 02:09:00,ERROR,ERROR: API rate limit exceeded for endpoint /api/transactions
2025-10-26 02:10:00,ERROR,ERROR: Customer authentication failed. User ID: USR319
2025-10-26 02:11:00,INFO,INFO: Database backup completed successfully
2025-10-26 02:13:00,WARNING,WARNING: Duplicate transaction detected. Transaction ID: TXN736
2025-10-26 02:15:00,INFO,INFO: Cache refresh completed in 134ms
2025-10-26 02:16:00,ERROR,ERROR: NEFT transaction failed. Transaction ID: TXN127. Reason: Gateway timeout
2025-10-26 02:18:00,ERROR,CRITICAL: Network timeout on srv-06. Latency: 273ms
2025-10-26 02:19:00,ERROR,ERROR: RTGS transaction failed. Transaction ID: TXN867. Reason: Insufficient funds
2025-10-26 02:20:00,ERROR,ERROR: High CPU utilization detected on server srv-03. Current: 109%
2025-10-26 02:30:00,ERROR,ERROR: API rate limit exceeded for endpoint /api/transactions
2025-10-26 02:31:00,INFO,INFO: User login successful. User ID: USR383
2025-10-26 02:34:00,ERROR,CRITICAL: Network timeout on srv-07. Latency: 303ms
2025-10-26 02:35:00,INFO,INFO: Database backup completed successfully
2025-10-26 02:35:00,ERROR,ERROR: API rate limit exceeded for endpoint /api/transactions
2025-10-26 02:37:00,INFO,INFO: User login successful. User ID: USR378
2025-10-26 02:37:00,ERROR,ERROR: RTGS transaction failed. Transaction ID: TXN792. Reason: Insufficient funds
2025-10-26 02:37:00,ERROR,ERROR: IMPS transaction failed. Transaction ID: TXN59. Reason: Invalid account
2025-10-26 02:38:00,ERROR,ERROR: RTGS transaction failed. Transaction ID: TXN833. Reason: Insufficient funds
2025-10-26 02:39:00,ERROR,ERROR: IMPS transaction failed. Transaction ID: TXN311. Reason: Invalid account
2025-10-26 02:42:00,ERROR,CRITICAL: Network timeout on srv-11. Latency: 726ms
2025-10-26 02:45:00,WARNING,WARNING: Duplicate transaction detected. Transaction ID: TXN723
2025-10-26 02:48:00,ERROR,ERROR: NEFT transaction failed. Transaction ID: TXN269. Reason: Gateway timeout
2025-10-26 02:51:00,ERROR,ERROR: Disk I/O bottleneck detected on srv-03
2025-10-26 02:54:00,WARNING,WARNING: Container srv-11 restarting due to OOM
2025-10-26 02:56:00,ERROR,CRITICAL: Network timeout on srv-11. Latency: 506ms
2025-10-26 02:57:00,INFO,INFO: User login successful. User ID: USR247
2025-10-26 02:58:00,ERROR,ERROR: Database connection pool exhausted. Connections: 903
2025-10-26 03:02:00,INFO,INFO: Transaction processed successfully. ID: TXN509
2025-10-26 03:02:00,ERROR,CRITICAL: Network timeout on srv-03. Latency: 726ms
2025-10-26 03:03:00,WARNING,WARNING: Container srv-14 restarting due to OOM
2025-10-26 03:05:00,ERROR,CRITICAL: Network timeout on srv-11. Latency: 514ms
2025-10-26 03:09:00,ERROR,ERROR: API rate limit exceeded for endpoint /api/transactions
2025-10-26 03:14:00,ERROR,ERROR: Disk I/O bottleneck detected on srv-17
2025-10-26 03:17:00,ERROR,CRITICAL: Network timeout on srv-11. Latency: 796ms
2025-10-26 03:20:00,ERROR,ERROR: High CPU utilization detected on server srv-19. Current: 471%
2025-10-26 03:22:00,INFO,INFO: Cache refresh completed in 902ms
2025-10-26 03:23:00,INFO,INFO: Database backup completed successfully
2025-10-26 03:23:00,INFO,INFO: Cache refresh completed in 421ms
2025-10-26 03:24:00,ERROR,ERROR: RTGS transaction failed. Transaction ID: TXN450. Reason: Insufficient funds
2025-10-26 03:27:00,ERROR,CRITICAL: Network timeout on srv-18. Latency: 545ms
2025-10-26 03:28:00,WARNING,WARNING: Container srv-03 restarting due to OOM
2025-10-26 03:28:00,ERROR,ERROR: NEFT transaction failed. Transaction ID: TXN240. Reason: Gateway timeout
2025-10-26 03:33:00,ERROR,ERROR: Disk I/O bottleneck detected on srv-17
2025-10-26 03:36:00,ERROR,ERROR: NEFT transaction failed. Transaction ID: TXN381. Reason: Gateway timeout
2025-10-26 03:36:00,WARNING,WARNING: Duplicate transaction detected. Transaction ID: TXN72
2025-10-26 03:37:00,ERROR,ERROR: IMPS transaction failed. Transaction ID: TXN885. Reason: Invalid account
2025-10-26 03:38:00,ERROR,ERROR: High CPU utilization detected on server srv-08. Current: 268%
2025-10-26 03:39:00,INFO,INFO: Database backup completed successfully
2025-10-26 03:39:00,WARNING,WARNING: Duplicate transaction detected. Transaction ID: TXN230
2025-10-26 03:41:00,ERROR,ERROR: Customer authentication failed. User ID: USR435
2025-10-26 03:42:00,ERROR,ERROR: IMPS transaction failed. Transaction ID: TXN270. Reason: Invalid account
2025-10-26 03:42:00,INFO,INFO: User login successful. User ID: USR486
2025-10-26 03:43:00,ERROR,ERROR: Database connection pool exhausted. Connections: 914
2025-10-26 03:43:00,WARNING,WARNING: Container srv-06 restarting due to OOM
2025-10-26 03:47:00,WARNING,WARNING: Payment gateway response time exceeded SLA. Time: 476ms
2025-10-26 03:50:00,ERROR,ERROR: IMPS transaction failed. Transaction ID: TXN948. Reason: Invalid account
2025-10-26 03:51:00,ERROR,ERROR: High CPU utilization detected on server srv-13. Current: 535%
2025-10-26 03:51:00,ERROR,ERROR: API rate limit exceeded for endpoint /api/transactions
2025-10-26 03:51:00,ERROR,ERROR: IMPS transaction failed. Transaction ID: TXN405. Reason: Invalid account
2025-10-26 03:54:00,ERROR,ERROR: NEFT transaction failed. Transaction ID: TXN961. Reason: Gateway timeout
2025-10-26 03:56:00,ERROR,ERROR: IMPS transaction failed. Transaction ID: TXN117. Reason: Invalid account
2025-10-26 04:01:00,INFO,INFO: Transaction processed successfully. ID: TXN142
2025-10-26 04:01:00,ERROR,CRITICAL: Network timeout on srv-03. Latency: 656ms
2025-10-26 04:03:00,INFO,INFO: Cache refresh completed in 661ms
2025-10-26 04:05:00,ERROR,ERROR: High CPU utilization detected on server srv-13. Current: 955%
2025-10-26 04:05:00,ERROR,ERROR: RTGS transaction failed. Transaction ID: TXN442. Reason: Insufficient funds
2025-10-26 04:07:00,ERROR,ERROR: IMPS transaction failed. Transaction ID: TXN786. Reason: Invalid account
2025-10-26 04:07:00,ERROR,CRITICAL: Network timeout on srv-17. Latency: 256ms
2025-10-26 04:09:00,ERROR,ERROR: Disk I/O bottleneck detected on srv-12
2025-10-26 04:10:00,INFO,INFO: Cache refresh completed in 489ms
2025-10-26 04:10:00,ERROR,ERROR: High CPU utilization detected on server srv-09. Current: 289%
2025-10-26 04:10:00,INFO,INFO: Transaction processed successfully. ID: TXN841
2025-10-26 04:14:00,ERROR,ERROR: IMPS transaction failed. Transaction ID: TXN508. Reason: Invalid account
2025-10-26 04:14:00,ERROR,ERROR: RTGS transaction failed. Transaction ID: TXN402. Reason: Insufficient funds
2025-10-26 04:17:00,INFO,INFO: User login successful. User ID: USR978
2025-10-26 04:19:00,INFO,INFO: User login successful. User ID: USR561
2025-10-26 04:19:00,INFO,INFO: Database backup completed successfully
2025-10-26 04:22:00,INFO,INFO: Transaction processed successfully. ID: TXN875
2025-10-26 04:23:00,INFO,INFO: Cache refresh completed in 699ms
2025-10-26 04:24:00,WARNING,WARNING: Container srv-08 restarting due to OOM
2025-10-26 04:26:00,WARNING,WARNING: Duplicate transaction detected. Transaction ID: TXN461
2025-10-26 04:28:00,ERROR,ERROR: Database connection pool exhausted. Connections: 297
2025-10-26 04:31:00,ERROR,ERROR: Disk I/O bottleneck detected on srv-07
2025-10-26 04:31:00,INFO,INFO: Cache refresh completed in 438ms
2025-10-26 04:35:00,ERROR,ERROR: IMPS transaction failed. Transaction ID: TXN456. Reason: Invalid account
2025-10-26 04:35:00,INFO,INFO: User login successful. User ID: USR849
2025-10-26 04:38:00,INFO,INFO: Transaction processed successfully. ID: TXN651
2025-10-26 04:38:00,ERROR,ERROR: Database connection pool exhausted. Connections: 894
2025-10-26 04:39:00,INFO,INFO: Transaction processed successfully. ID: TXN845
2025-10-26 04:39:00,INFO,INFO: Cache refresh completed in 321ms
2025-10-26 04:43:00,INFO,INFO: Cache refresh completed in 936ms
2025-10-26 04:43:00,WARNING,WARNING: Duplicate transaction detected. Transaction ID: TXN432
2025-10-26 04:44:00,ERROR,ERROR: API rate limit exceeded for endpoint /api/transactions
2025-10-26 04:44:00,ERROR,ERROR: API rate limit exceeded for endpoint /api/transactions
2025-10-26 04:52:00,INFO,INFO: Cache refresh completed in 707ms
2025-10-26 04:52:00,ERROR,ERROR: NEFT transaction failed. Transaction ID: TXN769. Reason: Gateway timeout
2025-10-26 04:54:00,ERROR,ERROR: API rate limit exceeded for endpoint /api/transactions
2025-10-26 04:54:00,INFO,INFO: Transaction processed successfully. ID: TXN137
2025-10-26 04:57:00,INFO,INFO: User login successful. User ID: USR163
2025-10-26 05:00:00,INFO,INFO: Transaction processed successfully. ID: TXN171
2025-10-26 05:01:00,ERROR,ERROR: API rate limit exceeded for endpoint /api/transactions
2025-10-26 05:04:00,WARNING,WARNING: Duplicate transaction detected. Transaction ID: TXN732
2025-10-26 05:05:00,ERROR,ERROR: High CPU utilization detected on server srv-11. Current: 674%
2025-10-26 05:05:00,ERROR,ERROR: Customer authentication failed. User ID: USR568
2025-10-26 05:05:00,INFO,INFO: Cache refresh completed in 294ms
2025-10-26 05:08:00,ERROR,ERROR: Customer authentication failed. User ID: USR206
2025-10-26 05:10:00,ERROR,ERROR: NEFT transaction failed. Transaction ID: TXN207. Reason: Gateway timeout
2025-10-26 05:10:00,ERROR,ERROR: RTGS transaction failed. Transaction ID: TXN381. Reason: Insufficient funds
2025-10-26 05:17:00,ERROR,ERROR: Customer authentication failed. User ID: USR546
2025-10-26 05:21:00,WARNING,WARNING: Payment gateway response time exceeded SLA. Time: 236ms
2025-10-26 05:27:00,ERROR,ERROR: Database connection pool exhausted. Connections: 556
2025-10-26 05:27:00,INFO,INFO: Cache refresh completed in 284ms
2025-10-26 05:29:00,ERROR,ERROR: IMPS transaction failed. Transaction ID: TXN763. Reason: Invalid account
2025-10-26 05:36:00,WARNING,WARNING: Duplicate transaction detected. Transaction ID: TXN924
2025-10-26 05:37:00,ERROR,ERROR: API rate limit exceeded for endpoint /api/transactions
2025-10-26 05:38:00,INFO,INFO: Transaction processed successfully. ID: TXN906
2025-10-26 05:39:00,ERROR,ERROR: High CPU utilization detected on server srv-07. Current: 634%
2025-10-26 05:40:00,INFO,INFO: User login successful. User ID: USR363
2025-10-26 05:46:00,ERROR,ERROR: Customer authentication failed. User ID: USR860
2025-10-26 05:48:00,INFO,INFO: User login successful. User ID: USR93
2025-10-26 05:49:00,ERROR,ERROR: High CPU utilization detected on server srv-14. Current: 719%
2025-10-26 05:52:00,WARNING,WARNING: Duplicate transaction detected. Transaction ID: TXN134
2025-10-26 05:52:00,INFO,INFO: Cache refresh completed in 209ms
2025-10-26 05:58:00,WARNING,WARNING: Duplicate transaction detected. Transaction ID: TXN347
2025-10-26 06:00:00,INFO,INFO: User login successful. User ID: USR153
2025-10-26 06:00:00,WARNING,WARNING: Payment gateway response time exceeded SLA. Time: 410ms
2025-10-26 06:01:00,ERROR,ERROR: Database connection pool exhausted. Connections: 165
2025-10-26 06:02:00,ERROR,ERROR: API rate limit exceeded for endpoint /api/transactions
2025-10-26 06:05:00,ERROR,ERROR: High CPU utilization detected on server srv-18. Current: 909%
2025-10-26 06:06:00,ERROR,ERROR: High CPU utilization detected on server srv-14. Current: 632%
2025-10-26 06:07:00,WARNING,WARNING: Memory usage approaching threshold on srv-02. Current: 175%
2025-10-26 06:10:00,ERROR,ERROR: NEFT transaction failed. Transaction ID: TXN64. Reason: Gateway timeout
2025-10-26 06:13:00,INFO,INFO: Transaction processed successfully. ID: TXN557
2025-10-26 06:14:00,INFO,INFO: Cache refresh completed in 226ms
2025-10-26 06:14:00,WARNING,WARNING: Payment gateway response time exceeded SLA. Time: 682ms
2025-10-26 06:22:00,INFO,INFO: Transaction processed successfully. ID: TXN195
2025-10-26 06:23:00,WARNING,WARNING: Payment gateway response time exceeded SLA. Time: 90ms
2025-10-26 06:25:00,WARNING,WARNING: Container srv-01 restarting due to OOM
2025-10-26 06:26:00,ERROR,ERROR: Disk I/O bottleneck detected on srv-18
2025-10-26 06:28:00,WARNING,WARNING: Container srv-08 restarting due to OOM
2025-10-26 06:29:00,WARNING,WARNING: Container srv-15 restarting due to OOM
2025-10-26 06:30:00,INFO,INFO: Database backup completed successfully
2025-10-26 06:31:00,INFO,INFO: Cache refresh completed in 463ms
2025-10-26 06:33:00,WARNING,WARNING: Payment gateway response time exceeded SLA. Time: 282ms
2025-10-26 06:33:00,INFO,INFO: User login successful. User ID: USR60
2025-10-26 06:36:00,ERROR,ERROR: High CPU utilization detected on server srv-10. Current: 535%
2025-10-26 06:39:00,WARNING,WARNING: Container srv-16 restarting due to OOM
2025-10-26 06:40:00,ERROR,ERROR: Disk I/O bottleneck detected on srv-18
2025-10-26 06:43:00,ERROR,ERROR: API rate limit exceeded for endpoint /api/transactions
2025-10-26 06:46:00,ERROR,ERROR: API rate limit exceeded for endpoint /api/transactions
2025-10-26 06:49:00,WARNING,WARNING: Payment gateway response time exceeded SLA. Time: 896ms
2025-10-26 06:50:00,WARNING,WARNING: Payment gateway response time exceeded SLA. Time: 697ms
2025-10-26 06:54:00,WARNING,WARNING: Memory usage approaching threshold on srv-02. Current: 388%
2025-10-26 06:56:00,ERROR,ERROR: High CPU utilization detected on server srv-16. Current: 714%
2025-10-26 06:56:00,INFO,INFO: Transaction processed successfully. ID: TXN414
2025-10-26 07:00:00,WARNING,WARNING: Memory usage approaching threshold on srv-03. Current: 933%
2025-10-26 07:01:00,INFO,INFO: Transaction processed successfully. ID: TXN932
2025-10-26 07:04:00,WARNING,WARNING: Container srv-18 restarting due to OOM
2025-10-26 07:05:00,ERROR,ERROR: NEFT transaction failed. Transaction ID: TXN689. Reason: Gateway timeout
2025-10-26 07:06:00,WARNING,WARNING: Payment gateway response time exceeded SLA. Time: 953ms
2025-10-26 07:09:00,INFO,INFO: Transaction processed successfully. ID: TXN146
2025-10-26 07:11:00,ERROR,ERROR: NEFT transaction failed. Transaction ID: TXN85. Reason: Gateway timeout
2025-10-26 07:12:00,WARNING,WARNING: Payment gateway response time exceeded SLA. Time: 282ms
2025-10-26 07:14:00,WARNING,WARNING: Container srv-09 restarting due to OOM
2025-10-26 07:16:00,ERROR,ERROR: Customer authentication failed. User ID: USR805
2025-10-26 07:16:00,ERROR,ERROR: Customer authentication failed. User ID: USR773
2025-10-26 07:17:00,WARNING,WARNING: Payment gateway response time exceeded SLA. Time: 793ms
2025-10-26 07:17:00,ERROR,ERROR: NEFT transaction failed. Transaction ID: TXN566. Reason: Gateway timeout
2025-10-26 07:18:00,ERROR,ERROR: Database connection pool exhausted. Connections: 129
2025-10-26 07:20:00,ERROR,ERROR: Database connection pool exhausted. Connections: 840
2025-10-26 07:21:00,WARNING,WARNING: Memory usage approaching threshold on srv-13. Current: 415%
2025-10-26 07:24:00,ERROR,CRITICAL: Network timeout on srv-08. Latency: 443ms
2025-10-26 07:24:00,INFO,INFO: Database backup completed successfully
2025-10-26 07:25:00,INFO,INFO: Cache refresh completed in 261ms
2025-10-26 07:26:00,ERROR,ERROR: RTGS transaction failed. Transaction ID: TXN325. Reason: Insufficient funds
2025-10-26 07:26:00,ERROR,ERROR: IMPS transaction failed. Transaction ID: TXN281. Reason: Invalid account
2025-10-26 07:32:00,ERROR,ERROR: NEFT transaction failed. Transaction ID: TXN744. Reason: Gateway timeout
2025-10-26 07:33:00,ERROR,ERROR: Database connection pool exhausted. Connections: 878
2025-10-26 07:35:00,ERROR,ERROR: API rate limit exceeded for endpoint /api/transactions
2025-10-26 07:37:00,WARNING,WARNING: Payment gateway response time exceeded SLA. Time: 68ms
2025-10-26 07:39:00,ERROR,ERROR: NEFT transaction failed. Transaction ID: TXN94. Reason: Gateway timeout
2025-10-26 07:41:00,INFO,INFO: User login successful. User ID: USR491
2025-10-26 07:44:00,WARNING,WARNING: Payment gateway response time exceeded SLA. Time: 192ms
2025-10-26 07:45:00,WARNING,WARNING: Container srv-12 restarting due to OOM
2025-10-26 07:46:00,ERROR,ERROR: Database connection pool exhausted. Connections: 894
2025-10-26 07:48:00,INFO,INFO: Database backup completed successfully
2025-10-26 07:48:00,ERROR,ERROR: Disk I/O bottleneck detected on srv-13
2025-10-26 07:49:00,INFO,INFO: Transaction processed successfully. ID: TXN469
2025-10-26 07:49:00,ERROR,ERROR: IMPS transaction failed. Transaction ID: TXN532. Reason: Invalid account
2025-10-26 07:50:00,WARNING,WARNING: Duplicate transaction detected. Transaction ID: TXN961
2025-10-26 07:50:00,ERROR,ERROR: RTGS transaction failed. Transaction ID: TXN638. Reason: Insufficient funds
2025-10-26 07:51:00,ERROR,ERROR: RTGS transaction failed. Transaction ID: TXN914. Reason: Insufficient funds
2025-10-26 07:53:00,ERROR,ERROR: NEFT transaction failed. Transaction ID: TXN86. Reason: Gateway timeout
2025-10-26 07:53:00,ERROR,ERROR: IMPS transaction failed. Transaction ID: TXN840. Reason: Invalid account
2025-10-26 07:55:00,INFO,INFO: Transaction processed successfully. ID: TXN685
2025-10-26 07:56:00,ERROR,ERROR: Customer authentication failed. User ID: USR724
2025-10-26 07:57:00,ERROR,ERROR: Disk I/O bottleneck detected on srv-05
2025-10-26 07:57:00,WARNING,WARNING: Duplicate transaction detected. Transaction ID: TXN71
2025-10-26 07:57:00,ERROR,ERROR: NEFT transaction failed. Transaction ID: TXN784. Reason: Gateway timeout
2025-10-26 07:58:00,ERROR,ERROR: Customer authentication failed. User ID: USR592
2025-10-26 07:58:00,ERROR,ERROR: Disk I/O bottleneck detected on srv-01
2025-10-26 08:00:00,WARNING,WARNING: Memory usage approaching threshold on srv-10. Current: 576%
2025-10-26 08:00:00,INFO,INFO: Cache refresh completed in 195ms
2025-10-26 08:02:00,ERROR,ERROR: API rate limit exceeded for endpoint /api/transactions
2025-10-26 08:09:00,INFO,INFO: Database backup completed successfully
2025-10-26 08:09:00,ERROR,ERROR: Customer authentication failed. User ID: USR936
2025-10-26 08:10:00,ERROR,ERROR: Disk I/O bottleneck detected on srv-14
2025-10-26 08:15:00,WARNING,WARNING: Payment gateway response time exceeded SLA. Time: 653ms
2025-10-26 08:15:00,ERROR,ERROR: API rate limit exceeded for endpoint /api/transactions
2025-10-26 08:16:00,INFO,INFO: Transaction processed successfully. ID: TXN286
2025-10-26 08:19:00,WARNING,WARNING: Duplicate transaction detected. Transaction ID: TXN855
2025-10-26 08:22:00,INFO,INFO: Transaction processed successfully. ID: TXN90
2025-10-26 08:25:00,WARNING,WARNING: Duplicate transaction detected. Transaction ID: TXN915
2025-10-26 08:31:00,ERROR,ERROR: Disk I/O bottleneck detected on srv-10
2025-10-26 08:33:00,INFO,INFO: Transaction processed successfully. ID: TXN763
2025-10-26 08:36:00,WARNING,WARNING: Memory usage approaching threshold on srv-01. Current: 571%
2025-10-26 08:37:00,WARNING,WARNING: Container srv-15 restarting due to OOM
2025-10-26 08:37:00,ERROR,CRITICAL: Network timeout on srv-11. Latency: 323ms
2025-10-26 08:39:00,INFO,INFO: Transaction processed successfully. ID: TXN199
2025-10-26 08:39:00,ERROR,ERROR: Customer authentication failed. User ID: USR585
2025-10-26 08:40:00,ERROR,ERROR: API rate limit exceeded for endpoint /api/transactions
2025-10-26 08:40:00,WARNING,WARNING: Memory usage approaching threshold on srv-04. Current: 600%
2025-10-26 08:41:00,ERROR,ERROR: Disk I/O bottleneck detected on srv-05
2025-10-26 08:43:00,INFO,INFO: Transaction processed successfully. ID: TXN136
2025-10-26 08:44:00,ERROR,ERROR: Disk I/O bottleneck detected on srv-10
2025-10-26 08:49:00,INFO,INFO: Database backup completed successfully
2025-10-26 08:53:00,ERROR,ERROR: Disk I/O bottleneck detected on srv-12
2025-10-26 08:53:00,WARNING,WARNING: Container srv-11 restarting due to OOM
2025-10-26 08:58:00,ERROR,ERROR: High CPU utilization detected on server srv-06. Current: 935%
2025-10-26 09:03:00,WARNING,WARNING: Payment gateway response time exceeded SLA. Time: 436ms
2025-10-26 09:04:00,ERROR,CRITICAL: Network timeout on srv-18. Latency: 819ms
2025-10-26 09:06:00,INFO,INFO: User login successful. User ID: USR433
2025-10-26 09:07:00,INFO,INFO: Database backup completed successfully
2025-10-26 09:09:00,ERROR,ERROR: Customer authentication failed. User ID: USR76
2025-10-26 09:10:00,ERROR,CRITICAL: Network timeout on srv-05. Latency: 731ms
2025-10-26 09:24:00,ERROR,ERROR: Disk I/O bottleneck detected on srv-06
2025-10-26 09:26:00,WARNING,WARNING: Memory usage approaching threshold on srv-07. Current: 66%
2025-10-26 09:29:00,ERROR,ERROR: Customer authentication failed. User ID: USR642
2025-10-26 09:31:00,ERROR,CRITICAL: Network timeout on srv-04. Latency: 57ms
2025-10-26 09:36:00,ERROR,ERROR: Disk I/O bottleneck detected on srv-14
2025-10-26 09:37:00,INFO,INFO: User login successful. User ID: USR117
2025-10-26 09:38:00,ERROR,CRITICAL: Network timeout on srv-10. Latency: 784ms
2025-10-26 09:41:00,ERROR,CRITICAL: Network timeout on srv-05. Latency: 189ms
2025-10-26 09:43:00,WARNING,WARNING: Payment gateway response time exceeded SLA. Time: 455ms
2025-10-26 09:44:00,INFO,INFO: Cache refresh completed in 113ms
2025-10-26 09:49:00,ERROR,ERROR: NEFT transaction failed. Transaction ID: TXN452. Reason: Gateway timeout
2025-10-26 09:50:00,INFO,INFO: Transaction processed successfully. ID: TXN257
2025-10-26 09:51:00,ERROR,ERROR: Disk I/O bottleneck detected on srv-14
2025-10-26 09:53:00,ERROR,ERROR: NEFT transaction failed. Transaction ID: TXN192. Reason: Gateway timeout
2025-10-26 09:55:00,INFO,INFO: Transaction processed successfully. ID: TXN593
2025-10-26 10:00:00,WARNING,WARNING: Payment gateway response time exceeded SLA. Time: 888ms
2025-10-26 10:02:00,ERROR,ERROR: API rate limit exceeded for endpoint /api/transactions
2025-10-26 10:02:00,ERROR,ERROR: API rate limit exceeded for endpoint /api/transactions
2025-10-26 10:03:00,INFO,INFO: Cache refresh completed in 541ms
2025-10-26 10:05:00,ERROR,ERROR: API rate limit exceeded for endpoint /api/transactions
2025-10-26 10:07:00,INFO,INFO: User login successful. User ID: USR249
2025-10-26 10:10:00,ERROR,ERROR: Disk I/O bottleneck detected on srv-14
2025-10-26 10:14:00,ERROR,ERROR: NEFT transaction failed. Transaction ID: TXN449. Reason: Gateway timeout
2025-10-26 10:14:00,ERROR,ERROR: Customer authentication failed. User ID: USR210
2025-10-26 10:15:00,INFO,INFO: Database backup completed successfully
2025-10-26 10:16:00,INFO,INFO: Transaction processed successfully. ID: TXN511
2025-10-26 10:21:00,WARNING,WARNING: Duplicate transaction detected. Transaction ID: TXN996
2025-10-26 10:22:00,WARNING,WARNING: Duplicate transaction detected. Transaction ID: TXN246
2025-10-26 10:25:00,WARNING,WARNING: Memory usage approaching threshold on srv-14. Current: 275%
2025-10-26 10:26:00,INFO,INFO: Transaction processed successfully. ID: TXN319
2025-10-26 10:30:00,ERROR,ERROR: Database connection pool exhausted. Connections: 324
2025-10-26 10:30:00,WARNING,WARNING: Payment gateway response time exceeded SLA. Time: 218ms
2025-10-26 10:48:00,ERROR,CRITICAL: Network timeout on srv-09. Latency: 523ms
2025-10-26 10:50:00,ERROR,ERROR: Customer authentication failed. User ID: USR280
2025-10-26 10:50:00,INFO,INFO: Cache refresh completed in 186ms
2025-10-26 10:57:00,ERROR,ERROR: API rate limit exceeded for endpoint /api/transactions
2025-10-26 10:59:00,ERROR,ERROR: NEFT transaction failed. Transaction ID: TXN735. Reason: Gateway timeout
2025-10-26 11:04:00,ERROR,ERROR: Disk I/O bottleneck detected on srv-02
2025-10-26 11:08:00,INFO,INFO: Transaction processed successfully. ID: TXN170
2025-10-26 11:10:00,INFO,INFO: Database backup completed successfully
2025-10-26 11:10:00,WARNING,WARNING: Container srv-08 restarting due to OOM
2025-10-26 11:12:00,WARNING,WARNING: Memory usage approaching threshold on srv-12. Current: 570%
2025-10-26 11:13:00,ERROR,ERROR: API rate limit exceeded for endpoint /api/transactions
2025-10-26 11:15:00,ERROR,CRITICAL: Network timeout on srv-04. Latency: 882ms
2025-10-26 11:18:00,INFO,INFO: Cache refresh completed in 918ms
2025-10-26 11:24:00,ERROR,ERROR: API rate limit exceeded for endpoint /api/transactions
2025-10-26 11:24:00,INFO,INFO: Cache refresh completed in 340ms
2025-10-26 11:24:00,INFO,INFO: User login successful. User ID: USR839
2025-10-26 11:26:00,ERROR,ERROR: RTGS transaction failed. Transaction ID: TXN256. Reason: Insufficient funds
2025-10-26 11:27:00,ERROR,ERROR: Database connection pool exhausted. Connections: 321
2025-10-26 11:27:00,ERROR,ERROR: IMPS transaction failed. Transaction ID: TXN700. Reason: Invalid account
2025-10-26 11:27:00,ERROR,ERROR: High CPU utilization detected on server srv-04. Current: 159%
2025-10-26 11:31:00,ERROR,ERROR: Disk I/O bottleneck detected on srv-01
2025-10-26 11:31:00,WARNING,WARNING: Memory usage approaching threshold on srv-10. Current: 200%
2025-10-26 11:33:00,ERROR,CRITICAL: Network timeout on srv-08. Latency: 769ms
2025-10-26 11:43:00,WARNING,WARNING: Duplicate transaction detected. Transaction ID: TXN719
2025-10-26 11:43:00,ERROR,CRITICAL: Network timeout on srv-14. Latency: 722ms
2025-10-26 11:45:00,INFO,INFO: Transaction processed successfully. ID: TXN121
2025-10-26 11:45:00,ERROR,ERROR: Disk I/O bottleneck detected on srv-01
2025-10-26 11:47:00,ERROR,ERROR: Disk I/O bottleneck detected on srv-15
2025-10-26 11:49:00,INFO,INFO: User login successful. User ID: USR673
2025-10-26 11:50:00,ERROR,ERROR: NEFT transaction failed. Transaction ID: TXN217. Reason: Gateway timeout
2025-10-26 11:52:00,WARNING,WARNING: Container srv-04 restarting due to OOM
2025-10-26 11:53:00,INFO,INFO: Transaction processed successfully. ID: TXN177
2025-10-26 11:55:00,WARNING,WARNING: Memory usage approaching threshold on srv-19. Current: 182%
2025-10-26 12:00:00,WARNING,WARNING: Payment gateway response time exceeded SLA. Time: 237ms
2025-10-26 12:00:00,ERROR,ERROR: Database connection pool exhausted. Connections: 705
2025-10-26 12:03:00,INFO,INFO: Transaction processed successfully. ID: TXN295
2025-10-26 12:05:00,WARNING,WARNING: Payment gateway response time exceeded SLA. Time: 163ms
2025-10-26 12:06:00,ERROR,ERROR: Disk I/O bottleneck detected on srv-16
2025-10-26 12:07:00,WARNING,WARNING: Payment gateway response time exceeded SLA. Time: 631ms
2025-10-26 12:09:00,ERROR,ERROR: Customer authentication failed. User ID: USR398
2025-10-26 12:10:00,INFO,INFO: Transaction processed successfully. ID: TXN789
2025-10-26 12:10:00,INFO,INFO: Database backup completed successfully
2025-10-26 12:11:00,INFO,INFO: Transaction processed successfully. ID: TXN797
2025-10-26 12:11:00,INFO,INFO: Transaction processed successfully. ID: TXN219
2025-10-26 12:13:00,ERROR,ERROR: Disk I/O bottleneck detected on srv-04
2025-10-26 12:13:00,INFO,INFO: Cache refresh completed in 142ms
2025-10-26 12:16:00,ERROR,ERROR: NEFT transaction failed. Transaction ID: TXN520. Reason: Gateway timeout
2025-10-26 12:19:00,ERROR,ERROR: NEFT transaction failed. Transaction ID: TXN905. Reason: Gateway timeout
2025-10-26 12:20:00,WARNING,WARNING: Container srv-12 restarting due to OOM
2025-10-26 12:21:00,WARNING,WARNING: Container srv-09 restarting due to OOM
2025-10-26 12:21:00,INFO,INFO: User login successful. User ID: USR688
2025-10-26 12:25:00,WARNING,WARNING: Duplicate transaction detected. Transaction ID: TXN319
2025-10-26 12:30:00,INFO,INFO: Transaction processed successfully. ID: TXN464
2025-10-26 12:30:00,ERROR,ERROR: Database connection pool exhausted. Connections: 798
2025-10-26 12:31:00,WARNING,WARNING: Payment gateway response time exceeded SLA. Time: 330ms
2025-10-26 12:32:00,ERROR,ERROR: Disk I/O bottleneck detected on srv-10
2025-10-26 12:33:00,INFO,INFO: Transaction processed successfully. ID: TXN542
2025-10-26 12:34:00,ERROR,ERROR: API rate limit exceeded for endpoint /api/transactions
2025-10-26 12:36:00,ERROR,CRITICAL: Network timeout on srv-18. Latency: 992ms
2025-10-26 12:40:00,INFO,INFO: Database backup completed successfully
2025-10-26 12:45:00,ERROR,CRITICAL: Network timeout on srv-13. Latency: 727ms
2025-10-26 12:47:00,WARNING,WARNING: Container srv-11 restarting due to OOM
2025-10-26 12:48:00,INFO,INFO: Transaction processed successfully. ID: TXN521
2025-10-26 12:52:00,INFO,INFO: Transaction processed successfully. ID: TXN630
2025-10-26 12:52:00,ERROR,ERROR: API rate limit exceeded for endpoint /api/transactions
2025-10-26 12:54:00,ERROR,ERROR: High CPU utilization detected on server srv-16. Current: 843%
2025-10-26 12:55:00,ERROR,ERROR: Database connection pool exhausted. Connections: 74
2025-10-26 12:55:00,WARNING,WARNING: Payment gateway response time exceeded SLA. Time: 958ms
2025-10-26 13:00:00,INFO,INFO: Database backup completed successfully
2025-10-26 13:01:00,ERROR,CRITICAL: Network timeout on srv-02. Latency: 346ms
2025-10-26 13:02:00,ERROR,ERROR: NEFT transaction failed. Transaction ID: TXN588. Reason: Gateway timeout
2025-10-26 13:03:00,ERROR,ERROR: NEFT transaction failed. Transaction ID: TXN832. Reason: Gateway timeout
2025-10-26 13:04:00,WARNING,WARNING: Container srv-18 restarting due to OOM
2025-10-26 13:05:00,WARNING,WARNING: Container srv-17 restarting due to OOM
2025-10-26 13:12:00,ERROR,ERROR: Disk I/O bottleneck detected on srv-18
2025-10-26 13:14:00,ERROR,ERROR: RTGS transaction failed. Transaction ID: TXN874. Reason: Insufficient funds
2025-10-26 13:14:00,ERROR,ERROR: NEFT transaction failed. Transaction ID: TXN640. Reason: Gateway timeout
2025-10-26 13:17:00,ERROR,ERROR: High CPU utilization detected on server srv-06. Current: 726%
2025-10-26 13:17:00,ERROR,ERROR: High CPU utilization detected on server srv-05. Current: 500%
2025-10-26 13:19:00,WARNING,WARNING: Duplicate transaction detected. Transaction ID: TXN436
2025-10-26 13:22:00,ERROR,ERROR: Disk I/O bottleneck detected on srv-12
2025-10-26 13:22:00,WARNING,WARNING: Container srv-02 restarting due to OOM
2025-10-26 13:25:00,ERROR,ERROR: Disk I/O bottleneck detected on srv-19
2025-10-26 13:27:00,ERROR,ERROR: Customer authentication failed. User ID: USR61
2025-10-26 13:31:00,ERROR,ERROR: Customer authentication failed. User ID: USR823
2025-10-26 13:31:00,INFO,INFO: Cache refresh completed in 981ms
2025-10-26 13:37:00,ERROR,ERROR: Disk I/O bottleneck detected on srv-17
2025-10-26 13:38:00,ERROR,ERROR: RTGS transaction failed. Transaction ID: TXN330. Reason: Insufficient funds
2025-10-26 13:40:00,ERROR,ERROR: High CPU utilization detected on server srv-04. Current: 304%
2025-10-26 13:41:00,ERROR,ERROR: RTGS transaction failed. Transaction ID: TXN168. Reason: Insufficient funds
2025-10-26 13:43:00,ERROR,ERROR: Customer authentication failed. User ID: USR453
2025-10-26 13:44:00,INFO,INFO: User login successful. User ID: USR604
2025-10-26 13:44:00,WARNING,WARNING: Container srv-08 restarting due to OOM
2025-10-26 13:47:00,WARNING,WARNING: Container srv-14 restarting due to OOM
2025-10-26 13:48:00,INFO,INFO: Database backup completed successfully
2025-10-26 13:50:00,WARNING,WARNING: Payment gateway response time exceeded SLA. Time: 391ms
2025-10-26 13:50:00,ERROR,CRITICAL: Network timeout on srv-16. Latency: 994ms
2025-10-26 13:54:00,WARNING,WARNING: Duplicate transaction detected. Transaction ID: TXN509
2025-10-26 13:55:00,ERROR,ERROR: High CPU utilization detected on server srv-01. Current: 497%
2025-10-26 13:56:00,ERROR,ERROR: API rate limit exceeded for endpoint /api/transactions
2025-10-26 13:58:00,INFO,INFO: Cache refresh completed in 58ms
2025-10-26 14:00:00,ERROR,ERROR: API rate limit exceeded for endpoint /api/transactions
2025-10-26 14:03:00,ERROR,ERROR: Database connection pool exhausted. Connections: 443
2025-10-26 14:04:00,ERROR,ERROR: High CPU utilization detected on server srv-14. Current: 650%
2025-10-26 14:07:00,WARNING,WARNING: Memory usage approaching threshold on srv-10. Current: 506%
2025-10-26 14:09:00,ERROR,ERROR: IMPS transaction failed. Transaction ID: TXN117. Reason: Invalid account
2025-10-26 14:11:00,ERROR,CRITICAL: Network timeout on srv-08. Latency: 235ms
2025-10-26 14:15:00,ERROR,CRITICAL: Network timeout on srv-13. Latency: 926ms
2025-10-26 14:19:00,INFO,INFO: User login successful. User ID: USR571
2025-10-26 14:19:00,WARNING,WARNING: Memory usage approaching threshold on srv-06. Current: 265%
2025-10-26 14:25:00,WARNING,WARNING: Memory usage approaching threshold on srv-01. Current: 614%
2025-10-26 14:26:00,WARNING,WARNING: Container srv-09 restarting due to OOM
2025-10-26 14:27:00,ERROR,ERROR: IMPS transaction failed. Transaction ID: TXN886. Reason: Invalid account
2025-10-26 14:28:00,WARNING,WARNING: Payment gateway response time exceeded SLA. Time: 353ms
2025-10-26 14:29:00,ERROR,ERROR: RTGS transaction failed. Transaction ID: TXN593. Reason: Insufficient funds
2025-10-26 14:29:00,WARNING,WARNING: Duplicate transaction detected. Transaction ID: TXN624
2025-10-26 14:30:00,WARNING,WARNING: Memory usage approaching threshold on srv-05. Current: 720%
2025-10-26 14:30:00,ERROR,ERROR: API rate limit exceeded for endpoint /api/transactions
2025-10-26 14:36:00,ERROR,ERROR: NEFT transaction failed. Transaction ID: TXN668. Reason: Gateway timeout
2025-10-26 14:37:00,INFO,INFO: Database backup completed successfully
2025-10-26 14:40:00,INFO,INFO: Database backup completed successfully
2025-10-26 14:40:00,WARNING,WARNING: Duplicate transaction detected. Transaction ID: TXN622
2025-10-26 14:48:00,ERROR,ERROR: RTGS transaction failed. Transaction ID: TXN747. Reason: Insufficient funds
2025-10-26 14:51:00,INFO,INFO: Cache refresh completed in 57ms
2025-10-26 14:52:00,ERROR,ERROR: IMPS transaction failed. Transaction ID: TXN987. Reason: Invalid account
2025-10-26 14:53:00,INFO,INFO: Database backup completed successfully
2025-10-26 14:53:00,WARNING,WARNING: Payment gateway response time exceeded SLA. Time: 669ms
2025-10-26 14:57:00,ERROR,ERROR: API rate limit exceeded for endpoint /api/transactions
2025-10-26 14:57:00,ERROR,ERROR: Database connection pool exhausted. Connections: 791
2025-10-26 14:59:00,ERROR,ERROR: NEFT transaction failed. Transaction ID: TXN743. Reason: Gateway timeout
2025-10-26 15:02:00,ERROR,ERROR: Customer authentication failed. User ID: USR252
2025-10-26 15:02:00,ERROR,CRITICAL: Network timeout on srv-03. Latency: 580ms
2025-10-26 15:04:00,WARNING,WARNING: Duplicate transaction detected. Transaction ID: TXN980
2025-10-26 15:05:00,WARNING,WARNING: Payment gateway response time exceeded SLA. Time: 493ms
2025-10-26 15:08:00,INFO,INFO: Cache refresh completed in 262ms
2025-10-26 15:11:00,WARNING,WARNING: Container srv-09 restarting due to OOM
2025-10-26 15:12:00,INFO,INFO: Cache refresh completed in 68ms
2025-10-26 15:13:00,WARNING,WARNING: Container srv-08 restarting due to OOM
2025-10-26 15:14:00,WARNING,WARNING: Duplicate transaction detected. Transaction ID: TXN396
2025-10-26 15:16:00,WARNING,WARNING: Duplicate transaction detected. Transaction ID: TXN311
2025-10-26 15:20:00,INFO,INFO: Transaction processed successfully. ID: TXN268
2025-10-26 15:21:00,ERROR,ERROR: RTGS transaction failed. Transaction ID: TXN282. Reason: Insufficient funds
2025-10-26 15:23:00,INFO,INFO: Database backup completed successfully
2025-10-26 15:26:00,WARNING,WARNING: Container srv-19 restarting due to OOM
2025-10-26 15:26:00,INFO,INFO: User login successful. User ID: USR594
2025-10-26 15:27:00,ERROR,CRITICAL: Network timeout on srv-12. Latency: 868ms
2025-10-26 15:27:00,INFO,INFO: Cache refresh completed in 441ms
2025-10-26 15:31:00,WARNING,WARNING: Memory usage approaching threshold on srv-17. Current: 922%
2025-10-26 15:32:00,INFO,INFO: Transaction processed successfully. ID: TXN510
2025-10-26 15:33:00,WARNING,WARNING: Memory usage approaching threshold on srv-01. Current: 86%
2025-10-26 15:38:00,ERROR,ERROR: API rate limit exceeded for endpoint /api/transactions
2025-10-26 15:39:00,WARNING,WARNING: Duplicate transaction detected. Transaction ID: TXN126
2025-10-26 15:44:00,ERROR,CRITICAL: Network timeout on srv-17. Latency: 839ms
2025-10-26 15:49:00,ERROR,ERROR: Database connection pool exhausted. Connections: 313
2025-10-26 15:50:00,INFO,INFO: User login successful. User ID: USR632
2025-10-26 15:50:00,ERROR,ERROR: Disk I/O bottleneck detected on srv-11
2025-10-26 15:51:00,WARNING,WARNING: Memory usage approaching threshold on srv-15. Current: 925%
2025-10-26 15:53:00,ERROR,CRITICAL: Network timeout on srv-15. Latency: 615ms
2025-10-26 15:54:00,ERROR,ERROR: IMPS transaction failed. Transaction ID: TXN482. Reason: Invalid account
2025-10-26 15:58:00,WARNING,WARNING: Duplicate transaction detected. Transaction ID: TXN283
2025-10-26 15:59:00,ERROR,ERROR: API rate limit exceeded for endpoint /api/transactions
2025-10-26 16:00:00,ERROR,ERROR: Customer authentication failed. User ID: USR58
2025-10-26 16:01:00,ERROR,CRITICAL: Network timeout on srv-17. Latency: 511ms
2025-10-26 16:02:00,ERROR,ERROR: Database connection pool exhausted. Connections: 387
2025-10-26 16:07:00,ERROR,ERROR: Database connection pool exhausted. Connections: 506
2025-10-26 16:11:00,ERROR,ERROR: NEFT transaction failed. Transaction ID: TXN410. Reason: Gateway timeout
2025-10-26 16:11:00,ERROR,ERROR: API rate limit exceeded for endpoint /api/transactions
2025-10-26 16:17:00,INFO,INFO: Database backup completed successfully
2025-10-26 16:20:00,ERROR,ERROR: High CPU utilization detected on server srv-09. Current: 308%
2025-10-26 16:23:00,WARNING,WARNING: Memory usage approaching threshold on srv-16. Current: 727%
2025-10-26 16:25:00,INFO,INFO: User login successful. User ID: USR211
2025-10-26 16:26:00,INFO,INFO: Transaction processed successfully. ID: TXN157
2025-10-26 16:27:00,INFO,INFO: User login successful. User ID: USR653
2025-10-26 16:33:00,ERROR,ERROR: IMPS transaction failed. Transaction ID: TXN534. Reason: Invalid account
2025-10-26 16:33:00,ERROR,ERROR: IMPS transaction failed. Transaction ID: TXN217. Reason: Invalid account
2025-10-26 16:36:00,ERROR,ERROR: IMPS transaction failed. Transaction ID: TXN136. Reason: Invalid account
2025-10-26 16:36:00,ERROR,ERROR: RTGS transaction failed. Transaction ID: TXN487. Reason: Insufficient funds
2025-10-26 16:38:00,ERROR,ERROR: Database connection pool exhausted. Connections: 383
2025-10-26 16:40:00,ERROR,CRITICAL: Network timeout on srv-14. Latency: 614ms
2025-10-26 16:42:00,WARNING,WARNING: Container srv-03 restarting due to OOM
2025-10-26 16:42:00,ERROR,ERROR: Database connection pool exhausted. Connections: 307
2025-10-26 16:43:00,WARNING,WARNING: Duplicate transaction detected. Transaction ID: TXN269
2025-10-26 16:44:00,INFO,INFO: Cache refresh completed in 566ms
2025-10-26 16:47:00,ERROR,CRITICAL: Network timeout on srv-16. Latency: 789ms
2025-10-26 16:49:00,ERROR,CRITICAL: Network timeout on srv-07. Latency: 250ms
2025-10-26 16:49:00,WARNING,WARNING: Container srv-07 restarting due to OOM
2025-10-26 16:54:00,INFO,INFO: User login successful. User ID: USR781
2025-10-26 16:56:00,ERROR,ERROR: API rate limit exceeded for endpoint /api/transactions
2025-10-26 16:57:00,ERROR,ERROR: High CPU utilization detected on server srv-08. Current: 739%
2025-10-26 16:59:00,WARNING,WARNING: Container srv-12 restarting due to OOM
2025-10-26 17:00:00,WARNING,WARNING: Payment gateway response time exceeded SLA. Time: 324ms
2025-10-26 17:00:00,ERROR,ERROR: IMPS transaction failed. Transaction ID: TXN640. Reason: Invalid account
2025-10-26 17:03:00,ERROR,ERROR: Disk I/O bottleneck detected on srv-18
2025-10-26 17:03:00,ERROR,ERROR: NEFT transaction failed. Transaction ID: TXN554. Reason: Gateway timeout
2025-10-26 17:05:00,ERROR,ERROR: RTGS transaction failed. Transaction ID: TXN850. Reason: Insufficient funds
2025-10-26 17:09:00,WARNING,WARNING: Memory usage approaching threshold on srv-05. Current: 798%
2025-10-26 17:12:00,WARNING,WARNING: Payment gateway response time exceeded SLA. Time: 800ms
2025-10-26 17:12:00,ERROR,ERROR: API rate limit exceeded for endpoint /api/transactions
2025-10-26 17:13:00,WARNING,WARNING: Duplicate transaction detected. Transaction ID: TXN589
2025-10-26 17:13:00,INFO,INFO: Transaction processed successfully. ID: TXN771
2025-10-26 17:15:00,INFO,INFO: User login successful. User ID: USR482
2025-10-26 17:15:00,WARNING,WARNING: Duplicate transaction detected. Transaction ID: TXN148
2025-10-26 17:16:00,INFO,INFO: User login successful. User ID: USR633
2025-10-26 17:18:00,ERROR,ERROR: Disk I/O bottleneck detected on srv-08
2025-10-26 17:20:00,INFO,INFO: Cache refresh completed in 562ms
2025-10-26 17:21:00,INFO,INFO: Transaction processed successfully. ID: TXN593
2025-10-26 17:24:00,ERROR,ERROR: API rate limit exceeded for endpoint /api/transactions
2025-10-26 17:29:00,WARNING,WARNING: Memory usage approaching threshold on srv-19. Current: 817%
2025-10-26 17:31:00,WARNING,WARNING: Duplicate transaction detected. Transaction ID: TXN585
2025-10-26 17:33:00,WARNING,WARNING: Memory usage approaching threshold on srv-17. Current: 973%
2025-10-26 17:34:00,ERROR,ERROR: IMPS transaction failed. Transaction ID: TXN73. Reason: Invalid account
2025-10-26 17:36:00,WARNING,WARNING: Payment gateway response time exceeded SLA. Time: 800ms
2025-10-26 17:37:00,WARNING,WARNING: Duplicate transaction detected. Transaction ID: TXN826
2025-10-26 17:37:00,ERROR,ERROR: Disk I/O bottleneck detected on srv-18
2025-10-26 17:38:00,INFO,INFO: Transaction processed successfully. ID: TXN301
2025-10-26 17:39:00,WARNING,WARNING: Duplicate transaction detected. Transaction ID: TXN585
2025-10-26 17:39:00,ERROR,ERROR: Customer authentication failed. User ID: USR881
2025-10-26 17:41:00,ERROR,ERROR: Customer authentication failed. User ID: USR505
2025-10-26 17:47:00,INFO,INFO: Cache refresh completed in 790ms
2025-10-26 17:47:00,ERROR,ERROR: RTGS transaction failed. Transaction ID: TXN270. Reason: Insufficient funds
2025-10-26 17:48:00,INFO,INFO: Transaction processed successfully. ID: TXN549
2025-10-26 17:50:00,WARNING,WARNING: Memory usage approaching threshold on srv-13. Current: 167%
2025-10-26 17:59:00,ERROR,ERROR: Database connection pool exhausted. Connections: 792
2025-10-26 18:02:00,ERROR,ERROR: API rate limit exceeded for endpoint /api/transactions
2025-10-26 18:04:00,INFO,INFO: Database backup completed successfully
2025-10-26 18:05:00,WARNING,WARNING: Payment gateway response time exceeded SLA. Time: 917ms
2025-10-26 18:09:00,INFO,INFO: Transaction processed successfully. ID: TXN810
2025-10-26 18:11:00,ERROR,ERROR: RTGS transaction failed. Transaction ID: TXN615. Reason: Insufficient funds
2025-10-26 18:11:00,ERROR,ERROR: Database connection pool exhausted. Connections: 671
2025-10-26 18:27:00,ERROR,CRITICAL: Network timeout on srv-09. Latency: 205ms
2025-10-26 18:28:00,ERROR,ERROR: High CPU utilization detected on server srv-01. Current: 472%
2025-10-26 18:28:00,WARNING,WARNING: Payment gateway response time exceeded SLA. Time: 797ms
2025-10-26 18:28:00,ERROR,ERROR: Customer authentication failed. User ID: USR287
2025-10-26 18:29:00,ERROR,ERROR: API rate limit exceeded for endpoint /api/transactions
2025-10-26 18:29:00,ERROR,CRITICAL: Network timeout on srv-03. Latency: 378ms
2025-10-26 18:31:00,ERROR,ERROR: NEFT transaction failed. Transaction ID: TXN866. Reason: Gateway timeout
2025-10-26 18:34:00,ERROR,ERROR: API rate limit exceeded for endpoint /api/transactions
2025-10-26 18:34:00,ERROR,ERROR: NEFT transaction failed. Transaction ID: TXN311. Reason: Gateway timeout
2025-10-26 18:37:00,ERROR,ERROR: API rate limit exceeded for endpoint /api/transactions
2025-10-26 18:38:00,ERROR,CRITICAL: Network timeout on srv-13. Latency: 859ms
2025-10-26 18:39:00,INFO,INFO: Cache refresh completed in 810ms
2025-10-26 18:45:00,INFO,INFO: User login successful. User ID: USR430
2025-10-26 18:47:00,INFO,INFO: Transaction processed successfully. ID: TXN539
2025-10-26 18:49:00,INFO,INFO: Cache refresh completed in 973ms
2025-10-26 18:49:00,ERROR,ERROR: High CPU utilization detected on server srv-17. Current: 586%
2025-10-26 18:50:00,WARNING,WARNING: Container srv-04 restarting due to OOM
2025-10-26 18:53:00,INFO,INFO: Database backup completed successfully
2025-10-26 18:54:00,INFO,INFO: Transaction processed successfully. ID: TXN753
2025-10-26 18:55:00,WARNING,WARNING: Payment gateway response time exceeded SLA. Time: 478ms
2025-10-26 18:57:00,WARNING,WARNING: Container srv-11 restarting due to OOM
2025-10-26 19:05:00,WARNING,WARNING: Memory usage approaching threshold on srv-02. Current: 287%
2025-10-26 19:06:00,INFO,INFO: Database backup completed successfully
2025-10-26 19:10:00,WARNING,WARNING: Memory usage approaching threshold on srv-15. Current: 908%
2025-10-26 19:11:00,ERROR,ERROR: RTGS transaction failed. Transaction ID: TXN460. Reason: Insufficient funds
2025-10-26 19:11:00,ERROR,ERROR: RTGS transaction failed. Transaction ID: TXN65. Reason: Insufficient funds
2025-10-26 19:12:00,WARNING,WARNING: Container srv-06 restarting due to OOM
2025-10-26 19:16:00,ERROR,ERROR: High CPU utilization detected on server srv-09. Current: 190%
2025-10-26 19:20:00,ERROR,ERROR: Database connection pool exhausted. Connections: 291
2025-10-26 19:21:00,ERROR,ERROR: High CPU utilization detected on server srv-02. Current: 487%
2025-10-26 19:21:00,ERROR,ERROR: RTGS transaction failed. Transaction ID: TXN927. Reason: Insufficient funds
2025-10-26 19:23:00,ERROR,ERROR: IMPS transaction failed. Transaction ID: TXN313. Reason: Invalid account
2025-10-26 19:24:00,ERROR,ERROR: High CPU utilization detected on server srv-18. Current: 188%
2025-10-26 19:28:00,ERROR,CRITICAL: Network timeout on srv-07. Latency: 357ms
2025-10-26 19:29:00,ERROR,ERROR: RTGS transaction failed. Transaction ID: TXN444. Reason: Insufficient funds
2025-10-26 19:30:00,INFO,INFO: Database backup completed successfully
2025-10-26 19:34:00,ERROR,ERROR: NEFT transaction failed. Transaction ID: TXN107. Reason: Gateway timeout
2025-10-26 19:35:00,ERROR,ERROR: Customer authentication failed. User ID: USR371
2025-10-26 19:42:00,WARNING,WARNING: Memory usage approaching threshold on srv-17. Current: 380%
2025-10-26 19:44:00,ERROR,CRITICAL: Network timeout on srv-18. Latency: 676ms
2025-10-26 19:45:00,ERROR,ERROR: Disk I/O bottleneck detected on srv-16
2025-10-26 19:45:00,ERROR,ERROR: API rate limit exceeded for endpoint /api/transactions
2025-10-26 19:45:00,INFO,INFO: Cache refresh completed in 218ms
2025-10-26 19:47:00,ERROR,ERROR: Database connection pool exhausted. Connections: 492
2025-10-26 19:48:00,ERROR,ERROR: NEFT transaction failed. Transaction ID: TXN282. Reason: Gateway timeout
2025-10-26 19:56:00,ERROR,ERROR: RTGS transaction failed. Transaction ID: TXN144. Reason: Insufficient funds
2025-10-26 19:56:00,ERROR,CRITICAL: Network timeout on srv-19. Latency: 693ms
2025-10-26 20:01:00,ERROR,ERROR: Database connection pool exhausted. Connections: 907
2025-10-26 20:02:00,ERROR,ERROR: IMPS transaction failed. Transaction ID: TXN228. Reason: Invalid account
2025-10-26 20:02:00,WARNING,WARNING: Memory usage approaching threshold on srv-02. Current: 448%
2025-10-26 20:08:00,WARNING,WARNING: Duplicate transaction detected. Transaction ID: TXN833
2025-10-26 20:10:00,ERROR,ERROR: High CPU utilization detected on server srv-07. Current: 861%
2025-10-26 20:16:00,WARNING,WARNING: Payment gateway response time exceeded SLA. Time: 788ms
2025-10-26 20:21:00,ERROR,ERROR: IMPS transaction failed. Transaction ID: TXN713. Reason: Invalid account
2025-10-26 20:24:00,WARNING,WARNING: Container srv-05 restarting due to OOM
2025-10-26 20:25:00,ERROR,ERROR: High CPU utilization detected on server srv-07. Current: 798%
2025-10-26 20:26:00,ERROR,CRITICAL: Network timeout on srv-15. Latency: 259ms
2025-10-26 20:26:00,WARNING,WARNING: Duplicate transaction detected. Transaction ID: TXN439
2025-10-26 20:27:00,ERROR,ERROR: High CPU utilization detected on server srv-17. Current: 78%
2025-10-26 20:29:00,ERROR,ERROR: Disk I/O bottleneck detected on srv-13
2025-10-26 20:30:00,ERROR,ERROR: Disk I/O bottleneck detected on srv-05
2025-10-26 20:31:00,WARNING,WARNING: Payment gateway response time exceeded SLA. Time: 471ms
2025-10-26 20:31:00,ERROR,ERROR: Database connection pool exhausted. Connections: 446
2025-10-26 20:32:00,WARNING,WARNING: Container srv-16 restarting due to OOM
2025-10-26 20:35:00,WARNING,WARNING: Payment gateway response time exceeded SLA. Time: 53ms
2025-10-26 20:35:00,INFO,INFO: Transaction processed successfully. ID: TXN745
2025-10-26 20:36:00,ERROR,ERROR: NEFT transaction failed. Transaction ID: TXN76. Reason: Gateway timeout
2025-10-26 20:41:00,WARNING,WARNING: Container srv-05 restarting due to OOM
2025-10-26 20:46:00,ERROR,ERROR: Customer authentication failed. User ID: USR504
2025-10-26 20:46:00,WARNING,WARNING: Container srv-07 restarting due to OOM
2025-10-26 20:48:00,ERROR,ERROR: API rate limit exceeded for endpoint /api/transactions
2025-10-26 20:50:00,INFO,INFO: Cache refresh completed in 378ms
2025-10-26 20:50:00,ERROR,ERROR: IMPS transaction failed. Transaction ID: TXN74. Reason: Invalid account
2025-10-26 20:50:00,ERROR,CRITICAL: Network timeout on srv-02. Latency: 308ms
2025-10-26 20:51:00,ERROR,ERROR: Database connection pool exhausted. Connections: 121
2025-10-26 20:52:00,ERROR,ERROR: Database connection pool exhausted. Connections: 824
2025-10-26 20:53:00,WARNING,WARNING: Duplicate transaction detected. Transaction ID: TXN310
2025-10-26 21:01:00,ERROR,ERROR: Customer authentication failed. User ID: USR663
2025-10-26 21:08:00,INFO,INFO: Database backup completed successfully
2025-10-26 21:08:00,INFO,INFO: Cache refresh completed in 68ms
2025-10-26 21:08:00,WARNING,WARNING: Duplicate transaction detected. Transaction ID: TXN880
2025-10-26 21:15:00,WARNING,WARNING: Container srv-11 restarting due to OOM
2025-10-26 21:19:00,WARNING,WARNING: Duplicate transaction detected. Transaction ID: TXN740
2025-10-26 21:21:00,WARNING,WARNING: Duplicate transaction detected. Transaction ID: TXN831
2025-10-26 21:24:00,INFO,INFO: Database backup completed successfully
2025-10-26 21:24:00,ERROR,ERROR: Disk I/O bottleneck detected on srv-09
2025-10-26 21:26:00,ERROR,ERROR: NEFT transaction failed. Transaction ID: TXN344. Reason: Gateway timeout
2025-10-26 21:28:00,ERROR,ERROR: Disk I/O bottleneck detected on srv-04
2025-10-26 21:31:00,WARNING,WARNING: Duplicate transaction detected. Transaction ID: TXN60
2025-10-26 21:37:00,ERROR,ERROR: API rate limit exceeded for endpoint /api/transactions
2025-10-26 21:38:00,INFO,INFO: Transaction processed successfully. ID: TXN102
2025-10-26 21:40:00,ERROR,ERROR: Database connection pool exhausted. Connections: 828
2025-10-26 21:41:00,INFO,INFO: User login successful. User ID: USR234
2025-10-26 21:41:00,WARNING,WARNING: Duplicate transaction detected. Transaction ID: TXN585
2025-10-26 21:42:00,ERROR,ERROR: IMPS transaction failed. Transaction ID: TXN775. Reason: Invalid account
2025-10-26 21:43:00,WARNING,WARNING: Payment gateway response time exceeded SLA. Time: 789ms
2025-10-26 21:47:00,ERROR,ERROR: High CPU utilization detected on server srv-12. Current: 453%
2025-10-26 21:48:00,WARNING,WARNING: Container srv-03 restarting due to OOM
2025-10-26 21:50:00,ERROR,ERROR: Database connection pool exhausted. Connections: 798
2025-10-26 21:51:00,WARNING,WARNING: Memory usage approaching threshold on srv-06. Current: 121%
2025-10-26 21:52:00,WARNING,WARNING: Container srv-15 restarting due to OOM
2025-10-26 21:53:00,ERROR,ERROR: API rate limit exceeded for endpoint /api/transactions
2025-10-26 21:55:00,INFO,INFO: User login successful. User ID: USR560
2025-10-26 21:55:00,ERROR,ERROR: Database connection pool exhausted. Connections: 400
2025-10-26 21:58:00,INFO,INFO: Cache refresh completed in 582ms
2025-10-26 21:58:00,ERROR,ERROR: Customer authentication failed. User ID: USR757
2025-10-26 22:00:00,ERROR,ERROR: IMPS transaction failed. Transaction ID: TXN535. Reason: Invalid account
2025-10-26 22:04:00,INFO,INFO: Database backup completed successfully
2025-10-26 22:09:00,ERROR,ERROR: Database connection pool exhausted. Connections: 805
2025-10-26 22:12:00,ERROR,ERROR: API rate limit exceeded for endpoint /api/transactions
2025-10-26 22:13:00,WARNING,WARNING: Duplicate transaction detected. Transaction ID: TXN282
2025-10-26 22:19:00,ERROR,ERROR: IMPS transaction failed. Transaction ID: TXN894. Reason: Invalid account
2025-10-26 22:20:00,INFO,INFO: Transaction processed successfully. ID: TXN594
2025-10-26 22:27:00,ERROR,ERROR: RTGS transaction failed. Transaction ID: TXN551. Reason: Insufficient funds
2025-10-26 22:27:00,ERROR,CRITICAL: Network timeout on srv-11. Latency: 596ms
2025-10-26 22:29:00,ERROR,ERROR: NEFT transaction failed. Transaction ID: TXN438. Reason: Gateway timeout
2025-10-26 22:29:00,INFO,INFO: Transaction processed successfully. ID: TXN992
2025-10-26 22:30:00,ERROR,ERROR: Customer authentication failed. User ID: USR759
2025-10-26 22:32:00,ERROR,CRITICAL: Network timeout on srv-12. Latency: 862ms
2025-10-26 22:35:00,ERROR,ERROR: High CPU utilization detected on server srv-14. Current: 246%
2025-10-26 22:37:00,ERROR,ERROR: NEFT transaction failed. Transaction ID: TXN713. Reason: Gateway timeout
2025-10-26 22:40:00,ERROR,ERROR: IMPS transaction failed. Transaction ID: TXN771. Reason: Invalid account
2025-10-26 22:47:00,INFO,INFO: Database backup completed successfully
2025-10-26 22:49:00,ERROR,ERROR: RTGS transaction failed. Transaction ID: TXN527. Reason: Insufficient funds
2025-10-26 22:49:00,ERROR,ERROR: Disk I/O bottleneck detected on srv-13
2025-10-26 22:55:00,INFO,INFO: User login successful. User ID: USR615
2025-10-26 22:55:00,ERROR,ERROR: Customer authentication failed. User ID: USR324
2025-10-26 22:56:00,ERROR,ERROR: RTGS transaction failed. Transaction ID: TXN979. Reason: Insufficient funds
2025-10-26 22:56:00,WARNING,WARNING: Duplicate transaction detected. Transaction ID: TXN190
2025-10-26 23:00:00,ERROR,ERROR: Customer authentication failed. User ID: USR430
2025-10-26 23:02:00,ERROR,ERROR: Database connection pool exhausted. Connections: 296
2025-10-26 23:02:00,ERROR,ERROR: High CPU utilization detected on server srv-04. Current: 582%
2025-10-26 23:03:00,WARNING,WARNING: Payment gateway response time exceeded SLA. Time: 888ms
2025-10-26 23:05:00,INFO,INFO: User login successful. User ID: USR713
2025-10-26 23:06:00,WARNING,WARNING: Payment gateway response time exceeded SLA. Time: 68ms
2025-10-26 23:07:00,ERROR,ERROR: RTGS transaction failed. Transaction ID: TXN800. Reason: Insufficient funds
2025-10-26 23:09:00,ERROR,ERROR: High CPU utilization detected on server srv-10. Current: 386%
2025-10-26 23:10:00,ERROR,ERROR: NEFT transaction failed. Transaction ID: TXN758. Reason: Gateway timeout
2025-10-26 23:13:00,ERROR,ERROR: IMPS transaction failed. Transaction ID: TXN185. Reason: Invalid account
2025-10-26 23:14:00,WARNING,WARNING: Memory usage approaching threshold on srv-18. Current: 692%
2025-10-26 23:14:00,ERROR,ERROR: API rate limit exceeded for endpoint /api/transactions
2025-10-26 23:15:00,WARNING,WARNING: Duplicate transaction detected. Transaction ID: TXN712
2025-10-26 23:20:00,WARNING,WARNING: Container srv-09 restarting due to OOM
2025-10-26 23:22:00,ERROR,ERROR: RTGS transaction failed. Transaction ID: TXN461. Reason: Insufficient funds
2025-10-26 23:23:00,WARNING,WARNING: Memory usage approaching threshold on srv-13. Current: 992%
2025-10-26 23:23:00,INFO,INFO: User login successful. User ID: USR128
2025-10-26 23:24:00,ERROR,ERROR: API rate limit exceeded for endpoint /api/transactions
2025-10-26 23:26:00,ERROR,CRITICAL: Network timeout on srv-03. Latency: 744ms
2025-10-26 23:27:00,ERROR,ERROR: Database connection pool exhausted. Connections: 552
2025-10-26 23:29:00,INFO,INFO: User login successful. User ID: USR882
2025-10-26 23:32:00,ERROR,CRITICAL: Network timeout on srv-18. Latency: 360ms
2025-10-26 23:32:00,INFO,INFO: Database backup completed successfully
2025-10-26 23:33:00,ERROR,ERROR: NEFT transaction failed. Transaction ID: TXN556. Reason: Gateway timeout
2025-10-26 23:34:00,ERROR,ERROR: NEFT transaction failed. Transaction ID: TXN512. Reason: Gateway timeout
2025-10-26 23:37:00,WARNING,WARNING: Container srv-19 restarting due to OOM
2025-10-26 23:39:00,ERROR,ERROR: Database connection pool exhausted. Connections: 519
2025-10-26 23:40:00,INFO,INFO: Database backup completed successfully
2025-10-26 23:41:00,ERROR,ERROR: High CPU utilization detected on server srv-11. Current: 668%
2025-10-26 23:42:00,INFO,INFO: User login successful. User ID: USR208
2025-10-26 23:44:00,INFO,INFO: User login successful. User ID: USR615
2025-10-26 23:45:00,ERROR,ERROR: IMPS transaction failed. Transaction ID: TXN244. Reason: Invalid account
2025-10-26 23:48:00,ERROR,ERROR: NEFT transaction failed. Transaction ID: TXN98. Reason: Gateway timeout
2025-10-26 23:48:00,ERROR,ERROR: Disk I/O bottleneck detected on srv-19
2025-10-26 23:54:00,WARNING,WARNING: Memory usage approaching threshold on srv-07. Current: 971%
2025-10-26 23:54:00,INFO,INFO: Database backup completed successfully
2025-10-26 23:55:00,ERROR,ERROR: NEFT transaction failed. Transaction ID: TXN85. Reason: Gateway timeout
2025-10-26 23:55:00,ERROR,ERROR: API rate limit exceeded for endpoint /api/transactions
2025-10-26 23:55:00,ERROR,ERROR: High CPU utilization detected on server srv-17. Current: 686%
2025-10-26 23:57:00,ERROR,ERROR: IMPS transaction failed. Transaction ID: TXN347. Reason: Invalid account
2025-10-26 23:58:00,INFO,INFO: Cache refresh completed in 958ms
2025-10-26 23:58:00,WARNING,WARNING: Memory usage approaching threshold on srv-06. Current: 555%
2025-10-26 23:58:00,ERROR,ERROR: IMPS transaction failed. Transaction ID: TXN573. Reason: Invalid account
2025-10-26 23:59:00,ERROR,CRITICAL: Network timeout on srv-14. Latency: 298ms
