application_id,customer_id,application_date,loan_type,loan_amount,loan_term_months,employment_type,existing_loans,debt_to_income_ratio,credit_inquiries_6m,payment_history_months,approval_status,is_default
APP000001,CUST000001,2024-06-28,Business_Loan,3830111.33,60,Salaried,1,0.224,1,12,Rejected,
APP000002,CUST000002,2025-02-09,Personal_Loan,110732.55,36,Salaried,3,0.326,0,33,Approved,0.0
APP000003,CUST000003,2024-05-08,Personal_Loan,290880.32,60,Student,0,0.324,2,18,Rejected,
APP000004,CUST000004,2024-06-21,Home_Loan,1735421.12,180,Salaried,3,0.382,0,4,Approved,0.0
APP000005,CUST000005,2024-08-21,Personal_Loan,81309.52,36,Salaried,0,0.467,2,55,Rejected,
APP000006,CUST000006,2024-08-16,Personal_Loan,869276.64,12,Self_Employed,2,0.237,1,1,Approved,0.0
APP000007,CUST000007,2025-06-07,Home_Loan,6251441.23,120,Salaried,2,0.77,1,30,Approved,0.0
APP000008,CUST000008,2025-03-22,Personal_Loan,963234.71,24,Salaried,2,0.441,1,44,Approved,0.0
APP000009,CUST000009,2024-11-01,Personal_Loan,862408.43,60,Self_Employed,2,0.344,3,7,Approved,0.0
APP000010,CUST000010,2025-10-08,Personal_Loan,103178.28,36,Self_Employed,2,0.738,5,1,Approved,0.0
APP000011,CUST000011,2023-11-05,Personal_Loan,406752.81,48,Salaried,4,0.486,4,4,Rejected,
APP000012,CUST000012,2024-09-04,Home_Loan,1209698.66,120,Salaried,2,0.196,1,45,Approved,0.0
APP000013,CUST000013,2025-07-29,Home_Loan,6631210.63,120,Salaried,4,0.128,1,59,Approved,0.0
APP000014,CUST000014,2024-08-05,Business_Loan,4102998.68,36,Salaried,2,0.69,1,4,Rejected,
APP000015,CUST000015,2025-05-23,Credit_Card,77046.0,0,Retired,0,0.256,6,7,Rejected,
APP000016,CUST000016,2024-11-09,Home_Loan,6970177.17,300,Self_Employed,2,0.543,2,1,Approved,0.0
APP000017,CUST000017,2025-06-21,Personal_Loan,812520.09,48,Retired,4,0.794,3,18,Rejected,
APP000018,CUST000018,2024-12-02,Credit_Card,259211.68,0,Salaried,4,0.328,1,58,Approved,0.0
APP000019,CUST000019,2025-01-10,Home_Loan,8567830.24,180,Business_Owner,1,0.718,0,2,Approved,0.0
APP000020,CUST000020,2023-12-26,Personal_Loan,147421.52,48,Salaried,3,0.748,5,29,Approved,1.0
APP000021,CUST000021,2025-06-27,Personal_Loan,138105.84,36,Salaried,2,0.115,1,29,Approved,0.0
APP000022,CUST000022,2025-04-16,Credit_Card,65726.99,0,Salaried,3,0.296,3,55,Approved,1.0
APP000023,CUST000023,2024-05-01,Personal_Loan,353367.37,24,Salaried,3,0.174,3,1,Approved,0.0
APP000024,CUST000024,2025-05-14,Personal_Loan,394530.45,36,Salaried,3,0.432,1,0,Rejected,
APP000025,CUST000025,2024-11-24,Auto_Loan,365941.36,36,Salaried,2,0.729,3,0,Approved,0.0
APP000026,CUST000026,2024-10-25,Home_Loan,3188297.53,120,Self_Employed,2,0.684,1,27,Approved,0.0
APP000027,CUST000027,2025-03-17,Business_Loan,2961724.32,24,Salaried,3,0.401,1,11,Rejected,
APP000028,CUST000028,2025-10-26,Auto_Loan,720901.57,48,Business_Owner,1,0.319,3,4,Approved,0.0
APP000029,CUST000029,2025-06-06,Personal_Loan,953460.05,36,Salaried,3,0.186,2,11,Approved,0.0
APP000030,CUST000030,2024-01-06,Credit_Card,140438.17,0,Salaried,3,0.383,0,9,Rejected,
APP000031,CUST000031,2025-05-12,Auto_Loan,1234336.9,36,Salaried,0,0.607,2,0,Rejected,
APP000032,CUST000032,2025-03-06,Personal_Loan,528436.23,36,Salaried,2,0.73,1,14,Approved,0.0
APP000033,CUST000033,2024-02-26,Credit_Card,423318.49,0,Salaried,2,0.46,2,2,Approved,0.0
APP000034,CUST000034,2024-03-27,Auto_Loan,1292970.96,48,Salaried,0,0.364,3,1,Rejected,
APP000035,CUST000035,2024-12-29,Home_Loan,3016196.51,240,Salaried,2,0.244,0,11,Approved,0.0
APP000036,CUST000036,2025-07-11,Business_Loan,127365.0,24,Self_Employed,2,0.778,1,40,Approved,0.0
APP000037,CUST000037,2025-07-29,Auto_Loan,549366.71,60,Self_Employed,4,0.101,4,11,Approved,0.0
APP000038,CUST000038,2025-03-15,Auto_Loan,640581.47,48,Salaried,4,0.603,0,9,Rejected,
APP000039,CUST000039,2025-05-05,Personal_Loan,141788.54,48,Self_Employed,3,0.683,3,23,Approved,0.0
APP000040,CUST000040,2025-06-30,Auto_Loan,1237699.88,36,Salaried,1,0.761,1,15,Approved,0.0
APP000041,CUST000041,2025-08-14,Auto_Loan,1578490.43,36,Salaried,2,0.156,0,1,Rejected,
APP000042,CUST000042,2024-01-11,Home_Loan,1934020.68,300,Salaried,2,0.184,2,43,Rejected,
APP000043,CUST000043,2025-02-05,Personal_Loan,544381.91,24,Self_Employed,2,0.404,2,12,Approved,0.0
APP000044,CUST000044,2025-05-20,Home_Loan,3050099.92,300,Salaried,0,0.218,0,31,Rejected,
APP000045,CUST000045,2024-05-30,Personal_Loan,321833.24,24,Salaried,4,0.374,1,14,Approved,0.0
APP000046,CUST000046,2025-06-13,Personal_Loan,814740.34,48,Self_Employed,2,0.457,2,23,Approved,0.0
APP000047,CUST000047,2024-11-07,Credit_Card,312548.0,0,Retired,3,0.163,2,13,Approved,0.0
APP000048,CUST000048,2024-12-23,Auto_Loan,1452411.16,36,Salaried,1,0.448,1,51,Approved,0.0
APP000049,CUST000049,2024-02-27,Personal_Loan,966770.0,48,Salaried,0,0.263,2,3,Approved,0.0
APP000050,CUST000050,2024-07-07,Business_Loan,2727762.67,48,Student,2,0.659,2,34,Approved,0.0
APP000051,CUST000051,2025-02-11,Auto_Loan,991070.49,48,Self_Employed,4,0.41,2,4,Approved,1.0
APP000052,CUST000052,2023-12-02,Home_Loan,4195872.89,180,Business_Owner,0,0.196,2,3,Approved,0.0
APP000053,CUST000053,2024-12-14,Personal_Loan,662733.99,48,Salaried,1,0.302,2,12,Approved,0.0
APP000054,CUST000054,2024-09-02,Auto_Loan,1653433.84,36,Self_Employed,3,0.623,3,6,Rejected,
APP000055,CUST000055,2024-08-20,Business_Loan,2462193.42,12,Salaried,0,0.746,3,10,Rejected,
APP000056,CUST000056,2025-05-04,Auto_Loan,1356584.17,48,Self_Employed,1,0.559,3,19,Rejected,
APP000057,CUST000057,2024-02-19,Home_Loan,6022190.17,240,Salaried,2,0.272,0,22,Approved,0.0
APP000058,CUST000058,2023-12-06,Credit_Card,65638.52,0,Salaried,4,0.183,2,6,Approved,0.0
APP000059,CUST000059,2023-12-10,Business_Loan,3938716.42,36,Student,0,0.49,4,3,Rejected,
APP000060,CUST000060,2025-02-09,Home_Loan,8244897.37,120,Salaried,1,0.1,2,12,Rejected,
APP000061,CUST000061,2025-04-08,Home_Loan,9641119.04,240,Business_Owner,2,0.179,3,32,Approved,0.0
APP000062,CUST000062,2024-10-05,Credit_Card,287563.38,0,Business_Owner,3,0.326,1,16,Approved,0.0
APP000063,CUST000063,2024-06-05,Personal_Loan,401842.22,24,Retired,1,0.661,2,7,Rejected,
APP000064,CUST000064,2024-03-12,Credit_Card,250567.34,0,Business_Owner,4,0.655,0,89,Approved,0.0
APP000065,CUST000065,2024-11-14,Credit_Card,198471.37,0,Salaried,1,0.493,1,25,Approved,0.0
APP000066,CUST000066,2024-06-28,Auto_Loan,1297343.68,36,Salaried,0,0.154,1,69,Approved,1.0
APP000067,CUST000067,2024-03-14,Personal_Loan,130308.77,12,Salaried,0,0.526,1,3,Rejected,
APP000068,CUST000068,2025-03-18,Personal_Loan,748961.01,24,Salaried,0,0.211,2,0,Rejected,
APP000069,CUST000069,2025-01-30,Home_Loan,6336334.82,180,Salaried,4,0.278,1,12,Approved,0.0
APP000070,CUST000070,2025-07-01,Home_Loan,1372343.26,240,Self_Employed,3,0.317,3,4,Approved,0.0
APP000071,CUST000071,2025-03-07,Credit_Card,259124.32,0,Business_Owner,1,0.573,2,15,Approved,1.0
APP000072,CUST000072,2025-08-15,Personal_Loan,76493.98,12,Salaried,2,0.667,2,5,Rejected,
APP000073,CUST000073,2025-03-25,Credit_Card,471908.27,0,Salaried,0,0.359,1,11,Approved,0.0
APP000074,CUST000074,2024-12-01,Personal_Loan,570674.42,60,Salaried,2,0.677,3,38,Rejected,
APP000075,CUST000075,2025-09-24,Home_Loan,6442792.21,120,Retired,0,0.18,4,20,Approved,1.0
APP000076,CUST000076,2024-03-16,Personal_Loan,941823.0,24,Business_Owner,2,0.751,1,16,Approved,1.0
APP000077,CUST000077,2023-12-14,Home_Loan,8302923.7,300,Salaried,0,0.347,2,2,Approved,0.0
APP000078,CUST000078,2025-10-30,Business_Loan,3552681.12,48,Self_Employed,2,0.491,5,13,Approved,0.0
APP000079,CUST000079,2024-11-06,Personal_Loan,437843.95,12,Salaried,3,0.52,0,8,Rejected,
APP000080,CUST000080,2025-05-06,Home_Loan,1531498.78,180,Business_Owner,3,0.793,0,2,Rejected,
APP000081,CUST000081,2025-02-01,Home_Loan,1054782.6,120,Salaried,1,0.288,1,25,Rejected,
APP000082,CUST000082,2025-06-09,Credit_Card,177113.7,0,Self_Employed,4,0.45,2,15,Approved,0.0
APP000083,CUST000083,2025-10-21,Personal_Loan,144993.55,60,Salaried,3,0.121,2,6,Approved,0.0
APP000084,CUST000084,2025-04-12,Auto_Loan,1241337.06,48,Self_Employed,3,0.357,5,14,Rejected,
APP000085,CUST000085,2025-04-05,Personal_Loan,51731.63,60,Salaried,3,0.179,3,23,Approved,0.0
APP000086,CUST000086,2025-09-21,Credit_Card,221665.71,0,Student,2,0.484,3,0,Approved,0.0
APP000087,CUST000087,2025-04-23,Personal_Loan,922811.76,60,Salaried,2,0.118,1,7,Approved,0.0
APP000088,CUST000088,2025-03-16,Auto_Loan,1468723.06,84,Student,3,0.248,1,28,Approved,0.0
APP000089,CUST000089,2023-11-05,Auto_Loan,944970.26,48,Salaried,3,0.385,2,1,Rejected,
APP000090,CUST000090,2025-09-23,Personal_Loan,795560.46,36,Salaried,3,0.655,3,10,Rejected,
APP000091,CUST000091,2025-03-10,Business_Loan,3656414.0,48,Self_Employed,4,0.715,0,3,Approved,1.0
APP000092,CUST000092,2025-01-26,Business_Loan,326424.31,48,Salaried,3,0.742,0,2,Approved,0.0
APP000093,CUST000093,2023-11-22,Home_Loan,1950518.37,300,Salaried,3,0.134,1,1,Approved,0.0
APP000094,CUST000094,2024-07-11,Personal_Loan,431485.89,60,Salaried,4,0.733,1,48,Rejected,
APP000095,CUST000095,2024-06-28,Personal_Loan,525039.76,12,Salaried,2,0.721,2,0,Approved,0.0
APP000096,CUST000096,2025-06-02,Home_Loan,2939435.24,120,Salaried,0,0.382,0,11,Approved,0.0
APP000097,CUST000097,2025-07-21,Business_Loan,2582405.64,24,Salaried,0,0.606,4,0,Approved,0.0
APP000098,CUST000098,2025-03-13,Credit_Card,455554.78,0,Self_Employed,1,0.482,0,36,Approved,0.0
APP000099,CUST000099,2024-06-15,Credit_Card,463874.22,0,Self_Employed,3,0.31,3,0,Approved,0.0
APP000100,CUST000100,2024-10-15,Auto_Loan,1651643.84,84,Salaried,0,0.412,3,5,Approved,0.0
APP000101,CUST000101,2024-09-26,Personal_Loan,512028.27,36,Salaried,2,0.338,2,3,Approved,0.0
APP000102,CUST000102,2024-01-13,Credit_Card,114490.38,0,Self_Employed,2,0.503,3,13,Approved,1.0
APP000103,CUST000103,2024-04-18,Auto_Loan,773481.45,60,Salaried,0,0.201,2,3,Approved,0.0
APP000104,CUST000104,2024-09-21,Home_Loan,7811104.29,120,Salaried,4,0.532,0,6,Rejected,
APP000105,CUST000105,2024-06-17,Auto_Loan,1771391.38,36,Retired,1,0.525,4,4,Approved,0.0
APP000106,CUST000106,2025-10-08,Business_Loan,1919003.02,36,Business_Owner,4,0.6,2,111,Approved,0.0
APP000107,CUST000107,2025-05-03,Personal_Loan,816959.48,12,Salaried,3,0.653,2,7,Rejected,
APP000108,CUST000108,2024-10-29,Personal_Loan,769698.93,60,Salaried,1,0.26,0,0,Rejected,
APP000109,CUST000109,2024-01-04,Personal_Loan,114638.06,60,Salaried,2,0.116,2,0,Approved,0.0
APP000110,CUST000110,2024-08-23,Auto_Loan,1562589.54,60,Business_Owner,1,0.271,2,35,Approved,0.0
APP000111,CUST000111,2024-05-19,Credit_Card,214364.16,0,Salaried,0,0.709,5,4,Rejected,
APP000112,CUST000112,2025-06-05,Auto_Loan,672366.86,48,Salaried,3,0.599,0,6,Approved,0.0
APP000113,CUST000113,2024-02-10,Home_Loan,2682749.25,120,Salaried,2,0.115,2,38,Rejected,
APP000114,CUST000114,2025-05-08,Home_Loan,8512871.79,180,Salaried,3,0.308,0,5,Approved,0.0
APP000115,CUST000115,2023-11-21,Home_Loan,2843938.85,120,Business_Owner,4,0.271,2,52,Approved,0.0
APP000116,CUST000116,2024-11-15,Personal_Loan,743035.1,48,Salaried,1,0.127,1,39,Approved,0.0
APP000117,CUST000117,2025-05-26,Personal_Loan,189882.29,12,Salaried,3,0.483,1,15,Approved,0.0
APP000118,CUST000118,2025-04-11,Personal_Loan,360837.89,60,Salaried,0,0.514,0,10,Rejected,
APP000119,CUST000119,2024-02-15,Personal_Loan,903235.27,24,Business_Owner,2,0.623,4,0,Rejected,
APP000120,CUST000120,2024-04-30,Auto_Loan,444870.85,36,Self_Employed,1,0.576,4,3,Approved,0.0
APP000121,CUST000121,2025-10-26,Home_Loan,5058235.24,120,Salaried,4,0.71,0,24,Approved,1.0
APP000122,CUST000122,2024-08-10,Home_Loan,8006843.17,240,Self_Employed,2,0.739,1,6,Approved,0.0
APP000123,CUST000123,2025-05-19,Home_Loan,2234445.72,240,Salaried,2,0.228,0,26,Approved,0.0
APP000124,CUST000124,2024-10-04,Business_Loan,107667.31,24,Salaried,0,0.121,2,10,Approved,0.0
APP000125,CUST000125,2025-04-08,Home_Loan,9447878.52,240,Self_Employed,3,0.249,1,33,Approved,1.0
APP000126,CUST000126,2025-04-27,Auto_Loan,1142452.72,48,Business_Owner,4,0.79,1,1,Approved,1.0
APP000127,CUST000127,2024-11-12,Credit_Card,357539.29,0,Self_Employed,0,0.662,1,2,Approved,1.0
APP000128,CUST000128,2025-09-14,Auto_Loan,528373.48,36,Business_Owner,4,0.58,2,0,Approved,0.0
APP000129,CUST000129,2024-12-15,Credit_Card,124927.33,0,Self_Employed,3,0.347,1,56,Approved,0.0
APP000130,CUST000130,2025-09-12,Personal_Loan,808170.35,36,Business_Owner,2,0.262,4,5,Approved,0.0
APP000131,CUST000131,2024-05-24,Home_Loan,4047467.86,120,Salaried,0,0.727,1,4,Approved,0.0
APP000132,CUST000132,2024-08-07,Personal_Loan,401668.42,24,Self_Employed,0,0.461,4,0,Approved,0.0
APP000133,CUST000133,2025-09-08,Personal_Loan,841221.45,48,Salaried,2,0.185,3,11,Approved,1.0
APP000134,CUST000134,2025-08-05,Credit_Card,99785.7,0,Business_Owner,4,0.108,3,2,Approved,0.0
APP000135,CUST000135,2024-10-30,Auto_Loan,1404828.88,60,Business_Owner,3,0.74,2,102,Approved,0.0
APP000136,CUST000136,2024-10-06,Home_Loan,7836781.78,180,Salaried,4,0.322,1,2,Rejected,
APP000137,CUST000137,2025-05-23,Personal_Loan,577128.18,48,Self_Employed,4,0.481,1,6,Approved,0.0
APP000138,CUST000138,2024-05-17,Personal_Loan,366161.7,48,Salaried,0,0.509,2,29,Approved,0.0
APP000139,CUST000139,2025-05-18,Home_Loan,7902377.74,120,Business_Owner,4,0.272,2,5,Rejected,
APP000140,CUST000140,2025-08-25,Home_Loan,6750672.16,240,Salaried,1,0.228,3,28,Approved,0.0
APP000141,CUST000141,2024-02-05,Personal_Loan,286426.11,60,Self_Employed,4,0.439,2,9,Rejected,
APP000142,CUST000142,2024-11-24,Credit_Card,444868.47,0,Salaried,4,0.371,3,75,Approved,0.0
APP000143,CUST000143,2025-04-23,Business_Loan,3250441.27,12,Self_Employed,0,0.787,3,10,Approved,0.0
APP000144,CUST000144,2024-04-30,Home_Loan,8178104.73,180,Salaried,3,0.485,3,10,Approved,0.0
APP000145,CUST000145,2024-05-27,Business_Loan,2782623.4,24,Salaried,3,0.702,1,0,Approved,0.0
APP000146,CUST000146,2025-04-06,Credit_Card,317726.55,0,Salaried,2,0.197,3,8,Approved,0.0
APP000147,CUST000147,2025-06-28,Home_Loan,6019840.16,120,Salaried,0,0.431,3,35,Approved,0.0
APP000148,CUST000148,2025-03-08,Personal_Loan,859118.98,24,Salaried,2,0.222,2,26,Approved,0.0
APP000149,CUST000149,2023-11-13,Personal_Loan,923743.4,12,Student,2,0.14,3,0,Approved,0.0
APP000150,CUST000150,2023-12-08,Personal_Loan,431780.76,12,Student,3,0.449,1,5,Approved,0.0
APP000151,CUST000151,2024-01-13,Personal_Loan,188924.16,48,Salaried,1,0.447,2,9,Approved,0.0
APP000152,CUST000152,2025-02-18,Auto_Loan,1890959.99,36,Salaried,1,0.455,1,1,Rejected,
APP000153,CUST000153,2025-05-03,Home_Loan,1257560.72,240,Salaried,2,0.748,1,14,Approved,0.0
APP000154,CUST000154,2023-11-13,Auto_Loan,1554488.79,48,Salaried,2,0.576,1,6,Approved,1.0
APP000155,CUST000155,2025-03-11,Personal_Loan,532834.27,12,Student,4,0.13,4,4,Approved,0.0
APP000156,CUST000156,2024-01-27,Credit_Card,268564.65,0,Self_Employed,2,0.587,2,17,Approved,0.0
APP000157,CUST000157,2025-04-07,Credit_Card,347637.69,0,Student,3,0.588,1,1,Approved,1.0
APP000158,CUST000158,2024-02-25,Auto_Loan,213736.3,60,Self_Employed,0,0.247,0,81,Approved,0.0
APP000159,CUST000159,2024-08-04,Auto_Loan,1502853.46,36,Salaried,0,0.167,2,2,Rejected,
APP000160,CUST000160,2025-04-03,Personal_Loan,664778.71,60,Business_Owner,1,0.35,3,68,Approved,0.0
APP000161,CUST000161,2025-06-10,Credit_Card,53040.62,0,Self_Employed,4,0.237,2,9,Rejected,
APP000162,CUST000162,2024-05-23,Home_Loan,3262271.86,300,Salaried,0,0.139,1,8,Approved,0.0
APP000163,CUST000163,2024-03-28,Business_Loan,2693583.5,60,Business_Owner,4,0.24,2,7,Rejected,
APP000164,CUST000164,2025-04-11,Credit_Card,123501.02,0,Salaried,0,0.172,2,12,Approved,0.0
APP000165,CUST000165,2025-04-21,Business_Loan,4824409.08,48,Salaried,4,0.56,2,34,Approved,0.0
APP000166,CUST000166,2024-07-22,Business_Loan,3542718.39,24,Salaried,4,0.459,3,21,Approved,0.0
APP000167,CUST000167,2025-02-02,Personal_Loan,877948.26,60,Salaried,1,0.377,2,1,Approved,0.0
APP000168,CUST000168,2025-05-23,Personal_Loan,613553.97,24,Salaried,4,0.574,2,46,Rejected,
APP000169,CUST000169,2025-06-27,Personal_Loan,821049.95,60,Salaried,2,0.104,1,12,Approved,0.0
APP000170,CUST000170,2024-05-12,Credit_Card,493385.71,0,Student,2,0.12,2,10,Rejected,
APP000171,CUST000171,2024-02-11,Auto_Loan,272617.65,36,Business_Owner,3,0.7,0,31,Rejected,
APP000172,CUST000172,2025-06-12,Personal_Loan,792789.5,60,Self_Employed,2,0.713,1,14,Rejected,
APP000173,CUST000173,2024-12-27,Auto_Loan,1294790.27,48,Salaried,0,0.343,3,0,Rejected,
APP000174,CUST000174,2025-07-14,Home_Loan,5861207.43,240,Salaried,0,0.564,3,0,Rejected,
APP000175,CUST000175,2024-03-01,Home_Loan,7828516.89,180,Self_Employed,3,0.304,1,5,Rejected,
APP000176,CUST000176,2025-05-03,Business_Loan,3813763.74,60,Salaried,3,0.551,5,32,Approved,0.0
APP000177,CUST000177,2024-12-19,Home_Loan,6411759.38,120,Retired,3,0.732,0,0,Approved,0.0
APP000178,CUST000178,2024-04-23,Personal_Loan,578309.4,12,Self_Employed,2,0.339,3,2,Approved,0.0
APP000179,CUST000179,2025-10-10,Personal_Loan,62538.26,24,Salaried,2,0.306,0,56,Approved,0.0
APP000180,CUST000180,2025-04-20,Home_Loan,5664953.41,240,Salaried,1,0.569,2,2,Rejected,
APP000181,CUST000181,2024-12-23,Auto_Loan,447596.47,36,Salaried,4,0.617,0,2,Approved,0.0
APP000182,CUST000182,2025-08-17,Auto_Loan,1482297.28,48,Salaried,4,0.629,0,51,Approved,0.0
APP000183,CUST000183,2024-02-24,Personal_Loan,738316.13,48,Salaried,4,0.361,1,3,Approved,0.0
APP000184,CUST000184,2025-08-31,Auto_Loan,253229.08,60,Salaried,1,0.687,1,3,Approved,1.0
APP000185,CUST000185,2023-11-20,Business_Loan,1552432.27,12,Self_Employed,2,0.152,3,16,Approved,0.0
APP000186,CUST000186,2024-09-15,Personal_Loan,807536.28,60,Salaried,1,0.409,1,8,Approved,0.0
APP000187,CUST000187,2023-12-12,Credit_Card,399551.58,0,Business_Owner,2,0.219,2,44,Rejected,
APP000188,CUST000188,2024-08-11,Personal_Loan,600165.09,48,Salaried,4,0.443,0,26,Approved,0.0
APP000189,CUST000189,2025-01-11,Home_Loan,4634353.12,180,Retired,2,0.588,4,17,Approved,0.0
APP000190,CUST000190,2024-05-09,Credit_Card,350063.23,0,Self_Employed,2,0.765,1,11,Approved,0.0
APP000191,CUST000191,2024-10-03,Credit_Card,69791.04,0,Salaried,3,0.166,5,57,Approved,0.0
APP000192,CUST000192,2025-05-24,Credit_Card,235987.58,0,Salaried,1,0.705,2,1,Approved,0.0
APP000193,CUST000193,2023-11-13,Personal_Loan,839506.2,36,Salaried,2,0.384,2,3,Approved,0.0
APP000194,CUST000194,2025-05-25,Business_Loan,3132251.89,60,Business_Owner,2,0.305,1,37,Approved,0.0
APP000195,CUST000195,2024-08-07,Home_Loan,8209731.3,120,Salaried,2,0.526,1,8,Rejected,
APP000196,CUST000196,2025-06-02,Auto_Loan,271216.46,48,Salaried,0,0.728,2,6,Approved,0.0
APP000197,CUST000197,2024-12-07,Credit_Card,496100.89,0,Salaried,1,0.621,2,3,Approved,0.0
APP000198,CUST000198,2024-11-24,Home_Loan,9976989.02,240,Salaried,0,0.316,1,4,Approved,0.0
APP000199,CUST000199,2024-05-26,Personal_Loan,697853.85,60,Salaried,0,0.14,2,0,Approved,0.0
APP000200,CUST000200,2025-08-17,Personal_Loan,214126.95,48,Student,0,0.666,1,25,Rejected,
APP000201,CUST000201,2025-03-17,Home_Loan,5208164.29,300,Self_Employed,3,0.49,1,0,Approved,0.0
APP000202,CUST000202,2025-06-12,Home_Loan,7260588.57,240,Student,3,0.334,0,1,Approved,0.0
APP000203,CUST000203,2024-01-29,Home_Loan,1913314.86,240,Salaried,3,0.724,2,20,Approved,0.0
APP000204,CUST000204,2024-10-26,Auto_Loan,396498.11,36,Self_Employed,1,0.223,2,62,Approved,0.0
APP000205,CUST000205,2024-03-12,Home_Loan,8766917.67,300,Self_Employed,1,0.162,0,11,Approved,0.0
APP000206,CUST000206,2024-08-10,Home_Loan,8997562.04,300,Salaried,1,0.111,5,10,Rejected,
APP000207,CUST000207,2024-10-14,Home_Loan,3854605.98,180,Salaried,1,0.569,1,63,Approved,0.0
APP000208,CUST000208,2024-05-05,Credit_Card,305706.79,0,Salaried,2,0.117,5,25,Approved,0.0
APP000209,CUST000209,2025-07-03,Credit_Card,164345.13,0,Self_Employed,1,0.264,1,15,Approved,0.0
APP000210,CUST000210,2025-04-06,Home_Loan,9615310.06,240,Salaried,0,0.799,1,7,Approved,1.0
APP000211,CUST000211,2023-11-18,Auto_Loan,1655498.38,84,Business_Owner,1,0.523,2,3,Approved,0.0
APP000212,CUST000212,2024-06-29,Credit_Card,57294.7,0,Salaried,3,0.249,5,11,Approved,1.0
APP000213,CUST000213,2025-02-27,Home_Loan,7931241.89,120,Self_Employed,0,0.136,1,17,Rejected,
APP000214,CUST000214,2025-04-26,Home_Loan,4407925.33,300,Salaried,4,0.781,3,2,Approved,0.0
APP000215,CUST000215,2023-11-15,Business_Loan,577206.17,48,Retired,2,0.538,5,2,Approved,1.0
APP000216,CUST000216,2025-09-26,Credit_Card,246576.92,0,Salaried,3,0.679,2,4,Rejected,
APP000217,CUST000217,2024-05-24,Auto_Loan,1334776.31,36,Retired,2,0.124,3,8,Approved,0.0
APP000218,CUST000218,2024-06-19,Personal_Loan,508655.96,36,Salaried,3,0.168,0,0,Approved,0.0
APP000219,CUST000219,2024-08-27,Personal_Loan,700176.52,36,Salaried,2,0.598,2,4,Approved,0.0
APP000220,CUST000220,2025-06-06,Home_Loan,5375341.59,180,Salaried,1,0.498,5,87,Rejected,
APP000221,CUST000221,2025-09-08,Credit_Card,379486.31,0,Business_Owner,3,0.69,3,15,Approved,0.0
APP000222,CUST000222,2024-12-29,Business_Loan,2680141.7,24,Salaried,1,0.746,3,0,Approved,0.0
APP000223,CUST000223,2024-09-12,Personal_Loan,848166.81,48,Salaried,4,0.722,4,41,Rejected,
APP000224,CUST000224,2023-12-14,Auto_Loan,1053076.34,60,Salaried,3,0.682,1,1,Approved,0.0
APP000225,CUST000225,2025-04-05,Personal_Loan,944828.25,12,Salaried,1,0.251,0,7,Rejected,
APP000226,CUST000226,2025-01-18,Home_Loan,5196585.21,240,Student,2,0.295,2,21,Approved,0.0
APP000227,CUST000227,2025-08-11,Credit_Card,138837.58,0,Salaried,1,0.141,3,3,Approved,0.0
APP000228,CUST000228,2024-08-24,Auto_Loan,1378119.81,48,Salaried,3,0.206,2,17,Approved,0.0
APP000229,CUST000229,2024-09-10,Credit_Card,415088.75,0,Salaried,2,0.327,4,1,Approved,0.0
APP000230,CUST000230,2025-10-29,Home_Loan,8788919.73,120,Self_Employed,1,0.701,3,34,Rejected,
APP000231,CUST000231,2024-11-30,Auto_Loan,822569.02,60,Salaried,1,0.276,0,4,Approved,0.0
APP000232,CUST000232,2024-12-03,Personal_Loan,555927.85,36,Salaried,0,0.416,4,8,Approved,0.0
APP000233,CUST000233,2025-01-21,Credit_Card,135714.36,0,Salaried,2,0.707,1,29,Approved,0.0
APP000234,CUST000234,2023-11-28,Personal_Loan,106428.61,24,Self_Employed,0,0.552,1,15,Approved,0.0
APP000235,CUST000235,2023-12-26,Auto_Loan,1952896.52,60,Salaried,4,0.224,2,30,Rejected,
APP000236,CUST000236,2024-08-19,Personal_Loan,636845.29,60,Retired,1,0.105,3,1,Approved,0.0
APP000237,CUST000237,2025-02-11,Personal_Loan,127507.87,12,Salaried,0,0.251,0,8,Approved,1.0
APP000238,CUST000238,2024-11-23,Home_Loan,8181288.2,120,Salaried,4,0.497,1,0,Approved,0.0
APP000239,CUST000239,2025-08-27,Personal_Loan,729124.72,12,Salaried,0,0.422,0,22,Rejected,
APP000240,CUST000240,2025-08-06,Home_Loan,4677959.76,180,Salaried,3,0.484,2,0,Approved,1.0
APP000241,CUST000241,2024-04-29,Home_Loan,4272847.8,300,Salaried,3,0.206,0,0,Approved,0.0
APP000242,CUST000242,2025-08-22,Personal_Loan,454668.55,48,Salaried,2,0.754,2,6,Approved,0.0
APP000243,CUST000243,2024-05-28,Home_Loan,2631202.65,120,Salaried,2,0.794,1,19,Rejected,
APP000244,CUST000244,2025-01-27,Credit_Card,399411.91,0,Self_Employed,2,0.303,2,2,Approved,0.0
APP000245,CUST000245,2024-05-30,Personal_Loan,134394.15,48,Student,4,0.169,2,2,Rejected,
APP000246,CUST000246,2024-04-15,Credit_Card,339650.68,0,Salaried,0,0.774,2,2,Approved,0.0
APP000247,CUST000247,2024-09-16,Auto_Loan,823372.53,84,Self_Employed,3,0.306,5,0,Rejected,
APP000248,CUST000248,2024-05-11,Home_Loan,1331034.93,120,Salaried,1,0.363,0,2,Rejected,
APP000249,CUST000249,2023-11-28,Credit_Card,498807.67,0,Salaried,4,0.601,2,14,Rejected,
APP000250,CUST000250,2025-06-18,Auto_Loan,999446.65,36,Salaried,2,0.245,1,2,Approved,0.0
APP000251,CUST000251,2025-09-20,Credit_Card,384271.92,0,Business_Owner,3,0.124,1,1,Approved,0.0
APP000252,CUST000252,2024-06-11,Home_Loan,9465152.28,180,Salaried,0,0.234,1,30,Rejected,
APP000253,CUST000253,2025-10-27,Credit_Card,454795.73,0,Salaried,2,0.488,0,2,Rejected,
APP000254,CUST000254,2024-06-22,Personal_Loan,296817.94,24,Student,4,0.409,0,6,Approved,0.0
APP000255,CUST000255,2024-05-05,Home_Loan,2023858.7,180,Salaried,4,0.762,2,5,Rejected,
APP000256,CUST000256,2024-09-08,Business_Loan,387676.85,60,Student,0,0.584,2,20,Approved,0.0
APP000257,CUST000257,2025-08-05,Home_Loan,5526827.16,240,Self_Employed,2,0.789,3,1,Approved,0.0
APP000258,CUST000258,2024-08-22,Home_Loan,7528563.89,180,Self_Employed,3,0.394,1,16,Rejected,
APP000259,CUST000259,2025-09-27,Personal_Loan,998672.44,60,Self_Employed,3,0.269,3,7,Approved,0.0
APP000260,CUST000260,2024-07-06,Auto_Loan,1496371.32,36,Business_Owner,0,0.492,3,47,Rejected,
APP000261,CUST000261,2024-12-03,Personal_Loan,410586.61,48,Self_Employed,1,0.69,4,12,Rejected,
APP000262,CUST000262,2025-09-09,Auto_Loan,217673.75,36,Salaried,2,0.579,2,29,Approved,0.0
APP000263,CUST000263,2024-03-17,Business_Loan,883440.82,12,Self_Employed,3,0.55,1,1,Approved,1.0
APP000264,CUST000264,2024-11-30,Home_Loan,8083026.95,180,Salaried,2,0.649,1,1,Approved,1.0
APP000265,CUST000265,2025-01-17,Personal_Loan,897246.13,60,Self_Employed,1,0.275,0,14,Approved,1.0
APP000266,CUST000266,2023-12-08,Home_Loan,3548870.52,120,Self_Employed,0,0.421,1,12,Approved,0.0
APP000267,CUST000267,2024-11-21,Personal_Loan,115379.78,48,Salaried,4,0.486,3,0,Approved,0.0
APP000268,CUST000268,2024-06-10,Credit_Card,88016.02,0,Business_Owner,3,0.203,1,9,Rejected,
APP000269,CUST000269,2023-12-10,Credit_Card,278525.14,0,Self_Employed,0,0.754,4,11,Approved,0.0
APP000270,CUST000270,2024-02-07,Auto_Loan,232745.6,60,Salaried,3,0.607,3,22,Rejected,
APP000271,CUST000271,2024-05-06,Credit_Card,147095.07,0,Self_Employed,3,0.233,3,28,Approved,0.0
APP000272,CUST000272,2024-07-14,Home_Loan,4664622.91,240,Self_Employed,3,0.378,2,18,Approved,0.0
APP000273,CUST000273,2024-03-15,Personal_Loan,317223.21,12,Self_Employed,0,0.467,5,0,Rejected,
APP000274,CUST000274,2024-10-27,Auto_Loan,453221.84,60,Business_Owner,0,0.402,3,4,Approved,0.0
APP000275,CUST000275,2025-09-08,Home_Loan,3393501.63,300,Salaried,4,0.17,2,23,Approved,0.0
APP000276,CUST000276,2025-10-26,Personal_Loan,178209.67,12,Retired,1,0.131,2,3,Approved,0.0
APP000277,CUST000277,2023-12-29,Home_Loan,3481274.28,120,Salaried,2,0.119,2,9,Rejected,
APP000278,CUST000278,2024-04-20,Credit_Card,320755.44,0,Salaried,4,0.385,2,90,Rejected,
APP000279,CUST000279,2025-02-19,Business_Loan,1060043.79,60,Salaried,1,0.141,3,5,Rejected,
APP000280,CUST000280,2024-06-20,Auto_Loan,1903667.8,36,Student,3,0.699,1,4,Approved,1.0
APP000281,CUST000281,2025-08-08,Home_Loan,1206430.45,180,Salaried,0,0.723,2,2,Approved,0.0
APP000282,CUST000282,2025-05-18,Home_Loan,5037084.82,180,Self_Employed,0,0.358,1,19,Rejected,
APP000283,CUST000283,2024-12-25,Home_Loan,6342291.2,240,Business_Owner,3,0.323,0,27,Approved,0.0
APP000284,CUST000284,2025-04-03,Personal_Loan,724380.56,12,Self_Employed,1,0.698,3,15,Approved,1.0
APP000285,CUST000285,2025-05-18,Credit_Card,316010.5,0,Business_Owner,3,0.334,0,6,Approved,0.0
APP000286,CUST000286,2024-09-15,Auto_Loan,1575006.37,36,Salaried,4,0.508,4,0,Approved,0.0
APP000287,CUST000287,2025-10-07,Business_Loan,1964934.75,12,Student,0,0.396,3,13,Approved,0.0
APP000288,CUST000288,2024-01-24,Business_Loan,4548342.52,24,Self_Employed,3,0.178,2,13,Approved,0.0
APP000289,CUST000289,2024-01-04,Home_Loan,521596.44,180,Business_Owner,4,0.492,4,1,Rejected,
APP000290,CUST000290,2024-01-10,Credit_Card,432546.24,0,Salaried,4,0.344,2,29,Approved,0.0
APP000291,CUST000291,2025-05-11,Home_Loan,1126600.58,240,Salaried,3,0.373,1,6,Rejected,
APP000292,CUST000292,2025-03-15,Business_Loan,4123229.04,60,Salaried,3,0.57,1,0,Rejected,
APP000293,CUST000293,2024-08-29,Home_Loan,2034045.32,120,Salaried,2,0.328,1,6,Approved,0.0
APP000294,CUST000294,2025-05-03,Home_Loan,1694111.63,120,Salaried,0,0.217,1,28,Approved,0.0
APP000295,CUST000295,2024-03-10,Personal_Loan,98483.93,12,Self_Employed,0,0.537,1,7,Rejected,
APP000296,CUST000296,2025-03-29,Credit_Card,408724.03,0,Salaried,3,0.607,1,101,Approved,0.0
APP000297,CUST000297,2024-10-13,Home_Loan,5044101.85,300,Salaried,1,0.373,1,2,Approved,0.0
APP000298,CUST000298,2024-03-20,Personal_Loan,976418.57,48,Salaried,3,0.403,0,18,Rejected,
APP000299,CUST000299,2024-04-18,Home_Loan,6227094.48,300,Salaried,4,0.451,0,0,Approved,1.0
APP000300,CUST000300,2025-02-24,Personal_Loan,690205.5,12,Salaried,0,0.662,2,3,Approved,0.0
APP000301,CUST000301,2024-08-31,Home_Loan,4840013.78,120,Self_Employed,4,0.583,2,27,Approved,0.0
APP000302,CUST000302,2025-01-09,Personal_Loan,261753.6,12,Salaried,0,0.219,3,3,Approved,0.0
APP000303,CUST000303,2024-11-23,Personal_Loan,683814.48,12,Self_Employed,2,0.403,2,23,Approved,0.0
APP000304,CUST000304,2025-04-27,Auto_Loan,934224.09,60,Salaried,2,0.287,0,25,Approved,1.0
APP000305,CUST000305,2025-07-10,Auto_Loan,1570900.86,84,Salaried,1,0.689,4,14,Approved,0.0
APP000306,CUST000306,2024-11-21,Credit_Card,251659.88,0,Salaried,3,0.173,1,30,Rejected,
APP000307,CUST000307,2024-08-04,Auto_Loan,1108148.05,60,Business_Owner,1,0.217,0,2,Approved,1.0
APP000308,CUST000308,2025-10-11,Auto_Loan,1467841.68,60,Salaried,2,0.162,3,4,Approved,0.0
APP000309,CUST000309,2025-08-16,Credit_Card,272843.74,0,Salaried,0,0.72,0,0,Rejected,
APP000310,CUST000310,2024-04-14,Business_Loan,1295327.74,48,Business_Owner,2,0.542,3,8,Approved,1.0
APP000311,CUST000311,2025-04-11,Home_Loan,9184811.88,240,Student,3,0.8,2,43,Approved,0.0
APP000312,CUST000312,2024-02-21,Auto_Loan,826085.04,36,Salaried,4,0.602,1,0,Approved,0.0
APP000313,CUST000313,2025-10-25,Business_Loan,3056435.22,48,Salaried,0,0.737,2,0,Approved,0.0
APP000314,CUST000314,2023-12-05,Credit_Card,399808.54,0,Salaried,0,0.152,3,1,Approved,0.0
APP000315,CUST000315,2024-11-08,Auto_Loan,1266257.04,84,Salaried,0,0.509,1,12,Approved,1.0
APP000316,CUST000316,2024-01-06,Home_Loan,5036760.4,180,Self_Employed,4,0.158,0,5,Approved,0.0
APP000317,CUST000317,2025-05-07,Credit_Card,331040.13,0,Self_Employed,0,0.612,2,5,Approved,1.0
APP000318,CUST000318,2025-04-11,Auto_Loan,1054198.56,84,Self_Employed,3,0.303,1,5,Approved,1.0
APP000319,CUST000319,2024-01-02,Business_Loan,4315727.63,24,Self_Employed,3,0.629,1,18,Approved,1.0
APP000320,CUST000320,2025-06-15,Credit_Card,73872.45,0,Salaried,0,0.341,0,13,Rejected,
APP000321,CUST000321,2025-10-18,Credit_Card,133223.26,0,Salaried,3,0.209,1,6,Approved,0.0
APP000322,CUST000322,2025-01-11,Credit_Card,349608.02,0,Salaried,1,0.214,1,2,Rejected,
APP000323,CUST000323,2025-04-04,Personal_Loan,884677.93,48,Salaried,0,0.676,1,4,Approved,0.0
APP000324,CUST000324,2025-09-13,Credit_Card,284196.44,0,Salaried,0,0.743,1,12,Approved,0.0
APP000325,CUST000325,2025-01-23,Home_Loan,5347713.99,120,Salaried,0,0.167,1,13,Approved,0.0
APP000326,CUST000326,2025-02-13,Personal_Loan,65925.82,24,Self_Employed,2,0.762,2,102,Rejected,
APP000327,CUST000327,2024-08-08,Business_Loan,3050352.88,24,Self_Employed,1,0.668,3,4,Approved,0.0
APP000328,CUST000328,2025-08-09,Home_Loan,3486389.48,300,Student,0,0.402,3,0,Approved,0.0
APP000329,CUST000329,2025-01-04,Business_Loan,2383034.01,60,Retired,4,0.183,1,8,Rejected,
APP000330,CUST000330,2025-08-02,Business_Loan,1823032.41,36,Salaried,0,0.305,2,1,Approved,0.0
APP000331,CUST000331,2025-06-08,Credit_Card,397148.69,0,Salaried,1,0.762,1,26,Rejected,
APP000332,CUST000332,2025-04-19,Personal_Loan,170548.94,48,Self_Employed,3,0.176,2,15,Approved,0.0
APP000333,CUST000333,2024-09-03,Credit_Card,430833.1,0,Business_Owner,3,0.782,2,48,Rejected,
APP000334,CUST000334,2023-11-14,Personal_Loan,626905.79,60,Business_Owner,3,0.36,0,12,Approved,0.0
APP000335,CUST000335,2024-06-10,Personal_Loan,181749.58,12,Salaried,2,0.783,1,9,Approved,1.0
APP000336,CUST000336,2025-04-01,Business_Loan,3473033.32,36,Salaried,3,0.791,1,3,Approved,1.0
APP000337,CUST000337,2024-08-21,Personal_Loan,972240.41,36,Salaried,2,0.686,2,16,Rejected,
APP000338,CUST000338,2025-06-11,Home_Loan,7135915.17,120,Salaried,1,0.639,2,9,Rejected,
APP000339,CUST000339,2025-02-13,Personal_Loan,217945.78,12,Business_Owner,2,0.528,2,23,Rejected,
APP000340,CUST000340,2025-09-22,Personal_Loan,103694.49,12,Salaried,2,0.582,4,26,Rejected,
APP000341,CUST000341,2025-03-22,Home_Loan,5221254.34,180,Salaried,2,0.383,0,3,Approved,0.0
APP000342,CUST000342,2025-03-09,Home_Loan,3505631.66,240,Self_Employed,2,0.672,2,14,Approved,0.0
APP000343,CUST000343,2024-01-28,Personal_Loan,759819.75,12,Salaried,2,0.229,2,69,Approved,0.0
APP000344,CUST000344,2025-09-06,Auto_Loan,1683183.17,60,Salaried,4,0.274,0,3,Approved,1.0
APP000345,CUST000345,2024-07-04,Auto_Loan,1125401.53,48,Salaried,1,0.538,1,5,Approved,0.0
APP000346,CUST000346,2024-02-24,Auto_Loan,314574.03,84,Salaried,1,0.589,0,22,Approved,0.0
APP000347,CUST000347,2024-10-28,Business_Loan,3396231.47,24,Salaried,1,0.477,2,7,Rejected,
APP000348,CUST000348,2024-09-18,Auto_Loan,1740234.7,84,Self_Employed,1,0.643,1,0,Approved,1.0
APP000349,CUST000349,2024-08-21,Personal_Loan,996089.17,48,Salaried,2,0.151,4,4,Rejected,
APP000350,CUST000350,2024-06-02,Personal_Loan,777575.36,48,Student,1,0.526,5,119,Approved,0.0
APP000351,CUST000351,2024-04-19,Personal_Loan,198845.56,48,Student,0,0.238,1,0,Approved,1.0
APP000352,CUST000352,2024-04-17,Personal_Loan,840121.02,24,Salaried,2,0.657,1,35,Approved,0.0
APP000353,CUST000353,2024-12-04,Personal_Loan,896443.11,48,Salaried,4,0.486,1,6,Approved,0.0
APP000354,CUST000354,2024-10-15,Personal_Loan,887018.57,24,Business_Owner,1,0.378,1,6,Approved,0.0
APP000355,CUST000355,2023-12-10,Business_Loan,2650286.08,12,Salaried,0,0.529,2,15,Rejected,
APP000356,CUST000356,2023-12-25,Home_Loan,1565497.08,180,Salaried,3,0.691,1,40,Rejected,
APP000357,CUST000357,2025-05-26,Credit_Card,252184.53,0,Self_Employed,2,0.184,2,11,Approved,0.0
APP000358,CUST000358,2025-05-11,Auto_Loan,537314.16,48,Salaried,3,0.583,3,0,Approved,1.0
APP000359,CUST000359,2025-09-18,Home_Loan,2174516.74,180,Business_Owner,0,0.296,1,37,Approved,0.0
APP000360,CUST000360,2024-11-08,Credit_Card,417000.74,0,Self_Employed,2,0.32,2,4,Approved,0.0
APP000361,CUST000361,2023-11-27,Credit_Card,147207.11,0,Business_Owner,0,0.653,2,4,Approved,0.0
APP000362,CUST000362,2024-08-29,Personal_Loan,820541.78,36,Self_Employed,2,0.433,2,19,Rejected,
APP000363,CUST000363,2024-10-29,Credit_Card,370937.01,0,Salaried,4,0.304,3,0,Approved,0.0
APP000364,CUST000364,2025-04-21,Personal_Loan,323095.34,24,Business_Owner,0,0.444,2,46,Rejected,
APP000365,CUST000365,2024-12-07,Personal_Loan,540607.31,24,Salaried,2,0.702,4,34,Approved,0.0
APP000366,CUST000366,2025-01-31,Home_Loan,7506259.34,300,Salaried,0,0.501,2,3,Rejected,
APP000367,CUST000367,2023-12-31,Home_Loan,1287152.35,180,Business_Owner,0,0.42,3,32,Approved,0.0
APP000368,CUST000368,2025-10-02,Auto_Loan,930377.02,48,Salaried,1,0.404,2,8,Approved,0.0
APP000369,CUST000369,2025-04-01,Credit_Card,188642.37,0,Business_Owner,3,0.681,1,15,Approved,1.0
APP000370,CUST000370,2024-09-22,Personal_Loan,134270.99,36,Retired,2,0.508,1,12,Rejected,
APP000371,CUST000371,2025-10-03,Credit_Card,210255.72,0,Salaried,1,0.344,2,1,Approved,0.0
APP000372,CUST000372,2025-09-13,Business_Loan,1070771.86,24,Salaried,0,0.747,0,13,Rejected,
APP000373,CUST000373,2024-03-08,Personal_Loan,52427.53,12,Salaried,0,0.276,3,0,Approved,0.0
APP000374,CUST000374,2025-09-13,Personal_Loan,226803.72,48,Salaried,1,0.648,0,21,Rejected,
APP000375,CUST000375,2024-07-23,Credit_Card,412844.98,0,Salaried,0,0.72,2,12,Approved,0.0
APP000376,CUST000376,2024-02-28,Personal_Loan,153074.81,48,Self_Employed,0,0.763,3,0,Rejected,
APP000377,CUST000377,2024-10-08,Home_Loan,4512708.81,120,Business_Owner,0,0.206,1,37,Approved,0.0
APP000378,CUST000378,2025-07-22,Personal_Loan,455035.0,48,Student,3,0.233,3,5,Approved,0.0
APP000379,CUST000379,2024-02-23,Home_Loan,7321900.48,180,Salaried,1,0.223,1,71,Approved,0.0
APP000380,CUST000380,2024-04-07,Credit_Card,72712.29,0,Salaried,4,0.314,4,16,Approved,0.0
APP000381,CUST000381,2024-01-04,Credit_Card,66710.13,0,Salaried,3,0.272,4,27,Approved,0.0
APP000382,CUST000382,2024-07-20,Business_Loan,3303041.99,60,Salaried,1,0.187,2,1,Rejected,
APP000383,CUST000383,2025-02-24,Business_Loan,4170300.21,36,Business_Owner,3,0.717,4,32,Approved,0.0
APP000384,CUST000384,2024-03-14,Personal_Loan,152327.92,24,Student,4,0.155,0,79,Approved,0.0
APP000385,CUST000385,2024-03-07,Auto_Loan,1530033.34,48,Salaried,4,0.364,0,45,Approved,0.0
APP000386,CUST000386,2025-09-17,Credit_Card,145523.59,0,Salaried,3,0.757,2,55,Approved,1.0
APP000387,CUST000387,2025-09-11,Home_Loan,3304184.96,120,Salaried,2,0.498,3,1,Rejected,
APP000388,CUST000388,2025-10-16,Credit_Card,304929.23,0,Student,0,0.421,4,10,Rejected,
APP000389,CUST000389,2025-04-11,Home_Loan,5217182.76,180,Salaried,0,0.695,1,13,Rejected,
APP000390,CUST000390,2024-01-09,Home_Loan,2705745.03,240,Salaried,1,0.266,3,2,Approved,0.0
APP000391,CUST000391,2024-07-29,Personal_Loan,922972.17,36,Salaried,4,0.612,1,26,Approved,1.0
APP000392,CUST000392,2024-08-26,Auto_Loan,993766.62,84,Salaried,3,0.708,3,36,Rejected,
APP000393,CUST000393,2024-04-07,Business_Loan,382888.97,36,Salaried,3,0.546,3,4,Approved,1.0
APP000394,CUST000394,2025-08-28,Home_Loan,8069919.78,120,Self_Employed,0,0.386,1,0,Approved,0.0
APP000395,CUST000395,2025-06-19,Auto_Loan,816284.85,36,Salaried,1,0.1,3,7,Approved,0.0
APP000396,CUST000396,2024-02-16,Home_Loan,6237287.37,300,Salaried,0,0.224,2,3,Approved,0.0
APP000397,CUST000397,2024-04-21,Personal_Loan,670431.26,48,Salaried,4,0.248,1,5,Approved,0.0
APP000398,CUST000398,2024-08-22,Home_Loan,6306728.5,180,Salaried,3,0.603,1,6,Approved,0.0
APP000399,CUST000399,2024-04-13,Business_Loan,4296102.92,12,Self_Employed,4,0.479,3,15,Rejected,
APP000400,CUST000400,2025-03-18,Home_Loan,1760808.1,240,Salaried,4,0.239,6,36,Approved,0.0
APP000401,CUST000401,2024-08-17,Auto_Loan,1984636.06,60,Salaried,0,0.558,3,48,Approved,1.0
APP000402,CUST000402,2025-04-25,Business_Loan,2506844.21,48,Self_Employed,4,0.337,1,7,Approved,0.0
APP000403,CUST000403,2024-07-04,Home_Loan,7120429.79,240,Salaried,4,0.286,1,24,Approved,0.0
APP000404,CUST000404,2024-06-17,Personal_Loan,960707.93,12,Salaried,0,0.308,5,14,Rejected,
APP000405,CUST000405,2024-05-16,Personal_Loan,833489.71,48,Student,2,0.225,1,16,Rejected,
APP000406,CUST000406,2024-11-02,Home_Loan,2947409.71,120,Salaried,3,0.703,1,3,Approved,0.0
APP000407,CUST000407,2025-05-16,Credit_Card,104206.12,0,Retired,1,0.509,2,10,Rejected,
APP000408,CUST000408,2024-12-03,Personal_Loan,824098.58,60,Salaried,0,0.75,3,8,Approved,1.0
APP000409,CUST000409,2023-12-24,Personal_Loan,489858.88,12,Salaried,1,0.366,2,1,Rejected,
APP000410,CUST000410,2025-01-14,Personal_Loan,383939.81,36,Salaried,0,0.663,1,12,Approved,1.0
APP000411,CUST000411,2024-10-13,Personal_Loan,864319.98,60,Salaried,2,0.614,2,20,Approved,1.0
APP000412,CUST000412,2025-02-10,Credit_Card,431263.65,0,Salaried,4,0.701,3,48,Approved,0.0
APP000413,CUST000413,2025-10-08,Personal_Loan,70044.07,12,Salaried,2,0.548,2,1,Approved,0.0
APP000414,CUST000414,2024-09-13,Home_Loan,3842417.1,240,Student,4,0.685,2,39,Approved,1.0
APP000415,CUST000415,2024-04-25,Personal_Loan,912916.54,24,Retired,1,0.777,0,15,Rejected,
APP000416,CUST000416,2025-06-06,Personal_Loan,975374.88,36,Salaried,3,0.768,2,83,Approved,0.0
APP000417,CUST000417,2024-06-01,Home_Loan,9786149.85,120,Salaried,1,0.586,3,0,Approved,0.0
APP000418,CUST000418,2024-09-15,Credit_Card,266931.15,0,Salaried,1,0.654,2,8,Rejected,
APP000419,CUST000419,2023-12-30,Personal_Loan,675424.3,24,Self_Employed,1,0.654,4,58,Approved,0.0
APP000420,CUST000420,2024-11-22,Home_Loan,609988.95,120,Salaried,3,0.65,3,12,Approved,1.0
APP000421,CUST000421,2024-12-25,Credit_Card,195378.42,0,Salaried,2,0.703,1,30,Approved,0.0
APP000422,CUST000422,2024-03-07,Auto_Loan,904398.39,48,Self_Employed,3,0.433,0,1,Approved,0.0
APP000423,CUST000423,2025-08-03,Home_Loan,5374412.85,120,Self_Employed,4,0.468,1,66,Rejected,
APP000424,CUST000424,2024-11-25,Business_Loan,4152886.75,48,Self_Employed,0,0.188,1,2,Approved,1.0
APP000425,CUST000425,2025-04-19,Business_Loan,2475810.17,36,Self_Employed,2,0.63,2,15,Approved,0.0
APP000426,CUST000426,2025-10-10,Home_Loan,5443532.68,120,Salaried,2,0.255,3,4,Rejected,
APP000427,CUST000427,2024-08-19,Credit_Card,258691.63,0,Self_Employed,0,0.351,1,12,Approved,0.0
APP000428,CUST000428,2024-09-01,Personal_Loan,692590.76,12,Business_Owner,1,0.517,1,19,Approved,0.0
APP000429,CUST000429,2024-02-04,Auto_Loan,1482814.77,36,Salaried,4,0.451,2,23,Approved,0.0
APP000430,CUST000430,2024-08-21,Auto_Loan,954082.49,60,Salaried,3,0.629,1,15,Approved,0.0
APP000431,CUST000431,2024-05-08,Home_Loan,7658431.49,300,Self_Employed,1,0.64,2,34,Approved,0.0
APP000432,CUST000432,2025-03-10,Auto_Loan,1667200.44,84,Self_Employed,4,0.237,3,27,Approved,0.0
APP000433,CUST000433,2024-07-10,Credit_Card,331760.48,0,Salaried,3,0.381,2,3,Approved,0.0
APP000434,CUST000434,2024-01-27,Auto_Loan,380814.68,36,Salaried,1,0.38,3,4,Approved,0.0
APP000435,CUST000435,2024-07-10,Auto_Loan,240634.92,36,Salaried,2,0.193,1,12,Approved,0.0
APP000436,CUST000436,2024-10-23,Credit_Card,400612.64,0,Salaried,2,0.376,1,0,Approved,0.0
APP000437,CUST000437,2025-09-08,Personal_Loan,623343.17,12,Salaried,0,0.59,1,3,Approved,0.0
APP000438,CUST000438,2025-02-10,Home_Loan,1561344.51,240,Self_Employed,0,0.29,2,2,Approved,0.0
APP000439,CUST000439,2024-05-03,Personal_Loan,517099.71,36,Salaried,0,0.605,2,9,Approved,0.0
APP000440,CUST000440,2025-09-29,Business_Loan,1988030.31,12,Business_Owner,1,0.151,3,36,Approved,0.0
APP000441,CUST000441,2024-11-02,Auto_Loan,1780790.88,48,Salaried,2,0.302,2,11,Approved,0.0
APP000442,CUST000442,2024-01-01,Business_Loan,1431315.06,48,Retired,4,0.763,0,2,Rejected,
APP000443,CUST000443,2025-08-06,Personal_Loan,890472.68,12,Self_Employed,2,0.443,0,9,Rejected,
APP000444,CUST000444,2024-04-10,Credit_Card,129397.99,0,Self_Employed,3,0.192,0,14,Approved,0.0
APP000445,CUST000445,2024-10-25,Personal_Loan,871765.03,12,Self_Employed,4,0.793,3,1,Approved,0.0
APP000446,CUST000446,2023-11-21,Credit_Card,102134.87,0,Salaried,4,0.724,0,0,Rejected,
APP000447,CUST000447,2023-12-06,Personal_Loan,870195.44,48,Business_Owner,2,0.607,3,19,Approved,0.0
APP000448,CUST000448,2025-03-07,Home_Loan,4552349.83,300,Salaried,3,0.696,0,1,Rejected,
APP000449,CUST000449,2024-01-18,Credit_Card,496373.18,0,Retired,4,0.617,3,4,Rejected,
APP000450,CUST000450,2024-09-06,Personal_Loan,420730.99,60,Salaried,2,0.336,4,9,Approved,0.0
APP000451,CUST000451,2024-05-29,Personal_Loan,982731.57,24,Salaried,3,0.194,5,3,Approved,0.0
APP000452,CUST000452,2025-08-17,Credit_Card,51779.98,0,Salaried,4,0.353,1,27,Approved,0.0
APP000453,CUST000453,2024-07-22,Business_Loan,186865.67,48,Salaried,3,0.771,1,7,Approved,1.0
APP000454,CUST000454,2024-05-03,Home_Loan,6003283.32,300,Salaried,4,0.183,2,13,Approved,0.0
APP000455,CUST000455,2025-10-04,Home_Loan,1955000.98,300,Self_Employed,1,0.332,3,12,Rejected,
APP000456,CUST000456,2024-08-10,Auto_Loan,919378.19,60,Retired,4,0.677,0,1,Rejected,
APP000457,CUST000457,2025-07-29,Personal_Loan,817900.6,36,Salaried,2,0.314,2,4,Approved,0.0
APP000458,CUST000458,2024-06-14,Personal_Loan,741715.95,12,Salaried,1,0.71,4,12,Approved,1.0
APP000459,CUST000459,2025-08-11,Home_Loan,1808229.16,180,Retired,2,0.334,1,6,Rejected,
APP000460,CUST000460,2025-08-19,Personal_Loan,606207.53,60,Salaried,0,0.385,0,34,Approved,0.0
APP000461,CUST000461,2024-03-21,Home_Loan,1737970.1,240,Retired,1,0.217,2,0,Rejected,
APP000462,CUST000462,2024-05-24,Home_Loan,4588095.41,120,Retired,1,0.349,4,16,Rejected,
APP000463,CUST000463,2024-07-27,Credit_Card,125876.35,0,Salaried,2,0.141,2,26,Approved,0.0
APP000464,CUST000464,2025-06-10,Personal_Loan,722073.39,48,Student,3,0.182,2,21,Approved,0.0
APP000465,CUST000465,2025-06-11,Credit_Card,53612.12,0,Salaried,2,0.114,1,81,Rejected,
APP000466,CUST000466,2024-08-14,Personal_Loan,610505.33,12,Business_Owner,2,0.262,2,20,Rejected,
APP000467,CUST000467,2023-11-13,Credit_Card,362929.64,0,Salaried,0,0.709,3,24,Approved,1.0
APP000468,CUST000468,2025-02-04,Credit_Card,177463.1,0,Business_Owner,2,0.503,2,0,Approved,1.0
APP000469,CUST000469,2024-03-25,Personal_Loan,834006.36,36,Self_Employed,3,0.418,0,21,Rejected,
APP000470,CUST000470,2025-06-23,Auto_Loan,1584939.08,36,Self_Employed,3,0.245,2,4,Rejected,
APP000471,CUST000471,2024-09-21,Credit_Card,185892.6,0,Salaried,3,0.276,1,1,Approved,0.0
APP000472,CUST000472,2025-01-04,Auto_Loan,841284.46,48,Retired,2,0.75,0,21,Rejected,
APP000473,CUST000473,2024-01-10,Credit_Card,404714.47,0,Salaried,2,0.795,0,27,Rejected,
APP000474,CUST000474,2024-10-15,Business_Loan,3440950.58,12,Self_Employed,4,0.305,2,6,Rejected,
APP000475,CUST000475,2024-04-12,Personal_Loan,150991.15,48,Salaried,2,0.613,1,3,Approved,0.0
APP000476,CUST000476,2024-08-10,Personal_Loan,591662.15,36,Salaried,1,0.586,2,19,Approved,0.0
APP000477,CUST000477,2025-10-23,Personal_Loan,530955.85,24,Self_Employed,1,0.763,0,2,Approved,0.0
APP000478,CUST000478,2025-03-04,Credit_Card,193973.97,0,Salaried,4,0.453,2,11,Rejected,
APP000479,CUST000479,2025-01-08,Auto_Loan,559329.79,84,Salaried,2,0.231,0,3,Rejected,
APP000480,CUST000480,2024-11-29,Auto_Loan,800759.1,84,Salaried,3,0.254,3,2,Approved,0.0
APP000481,CUST000481,2024-05-19,Auto_Loan,861276.84,60,Salaried,3,0.472,1,2,Approved,0.0
APP000482,CUST000482,2025-08-09,Home_Loan,5276551.68,180,Salaried,0,0.268,3,0,Approved,0.0
APP000483,CUST000483,2025-03-14,Personal_Loan,653697.15,12,Retired,4,0.618,1,1,Approved,1.0
APP000484,CUST000484,2024-03-11,Auto_Loan,1176480.56,48,Self_Employed,1,0.553,4,33,Approved,0.0
APP000485,CUST000485,2024-11-05,Personal_Loan,617517.62,24,Self_Employed,4,0.642,1,11,Approved,1.0
APP000486,CUST000486,2024-10-29,Home_Loan,3782980.03,300,Salaried,3,0.227,4,18,Rejected,
APP000487,CUST000487,2024-09-26,Home_Loan,9836448.91,300,Self_Employed,3,0.512,0,0,Rejected,
APP000488,CUST000488,2025-10-17,Personal_Loan,974343.9,36,Self_Employed,0,0.629,1,15,Approved,0.0
APP000489,CUST000489,2024-05-23,Personal_Loan,423742.03,24,Self_Employed,1,0.266,0,18,Rejected,
APP000490,CUST000490,2025-07-15,Home_Loan,8352630.18,300,Salaried,1,0.435,1,32,Rejected,
APP000491,CUST000491,2023-12-30,Home_Loan,5307401.63,240,Salaried,4,0.683,3,24,Approved,1.0
APP000492,CUST000492,2024-01-28,Personal_Loan,279662.35,36,Retired,0,0.404,4,0,Approved,0.0
APP000493,CUST000493,2025-03-16,Business_Loan,547635.48,48,Salaried,1,0.122,0,30,Approved,0.0
APP000494,CUST000494,2024-12-03,Auto_Loan,927202.2,36,Salaried,3,0.487,2,4,Approved,1.0
APP000495,CUST000495,2024-12-07,Credit_Card,429347.21,0,Salaried,2,0.118,0,4,Approved,0.0
APP000496,CUST000496,2025-09-07,Home_Loan,5124450.53,180,Salaried,0,0.202,1,1,Approved,0.0
APP000497,CUST000497,2025-03-28,Home_Loan,4387929.05,120,Self_Employed,3,0.655,1,25,Approved,0.0
APP000498,CUST000498,2024-01-25,Personal_Loan,482263.37,60,Salaried,1,0.664,0,29,Approved,0.0
APP000499,CUST000499,2025-04-24,Home_Loan,5129084.53,180,Salaried,0,0.287,2,25,Rejected,
APP000500,CUST000500,2025-05-02,Home_Loan,4792092.88,240,Salaried,1,0.416,1,24,Rejected,
APP000501,CUST000501,2024-05-02,Home_Loan,1462504.38,240,Salaried,1,0.421,3,7,Approved,0.0
APP000502,CUST000502,2025-10-28,Home_Loan,5690460.15,300,Self_Employed,3,0.452,4,10,Approved,0.0
APP000503,CUST000503,2024-12-20,Personal_Loan,749105.07,60,Self_Employed,3,0.388,3,25,Approved,0.0
APP000504,CUST000504,2025-08-29,Home_Loan,4622147.3,180,Salaried,2,0.672,1,13,Approved,0.0
APP000505,CUST000505,2024-01-31,Auto_Loan,319404.25,60,Self_Employed,0,0.376,4,43,Approved,0.0
APP000506,CUST000506,2024-09-20,Personal_Loan,549647.56,36,Salaried,1,0.192,0,0,Approved,0.0
APP000507,CUST000507,2025-09-29,Home_Loan,2344721.96,180,Self_Employed,4,0.373,1,18,Approved,1.0
APP000508,CUST000508,2024-04-02,Home_Loan,4749897.39,180,Salaried,0,0.181,5,18,Rejected,
APP000509,CUST000509,2024-09-29,Credit_Card,486245.7,0,Salaried,0,0.574,1,19,Approved,0.0
APP000510,CUST000510,2024-07-09,Credit_Card,381147.02,0,Self_Employed,4,0.707,3,9,Rejected,
APP000511,CUST000511,2025-01-13,Personal_Loan,959400.99,48,Salaried,2,0.161,5,102,Approved,0.0
APP000512,CUST000512,2023-12-16,Credit_Card,102008.11,0,Business_Owner,3,0.561,1,2,Approved,0.0
APP000513,CUST000513,2025-06-28,Credit_Card,253970.14,0,Self_Employed,0,0.176,1,32,Rejected,
APP000514,CUST000514,2024-08-10,Home_Loan,1337207.68,240,Salaried,1,0.121,2,16,Rejected,
APP000515,CUST000515,2024-09-22,Home_Loan,4434553.3,180,Salaried,4,0.726,1,0,Rejected,
APP000516,CUST000516,2024-07-11,Personal_Loan,148842.97,48,Salaried,2,0.318,1,0,Approved,0.0
APP000517,CUST000517,2023-11-27,Personal_Loan,168319.36,24,Student,2,0.697,2,45,Approved,0.0
APP000518,CUST000518,2024-03-19,Credit_Card,279046.07,0,Salaried,4,0.797,1,5,Approved,1.0
APP000519,CUST000519,2024-10-24,Home_Loan,5150016.21,120,Self_Employed,0,0.31,1,2,Rejected,
APP000520,CUST000520,2024-03-21,Home_Loan,1388787.59,120,Salaried,4,0.365,2,3,Approved,0.0
APP000521,CUST000521,2025-03-20,Auto_Loan,342238.25,84,Salaried,1,0.412,2,25,Approved,0.0
APP000522,CUST000522,2025-02-07,Auto_Loan,279914.49,48,Salaried,2,0.788,3,9,Approved,1.0
APP000523,CUST000523,2025-07-16,Personal_Loan,889915.71,24,Salaried,1,0.514,3,11,Approved,1.0
APP000524,CUST000524,2023-11-18,Home_Loan,2704751.81,120,Business_Owner,0,0.653,1,15,Approved,0.0
APP000525,CUST000525,2024-05-09,Auto_Loan,1784487.61,60,Salaried,4,0.29,1,18,Approved,0.0
APP000526,CUST000526,2025-02-16,Business_Loan,1788121.09,36,Salaried,0,0.244,2,31,Approved,0.0
APP000527,CUST000527,2023-11-11,Credit_Card,226612.37,0,Self_Employed,3,0.368,1,3,Approved,0.0
APP000528,CUST000528,2024-05-16,Credit_Card,87377.35,0,Salaried,3,0.69,0,6,Rejected,
APP000529,CUST000529,2025-08-20,Credit_Card,116021.77,0,Salaried,0,0.419,1,3,Approved,1.0
APP000530,CUST000530,2024-03-22,Home_Loan,8049224.38,240,Salaried,0,0.344,4,0,Approved,0.0
APP000531,CUST000531,2025-10-01,Personal_Loan,800911.17,36,Salaried,4,0.785,3,0,Approved,1.0
APP000532,CUST000532,2025-09-09,Business_Loan,3006709.51,24,Salaried,0,0.457,3,33,Rejected,
APP000533,CUST000533,2025-04-03,Home_Loan,3768107.42,240,Self_Employed,3,0.639,1,0,Approved,1.0
APP000534,CUST000534,2025-02-01,Auto_Loan,1210003.71,84,Salaried,1,0.599,3,11,Approved,0.0
APP000535,CUST000535,2024-11-20,Home_Loan,5440072.68,240,Salaried,3,0.637,0,32,Approved,0.0
APP000536,CUST000536,2024-04-22,Home_Loan,7946522.25,180,Student,3,0.745,5,12,Approved,0.0
APP000537,CUST000537,2025-05-18,Auto_Loan,1821383.47,48,Salaried,3,0.238,2,0,Rejected,
APP000538,CUST000538,2025-09-26,Credit_Card,268947.4,0,Salaried,0,0.202,0,4,Approved,0.0
APP000539,CUST000539,2024-10-14,Home_Loan,8094742.29,240,Salaried,0,0.644,2,0,Rejected,
APP000540,CUST000540,2024-02-08,Auto_Loan,756315.46,60,Business_Owner,0,0.167,1,37,Approved,0.0
APP000541,CUST000541,2024-05-03,Home_Loan,6113048.78,180,Self_Employed,2,0.729,4,5,Approved,0.0
APP000542,CUST000542,2025-05-09,Auto_Loan,1398412.62,60,Salaried,0,0.665,2,6,Rejected,
APP000543,CUST000543,2024-05-24,Personal_Loan,577062.58,36,Business_Owner,4,0.595,0,0,Approved,0.0
APP000544,CUST000544,2024-10-27,Personal_Loan,964055.18,12,Salaried,2,0.792,1,38,Approved,0.0
APP000545,CUST000545,2025-07-07,Personal_Loan,175868.68,48,Self_Employed,0,0.439,0,6,Approved,0.0
APP000546,CUST000546,2024-01-05,Business_Loan,4180457.43,48,Business_Owner,0,0.139,3,35,Approved,0.0
APP000547,CUST000547,2024-02-03,Personal_Loan,151952.86,12,Self_Employed,0,0.571,1,6,Rejected,
APP000548,CUST000548,2025-09-23,Personal_Loan,542948.83,24,Business_Owner,3,0.37,3,19,Approved,0.0
APP000549,CUST000549,2024-04-15,Home_Loan,4749159.39,180,Salaried,2,0.125,0,31,Approved,0.0
APP000550,CUST000550,2024-04-23,Credit_Card,128713.59,0,Salaried,4,0.41,2,49,Approved,0.0
APP000551,CUST000551,2024-08-06,Home_Loan,3776104.71,120,Student,3,0.683,0,27,Approved,0.0
APP000552,CUST000552,2025-02-16,Personal_Loan,668286.03,48,Salaried,2,0.637,0,2,Approved,0.0
APP000553,CUST000553,2024-03-12,Personal_Loan,448558.32,12,Salaried,0,0.372,2,35,Approved,0.0
APP000554,CUST000554,2024-02-09,Auto_Loan,1643711.21,36,Self_Employed,2,0.575,0,64,Approved,0.0
APP000555,CUST000555,2024-09-18,Credit_Card,247349.43,0,Business_Owner,4,0.298,2,11,Approved,0.0
APP000556,CUST000556,2025-09-01,Auto_Loan,240592.51,84,Salaried,0,0.316,0,18,Rejected,
APP000557,CUST000557,2025-08-14,Credit_Card,57804.94,0,Self_Employed,4,0.707,1,17,Approved,1.0
APP000558,CUST000558,2025-10-01,Auto_Loan,1209228.65,48,Self_Employed,3,0.393,1,0,Rejected,
APP000559,CUST000559,2025-06-21,Personal_Loan,364124.73,24,Salaried,3,0.203,5,7,Rejected,
APP000560,CUST000560,2025-05-22,Personal_Loan,356565.39,36,Salaried,3,0.33,4,0,Rejected,
APP000561,CUST000561,2025-09-07,Home_Loan,2680119.56,180,Self_Employed,4,0.61,1,3,Approved,1.0
APP000562,CUST000562,2025-04-04,Home_Loan,3520224.83,240,Salaried,3,0.207,2,2,Rejected,
APP000563,CUST000563,2025-02-14,Personal_Loan,794519.68,48,Self_Employed,1,0.698,4,1,Rejected,
APP000564,CUST000564,2024-01-10,Credit_Card,311522.2,0,Salaried,2,0.588,2,74,Approved,0.0
APP000565,CUST000565,2025-10-05,Home_Loan,6553575.24,300,Salaried,0,0.527,1,3,Approved,0.0
APP000566,CUST000566,2024-11-26,Auto_Loan,806455.4,60,Self_Employed,4,0.219,5,0,Rejected,
APP000567,CUST000567,2025-02-12,Home_Loan,780465.25,300,Salaried,4,0.231,1,9,Rejected,
APP000568,CUST000568,2024-03-23,Personal_Loan,120267.82,60,Self_Employed,0,0.709,1,32,Approved,0.0
APP000569,CUST000569,2025-07-08,Personal_Loan,788399.95,24,Self_Employed,4,0.172,1,56,Rejected,
APP000570,CUST000570,2025-03-05,Credit_Card,227299.9,0,Student,4,0.468,1,15,Rejected,
APP000571,CUST000571,2025-07-13,Credit_Card,463240.56,0,Salaried,4,0.436,4,39,Approved,0.0
APP000572,CUST000572,2024-09-14,Auto_Loan,973320.01,60,Salaried,1,0.62,3,49,Approved,0.0
APP000573,CUST000573,2024-05-13,Credit_Card,66754.08,0,Salaried,1,0.423,1,13,Rejected,
APP000574,CUST000574,2024-10-19,Auto_Loan,738146.44,36,Salaried,4,0.739,0,0,Approved,1.0
APP000575,CUST000575,2025-01-16,Auto_Loan,426709.79,60,Salaried,2,0.105,1,4,Rejected,
APP000576,CUST000576,2025-03-01,Personal_Loan,751175.17,48,Salaried,0,0.134,1,2,Approved,0.0
APP000577,CUST000577,2024-05-19,Personal_Loan,113017.79,36,Salaried,1,0.277,4,32,Rejected,
APP000578,CUST000578,2024-01-16,Personal_Loan,873197.9,60,Salaried,0,0.36,6,18,Approved,0.0
APP000579,CUST000579,2025-10-19,Credit_Card,229887.48,0,Salaried,1,0.12,0,7,Approved,0.0
APP000580,CUST000580,2025-08-09,Auto_Loan,528276.6,36,Salaried,4,0.371,2,10,Approved,1.0
APP000581,CUST000581,2024-05-04,Home_Loan,8532433.4,120,Retired,0,0.222,1,3,Approved,0.0
APP000582,CUST000582,2024-07-31,Personal_Loan,179981.13,12,Salaried,1,0.282,2,11,Approved,0.0
APP000583,CUST000583,2024-05-20,Personal_Loan,847448.96,60,Salaried,1,0.662,2,41,Rejected,
APP000584,CUST000584,2023-11-21,Personal_Loan,662743.53,24,Salaried,2,0.311,2,0,Approved,0.0
APP000585,CUST000585,2025-03-16,Credit_Card,188303.05,0,Salaried,4,0.265,1,64,Approved,0.0
APP000586,CUST000586,2025-06-22,Business_Loan,2133280.08,36,Salaried,3,0.485,0,0,Rejected,
APP000587,CUST000587,2024-03-01,Home_Loan,8646237.23,300,Self_Employed,0,0.735,1,34,Approved,0.0
APP000588,CUST000588,2024-08-13,Home_Loan,8892457.0,300,Salaried,2,0.6,1,32,Rejected,
APP000589,CUST000589,2023-11-15,Personal_Loan,751364.74,60,Student,3,0.148,1,31,Approved,0.0
APP000590,CUST000590,2025-09-12,Personal_Loan,53722.76,60,Salaried,4,0.497,3,0,Approved,0.0
APP000591,CUST000591,2024-05-04,Personal_Loan,150288.8,12,Business_Owner,0,0.183,4,0,Approved,0.0
APP000592,CUST000592,2024-12-26,Business_Loan,379237.34,12,Salaried,3,0.63,0,46,Approved,0.0
APP000593,CUST000593,2024-08-22,Home_Loan,624635.81,240,Self_Employed,1,0.712,3,12,Approved,0.0
APP000594,CUST000594,2024-05-14,Auto_Loan,1136362.93,36,Salaried,1,0.213,3,6,Rejected,
APP000595,CUST000595,2024-08-31,Auto_Loan,1691502.05,48,Salaried,3,0.504,1,24,Approved,1.0
APP000596,CUST000596,2025-10-30,Personal_Loan,986832.12,48,Salaried,2,0.355,1,6,Approved,0.0
APP000597,CUST000597,2024-01-18,Business_Loan,3861733.67,36,Salaried,4,0.516,0,1,Approved,1.0
APP000598,CUST000598,2025-03-27,Business_Loan,1747294.65,60,Self_Employed,0,0.689,4,6,Rejected,
APP000599,CUST000599,2024-03-12,Personal_Loan,921866.93,48,Salaried,1,0.735,2,9,Rejected,
APP000600,CUST000600,2024-10-17,Business_Loan,3893411.06,36,Salaried,0,0.345,2,0,Approved,1.0
APP000601,CUST000601,2025-08-29,Personal_Loan,385955.42,36,Salaried,4,0.468,4,12,Approved,0.0
APP000602,CUST000602,2024-10-13,Personal_Loan,923347.78,12,Salaried,0,0.427,2,22,Rejected,
APP000603,CUST000603,2025-03-17,Credit_Card,293154.26,0,Salaried,2,0.409,3,0,Approved,0.0
APP000604,CUST000604,2024-06-17,Auto_Loan,1158911.42,84,Salaried,3,0.251,1,6,Rejected,
APP000605,CUST000605,2024-09-23,Credit_Card,446594.27,0,Salaried,2,0.256,0,6,Rejected,
APP000606,CUST000606,2023-12-20,Auto_Loan,244163.02,60,Salaried,1,0.538,6,0,Approved,1.0
APP000607,CUST000607,2023-11-06,Auto_Loan,304250.14,60,Student,0,0.217,2,0,Approved,0.0
APP000608,CUST000608,2023-11-20,Personal_Loan,403615.92,48,Salaried,0,0.577,2,4,Approved,1.0
APP000609,CUST000609,2025-01-22,Credit_Card,107004.55,0,Salaried,3,0.744,1,2,Rejected,
APP000610,CUST000610,2024-06-13,Home_Loan,3280196.16,240,Business_Owner,2,0.147,0,50,Approved,0.0
APP000611,CUST000611,2024-11-28,Business_Loan,2670620.14,12,Salaried,4,0.362,1,19,Rejected,
APP000612,CUST000612,2024-01-09,Credit_Card,364901.5,0,Salaried,0,0.576,1,1,Approved,0.0
APP000613,CUST000613,2024-12-26,Personal_Loan,792079.55,24,Salaried,3,0.684,2,1,Rejected,
APP000614,CUST000614,2025-01-19,Personal_Loan,215065.17,12,Salaried,4,0.483,1,11,Approved,0.0
APP000615,CUST000615,2024-01-04,Credit_Card,186195.3,0,Retired,2,0.759,4,50,Approved,0.0
APP000616,CUST000616,2024-08-21,Home_Loan,2475568.27,180,Student,4,0.379,3,0,Approved,0.0
APP000617,CUST000617,2023-12-14,Auto_Loan,1040927.84,84,Student,2,0.682,3,2,Approved,1.0
APP000618,CUST000618,2024-05-19,Home_Loan,8540264.89,300,Self_Employed,2,0.467,1,14,Rejected,
APP000619,CUST000619,2025-10-23,Home_Loan,6586337.57,300,Self_Employed,2,0.151,3,2,Approved,0.0
APP000620,CUST000620,2024-06-17,Auto_Loan,1156624.23,48,Self_Employed,3,0.106,2,0,Rejected,
APP000621,CUST000621,2025-07-03,Credit_Card,330386.32,0,Salaried,2,0.738,5,34,Approved,0.0
APP000622,CUST000622,2025-06-25,Home_Loan,6622724.86,300,Business_Owner,2,0.29,3,15,Approved,0.0
APP000623,CUST000623,2025-07-06,Auto_Loan,1058067.33,48,Business_Owner,2,0.794,2,0,Approved,0.0
APP000624,CUST000624,2024-10-03,Home_Loan,3435399.49,240,Salaried,2,0.117,0,38,Approved,0.0
APP000625,CUST000625,2025-02-08,Auto_Loan,1132540.88,60,Student,1,0.348,3,24,Approved,0.0
APP000626,CUST000626,2025-02-18,Home_Loan,4495427.69,240,Self_Employed,0,0.519,1,11,Approved,1.0
APP000627,CUST000627,2025-05-25,Home_Loan,4983571.18,300,Business_Owner,0,0.775,3,13,Rejected,
APP000628,CUST000628,2025-01-21,Personal_Loan,102334.27,60,Self_Employed,4,0.216,1,4,Approved,0.0
APP000629,CUST000629,2024-01-04,Business_Loan,3987450.07,48,Business_Owner,2,0.654,1,0,Approved,0.0
APP000630,CUST000630,2024-08-11,Credit_Card,92286.97,0,Salaried,2,0.67,1,32,Approved,0.0
APP000631,CUST000631,2024-05-16,Personal_Loan,299421.96,24,Salaried,3,0.132,1,28,Approved,0.0
APP000632,CUST000632,2025-06-26,Credit_Card,286746.52,0,Business_Owner,2,0.569,3,2,Rejected,
APP000633,CUST000633,2024-03-09,Auto_Loan,857608.03,36,Student,3,0.39,3,22,Approved,0.0
APP000634,CUST000634,2023-11-15,Credit_Card,131254.79,0,Salaried,4,0.722,1,14,Approved,0.0
APP000635,CUST000635,2024-04-13,Personal_Loan,335601.67,12,Salaried,2,0.293,3,0,Approved,0.0
APP000636,CUST000636,2025-08-30,Auto_Loan,833006.03,60,Self_Employed,0,0.139,1,60,Rejected,
APP000637,CUST000637,2024-11-01,Home_Loan,2567436.12,240,Salaried,0,0.707,3,16,Rejected,
APP000638,CUST000638,2025-02-10,Auto_Loan,844167.33,60,Salaried,1,0.675,1,4,Approved,0.0
APP000639,CUST000639,2024-10-27,Auto_Loan,1264603.89,36,Salaried,2,0.747,4,10,Approved,1.0
APP000640,CUST000640,2025-05-12,Credit_Card,193005.39,0,Salaried,1,0.412,2,13,Approved,0.0
APP000641,CUST000641,2024-04-03,Auto_Loan,995096.1,36,Student,2,0.227,2,21,Approved,0.0
APP000642,CUST000642,2025-02-06,Auto_Loan,1793536.0,48,Business_Owner,0,0.663,0,6,Approved,1.0
APP000643,CUST000643,2025-01-12,Credit_Card,187739.17,0,Self_Employed,4,0.419,3,7,Approved,1.0
APP000644,CUST000644,2025-02-21,Home_Loan,2287846.78,120,Salaried,4,0.163,3,2,Rejected,
APP000645,CUST000645,2024-12-29,Business_Loan,3685162.98,48,Student,0,0.743,0,59,Approved,1.0
APP000646,CUST000646,2025-09-08,Personal_Loan,70474.89,48,Salaried,2,0.139,3,5,Approved,0.0
APP000647,CUST000647,2024-08-04,Personal_Loan,332091.88,48,Self_Employed,0,0.204,4,7,Approved,0.0
APP000648,CUST000648,2025-02-05,Personal_Loan,816388.27,12,Self_Employed,4,0.535,4,4,Rejected,
APP000649,CUST000649,2024-05-05,Personal_Loan,653466.06,60,Salaried,2,0.218,4,13,Rejected,
APP000650,CUST000650,2024-01-01,Personal_Loan,423858.47,48,Salaried,2,0.584,2,95,Rejected,
APP000651,CUST000651,2024-10-04,Auto_Loan,347127.27,36,Self_Employed,0,0.778,1,2,Approved,0.0
APP000652,CUST000652,2024-06-02,Home_Loan,6503085.16,120,Salaried,3,0.382,0,30,Approved,0.0
APP000653,CUST000653,2024-11-04,Personal_Loan,128697.21,12,Salaried,1,0.689,0,1,Rejected,
APP000654,CUST000654,2024-06-07,Auto_Loan,962954.96,48,Salaried,0,0.709,2,62,Approved,0.0
APP000655,CUST000655,2025-03-17,Credit_Card,459724.31,0,Self_Employed,0,0.664,3,31,Approved,0.0
APP000656,CUST000656,2024-06-27,Home_Loan,2870939.04,300,Salaried,4,0.509,1,0,Approved,1.0
APP000657,CUST000657,2025-06-19,Home_Loan,5196527.34,240,Salaried,2,0.561,2,0,Approved,0.0
APP000658,CUST000658,2025-01-04,Personal_Loan,561397.39,36,Salaried,4,0.44,0,0,Rejected,
APP000659,CUST000659,2025-08-05,Home_Loan,2556340.37,300,Salaried,3,0.168,0,5,Approved,0.0
APP000660,CUST000660,2024-10-08,Auto_Loan,771685.84,84,Salaried,0,0.117,1,42,Approved,0.0
APP000661,CUST000661,2023-12-21,Home_Loan,9174823.97,180,Business_Owner,0,0.716,1,1,Approved,0.0
APP000662,CUST000662,2025-06-04,Home_Loan,4525282.63,120,Salaried,4,0.22,2,106,Approved,0.0
APP000663,CUST000663,2025-08-24,Auto_Loan,1589256.63,60,Business_Owner,1,0.537,3,19,Rejected,
APP000664,CUST000664,2024-09-07,Personal_Loan,260148.66,36,Retired,0,0.546,0,38,Approved,0.0
APP000665,CUST000665,2025-07-21,Credit_Card,370745.15,0,Self_Employed,4,0.767,1,3,Rejected,
APP000666,CUST000666,2025-01-18,Home_Loan,9360572.96,240,Salaried,0,0.634,0,33,Approved,0.0
APP000667,CUST000667,2024-10-08,Home_Loan,9302317.37,240,Salaried,1,0.323,2,30,Approved,0.0
APP000668,CUST000668,2024-01-10,Business_Loan,1045129.71,12,Salaried,2,0.68,4,9,Approved,0.0
APP000669,CUST000669,2025-06-30,Auto_Loan,228903.93,48,Salaried,0,0.111,0,34,Rejected,
APP000670,CUST000670,2024-04-11,Personal_Loan,695349.65,60,Salaried,2,0.453,7,1,Approved,0.0
APP000671,CUST000671,2024-12-26,Business_Loan,615000.37,36,Student,2,0.281,4,1,Approved,0.0
APP000672,CUST000672,2023-12-07,Home_Loan,6360604.65,300,Salaried,0,0.462,3,10,Approved,0.0
APP000673,CUST000673,2025-01-25,Credit_Card,341734.94,0,Salaried,0,0.151,6,20,Approved,0.0
APP000674,CUST000674,2025-09-21,Auto_Loan,1729388.29,60,Retired,4,0.701,1,30,Approved,1.0
APP000675,CUST000675,2025-08-04,Credit_Card,485026.81,0,Business_Owner,0,0.779,1,3,Approved,0.0
APP000676,CUST000676,2024-11-14,Home_Loan,3114971.94,120,Salaried,4,0.108,2,19,Approved,0.0
APP000677,CUST000677,2024-03-25,Home_Loan,6253857.16,240,Salaried,1,0.258,2,2,Approved,0.0
APP000678,CUST000678,2025-07-30,Personal_Loan,789280.14,60,Self_Employed,3,0.176,1,0,Approved,0.0
APP000679,CUST000679,2025-04-15,Business_Loan,2493475.51,60,Self_Employed,1,0.531,3,17,Approved,0.0
APP000680,CUST000680,2024-12-12,Personal_Loan,238374.66,12,Salaried,2,0.665,2,3,Rejected,
APP000681,CUST000681,2025-04-29,Home_Loan,4037607.31,120,Retired,0,0.183,1,11,Approved,0.0
APP000682,CUST000682,2024-04-04,Auto_Loan,1945212.89,84,Self_Employed,0,0.426,0,4,Approved,0.0
APP000683,CUST000683,2025-02-20,Home_Loan,4192550.76,240,Self_Employed,2,0.243,0,22,Rejected,
APP000684,CUST000684,2024-09-05,Business_Loan,2555193.59,12,Retired,2,0.582,1,16,Rejected,
APP000685,CUST000685,2024-03-19,Home_Loan,1381518.16,300,Salaried,4,0.572,2,14,Approved,1.0
APP000686,CUST000686,2025-09-28,Home_Loan,5220439.27,180,Salaried,4,0.491,4,2,Approved,0.0
APP000687,CUST000687,2024-07-08,Personal_Loan,387263.89,24,Self_Employed,4,0.256,1,59,Rejected,
APP000688,CUST000688,2024-12-10,Credit_Card,265671.52,0,Salaried,2,0.528,0,60,Approved,0.0
APP000689,CUST000689,2024-10-01,Auto_Loan,1148950.04,48,Salaried,4,0.782,2,92,Approved,0.0
APP000690,CUST000690,2024-09-24,Personal_Loan,898707.38,36,Salaried,3,0.672,0,38,Approved,0.0
APP000691,CUST000691,2024-03-05,Personal_Loan,615476.0,12,Self_Employed,3,0.227,1,4,Rejected,
APP000692,CUST000692,2025-03-13,Business_Loan,4042085.23,48,Salaried,1,0.266,2,0,Approved,0.0
APP000693,CUST000693,2025-09-10,Personal_Loan,961642.33,24,Salaried,2,0.656,0,0,Rejected,
APP000694,CUST000694,2025-08-29,Personal_Loan,348242.12,12,Salaried,1,0.179,1,102,Rejected,
APP000695,CUST000695,2023-11-10,Credit_Card,449732.16,0,Retired,1,0.211,4,8,Approved,1.0
APP000696,CUST000696,2024-05-17,Business_Loan,2691119.6,48,Salaried,4,0.11,3,3,Approved,0.0
APP000697,CUST000697,2025-02-26,Business_Loan,4862761.87,24,Self_Employed,3,0.486,1,2,Rejected,
APP000698,CUST000698,2025-09-30,Home_Loan,3264247.61,180,Salaried,4,0.31,1,25,Approved,0.0
APP000699,CUST000699,2025-05-06,Home_Loan,5050505.34,240,Self_Employed,3,0.539,2,0,Approved,0.0
APP000700,CUST000700,2025-05-05,Credit_Card,254176.98,0,Salaried,2,0.176,1,6,Rejected,
APP000701,CUST000701,2025-06-14,Credit_Card,77312.11,0,Salaried,4,0.385,4,8,Approved,0.0
APP000702,CUST000702,2025-06-30,Personal_Loan,87160.12,24,Salaried,2,0.67,3,22,Approved,0.0
APP000703,CUST000703,2024-10-04,Home_Loan,1113295.91,240,Retired,4,0.521,1,1,Approved,0.0
APP000704,CUST000704,2024-10-11,Auto_Loan,886294.39,84,Salaried,1,0.213,1,19,Rejected,
APP000705,CUST000705,2024-05-29,Personal_Loan,481479.22,36,Salaried,4,0.393,2,8,Approved,0.0
APP000706,CUST000706,2025-01-29,Home_Loan,4177803.4,180,Salaried,2,0.695,2,44,Rejected,
APP000707,CUST000707,2025-03-15,Home_Loan,4516123.73,240,Salaried,2,0.724,3,2,Approved,0.0
APP000708,CUST000708,2024-03-25,Credit_Card,282493.3,0,Self_Employed,0,0.655,3,31,Approved,0.0
APP000709,CUST000709,2024-04-13,Personal_Loan,270796.07,36,Salaried,4,0.33,1,6,Approved,0.0
APP000710,CUST000710,2024-08-16,Home_Loan,4628095.37,180,Business_Owner,4,0.342,1,28,Approved,0.0
APP000711,CUST000711,2025-06-10,Business_Loan,1448111.36,36,Salaried,2,0.784,1,14,Rejected,
APP000712,CUST000712,2024-08-15,Personal_Loan,324578.95,48,Self_Employed,4,0.793,6,6,Rejected,
APP000713,CUST000713,2024-01-09,Home_Loan,7927373.08,300,Salaried,4,0.348,0,61,Rejected,
APP000714,CUST000714,2024-02-14,Personal_Loan,194611.43,36,Salaried,2,0.38,0,0,Approved,0.0
APP000715,CUST000715,2023-11-05,Home_Loan,3264578.05,300,Salaried,3,0.789,2,0,Approved,1.0
APP000716,CUST000716,2024-11-23,Home_Loan,4391795.64,240,Salaried,4,0.473,0,4,Approved,1.0
APP000717,CUST000717,2025-03-03,Credit_Card,156516.68,0,Business_Owner,3,0.275,3,36,Approved,0.0
APP000718,CUST000718,2024-12-11,Business_Loan,3644586.96,24,Self_Employed,0,0.415,2,10,Approved,0.0
APP000719,CUST000719,2024-10-21,Auto_Loan,1136500.07,36,Salaried,3,0.205,3,1,Rejected,
APP000720,CUST000720,2024-01-27,Business_Loan,2168747.84,12,Business_Owner,4,0.732,1,0,Rejected,
APP000721,CUST000721,2023-12-22,Auto_Loan,657694.0,60,Salaried,3,0.64,2,1,Approved,1.0
APP000722,CUST000722,2024-02-28,Auto_Loan,495479.57,84,Salaried,4,0.796,0,3,Rejected,
APP000723,CUST000723,2024-07-02,Home_Loan,2665840.16,120,Salaried,3,0.512,0,12,Approved,0.0
APP000724,CUST000724,2025-06-12,Home_Loan,7289303.03,120,Business_Owner,2,0.157,1,16,Approved,1.0
APP000725,CUST000725,2024-04-07,Home_Loan,2524501.35,300,Salaried,1,0.75,0,1,Rejected,
APP000726,CUST000726,2024-11-14,Home_Loan,1616541.52,240,Salaried,4,0.751,3,59,Rejected,
APP000727,CUST000727,2024-03-06,Business_Loan,3559143.78,60,Salaried,3,0.28,2,6,Approved,0.0
APP000728,CUST000728,2024-06-03,Auto_Loan,1163900.78,36,Business_Owner,1,0.334,0,18,Approved,0.0
APP000729,CUST000729,2024-10-01,Personal_Loan,653602.35,24,Salaried,2,0.158,3,39,Approved,0.0
APP000730,CUST000730,2024-11-10,Personal_Loan,809571.12,60,Salaried,3,0.777,2,6,Rejected,
APP000731,CUST000731,2024-01-06,Personal_Loan,963519.18,24,Salaried,3,0.715,1,2,Approved,1.0
APP000732,CUST000732,2025-02-22,Personal_Loan,642578.95,24,Salaried,1,0.302,1,103,Rejected,
APP000733,CUST000733,2024-06-17,Personal_Loan,182808.12,36,Salaried,4,0.394,1,78,Approved,0.0
APP000734,CUST000734,2025-07-06,Personal_Loan,62081.73,48,Student,0,0.296,2,0,Approved,0.0
APP000735,CUST000735,2024-12-21,Personal_Loan,248906.59,12,Self_Employed,1,0.31,3,0,Approved,0.0
APP000736,CUST000736,2025-10-31,Home_Loan,8447916.02,180,Self_Employed,0,0.228,0,9,Rejected,
APP000737,CUST000737,2025-04-02,Credit_Card,185034.61,0,Salaried,3,0.298,4,2,Approved,0.0
APP000738,CUST000738,2024-12-09,Personal_Loan,206078.61,48,Salaried,2,0.385,0,7,Rejected,
APP000739,CUST000739,2024-01-02,Home_Loan,3749459.18,240,Retired,3,0.678,3,23,Approved,0.0
APP000740,CUST000740,2025-09-03,Home_Loan,6200501.39,300,Self_Employed,4,0.37,1,27,Approved,0.0
APP000741,CUST000741,2024-04-19,Business_Loan,2947919.16,24,Salaried,2,0.34,2,3,Rejected,
APP000742,CUST000742,2024-08-09,Auto_Loan,1253277.04,48,Business_Owner,0,0.467,3,25,Approved,0.0
APP000743,CUST000743,2025-06-22,Home_Loan,9977237.12,120,Self_Employed,0,0.389,2,1,Rejected,
APP000744,CUST000744,2024-06-02,Home_Loan,8475128.57,180,Student,0,0.428,4,0,Approved,0.0
APP000745,CUST000745,2024-02-02,Personal_Loan,953765.33,12,Salaried,1,0.744,3,6,Approved,0.0
APP000746,CUST000746,2025-07-21,Home_Loan,605624.85,120,Salaried,1,0.323,2,0,Approved,0.0
APP000747,CUST000747,2024-08-30,Home_Loan,1339246.47,240,Salaried,2,0.471,1,15,Rejected,
APP000748,CUST000748,2024-05-22,Auto_Loan,1042168.37,36,Salaried,4,0.111,6,13,Approved,0.0
APP000749,CUST000749,2025-03-12,Auto_Loan,975451.9,84,Business_Owner,0,0.343,2,7,Approved,0.0
APP000750,CUST000750,2025-05-01,Personal_Loan,403724.6,12,Salaried,2,0.211,2,20,Rejected,
APP000751,CUST000751,2024-05-02,Home_Loan,4534315.56,300,Salaried,1,0.375,1,6,Approved,0.0
APP000752,CUST000752,2025-10-24,Credit_Card,224344.94,0,Salaried,1,0.731,4,0,Approved,0.0
APP000753,CUST000753,2024-03-12,Credit_Card,109120.63,0,Salaried,2,0.491,1,6,Approved,0.0
APP000754,CUST000754,2024-12-31,Home_Loan,7400517.83,180,Salaried,3,0.308,1,9,Rejected,
APP000755,CUST000755,2025-09-02,Auto_Loan,753191.46,84,Business_Owner,1,0.134,2,13,Approved,0.0
APP000756,CUST000756,2024-08-03,Home_Loan,7822048.25,120,Salaried,4,0.608,2,12,Approved,0.0
APP000757,CUST000757,2024-02-07,Personal_Loan,864672.54,12,Salaried,2,0.367,2,31,Approved,0.0
APP000758,CUST000758,2025-04-28,Personal_Loan,72581.04,24,Self_Employed,1,0.107,3,13,Approved,0.0
APP000759,CUST000759,2024-04-26,Credit_Card,136550.07,0,Salaried,4,0.612,3,5,Approved,0.0
APP000760,CUST000760,2024-07-10,Home_Loan,4472637.5,300,Salaried,0,0.671,4,25,Approved,1.0
APP000761,CUST000761,2024-05-13,Auto_Loan,1806547.14,84,Salaried,1,0.304,4,15,Rejected,
APP000762,CUST000762,2024-06-29,Personal_Loan,673063.65,12,Business_Owner,0,0.526,1,12,Approved,0.0
APP000763,CUST000763,2025-05-17,Personal_Loan,812131.45,24,Salaried,2,0.725,2,16,Approved,0.0
APP000764,CUST000764,2024-01-18,Personal_Loan,638279.4,36,Business_Owner,1,0.597,2,1,Rejected,
APP000765,CUST000765,2024-12-10,Personal_Loan,821499.97,48,Salaried,3,0.549,1,18,Rejected,
APP000766,CUST000766,2025-03-10,Credit_Card,228419.61,0,Self_Employed,0,0.531,0,21,Rejected,
APP000767,CUST000767,2025-06-26,Personal_Loan,69885.43,60,Salaried,1,0.321,4,10,Rejected,
APP000768,CUST000768,2025-09-26,Home_Loan,6198536.91,120,Salaried,3,0.751,0,11,Approved,0.0
APP000769,CUST000769,2024-06-26,Home_Loan,7773541.83,300,Self_Employed,3,0.617,0,43,Rejected,
APP000770,CUST000770,2024-04-15,Auto_Loan,511114.92,84,Salaried,0,0.326,1,5,Approved,0.0
APP000771,CUST000771,2023-12-10,Business_Loan,1526264.76,24,Salaried,1,0.629,0,4,Approved,0.0
APP000772,CUST000772,2024-10-14,Home_Loan,2149300.13,240,Salaried,2,0.209,0,17,Approved,0.0
APP000773,CUST000773,2024-05-10,Auto_Loan,603475.45,48,Salaried,3,0.639,0,25,Approved,0.0
APP000774,CUST000774,2023-11-12,Personal_Loan,264703.07,12,Salaried,1,0.728,2,87,Approved,0.0
APP000775,CUST000775,2025-01-22,Home_Loan,501765.82,180,Business_Owner,0,0.372,1,16,Rejected,
APP000776,CUST000776,2024-12-11,Business_Loan,921273.65,48,Salaried,4,0.53,2,6,Approved,0.0
APP000777,CUST000777,2024-08-20,Home_Loan,8564035.41,180,Self_Employed,4,0.549,0,24,Approved,0.0
APP000778,CUST000778,2024-02-19,Personal_Loan,862959.77,60,Salaried,3,0.656,6,17,Approved,0.0
APP000779,CUST000779,2024-03-24,Home_Loan,6501595.15,240,Salaried,1,0.446,1,23,Rejected,
APP000780,CUST000780,2023-11-19,Credit_Card,491424.92,0,Self_Employed,4,0.78,1,26,Rejected,
APP000781,CUST000781,2024-11-22,Personal_Loan,668531.23,36,Salaried,3,0.298,3,0,Rejected,
APP000782,CUST000782,2025-10-15,Home_Loan,9332739.94,300,Self_Employed,2,0.771,0,0,Approved,0.0
APP000783,CUST000783,2024-06-30,Personal_Loan,448643.03,24,Salaried,3,0.538,0,4,Approved,0.0
APP000784,CUST000784,2025-07-01,Business_Loan,2447179.95,36,Student,4,0.153,4,0,Rejected,
APP000785,CUST000785,2024-09-17,Personal_Loan,797487.16,48,Student,3,0.78,5,0,Approved,1.0
APP000786,CUST000786,2024-10-22,Personal_Loan,790309.52,12,Salaried,0,0.192,5,44,Rejected,
APP000787,CUST000787,2024-06-27,Credit_Card,253308.61,0,Salaried,0,0.604,3,12,Rejected,
APP000788,CUST000788,2023-11-05,Credit_Card,243564.27,0,Salaried,1,0.455,5,31,Approved,1.0
APP000789,CUST000789,2024-04-14,Credit_Card,416815.85,0,Retired,1,0.713,1,2,Approved,1.0
APP000790,CUST000790,2024-03-10,Credit_Card,152349.27,0,Salaried,1,0.335,3,1,Approved,0.0
APP000791,CUST000791,2024-01-07,Personal_Loan,233552.67,36,Business_Owner,0,0.224,2,6,Rejected,
APP000792,CUST000792,2023-11-10,Personal_Loan,658811.64,24,Self_Employed,1,0.325,3,1,Approved,0.0
APP000793,CUST000793,2024-01-16,Personal_Loan,305546.28,12,Retired,1,0.476,0,61,Approved,0.0
APP000794,CUST000794,2024-09-01,Home_Loan,5678660.22,300,Salaried,0,0.129,1,0,Approved,0.0
APP000795,CUST000795,2024-08-01,Personal_Loan,109443.91,36,Salaried,2,0.556,2,15,Approved,0.0
APP000796,CUST000796,2024-10-07,Personal_Loan,643070.73,48,Salaried,4,0.681,1,89,Approved,0.0
APP000797,CUST000797,2024-01-04,Home_Loan,9806682.96,300,Salaried,1,0.102,1,15,Approved,0.0
APP000798,CUST000798,2024-08-30,Personal_Loan,815239.58,24,Business_Owner,4,0.378,0,1,Rejected,
APP000799,CUST000799,2024-07-09,Auto_Loan,1737798.01,36,Salaried,0,0.163,5,9,Approved,0.0
APP000800,CUST000800,2024-10-30,Auto_Loan,945138.29,60,Salaried,4,0.32,1,19,Rejected,
APP000801,CUST000801,2025-05-11,Personal_Loan,755496.0,36,Business_Owner,4,0.45,5,5,Rejected,
APP000802,CUST000802,2025-02-15,Home_Loan,2313706.39,240,Salaried,1,0.756,2,15,Rejected,
APP000803,CUST000803,2024-04-01,Home_Loan,2462461.02,120,Salaried,3,0.534,0,29,Rejected,
APP000804,CUST000804,2023-12-17,Home_Loan,8838063.09,120,Self_Employed,2,0.143,6,54,Approved,0.0
APP000805,CUST000805,2025-05-21,Home_Loan,4646275.93,300,Self_Employed,1,0.401,2,0,Rejected,
APP000806,CUST000806,2025-03-28,Credit_Card,321390.58,0,Salaried,3,0.77,3,5,Rejected,
APP000807,CUST000807,2023-12-07,Home_Loan,3357582.86,120,Self_Employed,0,0.666,2,10,Approved,0.0
APP000808,CUST000808,2024-01-16,Credit_Card,284289.46,0,Salaried,1,0.6,0,18,Approved,0.0
APP000809,CUST000809,2024-05-15,Credit_Card,485972.77,0,Business_Owner,4,0.156,1,10,Rejected,
APP000810,CUST000810,2025-09-24,Auto_Loan,1005759.65,60,Salaried,4,0.579,2,60,Approved,0.0
APP000811,CUST000811,2024-03-06,Personal_Loan,526746.51,36,Self_Employed,4,0.586,3,19,Approved,1.0
APP000812,CUST000812,2024-08-04,Auto_Loan,750880.31,60,Salaried,4,0.143,2,2,Approved,0.0
APP000813,CUST000813,2024-12-03,Personal_Loan,596510.39,48,Salaried,0,0.528,1,23,Approved,0.0
APP000814,CUST000814,2025-08-30,Credit_Card,232685.13,0,Salaried,1,0.62,2,3,Approved,0.0
APP000815,CUST000815,2024-12-06,Auto_Loan,936032.97,36,Business_Owner,0,0.188,3,8,Approved,0.0
APP000816,CUST000816,2025-09-01,Home_Loan,9749432.23,180,Salaried,2,0.363,0,5,Rejected,
APP000817,CUST000817,2025-06-20,Personal_Loan,683876.02,36,Salaried,1,0.63,2,2,Approved,0.0
APP000818,CUST000818,2025-06-12,Credit_Card,349310.27,0,Salaried,2,0.788,0,9,Approved,0.0
APP000819,CUST000819,2024-04-24,Home_Loan,4295619.1,180,Salaried,4,0.778,0,26,Rejected,
APP000820,CUST000820,2025-07-08,Personal_Loan,167768.91,48,Business_Owner,3,0.512,2,1,Approved,1.0
APP000821,CUST000821,2024-01-14,Home_Loan,6111530.42,300,Self_Employed,3,0.653,4,105,Rejected,
APP000822,CUST000822,2024-12-29,Business_Loan,3067942.97,48,Salaried,2,0.626,0,1,Approved,1.0
APP000823,CUST000823,2025-08-23,Auto_Loan,591628.45,36,Salaried,1,0.791,3,2,Approved,0.0
APP000824,CUST000824,2024-03-22,Auto_Loan,1946809.11,60,Salaried,3,0.294,2,0,Approved,0.0
APP000825,CUST000825,2024-09-21,Home_Loan,7755306.43,300,Salaried,4,0.692,7,26,Rejected,
APP000826,CUST000826,2025-03-25,Home_Loan,2469456.48,300,Salaried,1,0.295,2,30,Approved,0.0
APP000827,CUST000827,2024-03-06,Personal_Loan,832647.03,60,Business_Owner,3,0.274,3,10,Approved,0.0
APP000828,CUST000828,2024-01-24,Credit_Card,412805.01,0,Salaried,0,0.173,4,64,Approved,0.0
APP000829,CUST000829,2025-02-06,Personal_Loan,664228.61,24,Self_Employed,4,0.282,3,15,Approved,0.0
APP000830,CUST000830,2024-08-31,Auto_Loan,1217956.45,36,Salaried,2,0.783,1,15,Rejected,
APP000831,CUST000831,2025-01-16,Home_Loan,8512743.06,180,Self_Employed,3,0.125,4,7,Approved,0.0
APP000832,CUST000832,2025-01-05,Home_Loan,5006290.4,180,Salaried,4,0.505,4,12,Rejected,
APP000833,CUST000833,2025-10-12,Personal_Loan,329043.41,12,Business_Owner,3,0.103,1,2,Rejected,
APP000834,CUST000834,2024-09-14,Auto_Loan,395552.26,36,Salaried,2,0.146,2,34,Approved,0.0
APP000835,CUST000835,2025-04-27,Credit_Card,163067.53,0,Salaried,0,0.464,2,0,Approved,0.0
APP000836,CUST000836,2024-05-17,Home_Loan,7093317.38,300,Salaried,2,0.635,3,13,Rejected,
APP000837,CUST000837,2025-01-27,Credit_Card,444937.58,0,Self_Employed,2,0.297,1,19,Approved,0.0
APP000838,CUST000838,2024-07-05,Personal_Loan,259401.19,24,Salaried,4,0.191,1,19,Approved,0.0
APP000839,CUST000839,2024-03-19,Personal_Loan,297826.52,12,Self_Employed,1,0.292,0,1,Rejected,
APP000840,CUST000840,2024-08-12,Personal_Loan,532688.73,48,Salaried,3,0.75,0,8,Approved,1.0
APP000841,CUST000841,2024-06-01,Personal_Loan,417665.15,36,Self_Employed,3,0.489,1,1,Approved,1.0
APP000842,CUST000842,2024-10-17,Auto_Loan,524434.52,84,Salaried,2,0.361,4,36,Approved,0.0
APP000843,CUST000843,2024-07-06,Personal_Loan,386554.7,12,Salaried,2,0.693,5,29,Rejected,
APP000844,CUST000844,2025-07-31,Credit_Card,381790.43,0,Salaried,3,0.161,0,44,Rejected,
APP000845,CUST000845,2024-08-04,Personal_Loan,794056.01,24,Salaried,1,0.551,0,5,Rejected,
APP000846,CUST000846,2024-12-23,Personal_Loan,499730.53,48,Salaried,2,0.577,1,16,Approved,0.0
APP000847,CUST000847,2025-10-16,Personal_Loan,927112.14,12,Salaried,4,0.747,0,1,Approved,0.0
APP000848,CUST000848,2025-07-31,Personal_Loan,468282.1,24,Salaried,2,0.364,3,3,Rejected,
APP000849,CUST000849,2023-12-25,Personal_Loan,246244.77,36,Salaried,0,0.73,0,5,Rejected,
APP000850,CUST000850,2025-07-18,Personal_Loan,488683.36,48,Salaried,3,0.327,2,4,Rejected,
APP000851,CUST000851,2024-09-01,Personal_Loan,67045.46,12,Self_Employed,0,0.119,1,15,Approved,1.0
APP000852,CUST000852,2024-12-23,Business_Loan,3777971.88,36,Salaried,4,0.36,5,41,Approved,0.0
APP000853,CUST000853,2024-12-25,Personal_Loan,292491.46,36,Business_Owner,2,0.106,2,25,Approved,0.0
APP000854,CUST000854,2025-07-06,Personal_Loan,921194.37,36,Retired,0,0.317,3,46,Approved,0.0
APP000855,CUST000855,2024-02-20,Auto_Loan,1077145.66,60,Self_Employed,1,0.462,1,7,Approved,0.0
APP000856,CUST000856,2024-04-21,Personal_Loan,648484.83,36,Self_Employed,2,0.385,4,27,Approved,0.0
APP000857,CUST000857,2024-01-19,Personal_Loan,434768.34,12,Salaried,0,0.605,2,1,Rejected,
APP000858,CUST000858,2024-04-02,Credit_Card,130905.23,0,Salaried,0,0.674,1,2,Approved,0.0
APP000859,CUST000859,2024-09-09,Business_Loan,968276.04,12,Retired,0,0.109,0,21,Approved,0.0
APP000860,CUST000860,2024-01-28,Auto_Loan,1213691.26,36,Salaried,2,0.646,3,3,Approved,1.0
APP000861,CUST000861,2024-06-14,Business_Loan,1690392.0,60,Salaried,0,0.574,7,16,Approved,0.0
APP000862,CUST000862,2024-01-25,Auto_Loan,261915.1,48,Self_Employed,3,0.491,0,27,Approved,1.0
APP000863,CUST000863,2024-10-28,Home_Loan,679298.32,180,Student,1,0.243,2,46,Approved,0.0
APP000864,CUST000864,2024-10-29,Home_Loan,5130419.08,120,Self_Employed,1,0.319,1,4,Rejected,
APP000865,CUST000865,2025-09-10,Credit_Card,206195.13,0,Salaried,2,0.221,2,1,Rejected,
APP000866,CUST000866,2024-01-28,Credit_Card,294646.25,0,Self_Employed,1,0.578,5,0,Approved,0.0
APP000867,CUST000867,2025-04-15,Personal_Loan,724685.1,48,Salaried,2,0.376,3,58,Approved,0.0
APP000868,CUST000868,2025-08-13,Credit_Card,169069.5,0,Salaried,3,0.304,1,42,Approved,0.0
APP000869,CUST000869,2024-03-03,Personal_Loan,762401.09,36,Salaried,3,0.549,0,1,Approved,1.0
APP000870,CUST000870,2025-04-09,Auto_Loan,973515.99,36,Salaried,1,0.67,1,1,Approved,1.0
APP000871,CUST000871,2024-08-30,Personal_Loan,192734.12,48,Salaried,2,0.774,3,12,Approved,0.0
APP000872,CUST000872,2024-02-15,Home_Loan,1706919.09,300,Salaried,0,0.31,2,41,Rejected,
APP000873,CUST000873,2025-05-08,Home_Loan,3878808.76,300,Salaried,2,0.14,1,5,Rejected,
APP000874,CUST000874,2024-01-16,Personal_Loan,183686.18,24,Salaried,2,0.515,4,27,Approved,0.0
APP000875,CUST000875,2024-01-06,Credit_Card,103021.28,0,Salaried,1,0.324,2,14,Rejected,
APP000876,CUST000876,2025-02-12,Credit_Card,482848.81,0,Salaried,4,0.78,3,3,Approved,0.0
APP000877,CUST000877,2025-09-17,Home_Loan,6782846.86,300,Salaried,0,0.541,2,28,Approved,0.0
APP000878,CUST000878,2024-04-28,Auto_Loan,458671.5,36,Self_Employed,3,0.731,3,3,Rejected,
APP000879,CUST000879,2025-06-26,Personal_Loan,688613.31,36,Self_Employed,1,0.343,2,10,Approved,0.0
APP000880,CUST000880,2025-08-10,Auto_Loan,681328.89,60,Salaried,4,0.497,1,0,Approved,0.0
APP000881,CUST000881,2024-07-03,Personal_Loan,171432.07,36,Salaried,0,0.122,1,4,Approved,0.0
APP000882,CUST000882,2025-04-21,Credit_Card,439068.97,0,Salaried,2,0.485,2,1,Rejected,
APP000883,CUST000883,2024-12-29,Home_Loan,6650873.02,240,Salaried,0,0.58,6,6,Approved,1.0
APP000884,CUST000884,2024-09-17,Personal_Loan,658394.97,60,Retired,3,0.318,1,0,Approved,0.0
APP000885,CUST000885,2025-04-09,Personal_Loan,145258.92,36,Self_Employed,0,0.293,0,8,Rejected,
APP000886,CUST000886,2025-06-23,Personal_Loan,428403.4,60,Self_Employed,1,0.434,1,9,Approved,0.0
APP000887,CUST000887,2024-10-21,Auto_Loan,375756.63,48,Salaried,3,0.655,4,20,Approved,1.0
APP000888,CUST000888,2024-06-01,Home_Loan,7647804.48,240,Self_Employed,0,0.562,1,8,Approved,0.0
APP000889,CUST000889,2024-05-10,Credit_Card,309674.28,0,Salaried,2,0.486,3,16,Rejected,
APP000890,CUST000890,2025-08-09,Home_Loan,6069497.84,180,Salaried,3,0.778,1,0,Rejected,
APP000891,CUST000891,2025-07-15,Home_Loan,2026444.25,240,Business_Owner,2,0.416,1,16,Approved,0.0
APP000892,CUST000892,2023-11-10,Home_Loan,1338949.31,300,Self_Employed,3,0.122,2,45,Rejected,
APP000893,CUST000893,2025-04-19,Business_Loan,3219499.62,60,Salaried,4,0.34,2,112,Rejected,
APP000894,CUST000894,2024-03-04,Personal_Loan,756731.04,36,Self_Employed,3,0.759,1,0,Approved,0.0
APP000895,CUST000895,2025-06-01,Credit_Card,200169.67,0,Salaried,1,0.162,2,9,Approved,0.0
APP000896,CUST000896,2025-09-17,Personal_Loan,432731.2,36,Salaried,3,0.229,1,0,Rejected,
APP000897,CUST000897,2025-03-14,Auto_Loan,477175.79,60,Salaried,1,0.718,2,21,Approved,0.0
APP000898,CUST000898,2024-03-11,Home_Loan,5710764.21,300,Salaried,4,0.584,0,2,Approved,1.0
APP000899,CUST000899,2024-10-26,Home_Loan,6123603.08,300,Salaried,4,0.736,2,32,Approved,0.0
APP000900,CUST000900,2025-10-14,Personal_Loan,758910.08,36,Salaried,4,0.662,2,2,Approved,0.0
APP000901,CUST000901,2024-04-23,Home_Loan,2482126.48,120,Self_Employed,3,0.46,1,16,Rejected,
APP000902,CUST000902,2024-03-25,Home_Loan,1105538.11,180,Business_Owner,3,0.669,0,1,Approved,0.0
APP000903,CUST000903,2023-12-14,Business_Loan,4677914.13,12,Salaried,4,0.63,1,7,Approved,0.0
APP000904,CUST000904,2024-09-01,Home_Loan,7727333.77,120,Salaried,2,0.132,1,7,Approved,0.0
APP000905,CUST000905,2024-07-11,Auto_Loan,1048725.07,84,Self_Employed,1,0.763,2,5,Rejected,
APP000906,CUST000906,2023-12-29,Home_Loan,4487637.75,240,Salaried,4,0.655,5,0,Approved,1.0
APP000907,CUST000907,2024-06-03,Auto_Loan,869702.28,60,Business_Owner,4,0.704,2,1,Approved,0.0
APP000908,CUST000908,2025-05-20,Home_Loan,6956674.73,300,Self_Employed,0,0.521,2,20,Rejected,
APP000909,CUST000909,2025-03-29,Personal_Loan,269695.31,48,Salaried,4,0.639,1,39,Approved,0.0
APP000910,CUST000910,2025-09-04,Business_Loan,4753281.98,36,Salaried,3,0.725,1,8,Approved,1.0
APP000911,CUST000911,2025-02-01,Personal_Loan,500449.34,48,Salaried,3,0.568,1,0,Approved,1.0
APP000912,CUST000912,2024-01-27,Credit_Card,305986.68,0,Salaried,4,0.298,4,9,Approved,1.0
APP000913,CUST000913,2025-05-09,Auto_Loan,1366422.3,48,Salaried,0,0.613,2,6,Rejected,
APP000914,CUST000914,2024-03-10,Business_Loan,4488511.07,24,Salaried,0,0.349,1,36,Approved,0.0
APP000915,CUST000915,2024-10-25,Personal_Loan,565559.9,36,Self_Employed,3,0.712,0,13,Rejected,
APP000916,CUST000916,2024-04-16,Personal_Loan,918316.76,48,Salaried,3,0.541,2,9,Approved,0.0
APP000917,CUST000917,2024-04-05,Auto_Loan,1010319.8,84,Salaried,3,0.358,0,4,Rejected,
APP000918,CUST000918,2024-02-17,Home_Loan,3528434.04,180,Salaried,3,0.303,3,2,Approved,0.0
APP000919,CUST000919,2024-04-13,Home_Loan,7802851.26,120,Salaried,1,0.789,1,10,Approved,0.0
APP000920,CUST000920,2025-08-19,Credit_Card,77356.19,0,Salaried,0,0.69,3,18,Rejected,
APP000921,CUST000921,2024-05-04,Home_Loan,1141906.36,240,Salaried,4,0.478,4,3,Rejected,
APP000922,CUST000922,2025-03-01,Credit_Card,100183.85,0,Salaried,3,0.177,3,1,Rejected,
APP000923,CUST000923,2023-11-06,Auto_Loan,1165359.08,48,Salaried,4,0.219,3,0,Approved,0.0
APP000924,CUST000924,2024-07-18,Auto_Loan,908080.38,36,Salaried,4,0.713,1,46,Approved,1.0
APP000925,CUST000925,2025-06-14,Credit_Card,118818.73,0,Business_Owner,0,0.225,1,2,Rejected,
APP000926,CUST000926,2025-01-27,Home_Loan,6724802.16,240,Salaried,1,0.261,2,6,Approved,0.0
APP000927,CUST000927,2024-08-21,Home_Loan,1959556.2,300,Salaried,2,0.442,1,5,Approved,0.0
APP000928,CUST000928,2025-04-24,Home_Loan,9971710.41,300,Salaried,1,0.549,1,16,Rejected,
APP000929,CUST000929,2025-07-09,Personal_Loan,831864.5,48,Salaried,1,0.679,1,6,Approved,0.0
APP000930,CUST000930,2024-05-31,Personal_Loan,412601.92,36,Self_Employed,4,0.731,4,56,Approved,1.0
APP000931,CUST000931,2024-05-13,Auto_Loan,1035525.77,48,Business_Owner,4,0.722,2,5,Approved,1.0
APP000932,CUST000932,2024-05-07,Auto_Loan,1135306.48,36,Business_Owner,2,0.713,1,31,Approved,1.0
APP000933,CUST000933,2024-02-09,Home_Loan,3265061.24,180,Business_Owner,0,0.448,3,0,Rejected,
APP000934,CUST000934,2025-03-20,Business_Loan,371174.23,24,Student,0,0.645,0,115,Approved,1.0
APP000935,CUST000935,2024-09-26,Home_Loan,2332157.08,180,Salaried,3,0.76,1,1,Rejected,
APP000936,CUST000936,2024-08-03,Home_Loan,5233715.5,300,Salaried,1,0.486,2,0,Rejected,
APP000937,CUST000937,2025-06-14,Credit_Card,183929.01,0,Salaried,1,0.205,2,15,Approved,0.0
APP000938,CUST000938,2024-09-23,Home_Loan,4149039.72,120,Salaried,1,0.223,3,0,Rejected,
APP000939,CUST000939,2024-07-20,Home_Loan,9695928.15,120,Student,3,0.494,3,0,Approved,0.0
APP000940,CUST000940,2025-05-12,Auto_Loan,1691001.58,60,Salaried,4,0.472,2,17,Rejected,
APP000941,CUST000941,2025-01-17,Personal_Loan,131996.08,48,Salaried,4,0.304,1,12,Approved,0.0
APP000942,CUST000942,2023-12-12,Home_Loan,4469612.63,240,Business_Owner,2,0.191,1,2,Approved,1.0
APP000943,CUST000943,2025-06-07,Credit_Card,466720.21,0,Self_Employed,1,0.657,3,5,Approved,1.0
APP000944,CUST000944,2025-04-19,Personal_Loan,527691.16,60,Salaried,1,0.318,3,20,Rejected,
APP000945,CUST000945,2024-09-21,Auto_Loan,1526856.06,48,Business_Owner,3,0.652,4,7,Approved,0.0
APP000946,CUST000946,2024-12-30,Home_Loan,9333463.1,180,Self_Employed,0,0.161,2,22,Approved,0.0
APP000947,CUST000947,2024-08-27,Home_Loan,3647689.5,240,Salaried,4,0.471,2,24,Approved,0.0
APP000948,CUST000948,2024-11-06,Personal_Loan,59495.48,36,Salaried,2,0.193,4,2,Rejected,
APP000949,CUST000949,2024-03-11,Home_Loan,1109292.8,180,Salaried,2,0.184,4,5,Approved,1.0
APP000950,CUST000950,2025-01-12,Home_Loan,1074687.22,120,Salaried,0,0.495,1,2,Rejected,
APP000951,CUST000951,2024-02-08,Auto_Loan,1339934.77,36,Salaried,1,0.115,0,4,Approved,0.0
APP000952,CUST000952,2024-04-12,Business_Loan,1318853.32,48,Self_Employed,0,0.141,2,34,Approved,0.0
APP000953,CUST000953,2025-04-15,Auto_Loan,1226274.61,48,Salaried,0,0.144,3,3,Approved,0.0
APP000954,CUST000954,2024-01-06,Credit_Card,457329.53,0,Self_Employed,2,0.533,0,1,Approved,0.0
APP000955,CUST000955,2025-07-25,Home_Loan,6760591.16,300,Self_Employed,4,0.332,1,5,Rejected,
APP000956,CUST000956,2025-03-18,Home_Loan,7549882.89,180,Self_Employed,3,0.508,1,1,Approved,0.0
APP000957,CUST000957,2025-04-25,Home_Loan,4073714.06,300,Self_Employed,4,0.116,0,3,Approved,0.0
APP000958,CUST000958,2024-01-16,Personal_Loan,472976.17,60,Salaried,2,0.509,2,17,Approved,1.0
APP000959,CUST000959,2024-10-19,Credit_Card,421818.54,0,Salaried,1,0.238,1,37,Rejected,
APP000960,CUST000960,2023-11-19,Home_Loan,1971767.26,180,Self_Employed,1,0.327,4,18,Approved,0.0
APP000961,CUST000961,2025-07-20,Personal_Loan,910846.75,24,Self_Employed,1,0.54,4,28,Rejected,
APP000962,CUST000962,2025-03-31,Credit_Card,370937.75,0,Salaried,4,0.59,2,0,Approved,0.0
APP000963,CUST000963,2025-09-29,Personal_Loan,652825.29,36,Salaried,0,0.79,1,35,Approved,0.0
APP000964,CUST000964,2025-07-11,Business_Loan,3611763.85,48,Retired,0,0.167,2,63,Approved,0.0
APP000965,CUST000965,2025-04-19,Home_Loan,1934017.9,240,Salaried,4,0.678,0,14,Approved,1.0
APP000966,CUST000966,2024-02-23,Auto_Loan,1577746.79,36,Self_Employed,4,0.75,2,85,Approved,0.0
APP000967,CUST000967,2024-10-29,Credit_Card,112433.26,0,Self_Employed,1,0.566,2,40,Approved,0.0
APP000968,CUST000968,2025-08-14,Home_Loan,3128425.46,180,Self_Employed,1,0.712,3,33,Approved,0.0
APP000969,CUST000969,2024-10-24,Personal_Loan,736463.18,60,Self_Employed,2,0.38,2,31,Approved,0.0
APP000970,CUST000970,2024-04-23,Business_Loan,2913409.76,36,Salaried,3,0.631,0,6,Approved,0.0
APP000971,CUST000971,2024-09-19,Home_Loan,518787.41,120,Self_Employed,0,0.376,5,16,Rejected,
APP000972,CUST000972,2025-08-27,Home_Loan,1457915.4,120,Self_Employed,4,0.321,2,0,Rejected,
APP000973,CUST000973,2025-08-01,Personal_Loan,244092.5,24,Salaried,1,0.514,1,0,Approved,1.0
APP000974,CUST000974,2025-09-03,Credit_Card,76431.86,0,Salaried,1,0.244,1,29,Approved,0.0
APP000975,CUST000975,2024-01-18,Business_Loan,1744462.48,12,Salaried,2,0.178,3,1,Approved,0.0
APP000976,CUST000976,2025-04-19,Auto_Loan,1023919.83,36,Salaried,0,0.301,1,31,Approved,1.0
APP000977,CUST000977,2025-07-07,Auto_Loan,879392.19,36,Salaried,2,0.373,0,9,Rejected,
APP000978,CUST000978,2024-03-18,Home_Loan,1826303.73,300,Salaried,0,0.345,0,1,Rejected,
APP000979,CUST000979,2025-01-24,Home_Loan,9272038.54,300,Student,4,0.184,0,50,Approved,0.0
APP000980,CUST000980,2024-12-13,Home_Loan,2466173.03,120,Salaried,4,0.468,3,54,Approved,0.0
APP000981,CUST000981,2024-12-10,Business_Loan,1236114.75,36,Salaried,3,0.537,1,27,Approved,1.0
APP000982,CUST000982,2024-01-26,Personal_Loan,966048.7,36,Salaried,0,0.149,4,5,Approved,0.0
APP000983,CUST000983,2025-04-30,Personal_Loan,901549.87,48,Business_Owner,3,0.669,4,12,Rejected,
APP000984,CUST000984,2024-07-29,Auto_Loan,1173102.3,60,Self_Employed,1,0.616,4,14,Approved,0.0
APP000985,CUST000985,2023-11-26,Home_Loan,6628041.94,240,Salaried,2,0.296,0,5,Rejected,
APP000986,CUST000986,2025-07-18,Auto_Loan,1954237.47,84,Salaried,0,0.475,2,1,Rejected,
APP000987,CUST000987,2024-06-14,Personal_Loan,556021.67,36,Salaried,1,0.514,2,24,Approved,0.0
APP000988,CUST000988,2024-12-11,Credit_Card,108868.28,0,Self_Employed,2,0.223,2,8,Approved,1.0
APP000989,CUST000989,2025-09-09,Auto_Loan,1170229.11,60,Retired,2,0.543,1,34,Rejected,
APP000990,CUST000990,2024-05-05,Home_Loan,590965.07,180,Salaried,1,0.342,3,7,Approved,0.0
APP000991,CUST000991,2025-06-30,Personal_Loan,727150.47,24,Business_Owner,4,0.646,1,8,Rejected,
APP000992,CUST000992,2025-05-25,Personal_Loan,468085.53,24,Self_Employed,3,0.36,3,0,Approved,0.0
APP000993,CUST000993,2024-01-09,Home_Loan,1436209.08,180,Self_Employed,0,0.299,2,105,Rejected,
APP000994,CUST000994,2025-01-21,Auto_Loan,1588020.67,48,Self_Employed,0,0.197,2,9,Rejected,
APP000995,CUST000995,2024-03-22,Personal_Loan,61836.19,60,Business_Owner,2,0.617,2,0,Approved,1.0
APP000996,CUST000996,2025-04-06,Auto_Loan,1264793.01,36,Salaried,0,0.543,2,4,Approved,0.0
APP000997,CUST000997,2025-08-24,Auto_Loan,739002.85,48,Salaried,2,0.292,2,58,Approved,0.0
APP000998,CUST000998,2025-07-16,Home_Loan,2344421.59,240,Salaried,2,0.265,4,7,Approved,0.0
APP000999,CUST000999,2024-07-13,Auto_Loan,495567.13,48,Salaried,3,0.526,2,18,Approved,1.0
APP001000,CUST001000,2024-08-07,Business_Loan,4994893.81,48,Salaried,0,0.403,3,2,Rejected,
APP001001,CUST001001,2025-04-16,Home_Loan,6849276.82,240,Salaried,0,0.165,3,25,Approved,1.0
APP001002,CUST001002,2025-08-27,Personal_Loan,858970.8,60,Salaried,4,0.777,3,15,Approved,0.0
APP001003,CUST001003,2024-03-02,Credit_Card,84079.13,0,Salaried,0,0.252,3,5,Rejected,
APP001004,CUST001004,2025-04-22,Credit_Card,174798.01,0,Self_Employed,3,0.626,1,22,Approved,1.0
APP001005,CUST001005,2023-12-01,Home_Loan,4979281.78,120,Retired,0,0.76,3,10,Approved,0.0
APP001006,CUST001006,2023-12-26,Personal_Loan,856180.9,60,Salaried,3,0.33,0,6,Rejected,
APP001007,CUST001007,2025-08-04,Home_Loan,9509225.37,300,Salaried,4,0.544,0,37,Approved,0.0
APP001008,CUST001008,2025-09-03,Credit_Card,286110.01,0,Salaried,4,0.122,1,24,Approved,0.0
APP001009,CUST001009,2025-06-05,Personal_Loan,516849.3,36,Business_Owner,0,0.317,2,0,Approved,1.0
APP001010,CUST001010,2024-06-12,Personal_Loan,627103.86,48,Salaried,0,0.417,4,10,Approved,0.0
APP001011,CUST001011,2024-01-15,Auto_Loan,1756624.44,60,Salaried,2,0.151,2,32,Rejected,
APP001012,CUST001012,2025-08-05,Personal_Loan,441703.2,48,Salaried,0,0.468,2,0,Approved,0.0
APP001013,CUST001013,2025-10-19,Personal_Loan,646528.95,36,Salaried,1,0.658,3,0,Rejected,
APP001014,CUST001014,2024-10-02,Home_Loan,8080628.26,300,Salaried,4,0.194,3,1,Approved,1.0
APP001015,CUST001015,2025-08-22,Personal_Loan,983455.67,12,Self_Employed,0,0.796,1,16,Approved,0.0
APP001016,CUST001016,2024-08-31,Personal_Loan,962328.8,48,Salaried,4,0.671,6,74,Rejected,
APP001017,CUST001017,2025-08-31,Personal_Loan,894427.14,36,Salaried,3,0.36,4,14,Approved,0.0
APP001018,CUST001018,2024-09-11,Auto_Loan,1784847.29,36,Salaried,1,0.229,3,23,Approved,1.0
APP001019,CUST001019,2025-10-08,Auto_Loan,1734327.81,36,Salaried,0,0.122,3,13,Approved,0.0
APP001020,CUST001020,2024-06-13,Home_Loan,3186017.98,120,Self_Employed,0,0.38,4,0,Approved,0.0
APP001021,CUST001021,2024-02-29,Personal_Loan,264899.7,48,Salaried,2,0.381,4,24,Rejected,
APP001022,CUST001022,2024-07-12,Auto_Loan,321762.94,36,Salaried,1,0.684,1,2,Approved,0.0
APP001023,CUST001023,2024-07-19,Home_Loan,4237052.44,120,Salaried,0,0.315,2,14,Rejected,
APP001024,CUST001024,2024-12-19,Home_Loan,6356269.63,240,Business_Owner,4,0.513,2,22,Rejected,
APP001025,CUST001025,2024-07-01,Credit_Card,177149.66,0,Salaried,2,0.711,0,2,Approved,1.0
APP001026,CUST001026,2024-08-27,Business_Loan,1423836.77,60,Salaried,1,0.236,2,5,Approved,0.0
APP001027,CUST001027,2024-02-27,Auto_Loan,1118975.27,60,Retired,3,0.18,2,26,Approved,0.0
APP001028,CUST001028,2024-06-17,Auto_Loan,1424961.04,84,Self_Employed,0,0.173,1,47,Rejected,
APP001029,CUST001029,2025-07-27,Business_Loan,154237.3,60,Self_Employed,1,0.46,1,5,Approved,0.0
APP001030,CUST001030,2024-12-07,Business_Loan,3778977.1,36,Salaried,3,0.284,1,10,Approved,0.0
APP001031,CUST001031,2023-12-11,Home_Loan,7412155.22,300,Salaried,3,0.319,1,18,Rejected,
APP001032,CUST001032,2025-10-16,Personal_Loan,361269.27,24,Salaried,0,0.796,0,37,Approved,0.0
APP001033,CUST001033,2025-05-24,Personal_Loan,716759.36,48,Salaried,1,0.462,3,0,Rejected,
APP001034,CUST001034,2024-11-28,Personal_Loan,362713.99,12,Business_Owner,0,0.658,1,57,Approved,0.0
APP001035,CUST001035,2025-10-08,Home_Loan,8449917.99,300,Salaried,1,0.769,1,11,Rejected,
APP001036,CUST001036,2024-10-13,Credit_Card,182865.56,0,Salaried,2,0.548,1,57,Approved,1.0
APP001037,CUST001037,2025-02-23,Home_Loan,9961366.72,120,Salaried,4,0.436,1,0,Approved,0.0
APP001038,CUST001038,2025-04-08,Personal_Loan,914663.96,12,Self_Employed,0,0.663,5,9,Approved,0.0
APP001039,CUST001039,2024-01-13,Home_Loan,3930662.14,120,Self_Employed,3,0.699,2,0,Approved,0.0
APP001040,CUST001040,2025-02-08,Home_Loan,2618982.44,120,Business_Owner,2,0.507,5,15,Approved,0.0
APP001041,CUST001041,2024-11-23,Home_Loan,5682090.73,180,Salaried,4,0.405,2,10,Approved,0.0
APP001042,CUST001042,2024-10-18,Home_Loan,7415449.67,240,Salaried,2,0.193,0,2,Approved,0.0
APP001043,CUST001043,2024-10-25,Home_Loan,2685018.95,120,Salaried,2,0.477,2,7,Approved,1.0
APP001044,CUST001044,2024-07-24,Home_Loan,7473795.85,180,Salaried,2,0.189,2,0,Approved,1.0
APP001045,CUST001045,2023-12-11,Business_Loan,4641210.05,24,Salaried,2,0.129,3,18,Rejected,
APP001046,CUST001046,2024-12-01,Personal_Loan,580214.92,24,Salaried,2,0.263,2,6,Approved,0.0
APP001047,CUST001047,2024-10-25,Personal_Loan,218278.55,36,Salaried,0,0.435,0,1,Approved,0.0
APP001048,CUST001048,2024-02-03,Personal_Loan,207925.18,24,Salaried,0,0.76,3,7,Approved,0.0
APP001049,CUST001049,2025-02-24,Personal_Loan,259105.96,24,Salaried,1,0.304,4,36,Approved,0.0
APP001050,CUST001050,2024-11-23,Personal_Loan,892462.11,48,Salaried,2,0.434,3,1,Rejected,
APP001051,CUST001051,2024-05-31,Personal_Loan,151125.76,48,Salaried,3,0.451,0,8,Approved,1.0
APP001052,CUST001052,2025-06-05,Auto_Loan,996260.53,48,Salaried,0,0.339,1,0,Approved,0.0
APP001053,CUST001053,2024-02-20,Credit_Card,186458.13,0,Retired,0,0.308,5,18,Approved,0.0
APP001054,CUST001054,2025-05-24,Home_Loan,8400361.74,300,Business_Owner,1,0.653,2,21,Approved,0.0
APP001055,CUST001055,2025-03-28,Home_Loan,7348887.41,300,Salaried,1,0.235,1,3,Approved,0.0
APP001056,CUST001056,2024-12-31,Home_Loan,8512718.7,300,Self_Employed,4,0.444,3,27,Approved,0.0
APP001057,CUST001057,2024-06-02,Business_Loan,1151614.58,24,Salaried,4,0.633,3,2,Approved,1.0
APP001058,CUST001058,2025-05-15,Business_Loan,3285676.67,24,Salaried,0,0.613,3,11,Rejected,
APP001059,CUST001059,2025-04-01,Home_Loan,8266739.28,120,Student,1,0.726,2,2,Approved,0.0
APP001060,CUST001060,2024-05-07,Credit_Card,93303.83,0,Salaried,4,0.799,2,14,Approved,1.0
APP001061,CUST001061,2025-05-08,Personal_Loan,640629.33,36,Salaried,3,0.516,1,3,Rejected,
APP001062,CUST001062,2024-08-03,Credit_Card,454950.48,0,Salaried,4,0.715,2,27,Approved,1.0
APP001063,CUST001063,2024-02-21,Auto_Loan,884584.7,60,Business_Owner,4,0.538,4,1,Rejected,
APP001064,CUST001064,2024-05-16,Auto_Loan,438940.11,36,Salaried,4,0.686,3,0,Rejected,
APP001065,CUST001065,2025-03-23,Home_Loan,5726289.29,240,Business_Owner,4,0.217,3,12,Approved,0.0
APP001066,CUST001066,2024-06-12,Auto_Loan,1447717.85,60,Self_Employed,1,0.54,2,37,Approved,0.0
APP001067,CUST001067,2025-05-29,Credit_Card,187296.93,0,Salaried,2,0.446,1,1,Rejected,
APP001068,CUST001068,2025-10-08,Personal_Loan,642045.74,60,Salaried,1,0.593,2,3,Approved,0.0
APP001069,CUST001069,2024-09-18,Home_Loan,7033167.57,180,Salaried,0,0.667,2,69,Approved,0.0
APP001070,CUST001070,2025-04-15,Home_Loan,7228176.24,300,Business_Owner,3,0.661,1,18,Approved,1.0
APP001071,CUST001071,2024-05-08,Home_Loan,8048195.65,240,Salaried,2,0.294,2,104,Approved,0.0
APP001072,CUST001072,2024-11-08,Personal_Loan,996851.44,48,Self_Employed,3,0.56,1,7,Rejected,
APP001073,CUST001073,2024-11-05,Auto_Loan,1423063.63,36,Self_Employed,4,0.121,6,5,Rejected,
APP001074,CUST001074,2024-03-23,Personal_Loan,999913.86,48,Self_Employed,0,0.488,4,2,Approved,0.0
APP001075,CUST001075,2025-09-04,Home_Loan,2086304.69,300,Salaried,4,0.665,4,17,Approved,1.0
APP001076,CUST001076,2024-04-04,Home_Loan,3342352.48,300,Salaried,2,0.455,5,1,Rejected,
APP001077,CUST001077,2025-01-10,Personal_Loan,438384.16,24,Retired,2,0.321,1,1,Approved,0.0
APP001078,CUST001078,2025-06-28,Home_Loan,4753526.4,300,Business_Owner,3,0.799,4,1,Approved,1.0
APP001079,CUST001079,2024-05-09,Personal_Loan,454643.41,48,Salaried,0,0.598,5,16,Approved,0.0
APP001080,CUST001080,2025-07-20,Business_Loan,2610488.84,12,Salaried,1,0.401,1,0,Approved,0.0
APP001081,CUST001081,2025-03-19,Home_Loan,9189256.96,180,Salaried,0,0.399,0,7,Rejected,
APP001082,CUST001082,2024-05-22,Auto_Loan,1511321.61,36,Self_Employed,1,0.388,1,69,Approved,0.0
APP001083,CUST001083,2025-10-23,Personal_Loan,274598.47,60,Business_Owner,1,0.509,1,33,Approved,0.0
APP001084,CUST001084,2024-11-03,Credit_Card,463729.92,0,Salaried,4,0.485,1,19,Approved,0.0
APP001085,CUST001085,2025-10-19,Personal_Loan,585382.59,60,Salaried,2,0.537,2,86,Approved,0.0
APP001086,CUST001086,2024-12-25,Business_Loan,4554459.46,48,Self_Employed,0,0.58,2,2,Approved,0.0
APP001087,CUST001087,2023-11-14,Personal_Loan,419725.92,48,Salaried,3,0.556,1,0,Approved,1.0
APP001088,CUST001088,2025-10-14,Personal_Loan,198282.46,24,Self_Employed,2,0.716,2,44,Approved,1.0
APP001089,CUST001089,2024-06-11,Personal_Loan,572358.76,36,Self_Employed,2,0.127,0,0,Approved,0.0
APP001090,CUST001090,2024-08-03,Auto_Loan,881997.28,84,Self_Employed,3,0.108,2,1,Approved,0.0
APP001091,CUST001091,2024-06-19,Auto_Loan,1751579.51,60,Salaried,2,0.76,3,0,Approved,0.0
APP001092,CUST001092,2024-09-03,Personal_Loan,992764.06,12,Salaried,3,0.377,0,13,Rejected,
APP001093,CUST001093,2025-02-23,Credit_Card,484638.07,0,Salaried,4,0.537,3,7,Approved,0.0
APP001094,CUST001094,2024-04-11,Personal_Loan,127768.78,36,Retired,3,0.525,1,2,Approved,0.0
APP001095,CUST001095,2025-09-29,Personal_Loan,936047.91,12,Salaried,2,0.252,1,6,Approved,0.0
APP001096,CUST001096,2024-07-28,Business_Loan,450197.32,60,Salaried,0,0.744,2,46,Rejected,
APP001097,CUST001097,2025-08-17,Personal_Loan,215882.12,60,Salaried,0,0.66,2,10,Approved,0.0
APP001098,CUST001098,2024-11-03,Credit_Card,312113.63,0,Salaried,2,0.481,2,5,Approved,0.0
APP001099,CUST001099,2025-09-19,Home_Loan,699740.55,300,Salaried,1,0.141,4,0,Rejected,
APP001100,CUST001100,2025-05-08,Home_Loan,5099892.36,120,Salaried,3,0.321,1,18,Approved,1.0
APP001101,CUST001101,2025-02-04,Home_Loan,7681985.08,300,Self_Employed,1,0.488,2,20,Approved,0.0
APP001102,CUST001102,2025-04-25,Home_Loan,8058319.06,300,Salaried,0,0.706,1,65,Approved,0.0
APP001103,CUST001103,2025-07-27,Business_Loan,1094988.54,48,Self_Employed,3,0.463,5,5,Approved,1.0
APP001104,CUST001104,2024-10-01,Personal_Loan,552244.73,48,Salaried,1,0.781,3,0,Rejected,
APP001105,CUST001105,2024-08-02,Personal_Loan,747374.21,24,Business_Owner,0,0.325,0,3,Approved,1.0
APP001106,CUST001106,2024-03-12,Business_Loan,1047217.43,36,Salaried,3,0.19,3,5,Approved,0.0
APP001107,CUST001107,2025-06-11,Personal_Loan,316011.98,12,Salaried,4,0.431,0,14,Approved,1.0
APP001108,CUST001108,2024-12-26,Business_Loan,487259.41,12,Salaried,2,0.772,4,19,Approved,0.0
APP001109,CUST001109,2025-01-21,Business_Loan,3756630.78,12,Salaried,0,0.585,3,0,Approved,1.0
APP001110,CUST001110,2025-07-03,Personal_Loan,348588.82,48,Salaried,0,0.315,4,108,Approved,0.0
APP001111,CUST001111,2024-05-09,Personal_Loan,191459.61,12,Salaried,0,0.31,4,0,Approved,0.0
APP001112,CUST001112,2025-03-31,Auto_Loan,1970529.65,36,Retired,1,0.249,0,35,Rejected,
APP001113,CUST001113,2025-09-19,Auto_Loan,409172.28,60,Salaried,4,0.492,1,5,Rejected,
APP001114,CUST001114,2025-10-01,Credit_Card,464852.13,0,Salaried,1,0.588,2,5,Approved,0.0
APP001115,CUST001115,2024-11-30,Home_Loan,1632738.94,300,Salaried,2,0.405,1,1,Rejected,
APP001116,CUST001116,2025-01-20,Home_Loan,1955545.09,300,Business_Owner,1,0.306,5,74,Rejected,
APP001117,CUST001117,2025-09-09,Personal_Loan,793069.12,60,Self_Employed,2,0.757,0,5,Approved,1.0
APP001118,CUST001118,2024-03-14,Business_Loan,4413205.5,12,Salaried,4,0.61,0,3,Approved,0.0
APP001119,CUST001119,2025-01-08,Home_Loan,2342335.42,120,Self_Employed,0,0.703,3,7,Rejected,
APP001120,CUST001120,2025-07-06,Credit_Card,204551.25,0,Salaried,4,0.227,2,10,Rejected,
APP001121,CUST001121,2025-07-19,Auto_Loan,1040601.45,60,Salaried,1,0.251,0,3,Rejected,
APP001122,CUST001122,2025-05-28,Credit_Card,268231.88,0,Self_Employed,0,0.405,0,88,Approved,0.0
APP001123,CUST001123,2024-06-11,Business_Loan,2447051.5,48,Salaried,2,0.456,5,31,Rejected,
APP001124,CUST001124,2024-09-25,Auto_Loan,1257817.83,48,Salaried,4,0.634,2,12,Approved,0.0
APP001125,CUST001125,2025-09-11,Credit_Card,189991.39,0,Salaried,2,0.21,0,0,Approved,0.0
APP001126,CUST001126,2025-06-13,Personal_Loan,526958.17,24,Salaried,3,0.789,3,12,Approved,1.0
APP001127,CUST001127,2024-01-04,Business_Loan,889137.44,36,Salaried,3,0.733,2,11,Approved,1.0
APP001128,CUST001128,2023-11-12,Business_Loan,2177071.69,48,Salaried,2,0.685,0,52,Rejected,
APP001129,CUST001129,2024-05-04,Personal_Loan,420448.29,60,Salaried,0,0.389,2,8,Approved,0.0
APP001130,CUST001130,2025-03-31,Personal_Loan,656614.45,60,Self_Employed,2,0.153,1,13,Approved,0.0
APP001131,CUST001131,2025-08-11,Home_Loan,2411541.58,120,Self_Employed,3,0.349,1,3,Rejected,
APP001132,CUST001132,2024-11-10,Personal_Loan,745282.5,12,Business_Owner,0,0.578,2,2,Approved,0.0
APP001133,CUST001133,2024-01-28,Home_Loan,3802125.13,180,Self_Employed,4,0.431,0,12,Rejected,
APP001134,CUST001134,2025-09-27,Personal_Loan,656532.69,60,Retired,4,0.458,2,12,Rejected,
APP001135,CUST001135,2024-02-12,Home_Loan,8764159.9,120,Business_Owner,0,0.631,0,5,Rejected,
APP001136,CUST001136,2024-05-28,Business_Loan,2010827.77,48,Business_Owner,3,0.496,1,0,Approved,0.0
APP001137,CUST001137,2024-04-17,Home_Loan,9988682.99,180,Salaried,3,0.164,0,63,Approved,0.0
APP001138,CUST001138,2024-04-14,Auto_Loan,1069002.44,36,Salaried,1,0.124,1,0,Approved,0.0
APP001139,CUST001139,2025-06-28,Home_Loan,1592885.46,300,Self_Employed,1,0.633,1,28,Rejected,
APP001140,CUST001140,2024-09-04,Auto_Loan,1586386.51,60,Salaried,4,0.339,1,3,Approved,0.0
APP001141,CUST001141,2025-06-23,Credit_Card,69884.03,0,Retired,4,0.763,1,1,Rejected,
APP001142,CUST001142,2024-08-02,Business_Loan,2554731.23,12,Salaried,1,0.422,1,18,Approved,0.0
APP001143,CUST001143,2024-05-23,Auto_Loan,1973073.78,60,Business_Owner,4,0.709,1,6,Approved,1.0
APP001144,CUST001144,2024-12-31,Personal_Loan,866179.09,36,Salaried,4,0.55,4,12,Approved,1.0
APP001145,CUST001145,2024-05-29,Auto_Loan,1737531.93,60,Salaried,2,0.536,2,17,Approved,0.0
APP001146,CUST001146,2024-06-11,Personal_Loan,895410.4,24,Self_Employed,4,0.146,1,4,Rejected,
APP001147,CUST001147,2025-07-09,Auto_Loan,968287.96,48,Self_Employed,3,0.756,3,36,Approved,0.0
APP001148,CUST001148,2023-11-28,Personal_Loan,518367.58,36,Salaried,0,0.164,1,19,Approved,0.0
APP001149,CUST001149,2024-03-26,Credit_Card,201021.66,0,Business_Owner,3,0.575,2,6,Approved,0.0
APP001150,CUST001150,2025-03-07,Personal_Loan,272171.62,24,Salaried,1,0.232,4,33,Rejected,
APP001151,CUST001151,2024-12-30,Personal_Loan,922791.78,48,Business_Owner,3,0.673,0,28,Approved,1.0
APP001152,CUST001152,2025-07-10,Home_Loan,3686283.12,180,Salaried,2,0.409,2,7,Approved,0.0
APP001153,CUST001153,2024-08-17,Home_Loan,9442831.92,120,Salaried,3,0.69,1,62,Approved,0.0
APP001154,CUST001154,2025-01-26,Personal_Loan,374182.71,12,Salaried,4,0.69,5,0,Rejected,
APP001155,CUST001155,2024-01-29,Credit_Card,108530.35,0,Salaried,0,0.606,2,4,Approved,0.0
APP001156,CUST001156,2025-05-11,Business_Loan,2680262.77,36,Self_Employed,1,0.496,0,7,Approved,0.0
APP001157,CUST001157,2024-12-18,Credit_Card,427108.57,0,Business_Owner,0,0.169,1,80,Rejected,
APP001158,CUST001158,2024-10-04,Home_Loan,4328088.14,120,Salaried,2,0.322,2,0,Approved,0.0
APP001159,CUST001159,2024-06-10,Home_Loan,3610695.44,240,Business_Owner,4,0.66,5,0,Rejected,
APP001160,CUST001160,2024-04-20,Home_Loan,7062417.39,300,Salaried,2,0.551,2,12,Approved,0.0
APP001161,CUST001161,2024-03-22,Personal_Loan,534004.71,60,Retired,0,0.225,3,44,Approved,0.0
APP001162,CUST001162,2024-07-20,Personal_Loan,964858.81,12,Student,1,0.769,1,71,Rejected,
APP001163,CUST001163,2024-01-01,Auto_Loan,289943.33,48,Self_Employed,0,0.793,3,11,Approved,0.0
APP001164,CUST001164,2025-08-02,Personal_Loan,497027.77,36,Salaried,3,0.715,1,46,Approved,0.0
APP001165,CUST001165,2024-01-08,Personal_Loan,659494.56,12,Student,1,0.263,2,2,Rejected,
APP001166,CUST001166,2025-08-01,Home_Loan,1125219.93,300,Business_Owner,3,0.421,1,0,Approved,1.0
APP001167,CUST001167,2025-10-15,Credit_Card,353198.5,0,Salaried,1,0.222,1,22,Approved,0.0
APP001168,CUST001168,2025-06-28,Auto_Loan,1811575.4,84,Student,4,0.25,3,70,Rejected,
APP001169,CUST001169,2025-11-02,Auto_Loan,811780.1,60,Salaried,2,0.589,0,1,Rejected,
APP001170,CUST001170,2024-01-02,Auto_Loan,1212366.9,48,Salaried,0,0.586,2,0,Approved,1.0
APP001171,CUST001171,2025-01-31,Personal_Loan,535840.15,60,Self_Employed,3,0.449,2,5,Rejected,
APP001172,CUST001172,2025-01-07,Business_Loan,4433171.52,24,Salaried,3,0.69,1,6,Approved,0.0
APP001173,CUST001173,2025-06-09,Home_Loan,1744001.29,180,Salaried,1,0.522,2,7,Approved,1.0
APP001174,CUST001174,2024-08-22,Home_Loan,4348414.68,240,Business_Owner,0,0.496,4,0,Approved,0.0
APP001175,CUST001175,2025-05-15,Auto_Loan,1389010.75,36,Retired,4,0.688,1,77,Approved,0.0
APP001176,CUST001176,2024-09-04,Home_Loan,7734463.05,300,Self_Employed,3,0.667,2,20,Approved,0.0
APP001177,CUST001177,2025-08-05,Personal_Loan,557431.81,36,Salaried,2,0.793,2,10,Approved,1.0
APP001178,CUST001178,2025-09-06,Personal_Loan,994558.13,48,Salaried,3,0.395,0,1,Approved,0.0
APP001179,CUST001179,2024-10-20,Home_Loan,8449587.55,300,Salaried,1,0.576,0,0,Approved,0.0
APP001180,CUST001180,2024-10-12,Auto_Loan,1733385.4,60,Business_Owner,1,0.264,0,16,Approved,0.0
APP001181,CUST001181,2025-04-15,Home_Loan,4458242.89,120,Self_Employed,0,0.196,0,11,Approved,0.0
APP001182,CUST001182,2025-07-01,Business_Loan,4513046.68,12,Self_Employed,0,0.64,3,24,Approved,0.0
APP001183,CUST001183,2024-02-05,Business_Loan,3455487.22,60,Salaried,4,0.596,2,31,Approved,0.0
APP001184,CUST001184,2024-05-19,Personal_Loan,672209.42,48,Self_Employed,2,0.292,2,33,Approved,0.0
APP001185,CUST001185,2025-10-06,Auto_Loan,1401630.37,60,Salaried,2,0.635,1,0,Approved,1.0
APP001186,CUST001186,2024-08-19,Personal_Loan,155155.35,36,Salaried,1,0.268,2,6,Approved,0.0
APP001187,CUST001187,2024-08-17,Personal_Loan,723444.01,24,Salaried,2,0.246,4,12,Approved,0.0
APP001188,CUST001188,2024-07-31,Home_Loan,7998595.47,240,Business_Owner,2,0.378,1,11,Approved,0.0
APP001189,CUST001189,2024-06-16,Home_Loan,4562318.03,120,Retired,2,0.323,4,9,Approved,0.0
APP001190,CUST001190,2025-02-04,Business_Loan,3588958.99,12,Salaried,2,0.67,0,13,Approved,0.0
APP001191,CUST001191,2024-07-26,Auto_Loan,1114439.72,60,Retired,1,0.107,1,8,Approved,0.0
APP001192,CUST001192,2025-01-09,Auto_Loan,224121.66,84,Student,4,0.61,1,62,Approved,0.0
APP001193,CUST001193,2025-01-31,Home_Loan,3210376.03,180,Salaried,1,0.349,0,2,Rejected,
APP001194,CUST001194,2025-01-09,Home_Loan,7129476.23,180,Self_Employed,3,0.676,1,2,Approved,1.0
APP001195,CUST001195,2025-09-25,Personal_Loan,212708.51,48,Salaried,3,0.179,3,19,Approved,0.0
APP001196,CUST001196,2025-02-01,Home_Loan,8016142.95,120,Salaried,1,0.542,1,34,Rejected,
APP001197,CUST001197,2025-03-22,Personal_Loan,570959.39,48,Salaried,0,0.526,3,24,Rejected,
APP001198,CUST001198,2025-08-18,Personal_Loan,333566.44,36,Self_Employed,2,0.622,2,26,Approved,0.0
APP001199,CUST001199,2024-05-12,Personal_Loan,265730.15,60,Salaried,4,0.709,0,15,Approved,1.0
APP001200,CUST001200,2025-03-28,Credit_Card,137401.96,0,Salaried,3,0.459,2,2,Rejected,
APP001201,CUST001201,2025-08-16,Home_Loan,3034088.6,120,Student,2,0.1,1,2,Approved,0.0
APP001202,CUST001202,2024-02-21,Auto_Loan,233001.17,84,Salaried,3,0.432,3,7,Approved,0.0
APP001203,CUST001203,2024-01-17,Auto_Loan,1049325.98,48,Salaried,1,0.543,3,24,Approved,0.0
APP001204,CUST001204,2024-12-03,Home_Loan,8515658.23,300,Salaried,0,0.15,1,6,Approved,0.0
APP001205,CUST001205,2024-01-17,Auto_Loan,589607.77,48,Salaried,1,0.469,3,39,Approved,1.0
APP001206,CUST001206,2024-04-15,Auto_Loan,563698.71,60,Salaried,2,0.322,3,8,Approved,0.0
APP001207,CUST001207,2023-12-16,Home_Loan,1872911.06,300,Salaried,3,0.243,2,0,Rejected,
APP001208,CUST001208,2025-01-25,Personal_Loan,593222.24,48,Salaried,2,0.445,2,0,Rejected,
APP001209,CUST001209,2023-11-14,Auto_Loan,1083028.3,48,Salaried,4,0.482,0,1,Rejected,
APP001210,CUST001210,2024-01-17,Auto_Loan,1235792.82,48,Self_Employed,0,0.13,6,5,Rejected,
APP001211,CUST001211,2025-07-01,Credit_Card,269342.84,0,Salaried,2,0.768,2,1,Approved,0.0
APP001212,CUST001212,2024-08-14,Credit_Card,130611.69,0,Salaried,2,0.405,3,8,Approved,1.0
APP001213,CUST001213,2025-10-27,Auto_Loan,245396.97,60,Salaried,2,0.648,3,1,Approved,0.0
APP001214,CUST001214,2024-08-13,Home_Loan,6563514.98,300,Salaried,2,0.207,0,20,Approved,0.0
APP001215,CUST001215,2024-01-16,Auto_Loan,973179.96,36,Salaried,2,0.591,2,20,Approved,0.0
APP001216,CUST001216,2024-01-17,Personal_Loan,717573.54,36,Salaried,0,0.102,2,31,Approved,0.0
APP001217,CUST001217,2025-07-05,Business_Loan,940368.28,60,Self_Employed,4,0.599,1,5,Approved,0.0
APP001218,CUST001218,2025-02-22,Home_Loan,5466869.66,300,Student,2,0.21,3,5,Rejected,
APP001219,CUST001219,2025-04-09,Auto_Loan,1104474.08,84,Salaried,2,0.324,0,2,Rejected,
APP001220,CUST001220,2024-06-06,Auto_Loan,1639552.76,36,Salaried,1,0.343,2,1,Rejected,
APP001221,CUST001221,2025-09-11,Auto_Loan,1413660.28,60,Self_Employed,2,0.725,1,32,Approved,0.0
APP001222,CUST001222,2024-08-06,Auto_Loan,303910.04,48,Self_Employed,2,0.269,3,8,Rejected,
APP001223,CUST001223,2024-12-30,Personal_Loan,562084.3,48,Self_Employed,2,0.506,3,8,Approved,0.0
APP001224,CUST001224,2024-09-26,Home_Loan,3245500.63,300,Student,0,0.252,1,0,Approved,0.0
APP001225,CUST001225,2024-02-28,Personal_Loan,904995.78,60,Salaried,1,0.723,2,0,Approved,1.0
APP001226,CUST001226,2025-08-31,Credit_Card,376861.83,0,Student,3,0.638,1,3,Approved,1.0
APP001227,CUST001227,2025-09-09,Credit_Card,157963.57,0,Business_Owner,1,0.466,2,32,Approved,0.0
APP001228,CUST001228,2024-05-08,Auto_Loan,554229.5,60,Business_Owner,4,0.492,2,4,Approved,0.0
APP001229,CUST001229,2024-11-20,Personal_Loan,895592.19,60,Salaried,2,0.201,1,10,Approved,0.0
APP001230,CUST001230,2024-02-03,Credit_Card,153734.12,0,Salaried,3,0.465,2,3,Approved,0.0
APP001231,CUST001231,2023-12-24,Personal_Loan,209070.61,12,Self_Employed,0,0.501,3,8,Approved,0.0
APP001232,CUST001232,2024-06-24,Auto_Loan,982843.4,60,Self_Employed,2,0.489,1,0,Approved,0.0
APP001233,CUST001233,2025-02-22,Credit_Card,405727.87,0,Self_Employed,2,0.332,1,61,Approved,0.0
APP001234,CUST001234,2025-06-01,Personal_Loan,907056.63,36,Salaried,0,0.782,3,5,Approved,0.0
APP001235,CUST001235,2023-11-26,Business_Loan,4348113.07,12,Business_Owner,2,0.747,1,8,Approved,0.0
APP001236,CUST001236,2025-09-30,Credit_Card,170401.98,0,Salaried,0,0.628,0,3,Approved,0.0
APP001237,CUST001237,2025-01-10,Personal_Loan,965810.05,12,Salaried,2,0.327,1,87,Rejected,
APP001238,CUST001238,2024-07-25,Personal_Loan,674172.29,48,Self_Employed,1,0.507,1,6,Rejected,
APP001239,CUST001239,2024-10-22,Business_Loan,899306.19,36,Salaried,4,0.658,1,19,Approved,0.0
APP001240,CUST001240,2025-05-26,Auto_Loan,1955880.49,36,Salaried,4,0.232,1,11,Rejected,
APP001241,CUST001241,2024-07-08,Business_Loan,132905.99,48,Salaried,3,0.778,0,72,Approved,1.0
APP001242,CUST001242,2024-12-02,Auto_Loan,1550080.89,36,Self_Employed,4,0.581,0,13,Approved,0.0
APP001243,CUST001243,2024-07-08,Home_Loan,2988856.95,240,Salaried,3,0.746,4,12,Approved,1.0
APP001244,CUST001244,2024-06-20,Credit_Card,150761.14,0,Salaried,2,0.374,2,23,Approved,0.0
APP001245,CUST001245,2025-05-09,Personal_Loan,877683.65,48,Salaried,1,0.292,3,0,Approved,0.0
APP001246,CUST001246,2025-06-13,Auto_Loan,680185.57,48,Salaried,1,0.209,2,30,Approved,0.0
APP001247,CUST001247,2024-08-30,Personal_Loan,672954.44,24,Salaried,0,0.266,2,40,Approved,0.0
APP001248,CUST001248,2024-04-22,Home_Loan,9192193.71,300,Salaried,1,0.777,2,23,Approved,0.0
APP001249,CUST001249,2025-06-19,Credit_Card,112509.74,0,Salaried,4,0.186,1,9,Rejected,
APP001250,CUST001250,2025-04-22,Personal_Loan,556458.96,24,Salaried,1,0.466,0,33,Approved,0.0
APP001251,CUST001251,2025-05-06,Business_Loan,3396812.93,60,Business_Owner,1,0.317,2,58,Approved,0.0
APP001252,CUST001252,2024-12-23,Home_Loan,3909947.92,120,Business_Owner,0,0.379,5,13,Rejected,
APP001253,CUST001253,2024-12-12,Home_Loan,5511128.49,240,Salaried,0,0.43,2,27,Approved,0.0
APP001254,CUST001254,2024-03-12,Credit_Card,99839.72,0,Business_Owner,4,0.161,0,6,Rejected,
APP001255,CUST001255,2024-12-14,Credit_Card,312687.57,0,Salaried,4,0.113,2,16,Approved,0.0
APP001256,CUST001256,2024-06-11,Home_Loan,4982976.33,120,Salaried,1,0.622,1,66,Approved,0.0
APP001257,CUST001257,2024-12-12,Personal_Loan,848280.11,36,Business_Owner,2,0.464,1,10,Approved,0.0
APP001258,CUST001258,2025-08-17,Auto_Loan,1677304.57,48,Salaried,2,0.589,1,7,Approved,0.0
APP001259,CUST001259,2024-12-18,Business_Loan,948563.41,24,Salaried,4,0.455,2,4,Rejected,
APP001260,CUST001260,2025-07-29,Auto_Loan,319905.04,84,Student,0,0.715,1,1,Approved,1.0
APP001261,CUST001261,2025-03-28,Business_Loan,2564148.03,48,Self_Employed,2,0.265,1,22,Rejected,
APP001262,CUST001262,2024-03-14,Auto_Loan,1804267.3,48,Salaried,2,0.645,3,60,Approved,0.0
APP001263,CUST001263,2024-04-27,Auto_Loan,579204.36,48,Self_Employed,0,0.147,0,12,Approved,0.0
APP001264,CUST001264,2025-06-14,Auto_Loan,1595638.39,36,Salaried,0,0.222,2,24,Approved,0.0
APP001265,CUST001265,2025-09-17,Personal_Loan,582878.81,12,Salaried,2,0.594,2,5,Approved,0.0
APP001266,CUST001266,2024-03-07,Personal_Loan,545066.67,12,Student,0,0.461,1,33,Approved,0.0
APP001267,CUST001267,2023-12-27,Auto_Loan,739089.63,60,Salaried,0,0.446,1,6,Approved,0.0
APP001268,CUST001268,2025-05-08,Business_Loan,1331086.81,24,Self_Employed,3,0.688,4,0,Rejected,
APP001269,CUST001269,2025-01-11,Auto_Loan,1720059.54,36,Self_Employed,3,0.39,5,1,Approved,0.0
APP001270,CUST001270,2024-02-13,Business_Loan,2910987.72,24,Retired,4,0.231,2,23,Approved,0.0
APP001271,CUST001271,2024-10-26,Personal_Loan,206192.12,36,Salaried,4,0.453,3,0,Rejected,
APP001272,CUST001272,2024-09-08,Credit_Card,254538.8,0,Salaried,4,0.726,2,30,Rejected,
APP001273,CUST001273,2024-10-01,Personal_Loan,845796.18,12,Salaried,1,0.656,2,49,Rejected,
APP001274,CUST001274,2023-11-16,Credit_Card,325297.67,0,Self_Employed,0,0.741,0,0,Approved,0.0
APP001275,CUST001275,2025-08-14,Auto_Loan,898479.76,60,Salaried,0,0.499,6,17,Approved,0.0
APP001276,CUST001276,2024-07-28,Auto_Loan,1456017.72,36,Self_Employed,3,0.249,2,17,Rejected,
APP001277,CUST001277,2024-09-05,Personal_Loan,573656.51,48,Salaried,3,0.613,3,1,Rejected,
APP001278,CUST001278,2024-03-13,Personal_Loan,547709.27,48,Salaried,1,0.628,3,9,Approved,0.0
APP001279,CUST001279,2025-03-26,Home_Loan,9239918.33,240,Salaried,4,0.179,0,0,Approved,0.0
APP001280,CUST001280,2024-04-26,Auto_Loan,590290.57,84,Retired,1,0.526,1,30,Rejected,
APP001281,CUST001281,2024-12-19,Personal_Loan,110919.79,24,Salaried,2,0.776,0,0,Approved,0.0
APP001282,CUST001282,2024-03-25,Home_Loan,8857957.56,180,Self_Employed,4,0.797,4,2,Approved,1.0
APP001283,CUST001283,2023-12-11,Auto_Loan,1391397.83,84,Self_Employed,4,0.455,3,14,Approved,1.0
APP001284,CUST001284,2025-06-10,Home_Loan,2878244.26,120,Salaried,2,0.391,4,7,Approved,0.0
APP001285,CUST001285,2024-01-11,Business_Loan,4252909.28,24,Salaried,3,0.155,2,4,Approved,0.0
APP001286,CUST001286,2024-06-27,Personal_Loan,438590.57,36,Salaried,3,0.351,3,50,Approved,0.0
APP001287,CUST001287,2024-04-16,Home_Loan,3498549.5,120,Salaried,0,0.76,0,50,Approved,0.0
APP001288,CUST001288,2024-07-09,Personal_Loan,162816.19,36,Salaried,4,0.616,3,2,Approved,1.0
APP001289,CUST001289,2025-08-13,Auto_Loan,1620651.94,60,Salaried,4,0.395,1,10,Approved,0.0
APP001290,CUST001290,2025-05-25,Personal_Loan,810274.8,24,Student,3,0.288,1,0,Rejected,
APP001291,CUST001291,2025-03-23,Home_Loan,9617796.95,240,Salaried,0,0.393,3,70,Rejected,
APP001292,CUST001292,2025-07-14,Personal_Loan,586562.97,12,Salaried,2,0.548,2,11,Approved,1.0
APP001293,CUST001293,2025-06-02,Personal_Loan,125061.19,36,Retired,2,0.584,0,10,Approved,0.0
APP001294,CUST001294,2025-09-03,Business_Loan,3225691.26,24,Salaried,3,0.492,3,2,Rejected,
APP001295,CUST001295,2023-11-13,Credit_Card,359514.74,0,Salaried,1,0.168,2,18,Approved,0.0
APP001296,CUST001296,2025-03-02,Credit_Card,361495.96,0,Salaried,4,0.476,0,42,Rejected,
APP001297,CUST001297,2024-09-27,Personal_Loan,56055.52,48,Salaried,3,0.336,2,2,Approved,0.0
APP001298,CUST001298,2024-09-18,Business_Loan,847166.74,24,Salaried,4,0.409,5,0,Approved,1.0
APP001299,CUST001299,2024-04-22,Personal_Loan,928889.43,60,Salaried,2,0.587,1,3,Approved,0.0
APP001300,CUST001300,2024-03-05,Business_Loan,1082294.91,12,Self_Employed,1,0.269,0,2,Approved,0.0
APP001301,CUST001301,2023-12-18,Home_Loan,9682147.77,240,Salaried,2,0.428,1,18,Approved,0.0
APP001302,CUST001302,2024-03-11,Personal_Loan,446722.52,36,Business_Owner,1,0.506,1,10,Approved,0.0
APP001303,CUST001303,2024-12-23,Personal_Loan,987469.54,48,Salaried,4,0.587,2,4,Approved,0.0
APP001304,CUST001304,2024-04-25,Credit_Card,213509.48,0,Self_Employed,4,0.675,1,48,Approved,0.0
APP001305,CUST001305,2024-11-23,Personal_Loan,65193.81,36,Retired,0,0.596,1,2,Approved,1.0
APP001306,CUST001306,2023-12-09,Personal_Loan,401225.83,48,Salaried,0,0.773,4,25,Rejected,
APP001307,CUST001307,2025-04-14,Home_Loan,5533537.92,180,Salaried,3,0.407,3,1,Rejected,
APP001308,CUST001308,2025-07-19,Personal_Loan,58732.28,24,Salaried,2,0.548,3,64,Approved,0.0
APP001309,CUST001309,2025-02-23,Home_Loan,3532899.55,120,Salaried,0,0.22,1,0,Approved,0.0
APP001310,CUST001310,2025-08-25,Auto_Loan,478291.59,36,Salaried,4,0.159,0,1,Approved,0.0
APP001311,CUST001311,2025-10-03,Auto_Loan,1287943.08,60,Salaried,4,0.471,1,1,Rejected,
APP001312,CUST001312,2025-10-26,Personal_Loan,205532.38,48,Self_Employed,3,0.783,3,33,Rejected,
APP001313,CUST001313,2025-03-08,Home_Loan,1776007.19,300,Salaried,4,0.266,1,5,Approved,0.0
APP001314,CUST001314,2024-07-30,Credit_Card,269896.64,0,Salaried,1,0.298,2,0,Approved,0.0
APP001315,CUST001315,2024-06-24,Auto_Loan,1095967.68,60,Salaried,1,0.125,1,23,Approved,0.0
APP001316,CUST001316,2025-06-20,Credit_Card,172549.22,0,Business_Owner,1,0.594,1,16,Approved,0.0
APP001317,CUST001317,2024-01-02,Auto_Loan,1060346.3,48,Salaried,4,0.608,2,2,Approved,0.0
APP001318,CUST001318,2025-05-20,Auto_Loan,588741.82,60,Salaried,0,0.395,2,28,Approved,0.0
APP001319,CUST001319,2024-10-04,Personal_Loan,680897.07,48,Salaried,0,0.554,0,1,Rejected,
APP001320,CUST001320,2024-11-24,Personal_Loan,701448.54,60,Salaried,1,0.159,0,82,Approved,0.0
APP001321,CUST001321,2024-01-17,Home_Loan,4712504.51,180,Business_Owner,4,0.429,2,30,Approved,0.0
APP001322,CUST001322,2025-09-02,Auto_Loan,1742594.57,84,Business_Owner,2,0.416,1,4,Rejected,
APP001323,CUST001323,2025-10-17,Home_Loan,9700697.38,120,Salaried,2,0.311,2,63,Rejected,
APP001324,CUST001324,2024-03-07,Auto_Loan,1729433.24,36,Salaried,1,0.504,3,23,Rejected,
APP001325,CUST001325,2024-10-12,Personal_Loan,110467.1,24,Salaried,1,0.439,1,14,Approved,0.0
APP001326,CUST001326,2024-11-20,Home_Loan,8855632.35,120,Salaried,2,0.364,3,31,Approved,0.0
APP001327,CUST001327,2024-10-21,Home_Loan,5463141.41,120,Salaried,2,0.24,2,6,Approved,0.0
APP001328,CUST001328,2025-03-23,Personal_Loan,70568.63,36,Salaried,1,0.132,2,3,Approved,0.0
APP001329,CUST001329,2024-01-23,Personal_Loan,216728.92,12,Salaried,0,0.779,3,35,Rejected,
APP001330,CUST001330,2024-03-29,Business_Loan,1509262.58,48,Self_Employed,4,0.144,0,15,Rejected,
APP001331,CUST001331,2025-01-20,Business_Loan,3403599.28,24,Self_Employed,4,0.377,1,28,Approved,0.0
APP001332,CUST001332,2024-02-05,Personal_Loan,926691.24,12,Salaried,1,0.283,1,0,Rejected,
APP001333,CUST001333,2025-01-27,Home_Loan,4592254.36,180,Salaried,2,0.569,0,106,Approved,0.0
APP001334,CUST001334,2025-02-27,Personal_Loan,923131.09,36,Salaried,3,0.726,3,0,Approved,1.0
APP001335,CUST001335,2024-10-08,Auto_Loan,1184883.76,60,Salaried,3,0.194,2,7,Rejected,
APP001336,CUST001336,2025-01-23,Auto_Loan,1786426.2,48,Salaried,0,0.103,2,6,Approved,0.0
APP001337,CUST001337,2025-01-27,Credit_Card,349012.11,0,Self_Employed,1,0.443,2,0,Approved,1.0
APP001338,CUST001338,2023-11-09,Home_Loan,4604584.38,240,Self_Employed,1,0.531,0,15,Approved,0.0
APP001339,CUST001339,2024-12-28,Home_Loan,3160573.21,120,Salaried,3,0.103,1,33,Approved,0.0
APP001340,CUST001340,2023-12-07,Home_Loan,1068721.59,120,Salaried,4,0.556,6,49,Approved,1.0
APP001341,CUST001341,2024-12-01,Personal_Loan,808430.19,60,Self_Employed,3,0.121,0,94,Approved,0.0
APP001342,CUST001342,2025-01-22,Personal_Loan,941424.65,12,Self_Employed,3,0.435,1,5,Rejected,
APP001343,CUST001343,2024-07-23,Personal_Loan,966204.04,24,Salaried,2,0.395,3,11,Approved,0.0
APP001344,CUST001344,2025-08-19,Business_Loan,3687298.89,24,Salaried,0,0.178,0,5,Approved,0.0
APP001345,CUST001345,2024-06-26,Home_Loan,3338251.48,180,Salaried,1,0.62,2,46,Rejected,
APP001346,CUST001346,2023-12-31,Home_Loan,4964819.32,300,Salaried,0,0.361,2,17,Approved,0.0
APP001347,CUST001347,2025-03-02,Business_Loan,1282434.8,48,Salaried,0,0.726,3,0,Approved,0.0
APP001348,CUST001348,2024-09-17,Home_Loan,6566634.72,120,Salaried,1,0.352,1,8,Rejected,
APP001349,CUST001349,2024-07-10,Personal_Loan,895753.39,12,Salaried,2,0.484,3,4,Approved,1.0
APP001350,CUST001350,2024-10-25,Auto_Loan,535149.22,48,Salaried,4,0.688,0,2,Rejected,
APP001351,CUST001351,2025-05-08,Personal_Loan,290008.79,48,Salaried,2,0.725,1,6,Approved,1.0
APP001352,CUST001352,2024-05-06,Business_Loan,4791321.06,48,Salaried,1,0.658,2,9,Rejected,
APP001353,CUST001353,2024-03-20,Home_Loan,5269022.23,300,Business_Owner,1,0.382,1,2,Approved,0.0
APP001354,CUST001354,2024-11-05,Business_Loan,2995963.97,36,Student,1,0.721,3,29,Approved,1.0
APP001355,CUST001355,2024-02-09,Credit_Card,244980.07,0,Student,4,0.245,3,82,Approved,0.0
APP001356,CUST001356,2025-05-19,Credit_Card,52509.58,0,Self_Employed,1,0.531,2,33,Rejected,
APP001357,CUST001357,2024-09-24,Business_Loan,4239729.31,60,Retired,3,0.45,2,2,Approved,0.0
APP001358,CUST001358,2025-04-02,Home_Loan,8949975.69,240,Salaried,0,0.343,2,3,Approved,0.0
APP001359,CUST001359,2023-11-06,Personal_Loan,411580.83,24,Salaried,4,0.698,1,20,Approved,0.0
APP001360,CUST001360,2024-09-22,Personal_Loan,86117.71,12,Self_Employed,2,0.428,3,6,Approved,0.0
APP001361,CUST001361,2024-10-18,Auto_Loan,1441260.05,36,Salaried,1,0.78,2,0,Rejected,
APP001362,CUST001362,2024-07-02,Home_Loan,3773318.2,300,Self_Employed,0,0.394,3,1,Approved,0.0
APP001363,CUST001363,2025-08-23,Home_Loan,7253346.35,300,Salaried,3,0.69,1,26,Approved,0.0
APP001364,CUST001364,2024-09-01,Auto_Loan,545198.77,48,Self_Employed,1,0.592,4,43,Approved,0.0
APP001365,CUST001365,2024-01-17,Credit_Card,265419.36,0,Self_Employed,0,0.426,0,23,Approved,0.0
APP001366,CUST001366,2023-12-24,Auto_Loan,587153.82,84,Self_Employed,1,0.437,4,16,Approved,0.0
APP001367,CUST001367,2025-05-27,Auto_Loan,1593245.79,48,Self_Employed,3,0.131,2,30,Rejected,
APP001368,CUST001368,2025-08-22,Home_Loan,2860286.07,300,Self_Employed,0,0.334,2,1,Rejected,
APP001369,CUST001369,2025-01-23,Home_Loan,1809610.75,240,Salaried,4,0.545,2,9,Approved,1.0
APP001370,CUST001370,2024-07-31,Business_Loan,1789976.04,48,Salaried,2,0.335,4,0,Approved,0.0
APP001371,CUST001371,2024-08-28,Personal_Loan,243842.61,60,Retired,2,0.763,2,17,Approved,1.0
APP001372,CUST001372,2024-02-05,Business_Loan,1865470.94,12,Retired,3,0.648,4,8,Approved,1.0
APP001373,CUST001373,2025-02-19,Credit_Card,353914.72,0,Student,4,0.206,4,34,Approved,0.0
APP001374,CUST001374,2024-08-30,Auto_Loan,1179704.71,48,Self_Employed,2,0.708,2,35,Approved,0.0
APP001375,CUST001375,2024-02-06,Home_Loan,9399854.95,300,Retired,3,0.106,4,6,Approved,1.0
APP001376,CUST001376,2023-12-07,Home_Loan,1743675.78,180,Student,3,0.604,2,0,Approved,1.0
APP001377,CUST001377,2025-06-16,Personal_Loan,303275.4,24,Self_Employed,4,0.403,3,0,Approved,0.0
APP001378,CUST001378,2025-03-10,Auto_Loan,1766911.17,60,Salaried,4,0.215,1,24,Approved,0.0
APP001379,CUST001379,2025-07-22,Home_Loan,6067383.07,300,Self_Employed,3,0.407,0,0,Approved,0.0
APP001380,CUST001380,2025-02-24,Home_Loan,7882015.25,240,Business_Owner,1,0.595,0,1,Rejected,
APP001381,CUST001381,2024-11-07,Business_Loan,3005939.8,12,Self_Employed,0,0.273,3,10,Approved,0.0
APP001382,CUST001382,2025-02-07,Credit_Card,479046.85,0,Salaried,4,0.581,2,20,Approved,0.0
APP001383,CUST001383,2025-05-15,Personal_Loan,487576.35,36,Retired,4,0.8,0,4,Rejected,
APP001384,CUST001384,2025-08-07,Personal_Loan,472324.1,36,Retired,0,0.283,2,20,Approved,1.0
APP001385,CUST001385,2025-08-25,Home_Loan,6909763.67,240,Salaried,0,0.551,1,89,Approved,0.0
APP001386,CUST001386,2025-08-14,Home_Loan,1724602.38,300,Self_Employed,0,0.574,6,37,Approved,1.0
APP001387,CUST001387,2025-03-06,Business_Loan,348657.83,60,Retired,2,0.776,4,7,Approved,0.0
APP001388,CUST001388,2024-12-19,Personal_Loan,284358.33,12,Business_Owner,1,0.633,1,6,Approved,0.0
APP001389,CUST001389,2024-05-19,Business_Loan,1066392.79,48,Self_Employed,4,0.352,3,25,Approved,0.0
APP001390,CUST001390,2025-05-11,Auto_Loan,1958779.13,48,Salaried,3,0.638,1,10,Approved,0.0
APP001391,CUST001391,2025-04-17,Credit_Card,144106.79,0,Salaried,2,0.283,1,19,Approved,1.0
APP001392,CUST001392,2024-10-10,Personal_Loan,954582.81,24,Salaried,1,0.438,1,33,Approved,0.0
APP001393,CUST001393,2024-08-26,Auto_Loan,969148.48,36,Business_Owner,1,0.663,1,11,Rejected,
APP001394,CUST001394,2023-11-21,Personal_Loan,371632.95,60,Retired,3,0.444,2,13,Approved,0.0
APP001395,CUST001395,2025-05-20,Personal_Loan,229645.61,48,Salaried,0,0.497,2,6,Approved,0.0
APP001396,CUST001396,2025-05-15,Credit_Card,56934.66,0,Salaried,0,0.131,3,9,Rejected,
APP001397,CUST001397,2024-07-17,Home_Loan,7616646.3,300,Salaried,4,0.116,4,0,Approved,0.0
APP001398,CUST001398,2024-05-05,Auto_Loan,1501411.34,36,Self_Employed,4,0.489,1,0,Rejected,
APP001399,CUST001399,2025-10-21,Personal_Loan,164242.12,12,Salaried,3,0.507,1,101,Approved,0.0
APP001400,CUST001400,2025-08-20,Personal_Loan,385187.16,12,Salaried,1,0.394,2,19,Approved,0.0
APP001401,CUST001401,2023-12-30,Auto_Loan,1868172.44,48,Salaried,4,0.238,0,21,Rejected,
APP001402,CUST001402,2024-02-13,Auto_Loan,1924009.55,84,Salaried,0,0.309,0,0,Approved,0.0
APP001403,CUST001403,2024-07-28,Auto_Loan,1617487.65,48,Salaried,3,0.381,1,0,Approved,0.0
APP001404,CUST001404,2024-01-19,Auto_Loan,1745361.83,60,Salaried,2,0.773,1,14,Approved,0.0
APP001405,CUST001405,2025-01-24,Credit_Card,275116.93,0,Self_Employed,4,0.129,2,38,Approved,1.0
APP001406,CUST001406,2025-06-07,Personal_Loan,802097.92,48,Self_Employed,2,0.404,1,64,Approved,0.0
APP001407,CUST001407,2025-03-24,Auto_Loan,1587146.38,36,Self_Employed,1,0.102,1,5,Rejected,
APP001408,CUST001408,2024-11-08,Personal_Loan,491722.21,60,Salaried,3,0.105,2,11,Rejected,
APP001409,CUST001409,2025-07-23,Auto_Loan,1039711.26,48,Business_Owner,4,0.713,1,0,Approved,0.0
APP001410,CUST001410,2025-04-27,Home_Loan,4915079.31,300,Self_Employed,1,0.538,4,3,Approved,0.0
APP001411,CUST001411,2025-01-23,Credit_Card,243423.78,0,Salaried,3,0.524,4,6,Rejected,
APP001412,CUST001412,2024-05-27,Business_Loan,684914.35,36,Salaried,0,0.346,1,18,Approved,0.0
APP001413,CUST001413,2024-06-06,Home_Loan,5849715.05,180,Retired,3,0.42,1,4,Approved,0.0
APP001414,CUST001414,2025-04-15,Home_Loan,5085763.53,120,Salaried,1,0.799,3,7,Rejected,
APP001415,CUST001415,2024-10-27,Auto_Loan,1362629.18,36,Student,3,0.404,1,9,Approved,0.0
APP001416,CUST001416,2024-02-04,Home_Loan,5186886.73,120,Self_Employed,2,0.323,3,17,Approved,0.0
APP001417,CUST001417,2024-11-14,Personal_Loan,775848.98,60,Self_Employed,0,0.14,0,2,Rejected,
APP001418,CUST001418,2024-04-07,Home_Loan,6025317.66,300,Salaried,3,0.528,0,40,Rejected,
APP001419,CUST001419,2024-08-14,Credit_Card,214831.72,0,Salaried,4,0.64,3,1,Approved,0.0
APP001420,CUST001420,2024-12-19,Personal_Loan,900223.55,36,Salaried,3,0.189,2,52,Approved,0.0
APP001421,CUST001421,2024-01-03,Auto_Loan,449541.31,60,Salaried,1,0.471,1,27,Rejected,
APP001422,CUST001422,2025-09-30,Home_Loan,3368376.67,120,Salaried,1,0.751,2,19,Approved,0.0
APP001423,CUST001423,2025-09-08,Home_Loan,5295037.38,240,Self_Employed,0,0.343,1,0,Approved,0.0
APP001424,CUST001424,2024-07-26,Home_Loan,3421580.96,180,Salaried,1,0.217,0,3,Approved,0.0
APP001425,CUST001425,2025-07-12,Home_Loan,2325699.84,240,Salaried,0,0.28,4,22,Approved,0.0
APP001426,CUST001426,2024-10-16,Credit_Card,458523.86,0,Salaried,4,0.606,1,6,Approved,0.0
APP001427,CUST001427,2025-01-18,Business_Loan,956826.33,12,Self_Employed,0,0.25,3,8,Rejected,
APP001428,CUST001428,2025-04-30,Home_Loan,7183472.65,240,Self_Employed,0,0.504,1,2,Approved,1.0
APP001429,CUST001429,2024-04-02,Credit_Card,325970.72,0,Self_Employed,0,0.153,3,33,Approved,0.0
APP001430,CUST001430,2025-08-10,Personal_Loan,700579.33,36,Salaried,3,0.485,1,0,Rejected,
APP001431,CUST001431,2024-07-31,Business_Loan,4777379.24,60,Student,0,0.334,2,11,Approved,0.0
APP001432,CUST001432,2024-09-01,Personal_Loan,87410.97,24,Self_Employed,0,0.538,2,0,Approved,0.0
APP001433,CUST001433,2025-02-28,Personal_Loan,382678.4,12,Self_Employed,1,0.723,0,0,Approved,0.0
APP001434,CUST001434,2025-08-31,Home_Loan,816336.78,120,Salaried,1,0.322,1,25,Approved,0.0
APP001435,CUST001435,2024-09-12,Home_Loan,4214371.89,120,Salaried,0,0.331,2,4,Approved,0.0
APP001436,CUST001436,2024-11-10,Personal_Loan,909087.92,60,Self_Employed,4,0.775,1,14,Approved,0.0
APP001437,CUST001437,2024-05-13,Credit_Card,203969.17,0,Salaried,1,0.184,7,9,Rejected,
APP001438,CUST001438,2024-10-17,Auto_Loan,236078.03,84,Business_Owner,4,0.517,0,33,Approved,0.0
APP001439,CUST001439,2025-04-21,Personal_Loan,995274.25,60,Self_Employed,3,0.205,3,14,Rejected,
APP001440,CUST001440,2023-11-25,Auto_Loan,1194214.27,60,Salaried,0,0.286,1,107,Approved,0.0
APP001441,CUST001441,2023-12-31,Business_Loan,1063569.23,12,Salaried,2,0.798,2,8,Approved,0.0
APP001442,CUST001442,2024-11-11,Auto_Loan,1174084.73,60,Salaried,1,0.379,4,25,Approved,0.0
APP001443,CUST001443,2025-01-14,Personal_Loan,772129.39,36,Self_Employed,0,0.152,2,0,Approved,0.0
APP001444,CUST001444,2024-08-11,Credit_Card,412115.8,0,Business_Owner,1,0.581,3,4,Approved,1.0
APP001445,CUST001445,2025-09-21,Credit_Card,377462.8,0,Business_Owner,3,0.172,1,1,Rejected,
APP001446,CUST001446,2024-05-12,Personal_Loan,90352.14,12,Salaried,2,0.703,0,12,Rejected,
APP001447,CUST001447,2024-06-24,Auto_Loan,790014.1,36,Student,3,0.536,2,15,Rejected,
APP001448,CUST001448,2025-09-06,Home_Loan,677102.97,120,Self_Employed,2,0.758,0,9,Approved,1.0
APP001449,CUST001449,2024-12-21,Home_Loan,7698505.72,120,Business_Owner,1,0.258,4,0,Approved,0.0
APP001450,CUST001450,2024-04-07,Personal_Loan,71024.93,60,Salaried,3,0.102,2,7,Approved,0.0
APP001451,CUST001451,2025-08-24,Personal_Loan,492493.56,60,Salaried,3,0.775,1,30,Approved,1.0
APP001452,CUST001452,2025-05-29,Business_Loan,1826112.41,48,Student,1,0.614,0,18,Rejected,
APP001453,CUST001453,2024-01-13,Home_Loan,3348463.93,240,Salaried,0,0.757,0,1,Rejected,
APP001454,CUST001454,2025-09-23,Auto_Loan,763495.7,84,Self_Employed,2,0.195,3,13,Approved,0.0
APP001455,CUST001455,2024-04-14,Credit_Card,399422.58,0,Business_Owner,1,0.161,2,0,Approved,0.0
APP001456,CUST001456,2025-10-08,Home_Loan,7702486.05,300,Self_Employed,4,0.459,1,3,Rejected,
APP001457,CUST001457,2025-10-19,Personal_Loan,163183.16,12,Self_Employed,1,0.119,3,8,Approved,1.0
APP001458,CUST001458,2024-11-18,Personal_Loan,259989.32,36,Self_Employed,0,0.52,2,13,Rejected,
APP001459,CUST001459,2025-03-05,Home_Loan,9214698.23,240,Business_Owner,1,0.34,2,7,Approved,0.0
APP001460,CUST001460,2025-03-04,Personal_Loan,197509.96,48,Self_Employed,1,0.287,0,0,Approved,0.0
APP001461,CUST001461,2024-09-27,Personal_Loan,214472.98,36,Self_Employed,0,0.148,4,0,Approved,0.0
APP001462,CUST001462,2025-09-08,Business_Loan,867921.01,60,Salaried,2,0.435,0,4,Approved,0.0
APP001463,CUST001463,2024-11-25,Credit_Card,337396.65,0,Business_Owner,1,0.355,0,8,Approved,0.0
APP001464,CUST001464,2025-08-08,Auto_Loan,1884372.17,60,Student,3,0.356,3,17,Approved,0.0
APP001465,CUST001465,2023-11-20,Home_Loan,4927926.94,240,Self_Employed,3,0.684,5,10,Rejected,
APP001466,CUST001466,2025-06-04,Auto_Loan,1611775.68,48,Business_Owner,2,0.771,2,2,Rejected,
APP001467,CUST001467,2025-08-07,Business_Loan,846000.47,48,Salaried,1,0.154,6,71,Approved,0.0
APP001468,CUST001468,2025-09-26,Home_Loan,2999344.78,300,Business_Owner,1,0.552,2,2,Approved,0.0
APP001469,CUST001469,2024-01-06,Home_Loan,5454243.81,180,Business_Owner,0,0.778,3,20,Approved,0.0
APP001470,CUST001470,2025-06-26,Credit_Card,316091.83,0,Salaried,0,0.285,1,2,Approved,0.0
APP001471,CUST001471,2025-07-25,Auto_Loan,1997936.2,48,Salaried,3,0.598,2,26,Approved,0.0
APP001472,CUST001472,2024-01-04,Personal_Loan,580131.14,12,Salaried,3,0.298,1,26,Approved,0.0
APP001473,CUST001473,2024-12-30,Auto_Loan,1524852.12,60,Salaried,4,0.37,1,11,Approved,0.0
APP001474,CUST001474,2024-11-16,Business_Loan,3631608.04,24,Student,0,0.18,3,45,Approved,0.0
APP001475,CUST001475,2025-02-22,Business_Loan,2672416.82,24,Salaried,3,0.164,1,26,Approved,0.0
APP001476,CUST001476,2024-07-07,Credit_Card,366731.81,0,Self_Employed,4,0.165,3,0,Approved,0.0
APP001477,CUST001477,2025-06-19,Home_Loan,7978307.4,180,Salaried,1,0.657,2,28,Approved,0.0
APP001478,CUST001478,2024-02-11,Auto_Loan,1279476.4,84,Self_Employed,1,0.612,3,0,Rejected,
APP001479,CUST001479,2023-12-31,Personal_Loan,448991.95,24,Business_Owner,2,0.301,1,2,Approved,0.0
APP001480,CUST001480,2025-10-02,Home_Loan,563147.24,240,Salaried,2,0.219,3,4,Rejected,
APP001481,CUST001481,2024-04-01,Personal_Loan,282887.95,36,Salaried,4,0.488,4,2,Rejected,
APP001482,CUST001482,2025-02-16,Home_Loan,3539014.7,240,Salaried,3,0.583,1,4,Approved,0.0
APP001483,CUST001483,2025-04-19,Auto_Loan,1359525.64,84,Retired,2,0.328,4,2,Approved,1.0
APP001484,CUST001484,2025-01-20,Home_Loan,3765719.66,180,Salaried,4,0.463,4,11,Rejected,
APP001485,CUST001485,2024-09-07,Personal_Loan,252242.18,12,Self_Employed,2,0.439,2,1,Approved,0.0
APP001486,CUST001486,2025-08-25,Personal_Loan,83656.18,12,Salaried,0,0.158,1,1,Rejected,
APP001487,CUST001487,2025-07-14,Business_Loan,315387.25,12,Self_Employed,0,0.237,3,15,Approved,0.0
APP001488,CUST001488,2024-09-07,Personal_Loan,274465.69,12,Retired,3,0.39,2,19,Approved,0.0
APP001489,CUST001489,2024-09-22,Auto_Loan,615892.33,36,Salaried,3,0.448,1,19,Approved,0.0
APP001490,CUST001490,2025-07-20,Personal_Loan,97531.56,60,Business_Owner,3,0.16,1,2,Approved,0.0
APP001491,CUST001491,2025-10-27,Credit_Card,401836.33,0,Self_Employed,0,0.591,4,0,Approved,0.0
APP001492,CUST001492,2025-05-18,Credit_Card,459601.07,0,Self_Employed,4,0.74,0,2,Approved,1.0
APP001493,CUST001493,2024-01-20,Personal_Loan,761490.27,48,Salaried,0,0.111,1,1,Approved,0.0
APP001494,CUST001494,2025-02-18,Personal_Loan,808339.01,24,Salaried,1,0.586,3,17,Approved,0.0
APP001495,CUST001495,2024-02-27,Auto_Loan,581513.51,60,Self_Employed,4,0.612,3,0,Rejected,
APP001496,CUST001496,2024-06-04,Business_Loan,4615056.82,12,Salaried,4,0.482,4,20,Rejected,
APP001497,CUST001497,2025-04-10,Auto_Loan,1422756.99,84,Salaried,0,0.398,4,5,Approved,0.0
APP001498,CUST001498,2024-11-02,Auto_Loan,869029.92,84,Salaried,1,0.647,0,65,Rejected,
APP001499,CUST001499,2025-09-24,Personal_Loan,87812.39,48,Salaried,2,0.493,1,22,Approved,0.0
APP001500,CUST001500,2024-02-25,Home_Loan,7706089.14,180,Self_Employed,1,0.716,0,6,Approved,0.0
APP001501,CUST001501,2023-12-17,Personal_Loan,168710.26,12,Salaried,1,0.382,3,33,Approved,1.0
APP001502,CUST001502,2025-10-05,Credit_Card,395033.69,0,Salaried,3,0.513,0,36,Rejected,
APP001503,CUST001503,2023-11-18,Home_Loan,3498347.25,300,Salaried,0,0.396,1,25,Approved,0.0
APP001504,CUST001504,2025-09-28,Personal_Loan,272910.4,36,Salaried,1,0.707,1,53,Rejected,
APP001505,CUST001505,2024-07-05,Personal_Loan,690098.56,24,Self_Employed,2,0.183,1,6,Rejected,
APP001506,CUST001506,2025-10-06,Business_Loan,4634073.85,24,Salaried,4,0.695,1,13,Approved,0.0
APP001507,CUST001507,2025-08-08,Business_Loan,1150961.08,36,Salaried,0,0.283,1,14,Rejected,
APP001508,CUST001508,2024-09-06,Credit_Card,440196.72,0,Salaried,0,0.655,1,36,Approved,0.0
APP001509,CUST001509,2024-08-08,Home_Loan,6683684.82,180,Self_Employed,0,0.335,4,9,Approved,0.0
APP001510,CUST001510,2024-08-20,Business_Loan,4072125.6,36,Salaried,3,0.59,3,9,Approved,0.0
APP001511,CUST001511,2025-10-18,Home_Loan,3751240.8,180,Business_Owner,0,0.489,2,20,Rejected,
APP001512,CUST001512,2025-10-20,Auto_Loan,983625.41,84,Salaried,1,0.362,2,4,Rejected,
APP001513,CUST001513,2024-03-06,Home_Loan,2852288.9,240,Salaried,4,0.695,2,5,Approved,1.0
APP001514,CUST001514,2024-01-10,Credit_Card,334369.34,0,Salaried,3,0.183,0,12,Rejected,
APP001515,CUST001515,2025-06-23,Business_Loan,3133329.07,48,Business_Owner,2,0.319,0,6,Approved,0.0
APP001516,CUST001516,2024-01-04,Personal_Loan,354084.26,36,Salaried,0,0.582,0,62,Approved,0.0
APP001517,CUST001517,2024-06-24,Personal_Loan,354775.9,60,Salaried,3,0.72,2,18,Rejected,
APP001518,CUST001518,2024-08-30,Business_Loan,2373811.17,48,Self_Employed,2,0.489,3,12,Approved,0.0
APP001519,CUST001519,2025-03-30,Auto_Loan,1205945.9,60,Salaried,4,0.731,4,17,Approved,1.0
APP001520,CUST001520,2025-07-20,Credit_Card,474906.44,0,Retired,0,0.21,2,1,Approved,0.0
APP001521,CUST001521,2025-02-07,Home_Loan,2894678.26,300,Salaried,4,0.726,1,1,Rejected,
APP001522,CUST001522,2024-11-28,Auto_Loan,357516.28,48,Salaried,4,0.662,1,17,Approved,1.0
APP001523,CUST001523,2025-01-08,Home_Loan,3225272.77,120,Salaried,4,0.705,0,11,Approved,0.0
APP001524,CUST001524,2025-02-19,Credit_Card,365530.47,0,Business_Owner,0,0.433,2,1,Approved,0.0
APP001525,CUST001525,2024-01-02,Home_Loan,4963661.56,180,Business_Owner,0,0.377,2,14,Approved,1.0
APP001526,CUST001526,2024-05-22,Personal_Loan,387234.31,24,Self_Employed,4,0.709,6,29,Approved,1.0
APP001527,CUST001527,2025-07-05,Credit_Card,88436.97,0,Business_Owner,3,0.773,1,10,Approved,0.0
APP001528,CUST001528,2024-08-25,Business_Loan,576725.27,60,Self_Employed,1,0.409,2,23,Approved,0.0
APP001529,CUST001529,2024-09-18,Auto_Loan,320354.44,84,Salaried,0,0.366,2,31,Approved,0.0
APP001530,CUST001530,2025-02-18,Personal_Loan,141272.07,12,Salaried,4,0.636,4,33,Approved,0.0
APP001531,CUST001531,2025-01-30,Home_Loan,8955748.66,180,Salaried,1,0.375,4,110,Rejected,
APP001532,CUST001532,2025-08-16,Home_Loan,6794904.17,240,Salaried,0,0.279,2,7,Approved,1.0
APP001533,CUST001533,2025-01-08,Personal_Loan,453590.84,36,Salaried,4,0.699,0,11,Approved,1.0
APP001534,CUST001534,2025-11-02,Personal_Loan,859894.55,12,Self_Employed,1,0.47,3,5,Rejected,
APP001535,CUST001535,2025-09-16,Home_Loan,1506314.61,240,Business_Owner,3,0.428,3,9,Approved,0.0
APP001536,CUST001536,2024-01-01,Auto_Loan,1796410.55,60,Student,3,0.682,4,39,Rejected,
APP001537,CUST001537,2024-01-22,Personal_Loan,532295.19,60,Business_Owner,2,0.272,5,1,Rejected,
APP001538,CUST001538,2024-05-21,Personal_Loan,814614.09,48,Retired,2,0.36,2,27,Approved,1.0
APP001539,CUST001539,2025-08-19,Personal_Loan,521814.66,12,Self_Employed,2,0.36,3,1,Approved,0.0
APP001540,CUST001540,2024-04-07,Auto_Loan,1757643.21,36,Self_Employed,4,0.744,3,95,Approved,1.0
APP001541,CUST001541,2024-11-15,Home_Loan,5630019.02,300,Student,3,0.702,2,55,Approved,0.0
APP001542,CUST001542,2024-12-21,Credit_Card,304299.85,0,Retired,4,0.212,2,15,Approved,0.0
APP001543,CUST001543,2025-04-10,Home_Loan,8392059.0,180,Salaried,1,0.455,2,27,Rejected,
APP001544,CUST001544,2024-03-19,Credit_Card,350228.42,0,Business_Owner,0,0.742,1,1,Approved,1.0
APP001545,CUST001545,2025-04-03,Credit_Card,374839.53,0,Self_Employed,3,0.731,2,0,Rejected,
APP001546,CUST001546,2024-03-29,Auto_Loan,863335.32,36,Salaried,4,0.541,3,57,Approved,1.0
APP001547,CUST001547,2024-02-05,Home_Loan,5528032.11,180,Salaried,2,0.371,1,13,Approved,0.0
APP001548,CUST001548,2024-12-10,Personal_Loan,775993.46,36,Student,3,0.632,3,5,Rejected,
APP001549,CUST001549,2024-10-23,Auto_Loan,1580497.59,84,Student,1,0.194,1,15,Approved,0.0
APP001550,CUST001550,2024-06-13,Home_Loan,522725.88,240,Self_Employed,2,0.735,1,14,Approved,0.0
APP001551,CUST001551,2024-05-23,Auto_Loan,1749632.49,36,Salaried,4,0.314,1,34,Approved,1.0
APP001552,CUST001552,2023-12-02,Personal_Loan,192053.07,48,Student,3,0.106,0,20,Rejected,
APP001553,CUST001553,2025-01-07,Credit_Card,135130.67,0,Self_Employed,1,0.451,3,33,Rejected,
APP001554,CUST001554,2024-02-16,Auto_Loan,1634556.96,84,Salaried,1,0.6,0,33,Approved,0.0
APP001555,CUST001555,2024-11-17,Home_Loan,7931996.43,240,Student,0,0.675,5,3,Approved,0.0
APP001556,CUST001556,2024-07-16,Credit_Card,449584.32,0,Salaried,4,0.289,2,11,Approved,0.0
APP001557,CUST001557,2025-07-25,Personal_Loan,928863.94,36,Salaried,3,0.45,3,18,Rejected,
APP001558,CUST001558,2025-05-16,Credit_Card,237145.19,0,Salaried,1,0.6,2,59,Approved,0.0
APP001559,CUST001559,2024-11-24,Credit_Card,460133.04,0,Salaried,3,0.464,2,6,Approved,0.0
APP001560,CUST001560,2024-08-20,Personal_Loan,345900.84,48,Self_Employed,3,0.234,1,12,Approved,0.0
APP001561,CUST001561,2024-03-31,Home_Loan,3657431.71,180,Self_Employed,3,0.416,4,15,Approved,0.0
APP001562,CUST001562,2023-12-18,Credit_Card,162171.61,0,Salaried,2,0.249,1,9,Rejected,
APP001563,CUST001563,2025-05-13,Business_Loan,573973.46,12,Salaried,1,0.628,4,31,Rejected,
APP001564,CUST001564,2024-02-02,Auto_Loan,1053347.64,60,Salaried,1,0.326,1,9,Approved,0.0
APP001565,CUST001565,2025-10-02,Personal_Loan,267215.9,48,Salaried,1,0.256,7,16,Rejected,
APP001566,CUST001566,2025-03-21,Home_Loan,5466559.19,240,Salaried,2,0.539,3,9,Approved,1.0
APP001567,CUST001567,2024-08-02,Home_Loan,3086827.69,120,Salaried,1,0.32,2,0,Approved,0.0
APP001568,CUST001568,2025-03-12,Home_Loan,628580.24,180,Salaried,2,0.798,3,26,Rejected,
APP001569,CUST001569,2025-02-05,Auto_Loan,1689075.29,36,Salaried,3,0.29,2,26,Approved,0.0
APP001570,CUST001570,2024-01-19,Credit_Card,480906.16,0,Salaried,4,0.595,2,5,Approved,0.0
APP001571,CUST001571,2025-03-02,Personal_Loan,592219.15,60,Self_Employed,1,0.574,1,7,Approved,1.0
APP001572,CUST001572,2024-10-23,Personal_Loan,496699.54,24,Salaried,2,0.635,0,77,Rejected,
APP001573,CUST001573,2024-10-13,Personal_Loan,931772.28,36,Salaried,0,0.207,2,15,Approved,1.0
APP001574,CUST001574,2025-09-29,Personal_Loan,242258.9,48,Business_Owner,3,0.285,3,23,Rejected,
APP001575,CUST001575,2024-10-12,Auto_Loan,966361.02,84,Salaried,1,0.234,1,0,Rejected,
APP001576,CUST001576,2024-11-01,Auto_Loan,1798217.63,36,Retired,1,0.276,1,8,Approved,0.0
APP001577,CUST001577,2025-08-09,Personal_Loan,604929.42,24,Business_Owner,0,0.421,3,30,Rejected,
APP001578,CUST001578,2024-09-08,Auto_Loan,479321.48,36,Retired,3,0.311,2,10,Approved,0.0
APP001579,CUST001579,2025-03-24,Home_Loan,8665840.92,180,Salaried,3,0.699,2,10,Approved,1.0
APP001580,CUST001580,2025-05-19,Personal_Loan,327058.72,12,Salaried,4,0.176,1,6,Approved,1.0
APP001581,CUST001581,2024-10-31,Home_Loan,7704019.08,120,Salaried,4,0.418,1,12,Approved,0.0
APP001582,CUST001582,2025-06-08,Home_Loan,8398124.62,240,Business_Owner,1,0.513,4,49,Rejected,
APP001583,CUST001583,2025-06-06,Personal_Loan,472784.7,36,Salaried,1,0.256,0,13,Rejected,
APP001584,CUST001584,2024-08-26,Home_Loan,7150414.42,120,Business_Owner,3,0.265,6,46,Approved,1.0
APP001585,CUST001585,2024-04-06,Business_Loan,4634735.55,12,Salaried,0,0.616,4,53,Rejected,
APP001586,CUST001586,2024-07-28,Business_Loan,1301254.82,24,Business_Owner,1,0.773,2,23,Approved,0.0
APP001587,CUST001587,2025-07-11,Personal_Loan,702719.24,48,Self_Employed,3,0.439,2,29,Approved,0.0
APP001588,CUST001588,2024-10-27,Auto_Loan,1959926.48,84,Salaried,2,0.49,1,0,Approved,0.0
APP001589,CUST001589,2025-01-09,Personal_Loan,520802.06,36,Salaried,0,0.511,0,8,Approved,0.0
APP001590,CUST001590,2025-09-25,Auto_Loan,1369834.59,36,Salaried,2,0.252,3,4,Approved,0.0
APP001591,CUST001591,2025-06-14,Credit_Card,332586.54,0,Salaried,3,0.478,5,0,Approved,0.0
APP001592,CUST001592,2025-08-06,Credit_Card,445163.37,0,Salaried,2,0.177,5,1,Approved,0.0
APP001593,CUST001593,2024-02-07,Home_Loan,4823634.6,300,Self_Employed,4,0.454,2,4,Approved,0.0
APP001594,CUST001594,2025-05-11,Home_Loan,3472371.05,180,Salaried,0,0.601,1,30,Approved,0.0
APP001595,CUST001595,2024-03-09,Personal_Loan,748729.15,36,Salaried,3,0.645,3,6,Approved,0.0
APP001596,CUST001596,2025-04-08,Personal_Loan,780436.79,60,Business_Owner,0,0.558,3,0,Rejected,
APP001597,CUST001597,2025-10-18,Home_Loan,3084244.11,300,Business_Owner,3,0.279,1,7,Approved,0.0
APP001598,CUST001598,2024-10-19,Personal_Loan,57886.92,48,Salaried,3,0.662,0,14,Approved,1.0
APP001599,CUST001599,2025-03-09,Personal_Loan,197172.07,24,Self_Employed,3,0.71,2,31,Approved,0.0
APP001600,CUST001600,2024-11-15,Auto_Loan,786231.81,48,Business_Owner,2,0.233,0,7,Approved,0.0
APP001601,CUST001601,2025-09-27,Auto_Loan,854087.9,84,Salaried,1,0.167,2,5,Approved,1.0
APP001602,CUST001602,2024-12-07,Credit_Card,209955.8,0,Salaried,2,0.592,5,9,Rejected,
APP001603,CUST001603,2024-07-30,Personal_Loan,905128.48,48,Salaried,0,0.557,1,2,Approved,0.0
APP001604,CUST001604,2025-06-18,Personal_Loan,972665.86,48,Self_Employed,4,0.427,5,12,Approved,0.0
APP001605,CUST001605,2025-05-02,Business_Loan,486277.79,48,Salaried,0,0.594,4,16,Approved,0.0
APP001606,CUST001606,2024-04-02,Personal_Loan,902868.67,24,Self_Employed,1,0.326,0,9,Approved,0.0
APP001607,CUST001607,2024-05-27,Home_Loan,4854343.22,180,Salaried,2,0.34,4,6,Rejected,
APP001608,CUST001608,2024-08-07,Home_Loan,3233544.36,120,Self_Employed,1,0.398,4,10,Rejected,
APP001609,CUST001609,2023-11-24,Home_Loan,994888.42,240,Business_Owner,3,0.56,1,48,Approved,0.0
APP001610,CUST001610,2025-01-12,Home_Loan,1628178.16,120,Salaried,4,0.48,2,3,Approved,0.0
APP001611,CUST001611,2024-04-21,Home_Loan,1743813.19,180,Self_Employed,1,0.549,3,47,Rejected,
APP001612,CUST001612,2025-06-15,Auto_Loan,1855070.88,84,Business_Owner,1,0.383,2,1,Approved,1.0
APP001613,CUST001613,2024-03-23,Personal_Loan,108487.4,12,Salaried,4,0.72,1,0,Approved,0.0
APP001614,CUST001614,2023-12-19,Auto_Loan,1497699.2,84,Salaried,2,0.361,2,40,Rejected,
APP001615,CUST001615,2024-08-20,Personal_Loan,514571.43,60,Self_Employed,1,0.479,1,22,Approved,0.0
APP001616,CUST001616,2025-06-29,Personal_Loan,758723.07,60,Salaried,1,0.534,4,40,Approved,0.0
APP001617,CUST001617,2025-06-25,Auto_Loan,416080.21,36,Salaried,3,0.535,3,5,Approved,1.0
APP001618,CUST001618,2025-09-15,Personal_Loan,403940.14,24,Self_Employed,3,0.798,2,22,Approved,0.0
APP001619,CUST001619,2025-04-28,Credit_Card,106438.85,0,Salaried,4,0.728,1,4,Approved,1.0
APP001620,CUST001620,2025-06-14,Personal_Loan,368515.97,60,Salaried,1,0.748,2,0,Rejected,
APP001621,CUST001621,2025-02-08,Auto_Loan,1057849.86,60,Salaried,1,0.701,2,43,Rejected,
APP001622,CUST001622,2024-04-19,Business_Loan,4119142.55,48,Salaried,2,0.591,1,24,Approved,0.0
APP001623,CUST001623,2024-04-11,Credit_Card,158850.06,0,Business_Owner,3,0.542,2,2,Approved,0.0
APP001624,CUST001624,2024-06-23,Business_Loan,2769524.8,12,Self_Employed,3,0.323,1,3,Approved,0.0
APP001625,CUST001625,2024-06-16,Credit_Card,50740.04,0,Self_Employed,2,0.122,0,22,Approved,0.0
APP001626,CUST001626,2024-06-02,Personal_Loan,129345.07,60,Salaried,1,0.514,2,2,Rejected,
APP001627,CUST001627,2025-11-01,Home_Loan,7819966.23,180,Salaried,3,0.118,5,5,Approved,1.0
APP001628,CUST001628,2024-07-24,Home_Loan,716422.71,240,Salaried,1,0.273,1,1,Approved,0.0
APP001629,CUST001629,2024-09-04,Credit_Card,474104.73,0,Salaried,4,0.343,4,14,Approved,0.0
APP001630,CUST001630,2025-03-13,Home_Loan,9732681.6,300,Salaried,2,0.738,2,4,Approved,0.0
APP001631,CUST001631,2024-12-15,Personal_Loan,906443.9,48,Salaried,2,0.727,1,2,Approved,0.0
APP001632,CUST001632,2024-01-20,Home_Loan,9410144.01,300,Salaried,3,0.584,4,3,Approved,0.0
APP001633,CUST001633,2025-04-15,Personal_Loan,604714.58,36,Salaried,0,0.426,3,28,Approved,0.0
APP001634,CUST001634,2025-04-24,Credit_Card,223150.22,0,Salaried,0,0.512,1,49,Approved,0.0
APP001635,CUST001635,2023-11-21,Personal_Loan,739465.16,36,Self_Employed,0,0.502,2,3,Approved,1.0
APP001636,CUST001636,2024-06-10,Auto_Loan,986665.22,60,Business_Owner,0,0.404,4,19,Rejected,
APP001637,CUST001637,2024-03-18,Personal_Loan,64357.58,12,Self_Employed,4,0.315,0,1,Approved,0.0
APP001638,CUST001638,2024-11-29,Personal_Loan,484802.14,36,Salaried,4,0.217,2,12,Rejected,
APP001639,CUST001639,2024-08-07,Home_Loan,5056221.56,120,Self_Employed,3,0.22,1,4,Approved,0.0
APP001640,CUST001640,2025-05-23,Credit_Card,261577.02,0,Business_Owner,3,0.704,1,12,Approved,0.0
APP001641,CUST001641,2024-02-29,Auto_Loan,1180372.82,84,Salaried,0,0.767,2,0,Approved,1.0
APP001642,CUST001642,2025-01-03,Home_Loan,7156318.3,180,Salaried,3,0.121,1,7,Approved,1.0
APP001643,CUST001643,2025-02-22,Auto_Loan,1817885.72,84,Salaried,4,0.723,2,4,Approved,1.0
APP001644,CUST001644,2025-02-19,Personal_Loan,430205.44,24,Salaried,4,0.121,4,0,Rejected,
APP001645,CUST001645,2024-12-26,Home_Loan,5472277.74,300,Salaried,0,0.517,2,1,Rejected,
APP001646,CUST001646,2025-02-24,Auto_Loan,841635.54,48,Salaried,4,0.437,1,0,Approved,0.0
APP001647,CUST001647,2024-09-26,Home_Loan,1461987.43,120,Salaried,0,0.69,1,2,Approved,0.0
APP001648,CUST001648,2025-01-22,Credit_Card,380442.89,0,Salaried,1,0.693,2,22,Approved,0.0
APP001649,CUST001649,2025-04-11,Business_Loan,218313.77,24,Student,3,0.586,1,2,Approved,0.0
APP001650,CUST001650,2024-10-30,Personal_Loan,446560.71,12,Salaried,4,0.562,4,81,Rejected,
APP001651,CUST001651,2025-07-09,Personal_Loan,395927.88,60,Self_Employed,1,0.113,2,16,Approved,0.0
APP001652,CUST001652,2024-02-01,Business_Loan,3850573.51,60,Salaried,1,0.645,3,18,Approved,1.0
APP001653,CUST001653,2025-09-22,Business_Loan,2442117.2,12,Salaried,4,0.154,1,15,Approved,0.0
APP001654,CUST001654,2025-07-23,Personal_Loan,403556.72,36,Salaried,2,0.615,2,25,Rejected,
APP001655,CUST001655,2024-06-16,Credit_Card,137592.73,0,Salaried,0,0.522,1,6,Approved,0.0
APP001656,CUST001656,2024-11-13,Credit_Card,368286.65,0,Salaried,4,0.115,2,2,Approved,0.0
APP001657,CUST001657,2025-08-23,Personal_Loan,611069.07,48,Self_Employed,2,0.397,3,28,Approved,0.0
APP001658,CUST001658,2024-11-21,Personal_Loan,960113.49,60,Salaried,3,0.357,3,16,Rejected,
APP001659,CUST001659,2025-08-17,Business_Loan,756824.35,24,Self_Employed,1,0.519,2,1,Approved,1.0
APP001660,CUST001660,2025-02-11,Auto_Loan,1353267.9,60,Self_Employed,4,0.138,3,17,Approved,0.0
APP001661,CUST001661,2025-03-07,Credit_Card,465336.46,0,Salaried,4,0.34,1,29,Rejected,
APP001662,CUST001662,2025-10-08,Personal_Loan,106589.94,36,Salaried,1,0.486,2,0,Approved,0.0
APP001663,CUST001663,2025-07-01,Credit_Card,64167.26,0,Salaried,4,0.704,2,24,Approved,0.0
APP001664,CUST001664,2025-09-24,Home_Loan,6389021.26,180,Salaried,4,0.475,1,10,Approved,0.0
APP001665,CUST001665,2025-09-27,Personal_Loan,117611.12,12,Business_Owner,1,0.307,2,4,Approved,0.0
APP001666,CUST001666,2025-10-07,Home_Loan,4176915.59,300,Salaried,4,0.658,0,13,Rejected,
APP001667,CUST001667,2024-03-03,Personal_Loan,304820.92,24,Salaried,3,0.624,2,62,Approved,0.0
APP001668,CUST001668,2023-12-03,Home_Loan,9640156.97,180,Salaried,1,0.226,1,5,Rejected,
APP001669,CUST001669,2025-04-09,Personal_Loan,825789.97,24,Self_Employed,4,0.475,0,19,Approved,0.0
APP001670,CUST001670,2024-11-16,Auto_Loan,1186644.68,60,Salaried,2,0.414,1,6,Approved,0.0
APP001671,CUST001671,2023-12-15,Personal_Loan,354538.26,60,Salaried,2,0.689,3,20,Rejected,
APP001672,CUST001672,2024-06-12,Personal_Loan,770394.25,60,Student,4,0.674,6,0,Approved,1.0
APP001673,CUST001673,2025-03-02,Business_Loan,4758996.57,60,Salaried,3,0.261,3,0,Approved,0.0
APP001674,CUST001674,2025-01-13,Home_Loan,798055.78,300,Salaried,3,0.476,4,8,Rejected,
APP001675,CUST001675,2025-09-23,Personal_Loan,826577.79,36,Business_Owner,3,0.662,3,2,Rejected,
APP001676,CUST001676,2024-05-03,Personal_Loan,176201.52,60,Salaried,3,0.64,0,0,Approved,1.0
APP001677,CUST001677,2024-06-02,Home_Loan,1634233.06,300,Salaried,0,0.472,0,23,Rejected,
APP001678,CUST001678,2024-12-22,Credit_Card,237134.55,0,Business_Owner,4,0.434,1,19,Approved,0.0
APP001679,CUST001679,2025-08-08,Personal_Loan,963530.94,12,Salaried,2,0.138,2,7,Rejected,
APP001680,CUST001680,2025-07-04,Home_Loan,2626557.93,300,Salaried,2,0.351,2,1,Approved,1.0
APP001681,CUST001681,2025-03-26,Home_Loan,3833339.95,180,Self_Employed,3,0.545,4,4,Approved,1.0
APP001682,CUST001682,2024-04-11,Auto_Loan,665297.3,60,Retired,1,0.15,4,19,Rejected,
APP001683,CUST001683,2025-04-18,Personal_Loan,727983.42,12,Salaried,4,0.102,1,15,Approved,0.0
APP001684,CUST001684,2025-09-21,Personal_Loan,764936.99,36,Salaried,0,0.76,3,9,Approved,0.0
APP001685,CUST001685,2025-03-25,Home_Loan,8096515.28,180,Self_Employed,3,0.733,2,20,Approved,1.0
APP001686,CUST001686,2025-09-11,Auto_Loan,939254.37,60,Retired,0,0.525,0,7,Approved,0.0
APP001687,CUST001687,2024-04-28,Home_Loan,4098474.42,120,Salaried,0,0.684,1,0,Rejected,
APP001688,CUST001688,2025-08-25,Personal_Loan,190282.22,48,Salaried,3,0.502,1,2,Approved,0.0
APP001689,CUST001689,2025-06-29,Personal_Loan,578549.42,60,Self_Employed,1,0.695,2,55,Rejected,
APP001690,CUST001690,2024-05-26,Personal_Loan,838761.74,12,Salaried,4,0.395,4,1,Rejected,
APP001691,CUST001691,2024-11-19,Home_Loan,5859041.54,180,Salaried,2,0.485,1,4,Approved,0.0
APP001692,CUST001692,2023-11-20,Credit_Card,181399.5,0,Self_Employed,2,0.173,4,56,Approved,0.0
APP001693,CUST001693,2025-03-23,Personal_Loan,391660.57,36,Business_Owner,0,0.568,1,3,Approved,1.0
APP001694,CUST001694,2025-05-21,Personal_Loan,506779.01,60,Salaried,3,0.65,2,6,Rejected,
APP001695,CUST001695,2024-10-09,Home_Loan,8061944.25,180,Self_Employed,3,0.35,0,0,Rejected,
APP001696,CUST001696,2024-07-25,Home_Loan,9912758.07,300,Business_Owner,0,0.799,6,28,Approved,0.0
APP001697,CUST001697,2025-03-01,Personal_Loan,136382.37,48,Retired,0,0.504,1,15,Rejected,
APP001698,CUST001698,2025-06-28,Business_Loan,4702319.88,48,Salaried,0,0.136,2,2,Approved,0.0
APP001699,CUST001699,2025-05-21,Auto_Loan,732037.69,48,Salaried,1,0.152,2,5,Approved,0.0
APP001700,CUST001700,2025-10-27,Home_Loan,9173856.22,180,Self_Employed,3,0.638,2,36,Rejected,
APP001701,CUST001701,2025-01-02,Business_Loan,691182.18,60,Retired,1,0.263,1,23,Rejected,
APP001702,CUST001702,2023-11-27,Personal_Loan,390685.65,60,Business_Owner,1,0.232,0,22,Approved,0.0
APP001703,CUST001703,2025-07-25,Business_Loan,2692102.28,36,Student,2,0.237,3,6,Approved,0.0
APP001704,CUST001704,2024-12-23,Auto_Loan,908045.68,36,Salaried,1,0.375,1,10,Approved,0.0
APP001705,CUST001705,2025-04-21,Auto_Loan,1313441.54,36,Self_Employed,0,0.766,2,20,Approved,0.0
APP001706,CUST001706,2024-07-27,Home_Loan,8924671.33,240,Self_Employed,0,0.444,3,4,Approved,0.0
APP001707,CUST001707,2025-03-04,Business_Loan,1085625.08,36,Salaried,1,0.788,0,13,Approved,0.0
APP001708,CUST001708,2024-10-06,Personal_Loan,590372.9,48,Salaried,3,0.543,1,10,Rejected,
APP001709,CUST001709,2025-07-09,Personal_Loan,789166.8,12,Salaried,2,0.786,3,5,Rejected,
APP001710,CUST001710,2024-05-19,Personal_Loan,509275.15,48,Student,4,0.638,4,1,Approved,0.0
APP001711,CUST001711,2024-05-10,Credit_Card,201950.43,0,Salaried,3,0.201,2,8,Approved,0.0
APP001712,CUST001712,2025-02-04,Auto_Loan,1585684.85,36,Salaried,2,0.729,2,72,Approved,0.0
APP001713,CUST001713,2024-12-12,Auto_Loan,1901959.94,84,Retired,1,0.14,4,49,Approved,0.0
APP001714,CUST001714,2024-11-23,Credit_Card,209919.04,0,Retired,2,0.731,2,6,Approved,0.0
APP001715,CUST001715,2023-12-25,Home_Loan,4800498.74,240,Salaried,2,0.559,1,0,Approved,0.0
APP001716,CUST001716,2025-01-13,Auto_Loan,1932431.23,48,Salaried,2,0.213,2,3,Approved,0.0
APP001717,CUST001717,2024-04-05,Home_Loan,1701751.91,180,Salaried,1,0.741,1,38,Approved,0.0
APP001718,CUST001718,2023-11-13,Auto_Loan,964427.6,60,Salaried,3,0.674,1,44,Approved,1.0
APP001719,CUST001719,2025-03-20,Home_Loan,4114556.81,300,Business_Owner,0,0.132,3,1,Approved,0.0
APP001720,CUST001720,2024-10-09,Credit_Card,448781.15,0,Salaried,4,0.718,2,19,Approved,0.0
APP001721,CUST001721,2024-06-15,Credit_Card,326140.18,0,Salaried,2,0.431,2,15,Approved,0.0
APP001722,CUST001722,2024-09-22,Credit_Card,329448.61,0,Salaried,3,0.615,2,2,Approved,1.0
APP001723,CUST001723,2023-12-04,Auto_Loan,1827677.78,84,Salaried,3,0.786,3,26,Approved,1.0
APP001724,CUST001724,2025-02-13,Personal_Loan,935175.56,60,Retired,4,0.65,3,21,Approved,0.0
APP001725,CUST001725,2024-08-06,Personal_Loan,975283.37,24,Salaried,2,0.4,0,7,Rejected,
APP001726,CUST001726,2023-12-04,Home_Loan,5681899.33,180,Self_Employed,0,0.649,4,1,Approved,0.0
APP001727,CUST001727,2023-12-13,Home_Loan,1705022.81,240,Salaried,4,0.736,3,0,Rejected,
APP001728,CUST001728,2024-04-27,Home_Loan,7501534.2,300,Salaried,1,0.331,2,5,Rejected,
APP001729,CUST001729,2024-06-13,Personal_Loan,252277.96,12,Salaried,4,0.288,2,7,Rejected,
APP001730,CUST001730,2024-07-28,Credit_Card,71681.89,0,Retired,1,0.292,4,1,Approved,0.0
APP001731,CUST001731,2025-06-06,Credit_Card,119047.77,0,Business_Owner,3,0.101,1,2,Rejected,
APP001732,CUST001732,2025-03-23,Personal_Loan,821310.25,60,Salaried,4,0.233,1,16,Approved,0.0
APP001733,CUST001733,2025-08-24,Credit_Card,406225.89,0,Salaried,2,0.645,3,12,Approved,0.0
APP001734,CUST001734,2023-11-08,Home_Loan,3413235.7,180,Salaried,4,0.564,3,13,Approved,1.0
APP001735,CUST001735,2025-06-05,Personal_Loan,344491.77,36,Salaried,4,0.239,5,22,Approved,0.0
APP001736,CUST001736,2024-07-22,Business_Loan,1294547.97,60,Self_Employed,4,0.281,1,12,Approved,0.0
APP001737,CUST001737,2025-10-02,Credit_Card,270769.38,0,Self_Employed,1,0.131,3,1,Approved,0.0
APP001738,CUST001738,2023-12-21,Personal_Loan,375054.15,60,Self_Employed,3,0.621,3,1,Approved,1.0
APP001739,CUST001739,2024-09-17,Home_Loan,997928.39,300,Retired,3,0.265,2,0,Rejected,
APP001740,CUST001740,2025-04-14,Credit_Card,114208.74,0,Salaried,0,0.775,2,0,Rejected,
APP001741,CUST001741,2025-06-17,Personal_Loan,336117.1,12,Salaried,0,0.181,2,5,Rejected,
APP001742,CUST001742,2025-06-02,Personal_Loan,571793.27,24,Salaried,2,0.207,2,1,Approved,1.0
APP001743,CUST001743,2025-01-16,Credit_Card,269676.83,0,Salaried,0,0.429,1,1,Approved,0.0
APP001744,CUST001744,2024-07-31,Auto_Loan,931342.8,84,Salaried,0,0.201,4,38,Approved,0.0
APP001745,CUST001745,2025-07-25,Credit_Card,345027.45,0,Salaried,2,0.628,0,0,Rejected,
APP001746,CUST001746,2025-05-28,Personal_Loan,668666.64,36,Salaried,2,0.169,2,21,Rejected,
APP001747,CUST001747,2025-08-31,Credit_Card,360684.07,0,Salaried,4,0.749,2,0,Approved,0.0
APP001748,CUST001748,2024-04-29,Personal_Loan,284387.87,36,Self_Employed,0,0.495,2,23,Rejected,
APP001749,CUST001749,2025-03-02,Home_Loan,2024069.91,240,Salaried,0,0.453,1,6,Rejected,
APP001750,CUST001750,2025-02-22,Business_Loan,482408.0,12,Salaried,2,0.353,1,40,Approved,0.0
APP001751,CUST001751,2024-06-09,Personal_Loan,62410.06,12,Self_Employed,4,0.549,2,3,Approved,1.0
APP001752,CUST001752,2024-06-11,Credit_Card,247824.79,0,Self_Employed,2,0.764,0,3,Approved,1.0
APP001753,CUST001753,2024-12-05,Home_Loan,8087326.29,120,Salaried,4,0.447,2,1,Approved,0.0
APP001754,CUST001754,2024-10-15,Personal_Loan,179685.51,48,Salaried,0,0.758,4,10,Rejected,
APP001755,CUST001755,2024-02-23,Personal_Loan,86400.38,24,Salaried,1,0.361,1,19,Rejected,
APP001756,CUST001756,2025-03-13,Home_Loan,6439529.65,300,Business_Owner,1,0.1,3,49,Rejected,
APP001757,CUST001757,2025-07-28,Business_Loan,2602897.14,24,Self_Employed,3,0.691,1,35,Approved,1.0
APP001758,CUST001758,2024-04-19,Home_Loan,1280657.27,240,Salaried,4,0.366,7,10,Rejected,
APP001759,CUST001759,2024-02-14,Auto_Loan,713502.48,36,Business_Owner,1,0.482,1,41,Approved,0.0
APP001760,CUST001760,2024-04-26,Home_Loan,1042847.95,300,Self_Employed,0,0.361,1,16,Rejected,
APP001761,CUST001761,2024-01-19,Home_Loan,9347356.03,120,Salaried,2,0.734,2,1,Approved,0.0
APP001762,CUST001762,2024-10-16,Personal_Loan,454253.75,12,Salaried,3,0.346,2,53,Approved,0.0
APP001763,CUST001763,2024-10-15,Personal_Loan,398722.49,48,Self_Employed,0,0.566,2,2,Approved,0.0
APP001764,CUST001764,2023-11-07,Auto_Loan,1636926.31,36,Salaried,3,0.138,0,0,Approved,0.0
APP001765,CUST001765,2024-04-07,Auto_Loan,467236.48,36,Student,2,0.329,2,1,Approved,0.0
APP001766,CUST001766,2024-04-19,Personal_Loan,768939.89,36,Self_Employed,4,0.606,0,1,Approved,1.0
APP001767,CUST001767,2024-09-22,Personal_Loan,310818.03,60,Salaried,1,0.6,3,15,Approved,0.0
APP001768,CUST001768,2025-09-26,Credit_Card,264703.2,0,Salaried,3,0.765,5,0,Approved,1.0
APP001769,CUST001769,2024-05-12,Credit_Card,428508.35,0,Salaried,4,0.4,1,21,Approved,0.0
APP001770,CUST001770,2025-03-13,Home_Loan,3876586.2,300,Business_Owner,4,0.692,4,30,Approved,1.0
APP001771,CUST001771,2025-06-24,Home_Loan,5171564.38,120,Salaried,0,0.783,1,41,Approved,1.0
APP001772,CUST001772,2024-07-16,Business_Loan,1324689.25,24,Self_Employed,0,0.376,2,19,Approved,1.0
APP001773,CUST001773,2024-04-30,Home_Loan,5400393.48,300,Student,2,0.726,2,28,Approved,1.0
APP001774,CUST001774,2024-02-02,Home_Loan,5657378.94,240,Business_Owner,3,0.586,3,4,Approved,1.0
APP001775,CUST001775,2025-08-01,Personal_Loan,86958.48,60,Salaried,1,0.29,4,7,Approved,0.0
APP001776,CUST001776,2025-08-15,Credit_Card,231220.57,0,Salaried,3,0.516,2,12,Rejected,
APP001777,CUST001777,2025-10-04,Auto_Loan,1329554.81,36,Student,1,0.76,3,9,Rejected,
APP001778,CUST001778,2023-11-07,Home_Loan,1206836.05,180,Salaried,0,0.612,2,0,Approved,1.0
APP001779,CUST001779,2024-12-15,Home_Loan,3967490.91,240,Salaried,4,0.757,3,10,Approved,1.0
APP001780,CUST001780,2025-08-15,Credit_Card,298952.39,0,Salaried,4,0.414,0,8,Approved,0.0
APP001781,CUST001781,2024-02-09,Auto_Loan,1270879.93,48,Self_Employed,1,0.488,1,1,Rejected,
APP001782,CUST001782,2024-08-29,Business_Loan,4706083.78,48,Self_Employed,1,0.789,2,2,Approved,1.0
APP001783,CUST001783,2024-03-05,Home_Loan,2363381.92,120,Salaried,0,0.659,2,1,Approved,1.0
APP001784,CUST001784,2024-01-31,Auto_Loan,667111.58,36,Salaried,3,0.212,1,4,Rejected,
APP001785,CUST001785,2024-12-08,Home_Loan,1762084.07,300,Retired,1,0.365,1,33,Rejected,
APP001786,CUST001786,2024-09-02,Credit_Card,341997.66,0,Salaried,3,0.519,4,2,Approved,1.0
APP001787,CUST001787,2024-01-25,Personal_Loan,285564.45,60,Salaried,3,0.496,1,18,Approved,0.0
APP001788,CUST001788,2024-12-07,Personal_Loan,998438.96,12,Salaried,3,0.51,2,1,Approved,0.0
APP001789,CUST001789,2024-02-13,Home_Loan,2526511.47,300,Salaried,3,0.466,2,6,Rejected,
APP001790,CUST001790,2025-06-08,Auto_Loan,233114.13,84,Salaried,3,0.346,3,0,Approved,0.0
APP001791,CUST001791,2025-04-23,Home_Loan,9172025.25,300,Salaried,4,0.749,3,28,Approved,0.0
APP001792,CUST001792,2025-09-19,Business_Loan,2279922.92,24,Self_Employed,2,0.557,2,21,Rejected,
APP001793,CUST001793,2024-09-27,Personal_Loan,991520.52,36,Salaried,2,0.412,1,6,Rejected,
APP001794,CUST001794,2024-01-19,Personal_Loan,452334.77,48,Salaried,3,0.583,1,7,Approved,1.0
APP001795,CUST001795,2024-01-27,Credit_Card,375861.75,0,Salaried,1,0.512,3,6,Approved,0.0
APP001796,CUST001796,2024-08-13,Personal_Loan,105182.31,24,Salaried,4,0.437,2,20,Approved,0.0
APP001797,CUST001797,2024-03-14,Personal_Loan,251770.54,48,Student,3,0.363,4,19,Rejected,
APP001798,CUST001798,2025-09-03,Auto_Loan,1688458.04,36,Salaried,0,0.602,2,9,Approved,1.0
APP001799,CUST001799,2023-11-11,Auto_Loan,479727.1,48,Salaried,2,0.655,1,26,Approved,0.0
APP001800,CUST001800,2024-07-31,Home_Loan,6555277.68,120,Student,2,0.715,3,19,Rejected,
APP001801,CUST001801,2025-05-24,Auto_Loan,1989124.6,36,Salaried,1,0.341,0,22,Rejected,
APP001802,CUST001802,2025-04-30,Auto_Loan,734311.05,36,Student,3,0.799,0,10,Approved,1.0
APP001803,CUST001803,2025-01-08,Home_Loan,1413910.79,240,Salaried,3,0.693,0,0,Approved,0.0
APP001804,CUST001804,2024-08-08,Home_Loan,4995533.33,180,Salaried,4,0.637,0,0,Approved,1.0
APP001805,CUST001805,2025-09-09,Personal_Loan,751326.5,60,Student,3,0.16,1,2,Rejected,
APP001806,CUST001806,2024-06-28,Credit_Card,381110.4,0,Business_Owner,1,0.672,3,9,Approved,0.0
APP001807,CUST001807,2024-05-15,Personal_Loan,335100.28,60,Salaried,0,0.131,0,14,Approved,0.0
APP001808,CUST001808,2023-11-28,Home_Loan,5617618.93,300,Business_Owner,1,0.583,2,4,Approved,0.0
APP001809,CUST001809,2024-04-05,Auto_Loan,1831906.62,48,Salaried,2,0.445,2,13,Rejected,
APP001810,CUST001810,2025-01-23,Credit_Card,172705.54,0,Business_Owner,1,0.671,3,22,Approved,0.0
APP001811,CUST001811,2025-07-05,Business_Loan,2289854.66,12,Salaried,2,0.272,0,100,Rejected,
APP001812,CUST001812,2024-07-14,Personal_Loan,980795.77,36,Salaried,4,0.368,0,2,Approved,0.0
APP001813,CUST001813,2025-10-14,Home_Loan,907897.13,180,Self_Employed,4,0.367,0,61,Rejected,
APP001814,CUST001814,2025-09-16,Business_Loan,938868.92,36,Salaried,4,0.627,0,11,Approved,0.0
APP001815,CUST001815,2024-04-18,Home_Loan,6121234.41,300,Retired,2,0.38,3,20,Rejected,
APP001816,CUST001816,2024-04-25,Auto_Loan,255398.26,36,Retired,2,0.113,5,6,Approved,0.0
APP001817,CUST001817,2023-12-18,Credit_Card,304203.45,0,Self_Employed,3,0.358,2,0,Approved,0.0
APP001818,CUST001818,2025-05-22,Auto_Loan,603225.2,36,Salaried,3,0.574,0,4,Approved,0.0
APP001819,CUST001819,2024-07-01,Auto_Loan,1208786.96,84,Student,4,0.631,1,9,Rejected,
APP001820,CUST001820,2025-08-29,Personal_Loan,930793.11,60,Self_Employed,1,0.416,3,38,Approved,0.0
APP001821,CUST001821,2025-02-26,Personal_Loan,656702.56,36,Salaried,2,0.706,3,117,Rejected,
APP001822,CUST001822,2024-09-27,Home_Loan,8205272.11,180,Self_Employed,4,0.569,2,20,Approved,0.0
APP001823,CUST001823,2023-12-07,Auto_Loan,360575.96,84,Student,1,0.423,2,0,Approved,0.0
APP001824,CUST001824,2024-01-29,Personal_Loan,294011.94,60,Salaried,3,0.252,2,3,Approved,0.0
APP001825,CUST001825,2024-05-21,Credit_Card,77673.53,0,Salaried,0,0.616,0,12,Approved,0.0
APP001826,CUST001826,2024-08-30,Auto_Loan,937081.34,48,Salaried,1,0.75,3,2,Approved,0.0
APP001827,CUST001827,2024-05-12,Credit_Card,482686.22,0,Salaried,3,0.155,3,20,Approved,0.0
APP001828,CUST001828,2025-11-01,Personal_Loan,983831.24,36,Self_Employed,2,0.454,1,2,Rejected,
APP001829,CUST001829,2025-08-22,Home_Loan,2612895.5,120,Salaried,0,0.395,1,69,Approved,0.0
APP001830,CUST001830,2025-09-24,Auto_Loan,232636.54,36,Self_Employed,1,0.205,3,4,Approved,0.0
APP001831,CUST001831,2023-11-30,Personal_Loan,173646.34,12,Self_Employed,3,0.65,3,2,Approved,1.0
APP001832,CUST001832,2024-04-17,Personal_Loan,491625.58,60,Salaried,0,0.44,4,16,Approved,0.0
APP001833,CUST001833,2024-11-25,Personal_Loan,87339.15,36,Salaried,1,0.106,1,16,Approved,0.0
APP001834,CUST001834,2024-04-27,Personal_Loan,822750.59,24,Salaried,4,0.377,1,0,Approved,0.0
APP001835,CUST001835,2025-10-14,Home_Loan,2589215.63,180,Student,2,0.266,2,14,Rejected,
APP001836,CUST001836,2024-01-04,Home_Loan,9092595.07,180,Salaried,3,0.612,4,0,Approved,1.0
APP001837,CUST001837,2025-02-02,Personal_Loan,845751.64,12,Salaried,0,0.794,3,27,Approved,0.0
APP001838,CUST001838,2025-10-08,Auto_Loan,1139249.8,60,Salaried,2,0.409,2,19,Approved,0.0
APP001839,CUST001839,2024-06-20,Auto_Loan,1164097.22,36,Self_Employed,4,0.494,3,22,Approved,0.0
APP001840,CUST001840,2024-09-28,Personal_Loan,797902.95,60,Retired,2,0.325,2,8,Approved,0.0
APP001841,CUST001841,2025-01-17,Personal_Loan,862688.64,48,Self_Employed,0,0.652,2,5,Approved,0.0
APP001842,CUST001842,2024-12-12,Personal_Loan,661123.49,12,Salaried,1,0.485,3,0,Approved,0.0
APP001843,CUST001843,2024-04-01,Auto_Loan,1855605.62,36,Self_Employed,0,0.636,0,12,Approved,0.0
APP001844,CUST001844,2025-05-04,Auto_Loan,267681.78,60,Salaried,3,0.312,3,21,Approved,0.0
APP001845,CUST001845,2025-08-31,Credit_Card,70993.28,0,Self_Employed,0,0.58,1,15,Rejected,
APP001846,CUST001846,2024-01-17,Auto_Loan,1586781.4,84,Salaried,3,0.449,3,6,Rejected,
APP001847,CUST001847,2025-02-06,Personal_Loan,214736.66,60,Self_Employed,1,0.416,1,1,Approved,0.0
APP001848,CUST001848,2025-09-16,Auto_Loan,1687641.45,60,Salaried,4,0.623,2,0,Rejected,
APP001849,CUST001849,2025-01-13,Auto_Loan,1000420.53,48,Salaried,2,0.262,1,4,Approved,0.0
APP001850,CUST001850,2025-09-11,Personal_Loan,894675.69,36,Self_Employed,1,0.114,5,5,Approved,0.0
APP001851,CUST001851,2025-09-09,Home_Loan,1168402.23,120,Student,0,0.139,0,36,Approved,0.0
APP001852,CUST001852,2025-07-23,Personal_Loan,763601.89,48,Self_Employed,1,0.42,5,9,Approved,0.0
APP001853,CUST001853,2024-05-31,Personal_Loan,710208.21,36,Salaried,1,0.468,2,0,Rejected,
APP001854,CUST001854,2024-03-16,Personal_Loan,363991.3,60,Self_Employed,1,0.213,0,13,Approved,0.0
APP001855,CUST001855,2025-09-23,Personal_Loan,402999.78,48,Business_Owner,2,0.297,1,29,Rejected,
APP001856,CUST001856,2023-11-14,Personal_Loan,388287.01,48,Salaried,3,0.356,1,2,Approved,0.0
APP001857,CUST001857,2025-03-24,Personal_Loan,986427.53,12,Student,0,0.693,3,89,Approved,0.0
APP001858,CUST001858,2025-04-22,Credit_Card,268933.22,0,Self_Employed,4,0.112,2,21,Approved,0.0
APP001859,CUST001859,2025-08-10,Auto_Loan,1156512.02,48,Self_Employed,0,0.18,2,5,Approved,0.0
APP001860,CUST001860,2023-12-30,Home_Loan,8715369.84,120,Self_Employed,1,0.517,0,3,Approved,0.0
APP001861,CUST001861,2025-01-28,Auto_Loan,1066983.62,36,Business_Owner,2,0.279,3,19,Approved,0.0
APP001862,CUST001862,2024-05-05,Home_Loan,9004250.75,180,Salaried,2,0.441,2,18,Approved,0.0
APP001863,CUST001863,2025-08-24,Personal_Loan,717997.34,24,Salaried,4,0.47,3,11,Rejected,
APP001864,CUST001864,2025-07-03,Personal_Loan,449476.43,60,Salaried,4,0.419,0,18,Approved,0.0
APP001865,CUST001865,2025-04-27,Personal_Loan,318370.17,36,Salaried,1,0.267,3,19,Approved,0.0
APP001866,CUST001866,2025-01-26,Home_Loan,1319634.57,180,Salaried,4,0.441,1,0,Approved,0.0
APP001867,CUST001867,2025-06-10,Credit_Card,321640.76,0,Salaried,0,0.602,0,22,Approved,0.0
APP001868,CUST001868,2025-10-29,Auto_Loan,1094614.44,84,Self_Employed,1,0.321,0,6,Approved,0.0
APP001869,CUST001869,2024-03-05,Credit_Card,168666.09,0,Salaried,0,0.596,5,9,Rejected,
APP001870,CUST001870,2025-07-04,Home_Loan,5967797.75,240,Retired,3,0.41,6,11,Approved,1.0
APP001871,CUST001871,2025-01-28,Auto_Loan,1169363.67,84,Salaried,0,0.272,3,25,Approved,0.0
APP001872,CUST001872,2025-07-08,Personal_Loan,78520.14,48,Self_Employed,2,0.129,1,0,Approved,0.0
APP001873,CUST001873,2025-03-13,Credit_Card,159897.45,0,Salaried,0,0.228,1,15,Rejected,
APP001874,CUST001874,2025-08-20,Personal_Loan,779702.05,60,Retired,4,0.123,4,11,Rejected,
APP001875,CUST001875,2024-09-29,Credit_Card,453171.16,0,Self_Employed,1,0.348,4,4,Approved,1.0
APP001876,CUST001876,2024-06-29,Credit_Card,120360.68,0,Salaried,0,0.569,0,1,Approved,1.0
APP001877,CUST001877,2024-09-21,Personal_Loan,116722.85,36,Business_Owner,0,0.571,5,0,Rejected,
APP001878,CUST001878,2025-07-29,Personal_Loan,988455.76,24,Salaried,1,0.397,2,5,Rejected,
APP001879,CUST001879,2025-04-16,Auto_Loan,493148.25,48,Salaried,2,0.398,2,9,Approved,1.0
APP001880,CUST001880,2025-05-04,Credit_Card,479710.98,0,Business_Owner,0,0.515,2,62,Approved,0.0
APP001881,CUST001881,2025-01-22,Personal_Loan,386358.2,60,Student,1,0.554,0,5,Rejected,
APP001882,CUST001882,2025-10-08,Business_Loan,2841932.78,48,Student,1,0.165,4,10,Rejected,
APP001883,CUST001883,2024-12-29,Auto_Loan,1574156.94,60,Salaried,2,0.292,4,7,Approved,0.0
APP001884,CUST001884,2025-08-10,Personal_Loan,291989.86,24,Self_Employed,3,0.788,2,1,Approved,0.0
APP001885,CUST001885,2024-10-13,Personal_Loan,364568.49,48,Salaried,3,0.524,3,0,Rejected,
APP001886,CUST001886,2025-09-18,Personal_Loan,326917.07,24,Salaried,1,0.309,1,6,Rejected,
APP001887,CUST001887,2025-05-01,Home_Loan,5736365.17,300,Salaried,2,0.543,2,4,Approved,0.0
APP001888,CUST001888,2025-03-17,Personal_Loan,428624.78,36,Student,1,0.696,3,76,Approved,0.0
APP001889,CUST001889,2025-07-29,Auto_Loan,1928213.35,48,Salaried,1,0.438,2,19,Approved,0.0
APP001890,CUST001890,2025-02-04,Personal_Loan,192140.36,48,Self_Employed,1,0.543,1,1,Approved,0.0
APP001891,CUST001891,2025-05-09,Personal_Loan,83558.62,60,Salaried,3,0.425,5,6,Approved,0.0
APP001892,CUST001892,2024-09-03,Personal_Loan,289269.04,12,Self_Employed,3,0.505,2,5,Approved,0.0
APP001893,CUST001893,2025-06-21,Auto_Loan,762958.72,36,Salaried,2,0.689,4,1,Approved,0.0
APP001894,CUST001894,2025-01-02,Business_Loan,3246329.21,24,Salaried,1,0.613,5,42,Rejected,
APP001895,CUST001895,2025-01-29,Credit_Card,445800.24,0,Salaried,0,0.184,5,11,Rejected,
APP001896,CUST001896,2024-08-31,Personal_Loan,565124.1,48,Business_Owner,2,0.734,1,20,Approved,0.0
APP001897,CUST001897,2025-01-11,Auto_Loan,457905.69,60,Student,3,0.43,0,5,Rejected,
APP001898,CUST001898,2025-09-18,Home_Loan,4851817.59,300,Salaried,0,0.365,2,19,Approved,0.0
APP001899,CUST001899,2025-08-21,Personal_Loan,623188.11,12,Salaried,4,0.474,2,4,Approved,0.0
APP001900,CUST001900,2024-01-13,Auto_Loan,273103.26,36,Salaried,3,0.138,3,1,Approved,0.0
APP001901,CUST001901,2025-05-27,Auto_Loan,1942176.04,48,Salaried,2,0.569,3,21,Rejected,
APP001902,CUST001902,2025-04-14,Credit_Card,91287.02,0,Business_Owner,0,0.353,1,2,Approved,0.0
APP001903,CUST001903,2024-06-04,Auto_Loan,451158.42,84,Self_Employed,3,0.355,1,20,Approved,0.0
APP001904,CUST001904,2025-04-25,Home_Loan,3932633.73,300,Salaried,1,0.372,2,34,Rejected,
APP001905,CUST001905,2025-04-26,Personal_Loan,809476.8,36,Student,3,0.734,1,1,Rejected,
APP001906,CUST001906,2025-07-23,Credit_Card,84181.47,0,Salaried,3,0.479,0,9,Rejected,
APP001907,CUST001907,2024-08-26,Auto_Loan,626332.74,36,Business_Owner,3,0.393,3,1,Rejected,
APP001908,CUST001908,2024-02-25,Home_Loan,1069512.09,180,Salaried,2,0.633,4,8,Approved,1.0
APP001909,CUST001909,2025-08-18,Personal_Loan,476489.24,60,Salaried,2,0.493,2,2,Approved,0.0
APP001910,CUST001910,2024-12-11,Auto_Loan,1431864.07,84,Salaried,4,0.24,2,8,Rejected,
APP001911,CUST001911,2024-08-27,Personal_Loan,585215.71,60,Self_Employed,3,0.211,4,2,Approved,1.0
APP001912,CUST001912,2024-07-16,Auto_Loan,1906744.57,84,Salaried,3,0.387,3,21,Rejected,
APP001913,CUST001913,2025-11-01,Auto_Loan,692293.08,36,Retired,4,0.732,0,93,Rejected,
APP001914,CUST001914,2024-09-16,Personal_Loan,660573.38,24,Salaried,1,0.762,1,0,Rejected,
APP001915,CUST001915,2024-09-17,Home_Loan,5870257.15,180,Self_Employed,0,0.342,3,24,Approved,0.0
APP001916,CUST001916,2025-10-31,Credit_Card,152299.57,0,Business_Owner,2,0.754,3,5,Approved,1.0
APP001917,CUST001917,2023-12-02,Personal_Loan,741438.99,60,Salaried,4,0.561,4,47,Approved,0.0
APP001918,CUST001918,2025-09-22,Personal_Loan,521252.6,48,Business_Owner,4,0.583,0,3,Rejected,
APP001919,CUST001919,2024-04-20,Business_Loan,2433741.23,36,Self_Employed,0,0.542,1,37,Approved,1.0
APP001920,CUST001920,2024-09-23,Personal_Loan,481310.76,24,Business_Owner,0,0.182,1,0,Rejected,
APP001921,CUST001921,2024-11-02,Personal_Loan,97755.18,36,Salaried,2,0.314,0,16,Approved,1.0
APP001922,CUST001922,2024-06-10,Personal_Loan,514849.15,12,Salaried,3,0.111,3,13,Approved,0.0
APP001923,CUST001923,2025-05-25,Personal_Loan,107487.84,36,Self_Employed,0,0.194,2,8,Approved,0.0
APP001924,CUST001924,2025-05-06,Auto_Loan,1119556.75,84,Salaried,2,0.308,1,4,Approved,0.0
APP001925,CUST001925,2025-09-30,Auto_Loan,605508.57,36,Retired,0,0.676,0,36,Rejected,
APP001926,CUST001926,2024-01-23,Home_Loan,5261630.58,300,Student,3,0.144,0,4,Approved,0.0
APP001927,CUST001927,2025-01-27,Auto_Loan,1442603.7,60,Salaried,1,0.389,1,15,Approved,0.0
APP001928,CUST001928,2024-05-19,Personal_Loan,322011.33,36,Retired,4,0.613,1,9,Rejected,
APP001929,CUST001929,2024-06-08,Credit_Card,396356.51,0,Salaried,3,0.762,3,15,Approved,1.0
APP001930,CUST001930,2024-06-23,Credit_Card,375366.99,0,Self_Employed,2,0.234,0,4,Approved,0.0
APP001931,CUST001931,2024-12-21,Auto_Loan,1365930.83,36,Salaried,1,0.512,1,2,Rejected,
APP001932,CUST001932,2023-12-15,Personal_Loan,514904.48,60,Self_Employed,3,0.566,1,39,Approved,0.0
APP001933,CUST001933,2024-08-05,Business_Loan,1338149.45,36,Salaried,2,0.384,2,3,Approved,0.0
APP001934,CUST001934,2024-01-10,Business_Loan,2289558.52,12,Salaried,2,0.559,3,1,Rejected,
APP001935,CUST001935,2025-04-30,Personal_Loan,242722.41,48,Salaried,4,0.123,3,5,Approved,0.0
APP001936,CUST001936,2024-12-11,Home_Loan,1597236.98,180,Salaried,0,0.258,3,19,Approved,0.0
APP001937,CUST001937,2025-06-05,Home_Loan,7958422.1,120,Business_Owner,3,0.279,3,2,Approved,1.0
APP001938,CUST001938,2025-07-17,Auto_Loan,1996611.75,48,Business_Owner,1,0.136,1,7,Approved,0.0
APP001939,CUST001939,2025-08-19,Personal_Loan,302181.52,60,Student,0,0.29,2,62,Approved,0.0
APP001940,CUST001940,2025-08-03,Auto_Loan,452071.79,36,Self_Employed,1,0.692,5,0,Rejected,
APP001941,CUST001941,2025-07-16,Credit_Card,166438.82,0,Salaried,3,0.638,3,6,Rejected,
APP001942,CUST001942,2025-06-11,Personal_Loan,67281.34,60,Salaried,2,0.159,4,16,Approved,0.0
APP001943,CUST001943,2023-12-07,Home_Loan,9686920.28,300,Salaried,0,0.362,2,21,Rejected,
APP001944,CUST001944,2025-05-22,Personal_Loan,541364.94,48,Salaried,4,0.261,1,13,Approved,0.0
APP001945,CUST001945,2025-02-07,Credit_Card,455276.4,0,Student,0,0.18,2,28,Approved,0.0
APP001946,CUST001946,2024-06-05,Auto_Loan,855269.74,36,Business_Owner,3,0.791,1,7,Approved,1.0
APP001947,CUST001947,2024-12-17,Personal_Loan,575417.06,60,Self_Employed,3,0.553,3,0,Approved,1.0
APP001948,CUST001948,2025-03-12,Personal_Loan,153069.68,24,Salaried,2,0.558,4,89,Approved,0.0
APP001949,CUST001949,2024-06-29,Home_Loan,9436971.03,120,Retired,1,0.371,1,0,Rejected,
APP001950,CUST001950,2024-08-22,Personal_Loan,793715.26,12,Salaried,4,0.521,2,27,Approved,0.0
APP001951,CUST001951,2024-09-13,Auto_Loan,487294.05,60,Salaried,0,0.53,1,2,Approved,1.0
APP001952,CUST001952,2024-09-26,Personal_Loan,270842.66,36,Salaried,4,0.528,1,1,Approved,0.0
APP001953,CUST001953,2023-12-21,Credit_Card,496251.81,0,Salaried,3,0.139,0,61,Rejected,
APP001954,CUST001954,2023-11-09,Personal_Loan,324048.21,48,Salaried,2,0.103,2,6,Approved,0.0
APP001955,CUST001955,2025-01-10,Home_Loan,4576090.53,240,Self_Employed,1,0.699,2,58,Rejected,
APP001956,CUST001956,2025-01-03,Business_Loan,4142719.14,24,Salaried,3,0.513,3,7,Approved,1.0
APP001957,CUST001957,2025-01-17,Home_Loan,9409369.28,180,Salaried,1,0.45,1,6,Approved,0.0
APP001958,CUST001958,2025-06-22,Business_Loan,2673854.45,60,Salaried,1,0.291,5,15,Approved,0.0
APP001959,CUST001959,2024-03-24,Auto_Loan,381773.77,48,Salaried,0,0.245,1,3,Approved,0.0
APP001960,CUST001960,2025-03-28,Home_Loan,4285970.19,300,Student,3,0.563,2,9,Approved,1.0
APP001961,CUST001961,2025-05-15,Home_Loan,1966339.75,180,Self_Employed,2,0.616,3,46,Approved,0.0
APP001962,CUST001962,2025-07-12,Personal_Loan,75988.94,60,Salaried,2,0.498,0,11,Approved,0.0
APP001963,CUST001963,2024-04-23,Home_Loan,2835034.19,180,Business_Owner,1,0.718,2,4,Approved,0.0
APP001964,CUST001964,2024-11-24,Home_Loan,4942161.92,180,Salaried,3,0.638,1,31,Approved,0.0
APP001965,CUST001965,2024-09-19,Auto_Loan,436528.57,60,Salaried,1,0.37,0,43,Approved,0.0
APP001966,CUST001966,2025-04-09,Personal_Loan,86368.65,24,Salaried,2,0.588,3,17,Rejected,
APP001967,CUST001967,2025-02-27,Home_Loan,6565498.06,120,Student,4,0.578,2,2,Rejected,
APP001968,CUST001968,2025-06-01,Auto_Loan,1488720.72,60,Salaried,0,0.384,1,0,Approved,0.0
APP001969,CUST001969,2025-10-26,Business_Loan,3579261.55,48,Business_Owner,1,0.115,1,6,Approved,0.0
APP001970,CUST001970,2023-11-16,Auto_Loan,715101.85,60,Salaried,0,0.158,2,14,Approved,0.0
APP001971,CUST001971,2024-04-07,Home_Loan,5904257.2,300,Salaried,1,0.71,0,33,Rejected,
APP001972,CUST001972,2024-06-30,Business_Loan,3683600.5,60,Self_Employed,2,0.254,4,4,Rejected,
APP001973,CUST001973,2025-07-26,Business_Loan,1345815.7,48,Salaried,0,0.799,2,3,Approved,1.0
APP001974,CUST001974,2025-06-21,Auto_Loan,1354831.65,36,Salaried,0,0.517,0,38,Approved,0.0
APP001975,CUST001975,2024-03-19,Credit_Card,155026.08,0,Business_Owner,2,0.515,1,4,Approved,1.0
APP001976,CUST001976,2025-02-18,Personal_Loan,808064.0,48,Salaried,0,0.188,2,51,Rejected,
APP001977,CUST001977,2025-01-01,Home_Loan,8455316.23,180,Salaried,2,0.218,2,4,Approved,0.0
APP001978,CUST001978,2023-11-17,Business_Loan,140755.03,36,Salaried,4,0.695,0,9,Rejected,
APP001979,CUST001979,2023-12-05,Business_Loan,2655631.21,48,Salaried,4,0.423,3,21,Approved,1.0
APP001980,CUST001980,2024-07-15,Business_Loan,1753178.55,36,Salaried,2,0.386,1,10,Approved,0.0
APP001981,CUST001981,2025-01-03,Personal_Loan,743787.24,48,Salaried,0,0.776,2,37,Rejected,
APP001982,CUST001982,2025-10-17,Personal_Loan,472117.65,48,Salaried,3,0.18,4,4,Approved,0.0
APP001983,CUST001983,2025-03-13,Credit_Card,116043.59,0,Salaried,4,0.431,0,28,Rejected,
APP001984,CUST001984,2024-12-01,Auto_Loan,1601731.98,48,Salaried,3,0.171,3,20,Approved,0.0
APP001985,CUST001985,2024-01-22,Auto_Loan,975496.46,36,Retired,3,0.108,3,3,Approved,0.0
APP001986,CUST001986,2025-08-14,Home_Loan,7743938.54,180,Salaried,0,0.282,3,12,Approved,0.0
APP001987,CUST001987,2025-09-09,Personal_Loan,286191.69,36,Self_Employed,0,0.144,0,34,Approved,0.0
APP001988,CUST001988,2025-10-17,Personal_Loan,610075.36,48,Salaried,0,0.475,1,0,Rejected,
APP001989,CUST001989,2025-08-07,Auto_Loan,305225.38,84,Salaried,4,0.301,1,3,Rejected,
APP001990,CUST001990,2025-01-25,Personal_Loan,309296.63,12,Salaried,1,0.53,2,26,Approved,0.0
APP001991,CUST001991,2023-11-09,Credit_Card,467874.82,0,Salaried,0,0.563,2,3,Approved,1.0
APP001992,CUST001992,2024-09-29,Business_Loan,105766.28,36,Salaried,3,0.319,1,25,Rejected,
APP001993,CUST001993,2024-10-03,Home_Loan,1968117.96,120,Salaried,1,0.164,3,5,Approved,0.0
APP001994,CUST001994,2024-10-31,Auto_Loan,1078115.86,84,Student,1,0.27,1,8,Rejected,
APP001995,CUST001995,2024-10-02,Credit_Card,405991.08,0,Salaried,2,0.291,1,16,Rejected,
APP001996,CUST001996,2024-02-23,Business_Loan,1497832.88,60,Salaried,0,0.441,0,4,Approved,0.0
APP001997,CUST001997,2024-10-27,Home_Loan,9768155.0,120,Salaried,2,0.135,4,58,Approved,0.0
APP001998,CUST001998,2025-05-31,Auto_Loan,1962019.16,60,Salaried,2,0.728,4,1,Rejected,
APP001999,CUST001999,2025-04-06,Business_Loan,677983.12,12,Salaried,1,0.781,1,4,Rejected,
APP002000,CUST002000,2024-03-04,Personal_Loan,157231.67,48,Salaried,4,0.758,2,1,Rejected,
APP002001,CUST002001,2024-10-27,Personal_Loan,709203.53,60,Salaried,0,0.664,4,5,Approved,0.0
APP002002,CUST002002,2024-09-25,Auto_Loan,1306289.06,48,Business_Owner,2,0.678,1,20,Approved,0.0
APP002003,CUST002003,2024-08-18,Personal_Loan,641403.49,48,Salaried,3,0.144,2,17,Rejected,
APP002004,CUST002004,2024-07-19,Home_Loan,7205831.37,300,Retired,2,0.427,2,5,Approved,1.0
APP002005,CUST002005,2024-03-06,Credit_Card,230875.39,0,Retired,4,0.629,3,19,Approved,1.0
APP002006,CUST002006,2024-05-09,Home_Loan,5032813.38,240,Business_Owner,3,0.38,2,0,Rejected,
APP002007,CUST002007,2024-11-04,Personal_Loan,950976.64,24,Self_Employed,0,0.307,0,30,Approved,0.0
APP002008,CUST002008,2024-08-04,Auto_Loan,1903032.88,84,Business_Owner,0,0.791,2,1,Approved,1.0
APP002009,CUST002009,2025-09-29,Business_Loan,1283303.98,48,Salaried,3,0.339,3,16,Approved,0.0
APP002010,CUST002010,2024-04-30,Personal_Loan,173146.05,60,Self_Employed,4,0.499,6,47,Approved,0.0
APP002011,CUST002011,2025-02-22,Credit_Card,62425.46,0,Self_Employed,2,0.381,1,6,Approved,0.0
APP002012,CUST002012,2025-04-07,Auto_Loan,1747803.78,84,Salaried,0,0.662,3,0,Approved,0.0
APP002013,CUST002013,2025-09-12,Auto_Loan,1958972.41,60,Retired,4,0.189,1,115,Approved,0.0
APP002014,CUST002014,2024-09-21,Personal_Loan,683038.8,12,Self_Employed,1,0.294,2,8,Approved,0.0
APP002015,CUST002015,2024-06-09,Home_Loan,2983537.18,120,Self_Employed,1,0.641,3,5,Approved,0.0
APP002016,CUST002016,2024-10-15,Credit_Card,215004.19,0,Salaried,1,0.73,4,18,Approved,0.0
APP002017,CUST002017,2025-06-21,Auto_Loan,522869.73,84,Self_Employed,3,0.339,4,15,Approved,0.0
APP002018,CUST002018,2025-04-07,Personal_Loan,802677.75,60,Salaried,3,0.264,2,10,Approved,0.0
APP002019,CUST002019,2024-07-24,Personal_Loan,393085.69,24,Salaried,3,0.39,2,7,Rejected,
APP002020,CUST002020,2024-07-29,Auto_Loan,1191428.79,60,Self_Employed,3,0.207,1,8,Rejected,
APP002021,CUST002021,2025-03-18,Auto_Loan,531871.14,36,Salaried,4,0.638,2,12,Approved,1.0
APP002022,CUST002022,2024-12-09,Credit_Card,302970.96,0,Salaried,2,0.791,5,15,Approved,0.0
APP002023,CUST002023,2025-07-05,Personal_Loan,942685.55,36,Business_Owner,1,0.294,2,27,Approved,0.0
APP002024,CUST002024,2025-07-06,Credit_Card,305613.49,0,Salaried,3,0.397,1,9,Approved,0.0
APP002025,CUST002025,2024-08-05,Business_Loan,4266110.51,36,Salaried,0,0.248,0,16,Rejected,
APP002026,CUST002026,2025-06-15,Business_Loan,1286485.82,60,Retired,4,0.614,1,0,Approved,0.0
APP002027,CUST002027,2025-06-24,Home_Loan,2610266.14,240,Salaried,0,0.677,2,4,Rejected,
APP002028,CUST002028,2025-06-17,Personal_Loan,936205.53,12,Salaried,1,0.462,1,1,Rejected,
APP002029,CUST002029,2025-08-12,Credit_Card,337852.84,0,Salaried,0,0.395,2,0,Approved,0.0
APP002030,CUST002030,2025-07-15,Home_Loan,3811467.62,180,Salaried,3,0.405,3,0,Approved,0.0
APP002031,CUST002031,2024-02-03,Personal_Loan,844830.12,36,Self_Employed,3,0.62,2,4,Approved,1.0
APP002032,CUST002032,2024-04-12,Personal_Loan,955840.47,24,Self_Employed,1,0.414,1,6,Approved,0.0
APP002033,CUST002033,2023-11-10,Home_Loan,9532441.12,180,Self_Employed,3,0.417,1,27,Rejected,
APP002034,CUST002034,2025-06-18,Personal_Loan,236624.82,60,Self_Employed,3,0.738,1,78,Approved,1.0
APP002035,CUST002035,2025-05-19,Personal_Loan,775924.82,24,Self_Employed,1,0.685,2,0,Approved,0.0
APP002036,CUST002036,2024-02-17,Personal_Loan,719959.76,12,Business_Owner,3,0.772,0,12,Rejected,
APP002037,CUST002037,2025-09-15,Home_Loan,2230858.46,240,Salaried,3,0.332,1,109,Approved,0.0
APP002038,CUST002038,2024-01-13,Auto_Loan,896779.46,84,Salaried,3,0.298,2,37,Approved,0.0
APP002039,CUST002039,2025-06-06,Personal_Loan,105089.07,24,Business_Owner,4,0.227,2,11,Approved,0.0
APP002040,CUST002040,2024-09-05,Home_Loan,8160331.1,300,Self_Employed,1,0.375,2,4,Approved,0.0
APP002041,CUST002041,2024-07-13,Personal_Loan,302498.43,12,Salaried,3,0.464,0,30,Approved,0.0
APP002042,CUST002042,2025-07-26,Auto_Loan,1150356.63,48,Salaried,0,0.272,0,8,Approved,0.0
APP002043,CUST002043,2023-11-14,Auto_Loan,643025.24,60,Salaried,2,0.393,1,12,Approved,0.0
APP002044,CUST002044,2024-08-19,Home_Loan,5674108.23,180,Business_Owner,4,0.432,3,5,Approved,0.0
APP002045,CUST002045,2024-07-18,Auto_Loan,1725792.09,84,Self_Employed,3,0.272,5,17,Approved,1.0
APP002046,CUST002046,2025-06-05,Business_Loan,3713677.46,12,Salaried,2,0.284,1,5,Rejected,
APP002047,CUST002047,2024-05-21,Personal_Loan,619885.24,48,Self_Employed,1,0.741,0,1,Approved,1.0
APP002048,CUST002048,2025-03-26,Personal_Loan,554913.61,36,Salaried,4,0.629,3,1,Approved,0.0
APP002049,CUST002049,2024-01-20,Auto_Loan,1942790.36,60,Salaried,4,0.39,1,7,Approved,0.0
APP002050,CUST002050,2024-02-08,Business_Loan,2869896.02,36,Salaried,4,0.202,2,23,Rejected,
APP002051,CUST002051,2024-12-11,Auto_Loan,1410744.64,36,Salaried,1,0.314,2,3,Approved,1.0
APP002052,CUST002052,2025-01-21,Auto_Loan,815628.58,60,Salaried,0,0.644,2,2,Approved,0.0
APP002053,CUST002053,2024-01-21,Credit_Card,337513.39,0,Business_Owner,0,0.789,1,0,Approved,0.0
APP002054,CUST002054,2024-03-25,Credit_Card,255681.52,0,Salaried,3,0.211,1,16,Approved,0.0
APP002055,CUST002055,2024-09-14,Home_Loan,8242270.94,240,Salaried,2,0.638,5,19,Rejected,
APP002056,CUST002056,2024-07-22,Auto_Loan,254440.32,60,Self_Employed,4,0.216,2,6,Rejected,
APP002057,CUST002057,2024-07-20,Auto_Loan,720317.3,84,Salaried,4,0.511,3,14,Rejected,
APP002058,CUST002058,2025-11-03,Credit_Card,322807.77,0,Salaried,4,0.573,3,39,Approved,0.0
APP002059,CUST002059,2025-10-20,Credit_Card,234478.16,0,Student,2,0.676,2,0,Approved,0.0
APP002060,CUST002060,2024-08-12,Home_Loan,7644329.33,300,Salaried,0,0.173,0,17,Approved,0.0
APP002061,CUST002061,2024-07-10,Home_Loan,6704483.52,180,Salaried,0,0.739,2,1,Approved,0.0
APP002062,CUST002062,2025-03-08,Business_Loan,1616846.3,48,Salaried,1,0.22,2,12,Approved,0.0
APP002063,CUST002063,2024-03-14,Home_Loan,5075409.31,120,Salaried,4,0.415,4,0,Approved,1.0
APP002064,CUST002064,2024-09-07,Auto_Loan,568597.29,60,Salaried,0,0.547,2,2,Approved,1.0
APP002065,CUST002065,2025-04-25,Business_Loan,4141211.98,48,Salaried,1,0.38,1,6,Approved,0.0
APP002066,CUST002066,2025-08-10,Personal_Loan,288543.33,60,Student,2,0.311,4,14,Approved,0.0
APP002067,CUST002067,2024-10-01,Auto_Loan,1641678.75,84,Student,1,0.415,3,6,Rejected,
APP002068,CUST002068,2025-03-21,Home_Loan,8254165.71,300,Salaried,1,0.362,0,0,Approved,0.0
APP002069,CUST002069,2024-03-03,Credit_Card,198243.87,0,Salaried,4,0.326,1,35,Rejected,
APP002070,CUST002070,2025-08-23,Home_Loan,1722915.67,180,Salaried,1,0.652,0,3,Approved,0.0
APP002071,CUST002071,2024-07-30,Credit_Card,300064.91,0,Self_Employed,4,0.131,1,23,Approved,0.0
APP002072,CUST002072,2024-01-16,Home_Loan,9967534.0,120,Salaried,1,0.492,2,31,Rejected,
APP002073,CUST002073,2024-12-27,Home_Loan,2312125.84,120,Salaried,4,0.252,2,14,Rejected,
APP002074,CUST002074,2024-02-25,Credit_Card,318470.4,0,Salaried,2,0.689,1,2,Rejected,
APP002075,CUST002075,2024-10-25,Credit_Card,147998.94,0,Salaried,0,0.515,4,24,Rejected,
APP002076,CUST002076,2024-02-19,Credit_Card,148771.91,0,Student,3,0.221,2,4,Rejected,
APP002077,CUST002077,2024-09-09,Personal_Loan,685332.52,12,Salaried,1,0.174,0,2,Approved,0.0
APP002078,CUST002078,2024-12-28,Auto_Loan,637236.31,48,Salaried,4,0.675,2,14,Rejected,
APP002079,CUST002079,2025-02-17,Credit_Card,70846.79,0,Salaried,3,0.184,1,32,Approved,0.0
APP002080,CUST002080,2024-02-25,Personal_Loan,249692.58,48,Salaried,1,0.422,2,70,Approved,0.0
APP002081,CUST002081,2025-03-11,Home_Loan,5975075.43,120,Business_Owner,0,0.101,3,25,Approved,0.0
APP002082,CUST002082,2025-09-09,Personal_Loan,612574.57,48,Salaried,2,0.304,0,8,Approved,0.0
APP002083,CUST002083,2023-12-21,Auto_Loan,1040799.23,84,Business_Owner,1,0.569,0,14,Rejected,
APP002084,CUST002084,2024-11-03,Home_Loan,3878908.0,240,Salaried,4,0.565,4,4,Approved,0.0
APP002085,CUST002085,2024-01-07,Auto_Loan,291420.94,36,Salaried,0,0.128,3,0,Approved,1.0
APP002086,CUST002086,2025-10-28,Credit_Card,191269.16,0,Self_Employed,1,0.434,5,9,Approved,0.0
APP002087,CUST002087,2024-02-04,Home_Loan,7162750.25,240,Salaried,3,0.796,0,1,Rejected,
APP002088,CUST002088,2024-08-11,Home_Loan,5247654.41,240,Student,1,0.535,2,2,Rejected,
APP002089,CUST002089,2025-09-27,Auto_Loan,1896828.3,60,Self_Employed,0,0.544,5,17,Approved,1.0
APP002090,CUST002090,2025-07-23,Home_Loan,8661579.78,180,Salaried,0,0.397,2,2,Rejected,
APP002091,CUST002091,2023-12-18,Credit_Card,92018.65,0,Salaried,4,0.184,1,3,Approved,0.0
APP002092,CUST002092,2024-01-19,Home_Loan,9651975.74,240,Business_Owner,2,0.4,3,1,Rejected,
APP002093,CUST002093,2024-08-30,Auto_Loan,710763.44,60,Salaried,2,0.705,4,20,Approved,0.0
APP002094,CUST002094,2024-11-09,Auto_Loan,1258012.23,36,Self_Employed,0,0.607,2,94,Approved,0.0
APP002095,CUST002095,2023-11-08,Auto_Loan,1538484.51,60,Self_Employed,0,0.755,1,4,Rejected,
APP002096,CUST002096,2024-03-25,Personal_Loan,691197.97,36,Self_Employed,4,0.452,3,13,Approved,0.0
APP002097,CUST002097,2024-06-05,Personal_Loan,962554.13,60,Self_Employed,1,0.249,1,1,Rejected,
APP002098,CUST002098,2024-08-14,Personal_Loan,669912.24,24,Retired,0,0.357,3,2,Approved,0.0
APP002099,CUST002099,2024-12-17,Home_Loan,6316644.97,180,Self_Employed,3,0.56,3,14,Rejected,
APP002100,CUST002100,2024-04-04,Home_Loan,5629221.17,180,Business_Owner,4,0.342,1,8,Approved,0.0
APP002101,CUST002101,2025-09-23,Credit_Card,212684.1,0,Self_Employed,2,0.322,0,5,Approved,0.0
APP002102,CUST002102,2025-06-12,Personal_Loan,452219.64,36,Salaried,4,0.195,2,28,Approved,0.0
APP002103,CUST002103,2025-03-08,Home_Loan,6050249.98,180,Salaried,0,0.196,2,22,Approved,0.0
APP002104,CUST002104,2024-10-01,Business_Loan,3249374.81,36,Business_Owner,0,0.753,3,4,Approved,0.0
APP002105,CUST002105,2025-03-22,Auto_Loan,1021971.9,84,Business_Owner,3,0.25,4,7,Approved,0.0
APP002106,CUST002106,2025-04-22,Personal_Loan,258007.07,48,Business_Owner,0,0.348,1,12,Approved,0.0
APP002107,CUST002107,2024-03-27,Business_Loan,3009354.73,60,Salaried,3,0.152,2,86,Approved,0.0
APP002108,CUST002108,2024-04-17,Credit_Card,66530.69,0,Student,4,0.297,4,19,Approved,0.0
APP002109,CUST002109,2024-09-03,Personal_Loan,521101.33,24,Salaried,1,0.271,2,46,Rejected,
APP002110,CUST002110,2024-11-20,Home_Loan,3046487.28,180,Salaried,0,0.445,0,19,Approved,0.0
APP002111,CUST002111,2024-03-20,Personal_Loan,847357.98,60,Salaried,0,0.131,1,41,Approved,0.0
APP002112,CUST002112,2024-04-19,Personal_Loan,550626.09,24,Self_Employed,1,0.496,2,53,Approved,1.0
APP002113,CUST002113,2024-01-23,Auto_Loan,801559.61,36,Salaried,2,0.748,0,0,Approved,0.0
APP002114,CUST002114,2024-06-19,Personal_Loan,825128.39,60,Salaried,1,0.616,1,10,Rejected,
APP002115,CUST002115,2025-08-09,Home_Loan,6798242.79,120,Business_Owner,2,0.233,0,21,Approved,0.0
APP002116,CUST002116,2024-12-21,Auto_Loan,1171086.39,84,Retired,0,0.759,7,15,Rejected,
APP002117,CUST002117,2024-09-18,Auto_Loan,1546654.04,36,Retired,0,0.706,2,4,Rejected,
APP002118,CUST002118,2024-04-03,Business_Loan,3768048.71,48,Business_Owner,2,0.107,2,8,Rejected,
APP002119,CUST002119,2025-05-07,Auto_Loan,687941.37,36,Salaried,3,0.139,3,12,Approved,0.0
APP002120,CUST002120,2024-03-11,Personal_Loan,313395.17,48,Self_Employed,2,0.369,2,6,Approved,0.0
APP002121,CUST002121,2024-07-30,Home_Loan,3606607.21,120,Salaried,0,0.737,7,4,Approved,1.0
APP002122,CUST002122,2024-05-08,Business_Loan,469099.82,48,Student,2,0.703,0,21,Approved,1.0
APP002123,CUST002123,2024-02-26,Credit_Card,477654.94,0,Salaried,3,0.727,0,6,Approved,1.0
APP002124,CUST002124,2023-12-22,Personal_Loan,706006.06,36,Salaried,0,0.258,6,6,Approved,0.0
APP002125,CUST002125,2025-03-10,Home_Loan,1380591.86,300,Self_Employed,1,0.509,0,63,Rejected,
APP002126,CUST002126,2024-03-25,Personal_Loan,656714.62,12,Salaried,1,0.129,3,28,Approved,0.0
APP002127,CUST002127,2024-10-06,Credit_Card,248339.91,0,Salaried,1,0.574,3,17,Approved,1.0
APP002128,CUST002128,2025-08-25,Home_Loan,9272005.96,180,Salaried,4,0.25,4,12,Approved,0.0
APP002129,CUST002129,2025-08-19,Personal_Loan,283747.86,24,Student,2,0.145,2,0,Rejected,
APP002130,CUST002130,2024-04-10,Auto_Loan,728107.69,36,Business_Owner,3,0.282,4,66,Rejected,
APP002131,CUST002131,2024-08-26,Business_Loan,3559372.64,24,Self_Employed,4,0.758,1,0,Rejected,
APP002132,CUST002132,2024-06-30,Personal_Loan,906519.96,36,Business_Owner,2,0.263,1,2,Approved,0.0
APP002133,CUST002133,2024-01-24,Credit_Card,308988.38,0,Salaried,0,0.522,1,14,Rejected,
APP002134,CUST002134,2025-08-14,Credit_Card,311780.5,0,Salaried,0,0.563,3,33,Approved,0.0
APP002135,CUST002135,2024-10-27,Credit_Card,371657.13,0,Salaried,4,0.693,3,3,Rejected,
APP002136,CUST002136,2024-10-16,Personal_Loan,755604.76,12,Salaried,1,0.659,3,37,Approved,0.0
APP002137,CUST002137,2024-01-18,Personal_Loan,183573.38,48,Self_Employed,0,0.162,1,8,Rejected,
APP002138,CUST002138,2025-08-22,Personal_Loan,870505.81,48,Salaried,4,0.746,3,4,Rejected,
APP002139,CUST002139,2024-09-27,Credit_Card,101830.58,0,Salaried,0,0.792,0,17,Approved,0.0
APP002140,CUST002140,2024-08-15,Personal_Loan,116356.64,36,Self_Employed,1,0.184,2,119,Approved,0.0
APP002141,CUST002141,2025-02-23,Auto_Loan,1283264.18,60,Salaried,2,0.786,4,9,Approved,0.0
APP002142,CUST002142,2024-08-08,Auto_Loan,403897.71,36,Student,2,0.576,3,64,Approved,0.0
APP002143,CUST002143,2025-06-12,Personal_Loan,618234.65,60,Self_Employed,2,0.283,0,3,Approved,0.0
APP002144,CUST002144,2024-10-16,Personal_Loan,313589.26,48,Self_Employed,4,0.573,2,1,Approved,0.0
APP002145,CUST002145,2024-10-19,Personal_Loan,531853.23,24,Salaried,4,0.351,0,11,Rejected,
APP002146,CUST002146,2025-01-10,Home_Loan,1596972.58,120,Salaried,4,0.19,2,11,Approved,0.0
APP002147,CUST002147,2025-05-04,Business_Loan,2086602.32,36,Business_Owner,1,0.262,4,3,Approved,0.0
APP002148,CUST002148,2024-10-19,Credit_Card,93300.19,0,Business_Owner,3,0.417,1,33,Approved,0.0
APP002149,CUST002149,2024-04-03,Home_Loan,8798979.84,240,Retired,1,0.199,2,105,Approved,0.0
APP002150,CUST002150,2024-10-27,Credit_Card,461847.68,0,Salaried,2,0.619,0,42,Rejected,
APP002151,CUST002151,2025-01-18,Personal_Loan,634180.44,24,Salaried,2,0.747,4,0,Approved,0.0
APP002152,CUST002152,2025-04-14,Home_Loan,6794291.86,240,Retired,4,0.634,1,8,Rejected,
APP002153,CUST002153,2024-04-15,Personal_Loan,206434.18,12,Salaried,3,0.108,1,42,Approved,0.0
APP002154,CUST002154,2024-07-21,Credit_Card,478507.05,0,Self_Employed,0,0.441,1,0,Rejected,
APP002155,CUST002155,2025-04-24,Personal_Loan,331448.44,24,Self_Employed,1,0.388,2,56,Approved,0.0
APP002156,CUST002156,2025-08-04,Business_Loan,3695245.51,48,Self_Employed,1,0.118,2,12,Approved,0.0
APP002157,CUST002157,2024-07-14,Home_Loan,4458169.2,300,Retired,2,0.127,1,16,Approved,1.0
APP002158,CUST002158,2024-03-21,Home_Loan,610450.83,180,Salaried,3,0.731,1,0,Approved,0.0
APP002159,CUST002159,2025-02-22,Personal_Loan,747432.31,48,Salaried,4,0.632,6,1,Approved,1.0
APP002160,CUST002160,2024-06-03,Home_Loan,2205596.52,300,Business_Owner,2,0.355,3,4,Approved,0.0
APP002161,CUST002161,2024-12-28,Home_Loan,944162.13,180,Business_Owner,0,0.18,4,47,Approved,0.0
APP002162,CUST002162,2024-12-03,Personal_Loan,166310.47,24,Retired,1,0.464,0,23,Approved,0.0
APP002163,CUST002163,2025-10-25,Home_Loan,4105950.26,120,Self_Employed,3,0.463,3,42,Approved,0.0
APP002164,CUST002164,2025-01-01,Credit_Card,128464.78,0,Salaried,1,0.49,1,12,Approved,0.0
APP002165,CUST002165,2025-01-15,Personal_Loan,579226.47,24,Self_Employed,4,0.212,1,1,Rejected,
APP002166,CUST002166,2024-06-19,Home_Loan,3572928.6,240,Salaried,2,0.73,0,5,Approved,0.0
APP002167,CUST002167,2025-05-29,Personal_Loan,204202.75,48,Salaried,2,0.602,2,7,Approved,0.0
APP002168,CUST002168,2025-02-16,Business_Loan,2831341.99,60,Retired,4,0.593,2,4,Rejected,
APP002169,CUST002169,2025-07-16,Personal_Loan,73226.04,36,Business_Owner,1,0.242,2,14,Approved,0.0
APP002170,CUST002170,2024-01-01,Credit_Card,398563.35,0,Self_Employed,4,0.648,1,15,Approved,0.0
APP002171,CUST002171,2024-07-29,Home_Loan,5427218.85,300,Salaried,4,0.753,4,0,Approved,0.0
APP002172,CUST002172,2025-01-22,Home_Loan,1834043.02,180,Salaried,0,0.608,0,27,Approved,0.0
APP002173,CUST002173,2024-05-16,Credit_Card,394102.1,0,Business_Owner,0,0.552,1,0,Rejected,
APP002174,CUST002174,2025-10-24,Home_Loan,9695704.41,240,Salaried,4,0.629,1,0,Approved,1.0
APP002175,CUST002175,2025-09-26,Personal_Loan,674748.95,36,Salaried,1,0.158,2,11,Approved,0.0
APP002176,CUST002176,2025-07-22,Auto_Loan,1916329.93,36,Salaried,4,0.134,0,41,Approved,0.0
APP002177,CUST002177,2024-06-22,Credit_Card,87235.98,0,Self_Employed,1,0.352,2,4,Approved,0.0
APP002178,CUST002178,2024-09-23,Auto_Loan,1721643.46,84,Salaried,3,0.769,3,20,Approved,0.0
APP002179,CUST002179,2023-11-21,Personal_Loan,654242.3,24,Self_Employed,2,0.356,5,35,Approved,0.0
APP002180,CUST002180,2025-01-20,Personal_Loan,295063.45,36,Salaried,2,0.691,3,2,Approved,1.0
APP002181,CUST002181,2025-09-19,Personal_Loan,953331.49,24,Self_Employed,0,0.584,3,8,Rejected,
APP002182,CUST002182,2024-03-08,Auto_Loan,1071369.21,48,Salaried,2,0.328,2,39,Approved,0.0
APP002183,CUST002183,2025-03-26,Auto_Loan,366454.85,60,Business_Owner,4,0.153,1,21,Approved,0.0
APP002184,CUST002184,2025-08-09,Home_Loan,1176108.16,240,Salaried,2,0.19,2,3,Approved,0.0
APP002185,CUST002185,2024-02-18,Personal_Loan,615221.45,24,Business_Owner,4,0.352,1,26,Approved,0.0
APP002186,CUST002186,2025-08-11,Home_Loan,8422623.47,180,Salaried,3,0.464,2,13,Approved,0.0
APP002187,CUST002187,2024-07-18,Home_Loan,6598279.05,240,Retired,4,0.535,2,0,Approved,1.0
APP002188,CUST002188,2025-06-01,Credit_Card,139172.15,0,Salaried,4,0.439,3,1,Approved,0.0
APP002189,CUST002189,2024-07-23,Home_Loan,4267361.63,180,Salaried,1,0.469,2,1,Approved,0.0
APP002190,CUST002190,2025-02-23,Personal_Loan,279535.52,48,Business_Owner,3,0.467,1,4,Approved,1.0
APP002191,CUST002191,2024-11-20,Auto_Loan,434582.75,48,Salaried,4,0.303,0,0,Rejected,
APP002192,CUST002192,2024-05-18,Auto_Loan,226188.06,84,Salaried,2,0.189,2,10,Approved,0.0
APP002193,CUST002193,2024-04-09,Credit_Card,400772.12,0,Salaried,0,0.307,5,3,Approved,0.0
APP002194,CUST002194,2024-08-25,Credit_Card,489378.59,0,Self_Employed,0,0.369,2,43,Rejected,
APP002195,CUST002195,2025-03-30,Home_Loan,6439345.48,120,Salaried,4,0.583,3,2,Rejected,
APP002196,CUST002196,2025-01-12,Credit_Card,157595.8,0,Salaried,0,0.782,2,64,Approved,0.0
APP002197,CUST002197,2024-09-01,Personal_Loan,502395.68,48,Salaried,4,0.695,1,14,Rejected,
APP002198,CUST002198,2024-02-15,Credit_Card,496676.96,0,Salaried,3,0.688,1,0,Rejected,
APP002199,CUST002199,2025-08-10,Personal_Loan,610274.64,48,Salaried,3,0.478,2,13,Approved,0.0
APP002200,CUST002200,2025-09-22,Business_Loan,1152170.36,48,Salaried,4,0.797,2,18,Rejected,
APP002201,CUST002201,2025-02-06,Auto_Loan,1050614.62,48,Salaried,4,0.288,3,0,Approved,0.0
APP002202,CUST002202,2025-08-25,Home_Loan,8824510.39,300,Student,0,0.363,2,2,Approved,0.0
APP002203,CUST002203,2025-01-09,Personal_Loan,339972.17,24,Salaried,1,0.541,2,1,Rejected,
APP002204,CUST002204,2024-06-15,Personal_Loan,757003.42,36,Self_Employed,2,0.321,2,16,Rejected,
APP002205,CUST002205,2024-05-06,Auto_Loan,1149661.83,48,Salaried,0,0.792,2,7,Rejected,
APP002206,CUST002206,2024-02-11,Credit_Card,397894.17,0,Salaried,2,0.314,3,0,Approved,0.0
APP002207,CUST002207,2025-05-21,Home_Loan,7333496.32,120,Business_Owner,3,0.33,3,4,Approved,0.0
APP002208,CUST002208,2024-01-17,Personal_Loan,365474.25,24,Business_Owner,4,0.26,2,3,Rejected,
APP002209,CUST002209,2024-02-09,Auto_Loan,809555.19,60,Business_Owner,3,0.367,3,6,Approved,0.0
APP002210,CUST002210,2024-06-07,Business_Loan,4134241.87,60,Salaried,0,0.396,3,11,Approved,0.0
APP002211,CUST002211,2024-01-29,Personal_Loan,935726.81,36,Business_Owner,2,0.117,2,25,Approved,1.0
APP002212,CUST002212,2024-08-11,Personal_Loan,592401.67,48,Self_Employed,1,0.26,2,26,Rejected,
APP002213,CUST002213,2025-02-21,Personal_Loan,837208.27,12,Salaried,1,0.543,1,0,Approved,1.0
APP002214,CUST002214,2024-02-29,Personal_Loan,568443.74,36,Salaried,2,0.525,4,18,Rejected,
APP002215,CUST002215,2024-09-30,Personal_Loan,953561.98,12,Business_Owner,3,0.13,2,0,Rejected,
APP002216,CUST002216,2025-03-16,Home_Loan,541101.71,180,Salaried,2,0.735,0,17,Approved,0.0
APP002217,CUST002217,2025-06-17,Credit_Card,160643.16,0,Salaried,2,0.619,2,10,Approved,1.0
APP002218,CUST002218,2025-10-23,Auto_Loan,688404.42,48,Student,4,0.186,1,0,Rejected,
APP002219,CUST002219,2024-05-20,Home_Loan,9262293.44,120,Business_Owner,2,0.192,1,0,Approved,0.0
APP002220,CUST002220,2024-11-26,Personal_Loan,323869.62,12,Salaried,2,0.137,5,1,Approved,0.0
APP002221,CUST002221,2025-10-31,Credit_Card,452128.77,0,Self_Employed,0,0.399,2,1,Rejected,
APP002222,CUST002222,2023-11-11,Personal_Loan,505133.96,36,Business_Owner,4,0.706,2,10,Approved,0.0
APP002223,CUST002223,2025-01-03,Personal_Loan,816436.76,48,Business_Owner,1,0.712,3,54,Approved,1.0
APP002224,CUST002224,2025-08-20,Credit_Card,469167.31,0,Salaried,0,0.377,2,1,Rejected,
APP002225,CUST002225,2024-07-09,Home_Loan,573241.09,300,Self_Employed,1,0.707,1,19,Approved,0.0
APP002226,CUST002226,2024-03-25,Auto_Loan,872753.3,60,Salaried,4,0.619,2,37,Rejected,
APP002227,CUST002227,2025-02-19,Auto_Loan,374111.01,84,Self_Employed,1,0.18,2,11,Approved,0.0
APP002228,CUST002228,2024-04-24,Home_Loan,2066195.39,300,Salaried,1,0.743,5,47,Approved,0.0
APP002229,CUST002229,2024-08-17,Credit_Card,331638.87,0,Salaried,1,0.294,0,62,Approved,1.0
APP002230,CUST002230,2024-09-24,Business_Loan,654161.17,60,Salaried,1,0.792,2,16,Rejected,
APP002231,CUST002231,2025-04-18,Home_Loan,967852.65,300,Self_Employed,1,0.764,1,36,Rejected,
APP002232,CUST002232,2024-08-17,Business_Loan,2978840.79,24,Self_Employed,3,0.735,2,7,Approved,1.0
APP002233,CUST002233,2024-04-20,Home_Loan,2234592.69,240,Salaried,4,0.75,0,33,Approved,0.0
APP002234,CUST002234,2024-05-04,Home_Loan,5720183.78,120,Salaried,1,0.217,2,17,Approved,0.0
APP002235,CUST002235,2025-08-14,Auto_Loan,1277685.61,84,Self_Employed,3,0.486,2,1,Approved,1.0
APP002236,CUST002236,2023-12-16,Home_Loan,2603402.98,300,Salaried,2,0.121,3,8,Rejected,
APP002237,CUST002237,2023-12-04,Personal_Loan,731541.3,12,Salaried,2,0.701,1,2,Rejected,
APP002238,CUST002238,2024-12-12,Personal_Loan,752037.34,48,Self_Employed,3,0.196,3,1,Approved,0.0
APP002239,CUST002239,2025-09-17,Personal_Loan,485537.91,24,Salaried,1,0.729,1,9,Rejected,
APP002240,CUST002240,2024-12-05,Home_Loan,4540307.07,120,Salaried,1,0.435,1,13,Rejected,
APP002241,CUST002241,2024-12-26,Personal_Loan,267468.02,48,Self_Employed,4,0.694,4,19,Approved,0.0
APP002242,CUST002242,2025-08-17,Auto_Loan,414308.51,60,Self_Employed,0,0.598,3,0,Approved,1.0
APP002243,CUST002243,2024-09-06,Personal_Loan,895241.42,60,Self_Employed,0,0.121,2,24,Approved,1.0
APP002244,CUST002244,2025-04-16,Business_Loan,2404763.4,48,Self_Employed,4,0.709,1,46,Approved,0.0
APP002245,CUST002245,2024-06-14,Personal_Loan,713115.39,60,Retired,2,0.25,5,13,Approved,0.0
APP002246,CUST002246,2023-11-11,Personal_Loan,999124.77,36,Self_Employed,1,0.722,0,0,Approved,0.0
APP002247,CUST002247,2023-11-23,Home_Loan,5948151.78,300,Salaried,0,0.425,1,0,Rejected,
APP002248,CUST002248,2025-08-08,Auto_Loan,618794.59,36,Salaried,1,0.117,3,70,Rejected,
APP002249,CUST002249,2024-07-23,Personal_Loan,674316.04,24,Salaried,3,0.709,6,26,Rejected,
APP002250,CUST002250,2025-09-27,Credit_Card,228340.33,0,Self_Employed,0,0.189,0,2,Approved,0.0
APP002251,CUST002251,2024-05-17,Auto_Loan,1683753.28,60,Salaried,0,0.701,5,1,Approved,0.0
APP002252,CUST002252,2025-08-19,Credit_Card,443127.48,0,Salaried,2,0.305,1,23,Approved,0.0
APP002253,CUST002253,2025-01-28,Home_Loan,7206541.39,300,Salaried,4,0.718,1,8,Rejected,
APP002254,CUST002254,2024-11-16,Business_Loan,826239.21,60,Salaried,0,0.203,1,2,Rejected,
APP002255,CUST002255,2025-10-26,Home_Loan,9542406.63,180,Self_Employed,1,0.379,0,6,Approved,0.0
APP002256,CUST002256,2025-04-30,Home_Loan,1813903.32,300,Salaried,3,0.166,2,37,Approved,0.0
APP002257,CUST002257,2024-07-15,Credit_Card,284376.48,0,Retired,1,0.574,1,25,Rejected,
APP002258,CUST002258,2025-04-18,Home_Loan,5924609.03,240,Salaried,1,0.309,2,4,Approved,0.0
APP002259,CUST002259,2024-09-07,Personal_Loan,714252.72,60,Retired,1,0.322,1,4,Approved,0.0
APP002260,CUST002260,2025-06-03,Personal_Loan,708032.56,48,Self_Employed,4,0.504,3,7,Rejected,
APP002261,CUST002261,2025-02-25,Personal_Loan,163018.93,48,Salaried,2,0.579,5,16,Approved,0.0
APP002262,CUST002262,2024-05-19,Personal_Loan,534648.83,36,Salaried,1,0.122,1,51,Rejected,
APP002263,CUST002263,2024-04-01,Credit_Card,79477.81,0,Salaried,4,0.561,1,14,Approved,1.0
APP002264,CUST002264,2024-05-10,Credit_Card,296080.27,0,Salaried,3,0.621,2,2,Approved,0.0
APP002265,CUST002265,2024-12-02,Personal_Loan,237202.09,24,Salaried,1,0.221,2,11,Rejected,
APP002266,CUST002266,2024-08-07,Auto_Loan,1875470.44,60,Salaried,1,0.548,5,37,Approved,1.0
APP002267,CUST002267,2024-04-29,Personal_Loan,556027.45,36,Salaried,2,0.371,5,6,Approved,0.0
APP002268,CUST002268,2025-03-18,Personal_Loan,561500.48,24,Self_Employed,0,0.498,3,1,Approved,0.0
APP002269,CUST002269,2024-05-01,Home_Loan,7900608.9,240,Salaried,0,0.668,2,0,Approved,0.0
APP002270,CUST002270,2025-10-08,Credit_Card,389983.81,0,Self_Employed,0,0.567,3,1,Approved,0.0
APP002271,CUST002271,2024-11-21,Home_Loan,7556952.66,240,Salaried,4,0.248,2,0,Approved,1.0
APP002272,CUST002272,2024-11-06,Home_Loan,7692693.43,120,Salaried,3,0.703,0,1,Approved,1.0
APP002273,CUST002273,2025-02-05,Home_Loan,5614031.82,240,Business_Owner,4,0.79,0,20,Approved,0.0
APP002274,CUST002274,2024-07-18,Home_Loan,1715023.8,240,Salaried,1,0.26,3,6,Approved,0.0
APP002275,CUST002275,2023-12-13,Personal_Loan,212980.26,48,Salaried,2,0.352,2,44,Rejected,
APP002276,CUST002276,2025-01-29,Credit_Card,80760.28,0,Salaried,0,0.43,2,0,Approved,0.0
APP002277,CUST002277,2024-03-26,Home_Loan,7851309.74,180,Salaried,4,0.623,1,10,Approved,0.0
APP002278,CUST002278,2024-05-20,Auto_Loan,1716741.88,36,Salaried,4,0.616,2,27,Rejected,
APP002279,CUST002279,2024-09-24,Auto_Loan,753115.04,84,Salaried,3,0.753,1,1,Rejected,
APP002280,CUST002280,2025-09-04,Auto_Loan,572718.14,84,Salaried,0,0.361,6,0,Approved,0.0
APP002281,CUST002281,2025-10-07,Personal_Loan,193582.13,24,Salaried,3,0.215,3,1,Approved,0.0
APP002282,CUST002282,2025-10-06,Business_Loan,1008250.12,60,Salaried,2,0.266,5,11,Approved,0.0
APP002283,CUST002283,2025-02-01,Home_Loan,7738344.06,120,Salaried,2,0.604,6,4,Approved,1.0
APP002284,CUST002284,2025-03-11,Credit_Card,237948.96,0,Salaried,0,0.631,3,1,Rejected,
APP002285,CUST002285,2025-08-01,Home_Loan,3068657.18,300,Salaried,2,0.673,0,0,Approved,0.0
APP002286,CUST002286,2024-02-02,Home_Loan,9440881.19,300,Business_Owner,4,0.201,1,0,Approved,0.0
APP002287,CUST002287,2024-04-17,Credit_Card,271787.07,0,Salaried,4,0.34,1,21,Approved,0.0
APP002288,CUST002288,2024-10-25,Personal_Loan,470940.79,60,Salaried,3,0.766,3,7,Approved,0.0
APP002289,CUST002289,2024-08-05,Business_Loan,645461.06,24,Salaried,3,0.188,5,2,Approved,1.0
APP002290,CUST002290,2024-09-28,Home_Loan,7206438.21,240,Salaried,1,0.145,1,0,Approved,0.0
APP002291,CUST002291,2024-12-05,Auto_Loan,1819132.63,36,Self_Employed,0,0.319,2,2,Rejected,
APP002292,CUST002292,2025-05-19,Home_Loan,7214017.08,120,Business_Owner,1,0.136,3,1,Rejected,
APP002293,CUST002293,2024-09-15,Home_Loan,8360163.2,180,Salaried,4,0.378,2,19,Approved,0.0
APP002294,CUST002294,2025-04-06,Business_Loan,1277460.38,36,Salaried,0,0.266,4,1,Approved,0.0
APP002295,CUST002295,2025-04-01,Personal_Loan,403385.41,36,Salaried,0,0.686,2,9,Approved,1.0
APP002296,CUST002296,2024-05-25,Personal_Loan,695221.2,48,Salaried,0,0.44,0,6,Rejected,
APP002297,CUST002297,2024-11-24,Personal_Loan,486326.22,36,Salaried,4,0.618,1,44,Approved,0.0
APP002298,CUST002298,2025-06-14,Home_Loan,9789539.63,120,Salaried,1,0.616,1,5,Approved,1.0
APP002299,CUST002299,2025-02-07,Credit_Card,432792.08,0,Student,3,0.388,1,1,Approved,0.0
APP002300,CUST002300,2025-02-07,Home_Loan,3146524.16,240,Salaried,0,0.135,3,14,Rejected,
APP002301,CUST002301,2025-09-04,Personal_Loan,380065.57,48,Self_Employed,2,0.1,0,31,Approved,0.0
APP002302,CUST002302,2025-04-18,Personal_Loan,216163.41,36,Salaried,4,0.35,4,17,Rejected,
APP002303,CUST002303,2025-08-22,Home_Loan,844695.99,180,Retired,0,0.504,4,31,Approved,0.0
APP002304,CUST002304,2025-06-05,Personal_Loan,385434.5,48,Salaried,1,0.742,1,0,Approved,0.0
APP002305,CUST002305,2025-04-21,Business_Loan,664886.62,48,Salaried,1,0.38,1,6,Approved,0.0
APP002306,CUST002306,2025-02-02,Business_Loan,3989079.75,36,Salaried,3,0.399,2,2,Approved,0.0
APP002307,CUST002307,2025-03-31,Personal_Loan,94481.09,60,Salaried,3,0.646,0,19,Rejected,
APP002308,CUST002308,2025-04-09,Home_Loan,6054253.96,300,Salaried,0,0.496,3,6,Approved,0.0
APP002309,CUST002309,2025-06-29,Auto_Loan,1461289.9,60,Salaried,2,0.778,1,3,Approved,0.0
APP002310,CUST002310,2025-08-01,Auto_Loan,933603.47,60,Salaried,4,0.115,2,0,Rejected,
APP002311,CUST002311,2024-04-03,Credit_Card,106416.72,0,Retired,3,0.65,2,7,Approved,1.0
APP002312,CUST002312,2025-07-19,Business_Loan,4549933.66,24,Self_Employed,0,0.295,1,1,Approved,0.0
APP002313,CUST002313,2024-05-13,Home_Loan,6082054.47,240,Self_Employed,0,0.204,1,13,Approved,0.0
APP002314,CUST002314,2025-07-18,Auto_Loan,350393.86,36,Self_Employed,3,0.22,4,2,Approved,0.0
APP002315,CUST002315,2024-02-11,Credit_Card,437649.89,0,Salaried,0,0.673,2,116,Approved,0.0
APP002316,CUST002316,2024-06-02,Home_Loan,1405236.08,300,Self_Employed,4,0.778,2,15,Approved,0.0
APP002317,CUST002317,2024-07-10,Business_Loan,3688095.29,60,Salaried,1,0.775,2,3,Approved,0.0
APP002318,CUST002318,2025-05-02,Auto_Loan,1858816.48,48,Business_Owner,1,0.407,2,4,Approved,0.0
APP002319,CUST002319,2024-08-22,Credit_Card,131958.2,0,Salaried,4,0.244,2,4,Approved,1.0
APP002320,CUST002320,2025-01-01,Home_Loan,2366377.46,180,Self_Employed,1,0.585,1,6,Approved,0.0
APP002321,CUST002321,2024-01-13,Personal_Loan,312325.21,60,Student,3,0.686,2,36,Rejected,
APP002322,CUST002322,2024-12-10,Auto_Loan,505697.73,36,Salaried,4,0.448,1,0,Approved,0.0
APP002323,CUST002323,2024-04-03,Home_Loan,3301770.74,300,Business_Owner,4,0.27,4,74,Approved,0.0
APP002324,CUST002324,2025-05-29,Personal_Loan,467557.74,48,Student,4,0.798,2,2,Approved,1.0
APP002325,CUST002325,2025-10-06,Personal_Loan,658916.4,36,Retired,4,0.514,1,18,Approved,1.0
APP002326,CUST002326,2025-04-09,Business_Loan,1670739.8,36,Salaried,4,0.412,4,3,Approved,0.0
APP002327,CUST002327,2025-07-22,Personal_Loan,938629.19,24,Salaried,1,0.367,2,12,Rejected,
APP002328,CUST002328,2024-08-09,Personal_Loan,520267.49,36,Salaried,3,0.687,0,14,Approved,0.0
APP002329,CUST002329,2024-02-07,Business_Loan,815703.24,12,Self_Employed,0,0.602,5,9,Approved,0.0
APP002330,CUST002330,2023-11-18,Home_Loan,9442646.81,240,Salaried,1,0.562,2,0,Rejected,
APP002331,CUST002331,2024-12-17,Auto_Loan,1684547.42,36,Self_Employed,4,0.623,1,53,Approved,0.0
APP002332,CUST002332,2024-09-27,Home_Loan,4913423.1,180,Self_Employed,2,0.741,0,2,Rejected,
APP002333,CUST002333,2024-07-12,Personal_Loan,472408.92,24,Student,3,0.344,1,14,Approved,0.0
APP002334,CUST002334,2025-02-24,Personal_Loan,842796.96,48,Student,0,0.749,3,13,Rejected,
APP002335,CUST002335,2024-06-04,Auto_Loan,1266085.58,36,Self_Employed,3,0.71,1,2,Rejected,
APP002336,CUST002336,2024-09-19,Business_Loan,3151132.06,12,Salaried,4,0.121,1,1,Approved,0.0
APP002337,CUST002337,2025-05-02,Personal_Loan,72880.33,36,Salaried,4,0.364,1,1,Approved,0.0
APP002338,CUST002338,2025-10-15,Home_Loan,4512693.05,300,Self_Employed,4,0.362,2,16,Approved,0.0
APP002339,CUST002339,2025-08-28,Auto_Loan,401887.96,36,Salaried,0,0.111,4,2,Approved,1.0
APP002340,CUST002340,2024-09-06,Home_Loan,2911833.78,180,Salaried,3,0.722,5,34,Approved,0.0
APP002341,CUST002341,2024-05-24,Business_Loan,4158887.09,12,Self_Employed,2,0.166,4,38,Rejected,
APP002342,CUST002342,2025-02-04,Auto_Loan,825663.62,36,Salaried,1,0.726,0,1,Approved,0.0
APP002343,CUST002343,2024-11-15,Business_Loan,2545985.04,48,Self_Employed,1,0.119,2,17,Approved,0.0
APP002344,CUST002344,2025-09-13,Home_Loan,2043018.53,300,Salaried,1,0.359,4,47,Approved,0.0
APP002345,CUST002345,2023-12-19,Home_Loan,7600925.13,240,Salaried,1,0.183,2,29,Approved,0.0
APP002346,CUST002346,2023-11-21,Home_Loan,2125291.77,180,Salaried,2,0.14,2,16,Approved,0.0
APP002347,CUST002347,2024-05-13,Business_Loan,4278776.61,12,Salaried,1,0.185,3,15,Approved,0.0
APP002348,CUST002348,2025-05-08,Personal_Loan,781435.48,48,Business_Owner,0,0.748,2,1,Approved,0.0
APP002349,CUST002349,2024-09-26,Home_Loan,629419.07,240,Business_Owner,3,0.517,2,41,Rejected,
APP002350,CUST002350,2024-01-14,Credit_Card,407187.87,0,Business_Owner,2,0.551,2,9,Approved,0.0
APP002351,CUST002351,2025-06-20,Home_Loan,9359337.89,120,Salaried,2,0.51,3,15,Rejected,
APP002352,CUST002352,2024-10-28,Personal_Loan,55164.01,36,Business_Owner,1,0.652,2,4,Rejected,
APP002353,CUST002353,2024-10-13,Home_Loan,1666124.42,240,Salaried,1,0.623,1,30,Approved,0.0
APP002354,CUST002354,2025-03-05,Personal_Loan,887873.48,48,Self_Employed,1,0.629,3,8,Approved,0.0
APP002355,CUST002355,2024-02-06,Business_Loan,3073036.23,48,Salaried,0,0.33,3,2,Rejected,
APP002356,CUST002356,2025-01-02,Home_Loan,6567689.52,240,Salaried,0,0.483,3,30,Approved,0.0
APP002357,CUST002357,2024-05-17,Auto_Loan,668200.98,60,Student,3,0.238,2,36,Approved,0.0
APP002358,CUST002358,2025-10-31,Auto_Loan,645567.68,84,Retired,3,0.365,4,21,Approved,0.0
APP002359,CUST002359,2025-05-03,Auto_Loan,816388.29,84,Salaried,4,0.287,1,3,Approved,0.0
APP002360,CUST002360,2024-07-30,Auto_Loan,832517.11,60,Business_Owner,1,0.181,1,19,Approved,0.0
APP002361,CUST002361,2024-11-14,Auto_Loan,1950109.6,48,Salaried,3,0.754,2,22,Rejected,
APP002362,CUST002362,2025-10-11,Personal_Loan,875248.72,36,Salaried,1,0.689,0,30,Approved,0.0
APP002363,CUST002363,2024-12-18,Auto_Loan,1347235.05,60,Salaried,4,0.555,1,10,Approved,1.0
APP002364,CUST002364,2023-11-24,Credit_Card,202858.58,0,Business_Owner,1,0.441,2,4,Approved,0.0
APP002365,CUST002365,2024-02-18,Credit_Card,105910.76,0,Salaried,4,0.473,2,4,Approved,1.0
APP002366,CUST002366,2025-09-18,Credit_Card,441353.28,0,Self_Employed,4,0.68,1,16,Approved,1.0
APP002367,CUST002367,2024-02-29,Business_Loan,4982847.17,24,Salaried,1,0.576,4,42,Approved,1.0
APP002368,CUST002368,2024-10-18,Credit_Card,377061.15,0,Self_Employed,2,0.324,1,11,Approved,0.0
APP002369,CUST002369,2025-07-06,Home_Loan,8070069.45,120,Salaried,0,0.477,3,13,Rejected,
APP002370,CUST002370,2025-10-28,Home_Loan,4793504.7,120,Retired,0,0.391,3,19,Approved,0.0
APP002371,CUST002371,2024-12-13,Auto_Loan,1714397.17,60,Salaried,0,0.706,0,32,Rejected,
APP002372,CUST002372,2025-07-13,Credit_Card,235379.08,0,Salaried,4,0.612,0,33,Approved,1.0
APP002373,CUST002373,2024-05-04,Auto_Loan,1847984.84,60,Self_Employed,2,0.109,3,0,Approved,0.0
APP002374,CUST002374,2024-06-21,Credit_Card,124973.5,0,Self_Employed,0,0.66,1,7,Approved,1.0
APP002375,CUST002375,2025-07-30,Personal_Loan,114840.9,12,Student,0,0.439,2,3,Approved,0.0
APP002376,CUST002376,2023-12-10,Auto_Loan,1020418.89,36,Salaried,3,0.165,5,14,Rejected,
APP002377,CUST002377,2024-07-04,Credit_Card,164793.85,0,Salaried,4,0.202,0,4,Approved,0.0
APP002378,CUST002378,2024-02-24,Personal_Loan,692077.69,48,Retired,2,0.565,4,0,Approved,0.0
APP002379,CUST002379,2024-02-23,Personal_Loan,885863.38,60,Salaried,1,0.71,5,48,Approved,1.0
APP002380,CUST002380,2024-09-23,Credit_Card,466278.21,0,Business_Owner,3,0.527,2,0,Approved,1.0
APP002381,CUST002381,2023-11-15,Personal_Loan,742278.38,12,Salaried,4,0.779,2,9,Approved,0.0
APP002382,CUST002382,2024-07-01,Personal_Loan,138254.14,24,Salaried,2,0.608,0,6,Approved,0.0
APP002383,CUST002383,2024-02-20,Auto_Loan,597212.77,84,Salaried,2,0.411,0,17,Approved,0.0
APP002384,CUST002384,2025-05-17,Home_Loan,2651690.96,240,Retired,0,0.351,5,9,Approved,1.0
APP002385,CUST002385,2024-02-03,Credit_Card,385868.34,0,Salaried,3,0.739,1,24,Approved,0.0
APP002386,CUST002386,2025-05-11,Credit_Card,246353.17,0,Salaried,0,0.517,3,16,Approved,0.0
APP002387,CUST002387,2024-06-23,Personal_Loan,930915.16,60,Salaried,3,0.444,3,18,Rejected,
APP002388,CUST002388,2024-09-20,Personal_Loan,115594.61,24,Salaried,0,0.746,5,43,Approved,0.0
APP002389,CUST002389,2025-07-29,Business_Loan,3858288.37,60,Salaried,4,0.681,2,4,Approved,0.0
APP002390,CUST002390,2023-12-30,Personal_Loan,95340.33,24,Salaried,2,0.454,3,0,Approved,0.0
APP002391,CUST002391,2024-11-03,Personal_Loan,799521.52,48,Salaried,2,0.706,2,74,Rejected,
APP002392,CUST002392,2024-08-29,Personal_Loan,474691.88,24,Salaried,0,0.404,2,24,Approved,0.0
APP002393,CUST002393,2025-02-13,Home_Loan,3677787.39,300,Salaried,1,0.137,4,8,Approved,0.0
APP002394,CUST002394,2024-08-30,Personal_Loan,247563.46,36,Salaried,1,0.74,1,0,Approved,0.0
APP002395,CUST002395,2025-07-13,Auto_Loan,1433178.7,36,Self_Employed,2,0.681,5,45,Rejected,
APP002396,CUST002396,2024-08-19,Home_Loan,6368181.17,180,Salaried,0,0.375,1,8,Rejected,
APP002397,CUST002397,2024-08-12,Home_Loan,9575322.63,120,Salaried,2,0.692,3,23,Rejected,
APP002398,CUST002398,2024-05-31,Auto_Loan,1204618.02,36,Salaried,3,0.533,0,17,Approved,0.0
APP002399,CUST002399,2025-06-06,Home_Loan,9960650.37,180,Salaried,4,0.572,1,89,Approved,1.0
APP002400,CUST002400,2023-11-10,Auto_Loan,1575687.09,84,Salaried,3,0.332,1,5,Rejected,
APP002401,CUST002401,2025-08-12,Personal_Loan,176970.85,24,Salaried,2,0.48,0,0,Rejected,
APP002402,CUST002402,2024-04-05,Home_Loan,7583667.05,180,Salaried,4,0.677,2,5,Approved,1.0
APP002403,CUST002403,2025-10-28,Credit_Card,460989.41,0,Self_Employed,3,0.28,1,0,Approved,1.0
APP002404,CUST002404,2024-01-17,Auto_Loan,1519223.25,60,Self_Employed,1,0.722,0,29,Approved,0.0
APP002405,CUST002405,2024-01-29,Credit_Card,363503.21,0,Salaried,2,0.581,0,3,Rejected,
APP002406,CUST002406,2024-10-27,Credit_Card,182221.91,0,Salaried,4,0.727,3,23,Approved,1.0
APP002407,CUST002407,2024-11-18,Home_Loan,1295501.37,240,Student,2,0.376,4,0,Approved,0.0
APP002408,CUST002408,2025-06-22,Credit_Card,377145.91,0,Self_Employed,1,0.587,5,41,Approved,0.0
APP002409,CUST002409,2025-09-06,Business_Loan,2264576.97,60,Salaried,1,0.66,2,1,Rejected,
APP002410,CUST002410,2024-11-07,Home_Loan,5162881.47,120,Salaried,0,0.328,2,18,Rejected,
APP002411,CUST002411,2025-01-21,Home_Loan,1806635.47,180,Salaried,1,0.228,3,32,Approved,0.0
APP002412,CUST002412,2025-02-21,Personal_Loan,822667.38,12,Salaried,2,0.54,0,10,Approved,0.0
APP002413,CUST002413,2025-05-27,Personal_Loan,381288.8,12,Business_Owner,1,0.788,1,0,Approved,1.0
APP002414,CUST002414,2024-04-25,Home_Loan,4528740.06,240,Self_Employed,2,0.706,4,9,Approved,1.0
APP002415,CUST002415,2024-06-25,Credit_Card,124633.36,0,Self_Employed,4,0.326,0,0,Rejected,
APP002416,CUST002416,2025-10-30,Auto_Loan,1420970.87,48,Self_Employed,2,0.274,2,18,Approved,0.0
APP002417,CUST002417,2024-01-01,Personal_Loan,442487.06,48,Salaried,2,0.395,1,57,Rejected,
APP002418,CUST002418,2024-10-12,Auto_Loan,1584531.52,48,Salaried,3,0.41,0,37,Approved,0.0
APP002419,CUST002419,2025-06-26,Home_Loan,5167179.76,240,Salaried,3,0.667,2,3,Rejected,
APP002420,CUST002420,2023-12-19,Auto_Loan,696880.62,48,Salaried,0,0.358,1,14,Approved,0.0
APP002421,CUST002421,2024-10-12,Personal_Loan,289184.7,24,Salaried,2,0.406,2,23,Approved,0.0
APP002422,CUST002422,2025-01-16,Credit_Card,448402.26,0,Self_Employed,2,0.444,2,8,Approved,0.0
APP002423,CUST002423,2025-06-13,Credit_Card,71577.37,0,Salaried,0,0.675,2,17,Approved,0.0
APP002424,CUST002424,2024-12-24,Home_Loan,9000345.78,240,Salaried,2,0.376,3,4,Approved,0.0
APP002425,CUST002425,2024-02-07,Auto_Loan,200479.22,36,Business_Owner,3,0.595,3,47,Approved,0.0
APP002426,CUST002426,2025-05-23,Home_Loan,2198553.26,120,Salaried,1,0.385,1,18,Approved,0.0
APP002427,CUST002427,2025-08-13,Home_Loan,798976.86,120,Salaried,2,0.509,2,6,Approved,0.0
APP002428,CUST002428,2025-06-21,Auto_Loan,1068865.39,48,Salaried,0,0.65,3,3,Approved,0.0
APP002429,CUST002429,2024-09-07,Credit_Card,140911.8,0,Self_Employed,2,0.693,1,2,Rejected,
APP002430,CUST002430,2023-12-12,Auto_Loan,982553.11,36,Self_Employed,0,0.792,1,2,Approved,0.0
APP002431,CUST002431,2025-08-17,Business_Loan,1103974.37,36,Retired,1,0.534,4,8,Approved,0.0
APP002432,CUST002432,2024-07-19,Credit_Card,272241.03,0,Business_Owner,4,0.293,1,11,Approved,0.0
APP002433,CUST002433,2025-10-05,Business_Loan,2410692.04,48,Self_Employed,2,0.553,2,1,Approved,0.0
APP002434,CUST002434,2024-05-30,Personal_Loan,437485.04,48,Salaried,4,0.394,2,33,Rejected,
APP002435,CUST002435,2025-04-09,Home_Loan,1482308.33,120,Salaried,4,0.278,2,1,Rejected,
APP002436,CUST002436,2024-08-23,Auto_Loan,805934.59,36,Self_Employed,2,0.784,1,1,Approved,1.0
APP002437,CUST002437,2023-12-04,Home_Loan,8357983.44,300,Salaried,0,0.263,3,2,Approved,0.0
APP002438,CUST002438,2024-02-10,Auto_Loan,774790.11,60,Business_Owner,4,0.703,1,1,Approved,0.0
APP002439,CUST002439,2025-10-12,Auto_Loan,1394286.02,36,Salaried,2,0.74,2,10,Approved,0.0
APP002440,CUST002440,2024-09-27,Personal_Loan,560054.43,24,Salaried,0,0.242,3,4,Approved,0.0
APP002441,CUST002441,2024-02-12,Personal_Loan,79344.7,24,Salaried,2,0.666,3,42,Approved,0.0
APP002442,CUST002442,2024-10-20,Credit_Card,88604.92,0,Salaried,1,0.704,2,87,Rejected,
APP002443,CUST002443,2025-04-09,Credit_Card,346701.35,0,Student,3,0.619,1,37,Approved,0.0
APP002444,CUST002444,2024-07-24,Business_Loan,4019020.32,60,Salaried,0,0.162,4,0,Approved,0.0
APP002445,CUST002445,2024-01-03,Home_Loan,4214721.59,240,Salaried,0,0.6,4,11,Rejected,
APP002446,CUST002446,2025-06-13,Auto_Loan,1966548.05,60,Business_Owner,3,0.572,1,14,Approved,0.0
APP002447,CUST002447,2024-11-21,Personal_Loan,172742.7,48,Salaried,0,0.791,0,2,Rejected,
APP002448,CUST002448,2024-07-18,Home_Loan,3830062.81,240,Salaried,4,0.212,0,8,Approved,0.0
APP002449,CUST002449,2024-02-01,Personal_Loan,417571.05,36,Salaried,3,0.778,1,6,Approved,1.0
APP002450,CUST002450,2025-07-23,Personal_Loan,471986.52,60,Salaried,3,0.569,3,77,Rejected,
APP002451,CUST002451,2023-11-12,Personal_Loan,126017.28,48,Salaried,0,0.426,2,12,Approved,0.0
APP002452,CUST002452,2024-09-12,Auto_Loan,839623.85,84,Retired,1,0.245,1,2,Rejected,
APP002453,CUST002453,2023-12-28,Credit_Card,131581.91,0,Student,2,0.153,2,4,Approved,0.0
APP002454,CUST002454,2023-12-25,Personal_Loan,151991.48,24,Salaried,1,0.513,2,30,Approved,0.0
APP002455,CUST002455,2023-11-13,Business_Loan,2131363.4,60,Self_Employed,1,0.609,3,8,Approved,0.0
APP002456,CUST002456,2025-02-18,Personal_Loan,528503.66,48,Salaried,0,0.408,2,3,Approved,1.0
APP002457,CUST002457,2024-01-18,Business_Loan,4360947.1,48,Retired,1,0.412,4,11,Approved,0.0
APP002458,CUST002458,2024-01-19,Home_Loan,4753496.0,300,Self_Employed,0,0.78,5,34,Approved,0.0
APP002459,CUST002459,2024-07-04,Credit_Card,206477.98,0,Salaried,4,0.568,2,27,Rejected,
APP002460,CUST002460,2025-03-23,Personal_Loan,976307.33,36,Salaried,4,0.696,5,15,Approved,1.0
APP002461,CUST002461,2025-03-25,Credit_Card,246420.09,0,Business_Owner,1,0.546,2,27,Approved,0.0
APP002462,CUST002462,2025-06-19,Auto_Loan,1213457.11,36,Retired,0,0.506,3,1,Approved,0.0
APP002463,CUST002463,2024-08-14,Auto_Loan,1082100.34,48,Self_Employed,2,0.394,3,21,Approved,0.0
APP002464,CUST002464,2025-08-26,Credit_Card,336654.64,0,Salaried,4,0.263,1,6,Rejected,
APP002465,CUST002465,2025-08-23,Auto_Loan,876748.11,36,Self_Employed,4,0.264,5,4,Approved,0.0
APP002466,CUST002466,2024-01-24,Personal_Loan,189084.46,60,Salaried,1,0.617,0,13,Approved,1.0
APP002467,CUST002467,2025-08-08,Personal_Loan,804523.14,48,Salaried,2,0.33,2,0,Rejected,
APP002468,CUST002468,2024-11-22,Auto_Loan,813290.5,84,Retired,4,0.271,3,7,Rejected,
APP002469,CUST002469,2025-05-03,Auto_Loan,748224.25,48,Salaried,0,0.75,2,1,Approved,0.0
APP002470,CUST002470,2025-05-20,Auto_Loan,1677589.39,84,Salaried,1,0.264,3,0,Approved,0.0
APP002471,CUST002471,2025-08-09,Credit_Card,201986.49,0,Salaried,3,0.578,5,5,Approved,1.0
APP002472,CUST002472,2023-11-16,Auto_Loan,347028.52,48,Self_Employed,4,0.17,3,75,Approved,1.0
APP002473,CUST002473,2025-10-06,Home_Loan,8556856.03,120,Salaried,1,0.547,2,1,Rejected,
APP002474,CUST002474,2025-05-22,Home_Loan,6001892.35,180,Salaried,1,0.698,0,3,Rejected,
APP002475,CUST002475,2023-12-17,Credit_Card,58956.24,0,Salaried,3,0.598,0,2,Approved,0.0
APP002476,CUST002476,2025-08-24,Personal_Loan,191481.65,60,Self_Employed,2,0.289,2,4,Approved,0.0
APP002477,CUST002477,2025-07-29,Home_Loan,9529659.17,120,Salaried,4,0.403,4,38,Approved,0.0
APP002478,CUST002478,2024-03-09,Auto_Loan,349655.91,36,Self_Employed,4,0.411,3,10,Rejected,
APP002479,CUST002479,2024-03-24,Auto_Loan,535257.28,60,Salaried,4,0.118,4,15,Approved,0.0
APP002480,CUST002480,2025-03-28,Auto_Loan,672960.73,84,Student,0,0.663,1,72,Approved,0.0
APP002481,CUST002481,2025-01-03,Personal_Loan,735685.12,48,Student,1,0.119,1,22,Rejected,
APP002482,CUST002482,2024-12-04,Personal_Loan,585246.26,24,Self_Employed,4,0.166,2,11,Approved,0.0
APP002483,CUST002483,2025-01-13,Credit_Card,273983.78,0,Self_Employed,2,0.514,1,4,Approved,1.0
APP002484,CUST002484,2024-06-01,Home_Loan,5155597.65,120,Salaried,4,0.555,0,13,Rejected,
APP002485,CUST002485,2025-04-25,Auto_Loan,765852.11,36,Salaried,1,0.116,3,3,Approved,0.0
APP002486,CUST002486,2025-05-26,Auto_Loan,290595.27,60,Salaried,2,0.598,4,7,Approved,0.0
APP002487,CUST002487,2024-11-03,Credit_Card,359708.89,0,Salaried,1,0.28,0,1,Approved,0.0
APP002488,CUST002488,2024-11-13,Auto_Loan,782000.71,36,Salaried,0,0.508,5,9,Approved,1.0
APP002489,CUST002489,2024-04-17,Auto_Loan,1483106.98,84,Self_Employed,2,0.503,1,15,Approved,0.0
APP002490,CUST002490,2024-10-26,Personal_Loan,748426.35,36,Self_Employed,4,0.357,3,13,Rejected,
APP002491,CUST002491,2024-06-10,Personal_Loan,346586.65,24,Salaried,0,0.537,1,4,Approved,1.0
APP002492,CUST002492,2024-05-24,Home_Loan,7650654.09,300,Business_Owner,3,0.534,2,14,Approved,0.0
APP002493,CUST002493,2024-06-10,Auto_Loan,1683169.58,48,Self_Employed,4,0.591,2,7,Approved,1.0
APP002494,CUST002494,2024-05-30,Auto_Loan,1465273.72,36,Salaried,3,0.265,3,1,Approved,0.0
APP002495,CUST002495,2025-06-09,Auto_Loan,1725240.27,36,Salaried,2,0.586,2,10,Approved,0.0
APP002496,CUST002496,2024-01-05,Business_Loan,119916.99,36,Self_Employed,2,0.576,1,9,Approved,0.0
APP002497,CUST002497,2025-04-02,Personal_Loan,123232.67,60,Retired,2,0.767,1,2,Rejected,
APP002498,CUST002498,2024-08-19,Personal_Loan,719689.96,36,Salaried,2,0.356,1,0,Approved,0.0
APP002499,CUST002499,2024-11-06,Home_Loan,9618977.73,240,Self_Employed,3,0.178,2,5,Rejected,
APP002500,CUST002500,2025-09-22,Credit_Card,118765.87,0,Salaried,4,0.421,4,30,Approved,0.0
APP002501,CUST002501,2024-12-22,Credit_Card,99385.75,0,Salaried,3,0.14,3,7,Rejected,
APP002502,CUST002502,2025-08-11,Home_Loan,1210602.53,120,Salaried,4,0.651,5,7,Approved,1.0
APP002503,CUST002503,2025-09-17,Auto_Loan,1869916.19,60,Salaried,2,0.278,0,15,Rejected,
APP002504,CUST002504,2023-12-05,Personal_Loan,165735.85,60,Student,1,0.114,1,58,Rejected,
APP002505,CUST002505,2024-07-03,Home_Loan,9334097.42,300,Salaried,3,0.557,2,0,Approved,1.0
APP002506,CUST002506,2025-07-07,Home_Loan,867219.26,240,Salaried,2,0.571,2,30,Approved,0.0
APP002507,CUST002507,2025-05-29,Personal_Loan,422464.92,36,Salaried,1,0.783,4,78,Approved,0.0
APP002508,CUST002508,2025-05-03,Business_Loan,4161530.6,24,Self_Employed,0,0.255,10,1,Approved,1.0
APP002509,CUST002509,2025-04-17,Personal_Loan,161753.55,60,Self_Employed,0,0.528,1,9,Rejected,
APP002510,CUST002510,2024-10-07,Business_Loan,3721107.56,48,Salaried,0,0.33,1,4,Rejected,
APP002511,CUST002511,2024-04-04,Credit_Card,130529.98,0,Business_Owner,1,0.573,1,5,Approved,1.0
APP002512,CUST002512,2025-03-25,Business_Loan,303993.83,12,Salaried,3,0.202,1,33,Rejected,
APP002513,CUST002513,2025-05-02,Personal_Loan,553246.36,24,Self_Employed,4,0.716,1,68,Rejected,
APP002514,CUST002514,2025-04-04,Credit_Card,86219.73,0,Self_Employed,4,0.462,2,0,Approved,0.0
APP002515,CUST002515,2024-09-13,Home_Loan,9425251.47,180,Salaried,3,0.677,1,20,Approved,1.0
APP002516,CUST002516,2023-11-18,Personal_Loan,551098.71,60,Student,0,0.432,0,10,Approved,0.0
APP002517,CUST002517,2024-07-20,Home_Loan,8459964.22,120,Salaried,4,0.604,1,8,Approved,0.0
APP002518,CUST002518,2025-10-31,Credit_Card,340679.45,0,Salaried,0,0.226,4,24,Approved,0.0
APP002519,CUST002519,2024-08-18,Home_Loan,8275106.75,180,Self_Employed,2,0.603,3,88,Approved,0.0
APP002520,CUST002520,2025-07-18,Business_Loan,543445.77,36,Salaried,3,0.676,1,0,Approved,0.0
APP002521,CUST002521,2023-11-17,Credit_Card,75749.79,0,Self_Employed,0,0.661,2,3,Approved,1.0
APP002522,CUST002522,2025-03-20,Auto_Loan,264468.74,36,Business_Owner,3,0.37,3,0,Approved,0.0
APP002523,CUST002523,2024-02-13,Home_Loan,9925177.58,300,Salaried,0,0.676,2,1,Approved,0.0
APP002524,CUST002524,2024-07-28,Personal_Loan,523494.95,60,Salaried,3,0.461,1,6,Rejected,
APP002525,CUST002525,2025-03-06,Auto_Loan,1854461.73,36,Self_Employed,4,0.572,0,11,Approved,0.0
APP002526,CUST002526,2024-07-03,Credit_Card,164681.97,0,Salaried,3,0.403,0,14,Approved,0.0
APP002527,CUST002527,2024-04-03,Auto_Loan,816880.82,84,Salaried,2,0.604,2,13,Rejected,
APP002528,CUST002528,2024-02-06,Auto_Loan,809800.18,48,Self_Employed,4,0.456,1,6,Approved,0.0
APP002529,CUST002529,2025-06-28,Personal_Loan,523350.96,24,Salaried,1,0.713,3,0,Approved,0.0
APP002530,CUST002530,2025-02-14,Credit_Card,104597.78,0,Business_Owner,4,0.62,0,1,Rejected,
APP002531,CUST002531,2024-06-24,Business_Loan,3760937.06,36,Student,2,0.188,0,24,Approved,0.0
APP002532,CUST002532,2025-03-24,Personal_Loan,943110.52,60,Business_Owner,0,0.384,3,5,Approved,0.0
APP002533,CUST002533,2024-02-23,Home_Loan,7511921.52,240,Salaried,2,0.416,0,1,Approved,0.0
APP002534,CUST002534,2025-02-25,Personal_Loan,395174.03,24,Student,4,0.252,3,26,Approved,0.0
APP002535,CUST002535,2025-01-28,Home_Loan,6166993.76,120,Self_Employed,0,0.2,5,1,Approved,0.0
APP002536,CUST002536,2024-11-17,Auto_Loan,1833068.12,48,Salaried,4,0.763,2,11,Approved,0.0
APP002537,CUST002537,2024-12-19,Business_Loan,2526824.54,12,Business_Owner,4,0.223,0,4,Rejected,
APP002538,CUST002538,2025-08-28,Credit_Card,366519.35,0,Salaried,0,0.152,3,2,Approved,0.0
APP002539,CUST002539,2024-03-13,Auto_Loan,1044864.69,60,Business_Owner,0,0.494,2,2,Approved,0.0
APP002540,CUST002540,2025-03-11,Personal_Loan,239647.97,48,Salaried,3,0.35,1,3,Approved,1.0
APP002541,CUST002541,2024-07-25,Home_Loan,2371463.55,240,Salaried,3,0.32,5,34,Approved,1.0
APP002542,CUST002542,2024-01-12,Credit_Card,258255.25,0,Self_Employed,0,0.533,1,51,Approved,0.0
APP002543,CUST002543,2024-06-26,Home_Loan,8345353.01,180,Student,0,0.534,3,104,Approved,0.0
APP002544,CUST002544,2024-06-18,Home_Loan,1106171.17,240,Student,3,0.417,3,0,Approved,0.0
APP002545,CUST002545,2025-06-30,Credit_Card,207355.51,0,Salaried,0,0.755,3,0,Approved,1.0
APP002546,CUST002546,2025-09-03,Home_Loan,1792490.11,180,Salaried,3,0.177,1,35,Approved,0.0
APP002547,CUST002547,2023-12-29,Personal_Loan,706138.69,24,Salaried,0,0.632,3,25,Rejected,
APP002548,CUST002548,2024-08-28,Business_Loan,1211814.29,12,Salaried,1,0.225,4,4,Approved,0.0
APP002549,CUST002549,2024-07-24,Credit_Card,102689.44,0,Student,2,0.774,2,7,Approved,1.0
APP002550,CUST002550,2023-12-08,Home_Loan,6070102.81,180,Student,2,0.501,1,2,Approved,0.0
APP002551,CUST002551,2024-07-09,Home_Loan,9170197.5,180,Salaried,1,0.408,3,14,Approved,0.0
APP002552,CUST002552,2025-02-02,Business_Loan,289367.62,24,Self_Employed,4,0.764,1,1,Approved,1.0
APP002553,CUST002553,2024-09-05,Credit_Card,209696.93,0,Salaried,2,0.566,1,76,Rejected,
APP002554,CUST002554,2025-07-28,Credit_Card,141617.61,0,Self_Employed,2,0.159,3,3,Approved,0.0
APP002555,CUST002555,2024-03-09,Business_Loan,3976474.02,24,Self_Employed,3,0.36,4,35,Rejected,
APP002556,CUST002556,2024-10-24,Personal_Loan,239685.93,24,Salaried,4,0.176,3,28,Approved,0.0
APP002557,CUST002557,2024-11-25,Auto_Loan,1409909.34,48,Salaried,3,0.104,2,1,Approved,0.0
APP002558,CUST002558,2025-06-22,Home_Loan,1630718.68,300,Student,3,0.476,11,3,Approved,0.0
APP002559,CUST002559,2024-06-27,Auto_Loan,1376492.67,84,Salaried,1,0.56,4,39,Approved,1.0
APP002560,CUST002560,2023-11-19,Business_Loan,2447802.0,60,Salaried,4,0.49,0,4,Approved,0.0
APP002561,CUST002561,2025-10-04,Auto_Loan,351625.03,84,Salaried,0,0.262,1,10,Rejected,
APP002562,CUST002562,2023-12-16,Auto_Loan,391140.97,60,Salaried,1,0.209,1,24,Approved,0.0
APP002563,CUST002563,2025-08-04,Home_Loan,5995143.79,180,Business_Owner,4,0.494,4,22,Approved,0.0
APP002564,CUST002564,2025-08-17,Home_Loan,702479.06,120,Salaried,0,0.354,2,11,Approved,0.0
APP002565,CUST002565,2024-03-12,Personal_Loan,743439.03,36,Salaried,2,0.172,1,12,Approved,0.0
APP002566,CUST002566,2025-02-12,Credit_Card,273371.57,0,Salaried,0,0.723,1,0,Approved,1.0
APP002567,CUST002567,2024-10-23,Home_Loan,4363878.52,240,Self_Employed,4,0.522,2,10,Approved,0.0
APP002568,CUST002568,2024-10-31,Auto_Loan,1520651.04,84,Salaried,3,0.796,2,10,Rejected,
APP002569,CUST002569,2023-11-17,Auto_Loan,903056.76,48,Salaried,4,0.54,1,2,Rejected,
APP002570,CUST002570,2024-05-08,Personal_Loan,458548.22,12,Business_Owner,2,0.594,1,20,Approved,0.0
APP002571,CUST002571,2025-04-30,Credit_Card,384429.28,0,Student,4,0.673,1,26,Approved,0.0
APP002572,CUST002572,2023-12-17,Personal_Loan,564505.76,12,Salaried,4,0.684,2,11,Approved,1.0
APP002573,CUST002573,2025-07-28,Auto_Loan,956947.64,48,Student,0,0.252,2,12,Approved,0.0
APP002574,CUST002574,2024-11-21,Personal_Loan,646631.94,12,Salaried,4,0.256,5,6,Approved,1.0
APP002575,CUST002575,2024-10-22,Personal_Loan,288043.41,24,Self_Employed,4,0.687,1,16,Approved,0.0
APP002576,CUST002576,2025-09-17,Home_Loan,7651500.13,240,Business_Owner,4,0.532,2,0,Approved,1.0
APP002577,CUST002577,2023-12-30,Credit_Card,483178.23,0,Business_Owner,2,0.773,3,71,Approved,0.0
APP002578,CUST002578,2024-01-18,Credit_Card,434572.12,0,Salaried,1,0.144,0,0,Rejected,
APP002579,CUST002579,2024-11-19,Business_Loan,1924014.73,60,Student,2,0.481,0,12,Approved,0.0
APP002580,CUST002580,2025-04-07,Home_Loan,687477.65,120,Salaried,2,0.199,2,1,Approved,0.0
APP002581,CUST002581,2025-07-06,Credit_Card,279610.74,0,Salaried,4,0.612,4,2,Approved,0.0
APP002582,CUST002582,2025-07-15,Home_Loan,9744575.47,120,Student,4,0.641,2,12,Approved,0.0
APP002583,CUST002583,2025-01-06,Home_Loan,9157464.23,120,Salaried,3,0.471,0,10,Approved,0.0
APP002584,CUST002584,2024-06-08,Home_Loan,1005174.44,120,Self_Employed,0,0.658,1,30,Approved,0.0
APP002585,CUST002585,2024-10-22,Home_Loan,5882622.62,120,Salaried,3,0.175,0,7,Rejected,
APP002586,CUST002586,2025-08-21,Credit_Card,427179.98,0,Salaried,3,0.253,1,5,Rejected,
APP002587,CUST002587,2025-07-20,Auto_Loan,1541599.75,84,Salaried,3,0.634,2,9,Rejected,
APP002588,CUST002588,2024-06-21,Personal_Loan,159214.35,24,Salaried,1,0.503,3,1,Rejected,
APP002589,CUST002589,2025-03-12,Auto_Loan,1529095.31,48,Business_Owner,1,0.379,1,16,Approved,0.0
APP002590,CUST002590,2025-06-12,Business_Loan,3215047.05,48,Salaried,4,0.419,4,15,Rejected,
APP002591,CUST002591,2024-09-16,Personal_Loan,144265.79,24,Salaried,3,0.263,1,7,Approved,1.0
APP002592,CUST002592,2025-02-16,Credit_Card,80097.21,0,Salaried,2,0.562,3,75,Rejected,
APP002593,CUST002593,2024-05-21,Home_Loan,4989332.61,120,Self_Employed,4,0.54,2,2,Approved,0.0
APP002594,CUST002594,2025-01-19,Credit_Card,369250.12,0,Salaried,3,0.739,3,10,Rejected,
APP002595,CUST002595,2024-09-27,Personal_Loan,170068.69,48,Salaried,3,0.675,2,8,Approved,0.0
APP002596,CUST002596,2024-09-05,Home_Loan,7563558.58,300,Salaried,3,0.503,2,1,Approved,1.0
APP002597,CUST002597,2024-11-10,Home_Loan,7826396.99,300,Salaried,0,0.572,1,8,Approved,0.0
APP002598,CUST002598,2024-01-14,Auto_Loan,1204518.6,60,Salaried,4,0.381,0,0,Rejected,
APP002599,CUST002599,2024-09-04,Auto_Loan,1214089.79,60,Self_Employed,0,0.581,1,66,Rejected,
APP002600,CUST002600,2024-04-11,Auto_Loan,1848173.87,48,Business_Owner,1,0.341,1,5,Rejected,
APP002601,CUST002601,2025-08-09,Home_Loan,7940117.86,240,Business_Owner,3,0.204,3,34,Approved,1.0
APP002602,CUST002602,2025-07-16,Business_Loan,3451960.81,12,Salaried,2,0.402,4,19,Approved,0.0
APP002603,CUST002603,2025-03-20,Home_Loan,632377.71,240,Business_Owner,0,0.733,2,13,Approved,0.0
APP002604,CUST002604,2025-02-24,Personal_Loan,918650.21,36,Self_Employed,2,0.2,5,38,Approved,0.0
APP002605,CUST002605,2023-12-21,Auto_Loan,1062418.06,60,Salaried,2,0.691,1,51,Approved,0.0
APP002606,CUST002606,2025-05-27,Home_Loan,1077140.87,300,Salaried,2,0.677,2,0,Approved,0.0
APP002607,CUST002607,2024-11-25,Auto_Loan,1409113.87,60,Salaried,2,0.471,4,10,Rejected,
APP002608,CUST002608,2024-09-03,Home_Loan,2148729.47,180,Salaried,2,0.382,1,32,Approved,0.0
APP002609,CUST002609,2025-02-07,Home_Loan,517700.56,300,Business_Owner,2,0.602,1,15,Approved,0.0
APP002610,CUST002610,2025-04-29,Auto_Loan,1547100.28,60,Salaried,0,0.615,3,35,Approved,0.0
APP002611,CUST002611,2024-09-24,Personal_Loan,610117.86,12,Salaried,2,0.795,0,32,Approved,1.0
APP002612,CUST002612,2024-12-14,Business_Loan,1907428.15,48,Salaried,2,0.227,0,5,Approved,0.0
APP002613,CUST002613,2024-06-19,Personal_Loan,924424.64,12,Retired,1,0.475,1,0,Approved,1.0
APP002614,CUST002614,2024-04-03,Business_Loan,4873664.3,48,Self_Employed,0,0.345,2,72,Approved,0.0
APP002615,CUST002615,2025-05-26,Credit_Card,176666.34,0,Salaried,4,0.336,1,10,Approved,0.0
APP002616,CUST002616,2024-12-26,Home_Loan,9275724.56,240,Salaried,0,0.712,2,4,Rejected,
APP002617,CUST002617,2025-05-20,Personal_Loan,944325.44,36,Self_Employed,2,0.673,1,23,Approved,0.0
APP002618,CUST002618,2024-08-25,Home_Loan,5455202.77,180,Retired,1,0.25,1,2,Approved,1.0
APP002619,CUST002619,2025-10-29,Personal_Loan,983818.15,36,Salaried,1,0.661,3,28,Approved,0.0
APP002620,CUST002620,2025-01-29,Home_Loan,7099475.58,120,Salaried,0,0.795,1,10,Approved,0.0
APP002621,CUST002621,2024-09-13,Auto_Loan,239858.81,36,Salaried,4,0.656,2,1,Rejected,
APP002622,CUST002622,2024-07-20,Credit_Card,182749.71,0,Salaried,3,0.18,1,1,Rejected,
APP002623,CUST002623,2023-11-19,Personal_Loan,506454.99,60,Salaried,4,0.569,3,1,Approved,1.0
APP002624,CUST002624,2025-02-17,Auto_Loan,680383.32,60,Self_Employed,0,0.352,3,32,Approved,0.0
APP002625,CUST002625,2024-12-02,Home_Loan,5433430.0,240,Salaried,2,0.382,3,3,Approved,0.0
APP002626,CUST002626,2024-02-22,Business_Loan,3237370.34,48,Salaried,3,0.546,1,0,Rejected,
APP002627,CUST002627,2024-12-12,Personal_Loan,102157.32,24,Salaried,1,0.433,3,116,Approved,0.0
APP002628,CUST002628,2023-11-23,Auto_Loan,244314.71,36,Salaried,0,0.607,2,0,Rejected,
APP002629,CUST002629,2025-10-31,Personal_Loan,808842.35,36,Salaried,1,0.371,5,7,Approved,1.0
APP002630,CUST002630,2025-08-04,Credit_Card,376454.94,0,Student,4,0.345,5,2,Approved,0.0
APP002631,CUST002631,2024-08-27,Home_Loan,2461376.4,120,Salaried,3,0.467,1,2,Approved,0.0
APP002632,CUST002632,2025-06-29,Auto_Loan,969152.96,36,Salaried,2,0.672,2,51,Approved,1.0
APP002633,CUST002633,2025-07-27,Auto_Loan,1901064.87,36,Self_Employed,4,0.726,1,5,Approved,0.0
APP002634,CUST002634,2025-03-25,Home_Loan,9601850.5,120,Salaried,2,0.589,4,1,Approved,0.0
APP002635,CUST002635,2024-07-25,Credit_Card,140340.89,0,Salaried,0,0.4,1,49,Approved,0.0
APP002636,CUST002636,2024-05-13,Credit_Card,369628.14,0,Self_Employed,0,0.293,0,6,Approved,1.0
APP002637,CUST002637,2024-02-15,Credit_Card,81496.21,0,Business_Owner,4,0.705,1,12,Approved,0.0
APP002638,CUST002638,2025-09-23,Credit_Card,483016.83,0,Salaried,4,0.752,2,60,Rejected,
APP002639,CUST002639,2024-11-14,Auto_Loan,948308.81,84,Salaried,1,0.726,1,7,Rejected,
APP002640,CUST002640,2024-10-19,Personal_Loan,66306.4,60,Salaried,4,0.706,7,3,Approved,1.0
APP002641,CUST002641,2024-01-28,Personal_Loan,533484.44,36,Retired,2,0.674,4,15,Approved,0.0
APP002642,CUST002642,2024-04-24,Personal_Loan,538911.08,12,Business_Owner,1,0.151,1,7,Approved,0.0
APP002643,CUST002643,2023-12-10,Business_Loan,420002.74,48,Salaried,2,0.212,2,18,Approved,0.0
APP002644,CUST002644,2025-07-17,Business_Loan,626130.24,36,Self_Employed,3,0.226,5,12,Approved,1.0
APP002645,CUST002645,2024-07-16,Auto_Loan,887084.16,84,Business_Owner,4,0.175,4,62,Rejected,
APP002646,CUST002646,2023-12-25,Auto_Loan,1361718.85,48,Salaried,1,0.29,0,1,Rejected,
APP002647,CUST002647,2024-10-11,Credit_Card,171982.02,0,Salaried,4,0.32,4,1,Approved,0.0
APP002648,CUST002648,2025-10-13,Credit_Card,174245.63,0,Self_Employed,2,0.476,1,3,Approved,0.0
APP002649,CUST002649,2024-01-18,Home_Loan,4288456.59,180,Retired,0,0.712,1,23,Rejected,
APP002650,CUST002650,2024-05-08,Personal_Loan,174778.95,36,Salaried,1,0.443,4,1,Rejected,
APP002651,CUST002651,2024-02-04,Auto_Loan,1424808.48,36,Self_Employed,2,0.711,0,2,Approved,0.0
APP002652,CUST002652,2024-10-07,Credit_Card,123452.38,0,Salaried,2,0.26,2,2,Approved,0.0
APP002653,CUST002653,2025-09-23,Home_Loan,6611418.19,180,Salaried,1,0.486,1,12,Rejected,
APP002654,CUST002654,2025-08-22,Personal_Loan,369182.34,24,Salaried,4,0.724,2,10,Approved,1.0
APP002655,CUST002655,2025-02-10,Personal_Loan,531378.41,24,Salaried,1,0.447,3,7,Rejected,
APP002656,CUST002656,2023-12-13,Auto_Loan,1008288.56,84,Salaried,0,0.231,2,10,Approved,0.0
APP002657,CUST002657,2024-04-01,Personal_Loan,588150.32,60,Retired,2,0.351,0,0,Approved,0.0
APP002658,CUST002658,2024-11-29,Credit_Card,268128.38,0,Salaried,1,0.514,3,30,Approved,0.0
APP002659,CUST002659,2025-10-25,Credit_Card,492293.23,0,Self_Employed,0,0.164,2,0,Approved,0.0
APP002660,CUST002660,2025-05-14,Auto_Loan,1089286.61,60,Salaried,3,0.582,2,1,Approved,0.0
APP002661,CUST002661,2025-09-28,Auto_Loan,347629.26,60,Retired,1,0.191,1,6,Approved,0.0
APP002662,CUST002662,2025-06-27,Home_Loan,9079401.4,180,Salaried,3,0.364,3,2,Approved,0.0
APP002663,CUST002663,2025-08-22,Home_Loan,1424205.1,180,Salaried,1,0.555,3,53,Rejected,
APP002664,CUST002664,2025-10-08,Home_Loan,7507920.76,240,Salaried,2,0.627,3,0,Approved,1.0
APP002665,CUST002665,2024-08-05,Personal_Loan,201197.67,12,Self_Employed,1,0.784,3,8,Approved,0.0
APP002666,CUST002666,2024-08-13,Auto_Loan,906452.87,84,Salaried,0,0.636,2,33,Rejected,
APP002667,CUST002667,2023-12-25,Home_Loan,3371810.28,300,Business_Owner,2,0.101,3,3,Approved,0.0
APP002668,CUST002668,2025-01-19,Home_Loan,9439043.58,180,Business_Owner,1,0.587,1,16,Rejected,
APP002669,CUST002669,2024-10-10,Personal_Loan,407213.39,36,Salaried,1,0.429,2,2,Approved,0.0
APP002670,CUST002670,2025-10-19,Personal_Loan,657579.43,24,Salaried,0,0.677,6,1,Approved,0.0
APP002671,CUST002671,2025-06-24,Personal_Loan,343378.72,60,Self_Employed,4,0.203,1,17,Approved,0.0
APP002672,CUST002672,2024-06-27,Personal_Loan,121532.33,12,Self_Employed,3,0.702,1,7,Rejected,
APP002673,CUST002673,2024-05-09,Business_Loan,4731685.55,48,Business_Owner,4,0.305,2,8,Approved,0.0
APP002674,CUST002674,2023-12-05,Home_Loan,7493507.67,300,Self_Employed,1,0.461,3,8,Approved,0.0
APP002675,CUST002675,2024-12-06,Personal_Loan,139906.01,24,Salaried,2,0.551,1,0,Approved,1.0
APP002676,CUST002676,2024-08-04,Business_Loan,2404246.87,48,Student,3,0.659,3,0,Rejected,
APP002677,CUST002677,2025-06-13,Auto_Loan,1211580.45,36,Self_Employed,1,0.376,4,4,Rejected,
APP002678,CUST002678,2025-10-12,Auto_Loan,235448.21,48,Salaried,4,0.4,0,34,Approved,0.0
APP002679,CUST002679,2025-07-17,Home_Loan,2470624.54,180,Salaried,0,0.717,0,3,Approved,1.0
APP002680,CUST002680,2024-12-30,Home_Loan,5919155.13,120,Business_Owner,4,0.634,3,21,Rejected,
APP002681,CUST002681,2025-02-19,Personal_Loan,777990.46,48,Salaried,0,0.588,2,23,Approved,0.0
APP002682,CUST002682,2024-12-28,Personal_Loan,831852.57,36,Self_Employed,0,0.115,3,41,Approved,0.0
APP002683,CUST002683,2025-10-03,Business_Loan,4722421.37,60,Business_Owner,0,0.253,3,33,Approved,1.0
APP002684,CUST002684,2024-10-31,Personal_Loan,762608.17,48,Salaried,0,0.788,1,1,Approved,1.0
APP002685,CUST002685,2025-07-13,Credit_Card,249698.95,0,Salaried,1,0.602,2,0,Rejected,
APP002686,CUST002686,2024-01-05,Personal_Loan,484039.23,48,Salaried,0,0.218,3,27,Approved,0.0
APP002687,CUST002687,2025-08-26,Personal_Loan,496079.19,36,Salaried,2,0.723,1,9,Rejected,
APP002688,CUST002688,2023-11-09,Personal_Loan,76824.38,60,Salaried,4,0.537,2,0,Rejected,
APP002689,CUST002689,2025-03-08,Home_Loan,5539236.27,240,Salaried,1,0.48,1,3,Approved,0.0
APP002690,CUST002690,2024-01-10,Home_Loan,7186831.31,240,Salaried,2,0.733,1,10,Rejected,
APP002691,CUST002691,2023-11-26,Home_Loan,805044.94,240,Salaried,2,0.409,2,67,Approved,0.0
APP002692,CUST002692,2025-04-16,Personal_Loan,866121.97,60,Salaried,0,0.272,5,5,Approved,0.0
APP002693,CUST002693,2025-07-14,Credit_Card,78322.63,0,Business_Owner,0,0.103,1,4,Approved,0.0
APP002694,CUST002694,2025-07-19,Home_Loan,1201826.56,120,Self_Employed,0,0.529,3,12,Approved,0.0
APP002695,CUST002695,2024-11-14,Business_Loan,4769940.88,48,Salaried,1,0.193,4,0,Approved,0.0
APP002696,CUST002696,2025-03-31,Personal_Loan,497439.64,48,Retired,4,0.239,0,8,Approved,0.0
APP002697,CUST002697,2024-04-30,Credit_Card,441779.77,0,Salaried,0,0.345,2,46,Approved,0.0
APP002698,CUST002698,2023-12-29,Credit_Card,283689.59,0,Retired,4,0.603,2,54,Approved,0.0
APP002699,CUST002699,2023-12-02,Home_Loan,6456521.8,180,Salaried,0,0.26,1,21,Approved,0.0
APP002700,CUST002700,2024-11-09,Home_Loan,7761102.13,120,Business_Owner,2,0.514,2,2,Rejected,
APP002701,CUST002701,2025-05-13,Home_Loan,7851644.3,180,Salaried,4,0.679,2,4,Approved,0.0
APP002702,CUST002702,2025-07-14,Home_Loan,9393389.06,300,Salaried,4,0.416,3,66,Approved,0.0
APP002703,CUST002703,2024-11-04,Personal_Loan,806000.66,12,Self_Employed,0,0.199,2,2,Approved,0.0
APP002704,CUST002704,2025-08-06,Home_Loan,9358642.73,120,Salaried,0,0.313,2,9,Approved,0.0
APP002705,CUST002705,2024-12-04,Business_Loan,3995015.29,36,Salaried,1,0.64,3,1,Approved,0.0
APP002706,CUST002706,2025-01-17,Auto_Loan,1776298.03,60,Self_Employed,3,0.12,2,10,Approved,0.0
APP002707,CUST002707,2024-03-29,Credit_Card,392175.96,0,Self_Employed,0,0.357,1,47,Rejected,
APP002708,CUST002708,2025-02-01,Auto_Loan,736349.23,36,Business_Owner,4,0.181,2,15,Approved,0.0
APP002709,CUST002709,2025-05-01,Personal_Loan,617459.21,24,Business_Owner,2,0.7,3,11,Approved,1.0
APP002710,CUST002710,2025-05-21,Home_Loan,7318781.27,240,Salaried,4,0.63,4,5,Approved,0.0
APP002711,CUST002711,2025-01-22,Personal_Loan,876608.2,48,Self_Employed,3,0.645,2,18,Approved,1.0
APP002712,CUST002712,2024-09-15,Personal_Loan,971829.42,24,Salaried,3,0.407,3,10,Approved,1.0
APP002713,CUST002713,2025-09-12,Home_Loan,969966.65,180,Salaried,4,0.251,3,22,Approved,0.0
APP002714,CUST002714,2024-10-09,Home_Loan,2454216.96,300,Self_Employed,4,0.488,2,0,Rejected,
APP002715,CUST002715,2023-12-21,Home_Loan,1206783.59,120,Salaried,2,0.505,1,22,Approved,0.0
APP002716,CUST002716,2024-12-13,Home_Loan,7646189.34,300,Salaried,2,0.525,2,6,Approved,0.0
APP002717,CUST002717,2024-08-25,Credit_Card,118391.59,0,Salaried,0,0.775,1,0,Approved,0.0
APP002718,CUST002718,2024-12-03,Auto_Loan,587002.86,84,Salaried,1,0.191,3,0,Rejected,
APP002719,CUST002719,2025-09-22,Credit_Card,430462.51,0,Salaried,3,0.658,3,34,Approved,0.0
APP002720,CUST002720,2025-07-06,Home_Loan,6141644.08,180,Salaried,1,0.406,3,8,Approved,0.0
APP002721,CUST002721,2024-03-26,Home_Loan,1976735.64,180,Self_Employed,4,0.694,1,70,Rejected,
APP002722,CUST002722,2025-09-10,Credit_Card,153485.21,0,Salaried,0,0.642,5,7,Approved,0.0
APP002723,CUST002723,2024-08-12,Personal_Loan,503846.76,60,Self_Employed,3,0.228,1,0,Approved,0.0
APP002724,CUST002724,2025-09-02,Business_Loan,2848952.71,12,Business_Owner,3,0.316,2,12,Approved,0.0
APP002725,CUST002725,2024-08-03,Home_Loan,2885754.87,240,Salaried,2,0.392,4,0,Approved,0.0
APP002726,CUST002726,2023-11-25,Personal_Loan,528114.69,24,Self_Employed,2,0.226,2,5,Approved,0.0
APP002727,CUST002727,2024-04-06,Credit_Card,119356.79,0,Salaried,3,0.74,2,25,Approved,1.0
APP002728,CUST002728,2024-10-27,Business_Loan,4928398.54,48,Salaried,4,0.379,2,66,Approved,1.0
APP002729,CUST002729,2024-12-07,Home_Loan,3283207.61,300,Salaried,0,0.744,1,18,Approved,0.0
APP002730,CUST002730,2024-11-30,Business_Loan,3530048.92,60,Salaried,4,0.543,1,41,Approved,0.0
APP002731,CUST002731,2024-03-04,Credit_Card,449259.89,0,Salaried,2,0.275,4,43,Rejected,
APP002732,CUST002732,2025-06-02,Business_Loan,388237.89,12,Self_Employed,3,0.642,0,6,Rejected,
APP002733,CUST002733,2025-11-03,Personal_Loan,89330.99,60,Salaried,4,0.624,3,18,Rejected,
APP002734,CUST002734,2025-03-28,Personal_Loan,599667.56,36,Student,3,0.515,0,14,Approved,0.0
APP002735,CUST002735,2025-05-14,Credit_Card,138220.18,0,Salaried,4,0.343,1,0,Approved,0.0
APP002736,CUST002736,2023-11-28,Personal_Loan,617897.8,60,Salaried,1,0.742,2,45,Rejected,
APP002737,CUST002737,2024-01-30,Home_Loan,9769681.37,300,Self_Employed,2,0.288,4,35,Rejected,
APP002738,CUST002738,2024-09-07,Personal_Loan,96721.89,12,Salaried,2,0.149,2,7,Rejected,
APP002739,CUST002739,2025-04-15,Business_Loan,2346283.6,48,Salaried,2,0.463,4,89,Approved,0.0
APP002740,CUST002740,2024-04-16,Auto_Loan,1862212.35,36,Salaried,0,0.473,1,3,Approved,0.0
APP002741,CUST002741,2024-06-03,Home_Loan,3745042.18,120,Business_Owner,1,0.532,1,29,Rejected,
APP002742,CUST002742,2025-10-04,Home_Loan,4749031.58,240,Salaried,2,0.691,3,7,Approved,0.0
APP002743,CUST002743,2024-04-30,Credit_Card,303544.6,0,Self_Employed,0,0.175,1,41,Approved,0.0
APP002744,CUST002744,2025-07-18,Auto_Loan,1437219.96,60,Salaried,4,0.157,1,17,Approved,0.0
APP002745,CUST002745,2023-11-29,Credit_Card,233882.93,0,Salaried,2,0.508,2,29,Approved,0.0
APP002746,CUST002746,2025-01-16,Personal_Loan,125068.24,60,Business_Owner,2,0.445,1,1,Approved,0.0
APP002747,CUST002747,2024-05-30,Personal_Loan,717453.97,24,Salaried,0,0.383,2,2,Approved,0.0
APP002748,CUST002748,2024-06-17,Auto_Loan,1667182.48,36,Salaried,4,0.292,1,0,Approved,0.0
APP002749,CUST002749,2025-07-01,Home_Loan,9885176.91,240,Salaried,0,0.223,3,56,Approved,1.0
APP002750,CUST002750,2025-07-22,Personal_Loan,427509.63,24,Salaried,3,0.595,2,1,Rejected,
APP002751,CUST002751,2025-09-04,Credit_Card,426220.35,0,Self_Employed,0,0.561,1,22,Approved,0.0
APP002752,CUST002752,2025-04-22,Personal_Loan,347457.5,12,Student,0,0.163,6,45,Rejected,
APP002753,CUST002753,2023-12-22,Credit_Card,100836.69,0,Salaried,0,0.743,2,77,Rejected,
APP002754,CUST002754,2025-02-26,Personal_Loan,921315.03,12,Salaried,2,0.614,2,1,Approved,1.0
APP002755,CUST002755,2024-03-14,Home_Loan,1789731.73,120,Salaried,0,0.586,2,22,Rejected,
APP002756,CUST002756,2024-07-11,Home_Loan,7011477.79,120,Self_Employed,1,0.589,2,1,Approved,0.0
APP002757,CUST002757,2024-01-03,Personal_Loan,74506.63,24,Salaried,1,0.634,2,0,Approved,1.0
APP002758,CUST002758,2024-10-27,Personal_Loan,133413.52,36,Self_Employed,3,0.122,3,37,Rejected,
APP002759,CUST002759,2025-07-30,Auto_Loan,1053510.62,48,Self_Employed,2,0.431,1,0,Approved,0.0
APP002760,CUST002760,2025-03-19,Home_Loan,1474805.87,300,Retired,0,0.415,2,2,Approved,0.0
APP002761,CUST002761,2024-01-15,Personal_Loan,455083.41,48,Student,2,0.151,2,22,Approved,0.0
APP002762,CUST002762,2024-06-30,Personal_Loan,699382.89,36,Salaried,1,0.157,1,9,Approved,0.0
APP002763,CUST002763,2025-08-17,Home_Loan,7174428.53,240,Self_Employed,4,0.236,4,38,Rejected,
APP002764,CUST002764,2025-07-13,Auto_Loan,1726639.62,36,Salaried,1,0.753,4,0,Rejected,
APP002765,CUST002765,2024-04-19,Personal_Loan,841051.56,60,Salaried,2,0.42,0,90,Rejected,
APP002766,CUST002766,2024-10-16,Business_Loan,3324793.57,48,Salaried,3,0.568,3,13,Rejected,
APP002767,CUST002767,2025-10-27,Personal_Loan,202791.15,36,Salaried,4,0.34,1,39,Approved,1.0
APP002768,CUST002768,2024-11-23,Auto_Loan,230454.28,60,Salaried,1,0.388,1,35,Approved,0.0
APP002769,CUST002769,2025-08-24,Home_Loan,922575.26,240,Salaried,3,0.496,1,16,Approved,0.0
APP002770,CUST002770,2025-02-15,Personal_Loan,899184.62,36,Salaried,4,0.221,2,2,Rejected,
APP002771,CUST002771,2024-06-13,Personal_Loan,650749.85,48,Salaried,1,0.675,1,21,Approved,0.0
APP002772,CUST002772,2023-12-09,Personal_Loan,345587.6,24,Business_Owner,3,0.345,1,2,Rejected,
APP002773,CUST002773,2023-12-11,Home_Loan,7487864.35,120,Business_Owner,4,0.54,3,8,Approved,0.0
APP002774,CUST002774,2024-06-12,Personal_Loan,816380.57,60,Salaried,1,0.437,0,10,Approved,0.0
APP002775,CUST002775,2024-01-24,Credit_Card,172611.93,0,Salaried,3,0.319,3,2,Approved,0.0
APP002776,CUST002776,2025-07-17,Business_Loan,2543210.0,36,Self_Employed,4,0.531,2,0,Rejected,
APP002777,CUST002777,2025-02-15,Personal_Loan,85387.38,24,Salaried,1,0.273,2,15,Approved,0.0
APP002778,CUST002778,2024-07-16,Personal_Loan,524256.54,60,Self_Employed,0,0.752,2,11,Approved,1.0
APP002779,CUST002779,2025-09-04,Personal_Loan,904779.81,48,Self_Employed,2,0.677,3,1,Approved,1.0
APP002780,CUST002780,2025-04-17,Personal_Loan,157172.69,36,Self_Employed,2,0.647,1,15,Approved,0.0
APP002781,CUST002781,2024-02-20,Credit_Card,238080.77,0,Salaried,4,0.629,1,32,Approved,1.0
APP002782,CUST002782,2025-06-13,Personal_Loan,195541.29,24,Salaried,2,0.697,1,0,Approved,0.0
APP002783,CUST002783,2023-12-06,Personal_Loan,146781.16,36,Salaried,4,0.403,2,49,Approved,0.0
APP002784,CUST002784,2025-02-19,Home_Loan,5158347.04,300,Salaried,2,0.314,2,1,Approved,0.0
APP002785,CUST002785,2025-01-19,Personal_Loan,945600.8,60,Student,1,0.561,1,36,Approved,0.0
APP002786,CUST002786,2025-04-22,Home_Loan,7204514.35,240,Salaried,1,0.793,0,5,Approved,1.0
APP002787,CUST002787,2024-02-08,Business_Loan,3784873.24,48,Salaried,0,0.572,2,56,Approved,0.0
APP002788,CUST002788,2024-10-29,Home_Loan,4136634.16,180,Salaried,4,0.575,2,0,Rejected,
APP002789,CUST002789,2025-10-23,Business_Loan,4920128.09,12,Salaried,0,0.764,1,13,Rejected,
APP002790,CUST002790,2024-02-13,Home_Loan,4338252.2,180,Salaried,2,0.601,2,1,Approved,0.0
APP002791,CUST002791,2024-05-21,Credit_Card,387963.4,0,Business_Owner,0,0.724,3,44,Approved,0.0
APP002792,CUST002792,2023-12-29,Home_Loan,2041530.67,240,Business_Owner,2,0.176,1,14,Approved,0.0
APP002793,CUST002793,2025-07-08,Auto_Loan,401588.36,60,Salaried,3,0.782,0,0,Approved,0.0
APP002794,CUST002794,2024-01-25,Auto_Loan,1818995.65,60,Salaried,1,0.157,3,0,Rejected,
APP002795,CUST002795,2024-01-05,Home_Loan,7733442.95,240,Salaried,0,0.266,0,11,Approved,0.0
APP002796,CUST002796,2024-09-06,Credit_Card,479725.44,0,Self_Employed,4,0.712,2,3,Rejected,
APP002797,CUST002797,2025-09-16,Home_Loan,1215478.64,240,Salaried,1,0.542,1,1,Approved,0.0
APP002798,CUST002798,2024-09-03,Credit_Card,322351.88,0,Salaried,1,0.665,4,30,Approved,0.0
APP002799,CUST002799,2025-08-07,Home_Loan,7709489.72,120,Salaried,4,0.599,0,4,Approved,1.0
APP002800,CUST002800,2025-10-26,Credit_Card,397725.19,0,Salaried,4,0.103,3,54,Rejected,
APP002801,CUST002801,2023-11-13,Credit_Card,91331.93,0,Retired,2,0.287,1,7,Approved,0.0
APP002802,CUST002802,2025-10-16,Home_Loan,8539068.18,120,Self_Employed,0,0.64,2,0,Approved,0.0
APP002803,CUST002803,2025-06-01,Auto_Loan,426349.78,60,Student,1,0.491,1,12,Approved,0.0
APP002804,CUST002804,2023-11-11,Personal_Loan,385367.08,12,Salaried,0,0.145,5,10,Rejected,
APP002805,CUST002805,2025-08-08,Home_Loan,666899.85,300,Salaried,4,0.766,2,22,Rejected,
APP002806,CUST002806,2024-09-06,Personal_Loan,453395.34,36,Salaried,2,0.518,0,20,Approved,0.0
APP002807,CUST002807,2025-04-09,Auto_Loan,1403908.69,36,Student,2,0.33,1,57,Rejected,
APP002808,CUST002808,2024-09-03,Business_Loan,4914308.29,12,Salaried,3,0.578,2,24,Approved,1.0
APP002809,CUST002809,2025-08-01,Home_Loan,7171355.81,180,Retired,0,0.707,0,2,Rejected,
APP002810,CUST002810,2024-08-14,Home_Loan,9138058.26,300,Salaried,4,0.495,1,7,Approved,0.0
APP002811,CUST002811,2023-11-09,Home_Loan,850282.94,300,Salaried,2,0.519,3,13,Approved,0.0
APP002812,CUST002812,2024-04-18,Personal_Loan,810814.08,60,Self_Employed,1,0.725,2,30,Approved,0.0
APP002813,CUST002813,2024-11-28,Credit_Card,487924.44,0,Salaried,4,0.449,2,6,Approved,1.0
APP002814,CUST002814,2024-11-16,Credit_Card,105909.6,0,Business_Owner,4,0.667,3,32,Rejected,
APP002815,CUST002815,2024-02-03,Personal_Loan,234538.88,12,Salaried,3,0.327,0,36,Approved,0.0
APP002816,CUST002816,2024-12-25,Personal_Loan,162108.43,12,Salaried,4,0.578,1,2,Approved,0.0
APP002817,CUST002817,2025-08-25,Personal_Loan,230310.28,12,Business_Owner,4,0.755,0,6,Approved,0.0
APP002818,CUST002818,2024-12-25,Personal_Loan,84274.45,36,Self_Employed,2,0.529,2,67,Rejected,
APP002819,CUST002819,2025-08-28,Home_Loan,3521355.14,240,Salaried,1,0.108,0,38,Approved,0.0
APP002820,CUST002820,2024-06-01,Personal_Loan,755155.5,60,Salaried,3,0.156,5,4,Rejected,
APP002821,CUST002821,2025-09-10,Auto_Loan,629191.42,60,Salaried,4,0.292,4,3,Approved,0.0
APP002822,CUST002822,2025-10-24,Credit_Card,312439.94,0,Salaried,2,0.384,3,0,Approved,0.0
APP002823,CUST002823,2025-06-19,Personal_Loan,809625.31,12,Salaried,1,0.744,0,77,Rejected,
APP002824,CUST002824,2025-10-04,Personal_Loan,202069.99,60,Self_Employed,4,0.274,3,2,Approved,0.0
APP002825,CUST002825,2024-06-24,Personal_Loan,144777.95,12,Self_Employed,2,0.123,0,26,Approved,0.0
APP002826,CUST002826,2025-07-01,Home_Loan,4266571.3,300,Salaried,0,0.666,4,3,Rejected,
APP002827,CUST002827,2023-12-02,Personal_Loan,850331.01,12,Business_Owner,2,0.506,5,6,Approved,0.0
APP002828,CUST002828,2025-02-05,Home_Loan,3587100.91,240,Business_Owner,1,0.519,1,12,Rejected,
APP002829,CUST002829,2024-06-29,Personal_Loan,79912.74,36,Salaried,3,0.765,1,10,Approved,1.0
APP002830,CUST002830,2025-10-08,Home_Loan,2146825.93,300,Business_Owner,3,0.369,4,11,Approved,1.0
APP002831,CUST002831,2025-09-11,Credit_Card,279402.64,0,Salaried,4,0.358,2,5,Approved,0.0
APP002832,CUST002832,2025-04-27,Auto_Loan,933815.62,84,Self_Employed,2,0.276,0,24,Approved,0.0
APP002833,CUST002833,2024-11-09,Auto_Loan,916910.59,36,Self_Employed,3,0.388,4,12,Rejected,
APP002834,CUST002834,2024-02-09,Credit_Card,119112.06,0,Student,1,0.155,1,2,Approved,1.0
APP002835,CUST002835,2025-08-19,Personal_Loan,151317.73,48,Salaried,0,0.265,2,0,Approved,0.0
APP002836,CUST002836,2025-06-25,Auto_Loan,1155672.97,84,Student,4,0.702,1,2,Rejected,
APP002837,CUST002837,2024-07-05,Auto_Loan,1353892.27,36,Self_Employed,4,0.383,3,89,Approved,0.0
APP002838,CUST002838,2024-06-26,Personal_Loan,337336.42,60,Salaried,2,0.797,1,28,Approved,1.0
APP002839,CUST002839,2023-12-07,Personal_Loan,319418.52,36,Salaried,1,0.154,4,113,Approved,0.0
APP002840,CUST002840,2025-11-01,Personal_Loan,359669.63,60,Salaried,1,0.335,1,0,Approved,1.0
APP002841,CUST002841,2025-09-19,Personal_Loan,833095.48,36,Salaried,0,0.265,2,4,Approved,0.0
APP002842,CUST002842,2025-02-21,Personal_Loan,849252.36,24,Salaried,4,0.496,2,0,Rejected,
APP002843,CUST002843,2024-02-23,Auto_Loan,1342935.12,48,Self_Employed,2,0.738,2,40,Approved,0.0
APP002844,CUST002844,2024-11-30,Home_Loan,5272734.39,120,Salaried,1,0.73,2,1,Rejected,
APP002845,CUST002845,2024-07-27,Personal_Loan,485865.14,24,Salaried,1,0.743,0,2,Approved,0.0
APP002846,CUST002846,2025-07-26,Personal_Loan,832220.15,24,Self_Employed,4,0.208,1,16,Approved,0.0
APP002847,CUST002847,2023-12-26,Auto_Loan,220118.91,84,Salaried,3,0.648,1,5,Rejected,
APP002848,CUST002848,2025-05-11,Home_Loan,7071211.51,120,Salaried,0,0.383,3,5,Approved,0.0
APP002849,CUST002849,2024-12-09,Credit_Card,250162.73,0,Retired,1,0.667,3,3,Approved,0.0
APP002850,CUST002850,2024-04-16,Home_Loan,7924759.36,240,Self_Employed,2,0.258,3,13,Approved,0.0
APP002851,CUST002851,2024-07-20,Personal_Loan,284111.39,60,Retired,1,0.244,1,24,Approved,0.0
APP002852,CUST002852,2025-02-04,Home_Loan,8381464.33,180,Salaried,1,0.418,0,11,Approved,0.0
APP002853,CUST002853,2025-09-11,Personal_Loan,469897.37,60,Salaried,1,0.139,3,12,Approved,0.0
APP002854,CUST002854,2025-05-20,Auto_Loan,1630949.75,48,Student,2,0.755,2,51,Approved,0.0
APP002855,CUST002855,2024-10-13,Business_Loan,1105637.72,48,Salaried,0,0.391,4,29,Approved,1.0
APP002856,CUST002856,2025-09-05,Auto_Loan,1014376.09,84,Salaried,2,0.745,2,0,Approved,0.0
APP002857,CUST002857,2024-06-28,Business_Loan,4813403.1,36,Salaried,2,0.444,0,19,Approved,0.0
APP002858,CUST002858,2023-12-10,Personal_Loan,535282.08,48,Business_Owner,4,0.537,1,0,Approved,0.0
APP002859,CUST002859,2024-06-19,Business_Loan,2668899.65,48,Salaried,2,0.245,4,1,Approved,0.0
APP002860,CUST002860,2025-01-24,Personal_Loan,176376.86,12,Self_Employed,2,0.41,1,1,Approved,0.0
APP002861,CUST002861,2024-09-04,Auto_Loan,1073240.13,48,Business_Owner,3,0.497,1,1,Approved,0.0
APP002862,CUST002862,2024-09-26,Credit_Card,495739.59,0,Salaried,2,0.789,2,0,Rejected,
APP002863,CUST002863,2023-11-26,Home_Loan,4928957.33,120,Salaried,4,0.375,4,1,Approved,0.0
APP002864,CUST002864,2024-08-09,Auto_Loan,269813.57,48,Salaried,0,0.369,1,12,Approved,0.0
APP002865,CUST002865,2025-11-01,Auto_Loan,821963.44,84,Salaried,4,0.286,1,2,Approved,0.0
APP002866,CUST002866,2024-09-03,Personal_Loan,704546.51,48,Salaried,4,0.423,3,3,Approved,0.0
APP002867,CUST002867,2023-12-03,Personal_Loan,927102.83,36,Salaried,0,0.677,1,18,Rejected,
APP002868,CUST002868,2024-06-29,Credit_Card,117340.42,0,Self_Employed,3,0.164,0,3,Approved,0.0
APP002869,CUST002869,2025-06-20,Business_Loan,1820534.87,24,Self_Employed,2,0.576,3,0,Approved,1.0
APP002870,CUST002870,2025-10-03,Home_Loan,4856580.5,300,Self_Employed,3,0.273,0,4,Rejected,
APP002871,CUST002871,2024-02-10,Credit_Card,234954.37,0,Self_Employed,2,0.284,2,6,Rejected,
APP002872,CUST002872,2024-03-28,Personal_Loan,370334.4,12,Self_Employed,1,0.157,2,6,Rejected,
APP002873,CUST002873,2024-11-09,Credit_Card,473293.44,0,Salaried,3,0.674,2,11,Approved,0.0
APP002874,CUST002874,2025-02-06,Auto_Loan,1935566.52,60,Self_Employed,2,0.483,2,16,Rejected,
APP002875,CUST002875,2024-09-09,Personal_Loan,852254.18,36,Salaried,2,0.213,1,9,Approved,0.0
APP002876,CUST002876,2024-08-21,Home_Loan,6707626.81,240,Self_Employed,4,0.771,2,83,Approved,0.0
APP002877,CUST002877,2025-09-02,Credit_Card,308996.25,0,Student,1,0.272,4,10,Approved,0.0
APP002878,CUST002878,2024-11-28,Business_Loan,2660628.97,36,Salaried,2,0.162,2,13,Approved,0.0
APP002879,CUST002879,2025-06-16,Home_Loan,1717969.7,120,Salaried,2,0.195,0,1,Approved,0.0
APP002880,CUST002880,2024-03-07,Auto_Loan,296686.01,84,Self_Employed,1,0.452,2,6,Approved,0.0
APP002881,CUST002881,2025-08-04,Auto_Loan,842830.13,36,Salaried,3,0.696,1,3,Approved,1.0
APP002882,CUST002882,2024-11-13,Auto_Loan,1470163.27,48,Business_Owner,3,0.21,3,4,Rejected,
APP002883,CUST002883,2024-01-05,Auto_Loan,1602885.0,36,Salaried,1,0.736,0,7,Rejected,
APP002884,CUST002884,2024-11-30,Home_Loan,4013507.9,240,Self_Employed,3,0.766,0,15,Approved,0.0
APP002885,CUST002885,2024-03-03,Home_Loan,5326001.93,180,Retired,3,0.728,0,45,Approved,0.0
APP002886,CUST002886,2024-12-01,Personal_Loan,235789.33,48,Business_Owner,0,0.683,1,79,Approved,0.0
APP002887,CUST002887,2024-11-11,Home_Loan,4518407.76,300,Self_Employed,3,0.622,2,5,Approved,0.0
APP002888,CUST002888,2025-01-25,Home_Loan,6888736.98,180,Salaried,3,0.753,2,1,Approved,1.0
APP002889,CUST002889,2025-02-10,Home_Loan,5557349.66,180,Self_Employed,3,0.747,4,49,Rejected,
APP002890,CUST002890,2025-07-29,Personal_Loan,201770.68,12,Salaried,0,0.304,1,9,Approved,0.0
APP002891,CUST002891,2024-02-24,Credit_Card,147372.91,0,Self_Employed,2,0.598,0,13,Approved,1.0
APP002892,CUST002892,2025-07-17,Home_Loan,2468066.47,180,Business_Owner,2,0.121,6,20,Approved,0.0
APP002893,CUST002893,2025-08-05,Home_Loan,4988906.41,120,Retired,2,0.218,1,5,Approved,1.0
APP002894,CUST002894,2025-10-26,Personal_Loan,667386.7,48,Salaried,3,0.292,4,0,Rejected,
APP002895,CUST002895,2024-04-22,Home_Loan,9142515.99,240,Self_Employed,2,0.558,1,21,Approved,0.0
APP002896,CUST002896,2023-12-27,Home_Loan,1346748.35,120,Salaried,4,0.107,2,3,Rejected,
APP002897,CUST002897,2024-08-05,Auto_Loan,299730.39,60,Self_Employed,3,0.678,3,12,Approved,1.0
APP002898,CUST002898,2025-10-16,Personal_Loan,539741.56,48,Business_Owner,2,0.35,4,52,Rejected,
APP002899,CUST002899,2025-04-07,Credit_Card,130251.48,0,Salaried,0,0.453,0,0,Rejected,
APP002900,CUST002900,2024-03-07,Business_Loan,4693250.77,36,Self_Employed,1,0.172,1,19,Rejected,
APP002901,CUST002901,2024-11-14,Auto_Loan,1235473.98,36,Salaried,3,0.329,4,3,Rejected,
APP002902,CUST002902,2025-11-02,Business_Loan,241311.33,36,Salaried,0,0.77,3,24,Approved,0.0
APP002903,CUST002903,2023-12-13,Personal_Loan,53014.8,60,Salaried,4,0.411,2,7,Rejected,
APP002904,CUST002904,2025-04-04,Credit_Card,462197.3,0,Salaried,4,0.679,0,29,Approved,1.0
APP002905,CUST002905,2024-09-09,Credit_Card,462545.57,0,Salaried,3,0.705,2,25,Rejected,
APP002906,CUST002906,2024-03-28,Personal_Loan,367875.88,12,Self_Employed,0,0.413,0,0,Approved,0.0
APP002907,CUST002907,2024-06-18,Personal_Loan,879168.58,24,Student,4,0.325,2,10,Approved,0.0
APP002908,CUST002908,2024-05-22,Personal_Loan,70709.12,48,Salaried,4,0.297,1,40,Rejected,
APP002909,CUST002909,2025-08-03,Personal_Loan,825271.87,48,Self_Employed,3,0.417,1,5,Rejected,
APP002910,CUST002910,2023-11-25,Auto_Loan,1796546.52,48,Self_Employed,3,0.311,2,0,Rejected,
APP002911,CUST002911,2025-03-21,Auto_Loan,233216.53,84,Business_Owner,0,0.406,2,9,Rejected,
APP002912,CUST002912,2025-06-22,Personal_Loan,794425.19,36,Student,3,0.79,1,11,Rejected,
APP002913,CUST002913,2024-09-11,Home_Loan,9608691.44,180,Business_Owner,4,0.784,2,3,Approved,1.0
APP002914,CUST002914,2024-01-20,Business_Loan,902398.37,48,Salaried,0,0.43,2,2,Rejected,
APP002915,CUST002915,2024-11-24,Personal_Loan,380647.15,24,Salaried,1,0.795,4,1,Approved,0.0
APP002916,CUST002916,2025-06-29,Credit_Card,201683.55,0,Retired,3,0.623,1,5,Approved,0.0
APP002917,CUST002917,2025-10-20,Credit_Card,87042.8,0,Salaried,2,0.653,1,3,Approved,0.0
APP002918,CUST002918,2024-05-13,Personal_Loan,883528.44,60,Salaried,3,0.195,0,3,Approved,0.0
APP002919,CUST002919,2025-07-26,Credit_Card,173032.75,0,Salaried,0,0.131,2,22,Rejected,
APP002920,CUST002920,2024-02-01,Personal_Loan,253168.61,60,Retired,4,0.144,0,5,Approved,0.0
APP002921,CUST002921,2023-11-22,Auto_Loan,1128443.89,84,Salaried,0,0.219,4,23,Approved,0.0
APP002922,CUST002922,2025-01-18,Personal_Loan,217549.35,60,Salaried,4,0.794,3,20,Rejected,
APP002923,CUST002923,2024-03-12,Auto_Loan,257713.36,48,Salaried,3,0.47,0,45,Approved,0.0
APP002924,CUST002924,2025-01-28,Auto_Loan,318709.9,84,Salaried,3,0.233,2,2,Rejected,
APP002925,CUST002925,2025-06-17,Auto_Loan,1507537.81,48,Salaried,0,0.652,1,9,Approved,0.0
APP002926,CUST002926,2024-08-30,Personal_Loan,649705.55,60,Salaried,4,0.663,4,8,Approved,0.0
APP002927,CUST002927,2025-07-04,Auto_Loan,664386.48,36,Salaried,4,0.329,1,23,Approved,1.0
APP002928,CUST002928,2024-05-23,Credit_Card,75093.97,0,Business_Owner,4,0.637,3,28,Approved,1.0
APP002929,CUST002929,2024-01-25,Personal_Loan,621592.04,12,Salaried,0,0.519,0,8,Rejected,
APP002930,CUST002930,2025-07-13,Personal_Loan,421164.41,48,Salaried,3,0.178,2,1,Rejected,
APP002931,CUST002931,2024-06-24,Home_Loan,9252353.32,240,Salaried,2,0.688,0,1,Rejected,
APP002932,CUST002932,2025-10-14,Home_Loan,5167588.36,300,Salaried,1,0.452,2,7,Approved,0.0
APP002933,CUST002933,2025-07-15,Home_Loan,5859671.89,120,Salaried,1,0.727,1,14,Rejected,
APP002934,CUST002934,2025-09-10,Home_Loan,4298829.36,240,Self_Employed,0,0.111,2,5,Approved,0.0
APP002935,CUST002935,2024-02-16,Personal_Loan,348435.06,36,Salaried,4,0.177,3,5,Rejected,
APP002936,CUST002936,2024-12-17,Home_Loan,3277729.2,300,Salaried,0,0.602,1,38,Approved,1.0
APP002937,CUST002937,2025-05-02,Business_Loan,4758316.08,24,Salaried,4,0.756,4,52,Rejected,
APP002938,CUST002938,2024-04-28,Home_Loan,5645586.35,120,Salaried,4,0.697,2,28,Rejected,
APP002939,CUST002939,2025-10-22,Personal_Loan,970265.43,60,Salaried,0,0.763,1,5,Rejected,
APP002940,CUST002940,2024-08-13,Home_Loan,895335.86,240,Salaried,2,0.314,1,9,Approved,0.0
APP002941,CUST002941,2024-10-10,Home_Loan,8862310.69,300,Student,3,0.695,5,17,Rejected,
APP002942,CUST002942,2024-02-10,Personal_Loan,507671.48,24,Salaried,0,0.371,2,29,Approved,0.0
APP002943,CUST002943,2025-08-18,Home_Loan,1240748.07,240,Business_Owner,2,0.177,0,1,Approved,0.0
APP002944,CUST002944,2024-03-04,Auto_Loan,1305516.72,60,Self_Employed,1,0.133,2,5,Rejected,
APP002945,CUST002945,2025-02-08,Business_Loan,4331185.49,24,Salaried,2,0.511,2,9,Approved,1.0
APP002946,CUST002946,2025-10-03,Credit_Card,483728.67,0,Salaried,1,0.401,1,9,Approved,0.0
APP002947,CUST002947,2025-03-16,Personal_Loan,293976.0,48,Self_Employed,1,0.12,1,16,Approved,1.0
APP002948,CUST002948,2025-06-06,Credit_Card,73566.02,0,Self_Employed,1,0.176,0,0,Rejected,
APP002949,CUST002949,2023-12-17,Personal_Loan,90747.65,12,Salaried,2,0.215,3,7,Approved,0.0
APP002950,CUST002950,2025-10-16,Home_Loan,4246828.75,300,Salaried,4,0.38,3,0,Approved,0.0
APP002951,CUST002951,2024-08-05,Personal_Loan,414923.66,36,Self_Employed,0,0.699,2,11,Rejected,
APP002952,CUST002952,2023-11-14,Auto_Loan,1282195.57,36,Salaried,2,0.236,2,32,Approved,0.0
APP002953,CUST002953,2024-10-28,Credit_Card,421748.63,0,Student,3,0.418,0,0,Rejected,
APP002954,CUST002954,2024-05-17,Home_Loan,4649778.41,240,Salaried,0,0.268,1,11,Approved,0.0
APP002955,CUST002955,2025-01-01,Personal_Loan,156159.99,60,Salaried,4,0.246,2,38,Rejected,
APP002956,CUST002956,2025-05-23,Credit_Card,268700.19,0,Salaried,2,0.415,5,24,Approved,0.0
APP002957,CUST002957,2025-04-13,Home_Loan,9855153.83,120,Salaried,1,0.755,4,1,Approved,1.0
APP002958,CUST002958,2025-03-26,Home_Loan,2904113.02,120,Self_Employed,4,0.246,4,25,Approved,1.0
APP002959,CUST002959,2024-12-04,Home_Loan,6066504.39,180,Retired,4,0.44,4,4,Approved,0.0
APP002960,CUST002960,2024-12-26,Personal_Loan,408391.6,48,Retired,2,0.401,3,5,Rejected,
APP002961,CUST002961,2024-01-06,Credit_Card,53632.44,0,Self_Employed,3,0.728,1,18,Approved,0.0
APP002962,CUST002962,2023-11-12,Personal_Loan,540128.25,48,Business_Owner,1,0.295,2,1,Approved,0.0
APP002963,CUST002963,2024-03-08,Credit_Card,470804.04,0,Salaried,0,0.566,1,0,Approved,1.0
APP002964,CUST002964,2024-05-13,Personal_Loan,663416.12,36,Self_Employed,0,0.708,1,0,Rejected,
APP002965,CUST002965,2025-07-17,Credit_Card,266717.37,0,Salaried,1,0.624,1,47,Rejected,
APP002966,CUST002966,2024-08-21,Home_Loan,1927560.44,300,Salaried,1,0.142,0,5,Approved,0.0
APP002967,CUST002967,2025-09-12,Personal_Loan,817484.92,48,Business_Owner,1,0.771,5,75,Approved,1.0
APP002968,CUST002968,2024-05-12,Personal_Loan,547704.34,12,Salaried,2,0.294,2,17,Approved,0.0
APP002969,CUST002969,2024-08-31,Business_Loan,4840619.43,12,Salaried,4,0.523,0,55,Approved,1.0
APP002970,CUST002970,2025-06-04,Home_Loan,5583435.91,120,Salaried,0,0.125,1,21,Approved,0.0
APP002971,CUST002971,2024-02-05,Home_Loan,1230605.64,240,Business_Owner,4,0.378,0,1,Approved,0.0
APP002972,CUST002972,2024-02-29,Personal_Loan,650259.26,36,Self_Employed,0,0.259,0,0,Rejected,
APP002973,CUST002973,2024-05-09,Auto_Loan,939677.38,36,Salaried,0,0.304,1,1,Rejected,
APP002974,CUST002974,2024-12-07,Home_Loan,7687215.37,300,Salaried,2,0.461,4,10,Rejected,
APP002975,CUST002975,2023-12-22,Credit_Card,454316.74,0,Business_Owner,2,0.117,3,16,Rejected,
APP002976,CUST002976,2024-08-02,Credit_Card,438207.0,0,Student,3,0.537,1,2,Approved,1.0
APP002977,CUST002977,2025-09-15,Credit_Card,326344.46,0,Salaried,0,0.216,2,27,Rejected,
APP002978,CUST002978,2025-05-21,Home_Loan,6102823.63,120,Business_Owner,1,0.497,1,0,Rejected,
APP002979,CUST002979,2025-08-17,Credit_Card,351032.39,0,Self_Employed,2,0.266,3,52,Approved,0.0
APP002980,CUST002980,2025-03-28,Auto_Loan,467265.14,84,Salaried,0,0.363,3,0,Rejected,
APP002981,CUST002981,2024-05-01,Auto_Loan,846127.78,60,Business_Owner,0,0.747,3,21,Rejected,
APP002982,CUST002982,2024-11-01,Credit_Card,91522.96,0,Student,4,0.542,3,0,Approved,1.0
APP002983,CUST002983,2024-10-09,Home_Loan,4304268.76,300,Salaried,4,0.684,1,1,Rejected,
APP002984,CUST002984,2024-12-25,Home_Loan,5785747.54,180,Salaried,4,0.281,1,29,Approved,0.0
APP002985,CUST002985,2025-08-06,Auto_Loan,1700825.87,60,Salaried,1,0.714,0,6,Approved,0.0
APP002986,CUST002986,2024-09-20,Auto_Loan,1878804.46,60,Salaried,0,0.336,1,22,Approved,0.0
APP002987,CUST002987,2024-10-08,Business_Loan,931515.92,36,Salaried,1,0.249,3,0,Rejected,
APP002988,CUST002988,2024-05-20,Auto_Loan,1020760.65,36,Salaried,1,0.168,3,0,Approved,0.0
APP002989,CUST002989,2025-07-23,Home_Loan,6009938.98,120,Self_Employed,1,0.136,2,33,Approved,0.0
APP002990,CUST002990,2024-05-27,Auto_Loan,1224021.24,84,Self_Employed,2,0.786,5,0,Rejected,
APP002991,CUST002991,2024-04-30,Personal_Loan,719783.08,36,Business_Owner,2,0.124,1,1,Approved,0.0
APP002992,CUST002992,2024-01-03,Personal_Loan,678085.07,36,Salaried,2,0.396,3,2,Approved,1.0
APP002993,CUST002993,2024-10-04,Home_Loan,9565704.8,180,Salaried,0,0.267,1,48,Approved,0.0
APP002994,CUST002994,2025-09-30,Personal_Loan,356742.38,60,Business_Owner,2,0.771,5,3,Approved,1.0
APP002995,CUST002995,2025-02-19,Credit_Card,447170.02,0,Salaried,3,0.668,1,2,Approved,1.0
APP002996,CUST002996,2025-08-11,Home_Loan,6615379.75,120,Salaried,4,0.461,4,4,Approved,0.0
APP002997,CUST002997,2024-12-14,Home_Loan,2700862.53,180,Self_Employed,0,0.372,2,10,Approved,0.0
APP002998,CUST002998,2024-02-26,Personal_Loan,135493.78,36,Salaried,4,0.269,2,3,Rejected,
APP002999,CUST002999,2024-07-01,Credit_Card,200997.31,0,Business_Owner,0,0.782,2,52,Approved,0.0
APP003000,CUST003000,2024-12-08,Personal_Loan,800398.18,48,Salaried,4,0.482,0,12,Approved,0.0
APP003001,CUST003001,2024-01-11,Home_Loan,4083748.93,180,Salaried,0,0.151,2,5,Approved,0.0
APP003002,CUST003002,2024-06-27,Credit_Card,319628.71,0,Self_Employed,4,0.797,4,13,Approved,0.0
APP003003,CUST003003,2025-07-10,Personal_Loan,200281.25,36,Salaried,0,0.42,1,41,Approved,1.0
APP003004,CUST003004,2024-09-25,Business_Loan,3166421.98,48,Salaried,1,0.327,1,46,Approved,1.0
APP003005,CUST003005,2025-03-29,Credit_Card,306397.3,0,Self_Employed,3,0.37,1,4,Rejected,
APP003006,CUST003006,2024-01-21,Personal_Loan,79961.84,36,Salaried,3,0.448,4,2,Rejected,
APP003007,CUST003007,2025-04-01,Personal_Loan,280641.83,12,Business_Owner,1,0.615,5,88,Rejected,
APP003008,CUST003008,2024-12-17,Personal_Loan,584220.53,60,Salaried,1,0.653,1,0,Approved,0.0
APP003009,CUST003009,2025-09-23,Home_Loan,3752369.93,300,Salaried,4,0.362,1,15,Approved,0.0
APP003010,CUST003010,2024-01-07,Auto_Loan,1314678.12,36,Salaried,1,0.37,1,0,Approved,0.0
APP003011,CUST003011,2024-05-12,Credit_Card,200838.06,0,Salaried,0,0.749,6,63,Approved,0.0
APP003012,CUST003012,2024-12-17,Home_Loan,2115714.4,300,Business_Owner,0,0.29,5,78,Approved,0.0
APP003013,CUST003013,2024-09-13,Auto_Loan,1136228.22,84,Salaried,1,0.6,1,9,Rejected,
APP003014,CUST003014,2025-04-11,Business_Loan,3149819.87,24,Student,4,0.362,1,0,Approved,0.0
APP003015,CUST003015,2024-10-19,Credit_Card,75621.05,0,Salaried,3,0.249,3,2,Approved,1.0
APP003016,CUST003016,2025-08-11,Credit_Card,77244.62,0,Salaried,0,0.329,2,11,Approved,0.0
APP003017,CUST003017,2024-12-29,Business_Loan,960200.26,48,Salaried,4,0.585,4,8,Rejected,
APP003018,CUST003018,2024-10-18,Business_Loan,4820188.37,24,Self_Employed,4,0.36,3,16,Rejected,
APP003019,CUST003019,2025-04-27,Auto_Loan,790156.3,36,Salaried,1,0.466,2,0,Approved,0.0
APP003020,CUST003020,2024-08-15,Credit_Card,362710.03,0,Self_Employed,1,0.756,1,0,Rejected,
APP003021,CUST003021,2025-01-24,Personal_Loan,223919.98,48,Self_Employed,1,0.405,2,18,Approved,0.0
APP003022,CUST003022,2025-05-23,Credit_Card,467161.57,0,Salaried,3,0.708,3,21,Rejected,
APP003023,CUST003023,2025-09-27,Personal_Loan,537307.29,24,Salaried,4,0.187,7,3,Approved,0.0
APP003024,CUST003024,2024-07-09,Credit_Card,346552.06,0,Salaried,4,0.606,3,8,Approved,0.0
APP003025,CUST003025,2025-10-12,Auto_Loan,1093716.16,60,Salaried,4,0.315,3,32,Rejected,
APP003026,CUST003026,2024-11-21,Home_Loan,4752020.26,180,Salaried,2,0.328,1,14,Approved,0.0
APP003027,CUST003027,2024-05-04,Credit_Card,211557.58,0,Salaried,0,0.174,5,1,Approved,0.0
APP003028,CUST003028,2023-11-08,Auto_Loan,291068.29,48,Business_Owner,4,0.742,2,0,Rejected,
APP003029,CUST003029,2025-01-05,Home_Loan,5530733.87,120,Salaried,4,0.356,1,19,Approved,0.0
APP003030,CUST003030,2024-07-13,Credit_Card,68746.74,0,Salaried,4,0.711,0,32,Rejected,
APP003031,CUST003031,2025-01-31,Personal_Loan,970171.57,24,Salaried,4,0.612,3,15,Approved,1.0
APP003032,CUST003032,2025-01-16,Credit_Card,176098.02,0,Salaried,3,0.312,0,0,Approved,0.0
APP003033,CUST003033,2025-06-20,Personal_Loan,264913.03,24,Retired,0,0.421,1,25,Approved,1.0
APP003034,CUST003034,2025-03-17,Personal_Loan,849885.07,60,Salaried,1,0.567,3,13,Rejected,
APP003035,CUST003035,2024-12-18,Auto_Loan,396567.77,60,Self_Employed,0,0.397,3,2,Rejected,
APP003036,CUST003036,2024-07-21,Home_Loan,5287129.79,240,Student,1,0.194,1,4,Approved,0.0
APP003037,CUST003037,2024-06-12,Business_Loan,2693851.65,12,Self_Employed,1,0.602,4,3,Approved,0.0
APP003038,CUST003038,2024-11-13,Home_Loan,3639906.44,300,Business_Owner,1,0.697,0,33,Approved,1.0
APP003039,CUST003039,2024-08-29,Personal_Loan,362748.86,24,Salaried,0,0.492,0,0,Approved,0.0
APP003040,CUST003040,2024-06-20,Home_Loan,7353885.83,300,Salaried,3,0.496,0,23,Approved,0.0
APP003041,CUST003041,2024-12-29,Home_Loan,5277429.93,300,Business_Owner,1,0.741,4,16,Approved,0.0
APP003042,CUST003042,2025-03-21,Home_Loan,2705567.77,180,Salaried,3,0.794,3,31,Rejected,
APP003043,CUST003043,2024-07-21,Home_Loan,7129806.74,180,Business_Owner,0,0.584,1,17,Approved,0.0
APP003044,CUST003044,2024-01-22,Credit_Card,123499.68,0,Salaried,3,0.327,1,21,Approved,0.0
APP003045,CUST003045,2024-12-28,Home_Loan,4543586.76,240,Salaried,4,0.46,3,4,Approved,0.0
APP003046,CUST003046,2025-05-06,Home_Loan,3922060.45,300,Self_Employed,0,0.352,3,6,Rejected,
APP003047,CUST003047,2024-08-27,Auto_Loan,1051634.77,48,Salaried,0,0.644,1,33,Approved,0.0
APP003048,CUST003048,2024-06-07,Personal_Loan,276916.47,48,Salaried,3,0.536,2,0,Approved,1.0
APP003049,CUST003049,2025-10-06,Personal_Loan,349626.59,60,Self_Employed,3,0.658,7,23,Rejected,
APP003050,CUST003050,2025-08-03,Business_Loan,1754081.3,60,Salaried,1,0.208,5,33,Approved,0.0
APP003051,CUST003051,2025-10-09,Home_Loan,688483.12,240,Business_Owner,3,0.369,2,5,Approved,0.0
APP003052,CUST003052,2025-06-14,Home_Loan,3803616.82,180,Salaried,0,0.759,2,28,Approved,0.0
APP003053,CUST003053,2024-04-29,Auto_Loan,1022561.22,36,Salaried,4,0.245,2,8,Rejected,
APP003054,CUST003054,2024-06-19,Personal_Loan,882288.67,36,Salaried,4,0.662,3,6,Approved,0.0
APP003055,CUST003055,2025-08-17,Credit_Card,304318.31,0,Retired,2,0.25,1,6,Rejected,
APP003056,CUST003056,2024-12-26,Credit_Card,364093.76,0,Salaried,3,0.248,1,40,Approved,0.0
APP003057,CUST003057,2025-10-21,Home_Loan,4093343.63,240,Salaried,1,0.307,1,2,Rejected,
APP003058,CUST003058,2025-04-21,Personal_Loan,858217.04,48,Salaried,3,0.731,1,10,Approved,1.0
APP003059,CUST003059,2024-07-08,Personal_Loan,986760.37,60,Salaried,4,0.711,3,0,Approved,0.0
APP003060,CUST003060,2024-08-17,Auto_Loan,1459979.3,84,Self_Employed,0,0.418,1,0,Approved,0.0
APP003061,CUST003061,2023-11-16,Personal_Loan,270845.21,24,Self_Employed,0,0.426,0,2,Rejected,
APP003062,CUST003062,2024-12-29,Personal_Loan,325193.7,12,Salaried,1,0.489,1,36,Approved,0.0
APP003063,CUST003063,2024-11-08,Personal_Loan,378551.95,48,Salaried,4,0.295,4,12,Rejected,
APP003064,CUST003064,2024-06-26,Auto_Loan,1997837.75,60,Salaried,3,0.785,3,5,Rejected,
APP003065,CUST003065,2025-08-01,Credit_Card,190580.25,0,Salaried,4,0.696,0,1,Rejected,
APP003066,CUST003066,2024-10-20,Business_Loan,2353134.47,48,Salaried,4,0.158,0,4,Approved,0.0
APP003067,CUST003067,2025-10-03,Personal_Loan,803201.25,48,Business_Owner,0,0.108,1,0,Approved,0.0
APP003068,CUST003068,2023-12-04,Auto_Loan,1679741.83,36,Salaried,1,0.788,2,18,Approved,0.0
APP003069,CUST003069,2024-08-09,Auto_Loan,1883969.21,36,Student,4,0.596,3,0,Approved,0.0
APP003070,CUST003070,2025-03-31,Business_Loan,1917787.74,36,Salaried,3,0.15,5,22,Rejected,
APP003071,CUST003071,2024-02-29,Credit_Card,167539.0,0,Business_Owner,2,0.226,1,10,Approved,0.0
APP003072,CUST003072,2024-02-08,Auto_Loan,1753965.86,84,Salaried,3,0.427,3,15,Rejected,
APP003073,CUST003073,2025-10-26,Auto_Loan,598690.25,48,Self_Employed,1,0.367,1,20,Approved,0.0
APP003074,CUST003074,2024-09-19,Home_Loan,8167383.3,240,Business_Owner,2,0.676,6,57,Rejected,
APP003075,CUST003075,2024-05-30,Home_Loan,4201044.07,300,Salaried,0,0.303,1,59,Approved,0.0
APP003076,CUST003076,2024-05-27,Business_Loan,1616183.55,12,Salaried,2,0.778,2,38,Approved,1.0
APP003077,CUST003077,2025-01-05,Home_Loan,5528963.15,180,Self_Employed,4,0.405,2,10,Approved,0.0
APP003078,CUST003078,2023-11-12,Credit_Card,96999.91,0,Self_Employed,4,0.612,1,5,Rejected,
APP003079,CUST003079,2024-06-30,Business_Loan,646037.77,36,Salaried,3,0.174,2,24,Approved,1.0
APP003080,CUST003080,2024-04-19,Personal_Loan,68601.55,12,Retired,3,0.104,1,20,Approved,0.0
APP003081,CUST003081,2025-04-05,Business_Loan,3132711.29,24,Salaried,4,0.301,4,10,Rejected,
APP003082,CUST003082,2024-01-22,Personal_Loan,226226.21,60,Self_Employed,1,0.391,5,0,Rejected,
APP003083,CUST003083,2025-03-25,Credit_Card,274227.72,0,Salaried,1,0.695,2,11,Approved,0.0
APP003084,CUST003084,2024-03-21,Personal_Loan,797042.95,12,Self_Employed,0,0.6,1,32,Approved,1.0
APP003085,CUST003085,2025-02-08,Business_Loan,4394093.46,24,Self_Employed,2,0.143,0,37,Approved,0.0
APP003086,CUST003086,2025-06-11,Home_Loan,6804082.27,120,Salaried,3,0.269,1,2,Approved,0.0
APP003087,CUST003087,2024-09-01,Credit_Card,312827.93,0,Self_Employed,2,0.362,1,10,Rejected,
APP003088,CUST003088,2024-03-12,Auto_Loan,1809239.85,36,Self_Employed,3,0.645,4,8,Rejected,
APP003089,CUST003089,2024-03-01,Personal_Loan,792074.59,24,Salaried,2,0.654,0,9,Approved,1.0
APP003090,CUST003090,2025-09-21,Business_Loan,1739206.14,48,Salaried,0,0.574,1,2,Approved,1.0
APP003091,CUST003091,2024-05-29,Home_Loan,7378837.59,300,Salaried,4,0.725,1,3,Approved,0.0
APP003092,CUST003092,2024-10-22,Personal_Loan,515749.02,12,Salaried,1,0.26,0,6,Approved,0.0
APP003093,CUST003093,2025-09-16,Home_Loan,2720723.45,300,Business_Owner,0,0.663,5,1,Approved,0.0
APP003094,CUST003094,2024-04-21,Auto_Loan,1997870.99,48,Business_Owner,1,0.553,2,26,Approved,1.0
APP003095,CUST003095,2025-04-30,Auto_Loan,1565210.44,84,Salaried,3,0.53,4,55,Approved,1.0
APP003096,CUST003096,2025-07-26,Home_Loan,4535548.63,120,Salaried,4,0.305,1,0,Approved,0.0
APP003097,CUST003097,2024-03-08,Home_Loan,5421589.24,300,Salaried,4,0.222,1,4,Approved,1.0
APP003098,CUST003098,2024-11-21,Personal_Loan,518781.38,12,Salaried,1,0.545,4,0,Approved,1.0
APP003099,CUST003099,2025-03-20,Personal_Loan,160071.82,24,Salaried,1,0.764,1,1,Approved,1.0
APP003100,CUST003100,2025-02-10,Auto_Loan,822726.86,60,Business_Owner,0,0.628,1,10,Approved,1.0
APP003101,CUST003101,2023-11-29,Auto_Loan,1903206.27,36,Salaried,2,0.188,1,10,Approved,0.0
APP003102,CUST003102,2025-06-28,Home_Loan,7899425.66,180,Salaried,2,0.402,1,3,Approved,0.0
APP003103,CUST003103,2024-01-17,Personal_Loan,825393.83,12,Salaried,2,0.368,4,2,Approved,0.0
APP003104,CUST003104,2025-03-09,Personal_Loan,646184.73,48,Salaried,4,0.739,1,47,Approved,1.0
APP003105,CUST003105,2025-03-23,Home_Loan,1985724.29,120,Salaried,3,0.521,3,0,Approved,0.0
APP003106,CUST003106,2024-04-14,Personal_Loan,505080.62,60,Salaried,2,0.235,1,6,Approved,0.0
APP003107,CUST003107,2024-03-23,Personal_Loan,212651.9,60,Self_Employed,4,0.591,2,1,Rejected,
APP003108,CUST003108,2024-06-09,Personal_Loan,544601.74,36,Student,1,0.585,0,44,Approved,0.0
APP003109,CUST003109,2025-08-05,Home_Loan,9562071.55,120,Salaried,0,0.19,2,4,Approved,1.0
APP003110,CUST003110,2024-06-03,Auto_Loan,1315147.83,48,Salaried,3,0.427,0,0,Approved,0.0
APP003111,CUST003111,2025-09-14,Home_Loan,9441494.54,180,Salaried,2,0.413,0,34,Approved,0.0
APP003112,CUST003112,2024-10-29,Business_Loan,964968.6,48,Self_Employed,1,0.501,1,0,Approved,0.0
APP003113,CUST003113,2025-08-22,Personal_Loan,910884.6,60,Salaried,2,0.518,2,0,Approved,1.0
APP003114,CUST003114,2024-01-20,Home_Loan,1977765.57,120,Salaried,1,0.494,1,3,Approved,0.0
APP003115,CUST003115,2024-07-10,Auto_Loan,706578.01,84,Salaried,2,0.318,1,0,Approved,0.0
APP003116,CUST003116,2024-11-04,Auto_Loan,1726675.68,48,Retired,2,0.442,3,13,Approved,1.0
APP003117,CUST003117,2025-01-23,Business_Loan,1437157.82,24,Salaried,0,0.634,2,24,Approved,1.0
APP003118,CUST003118,2025-09-10,Credit_Card,305254.45,0,Self_Employed,0,0.252,2,4,Rejected,
APP003119,CUST003119,2024-05-14,Home_Loan,4532944.46,120,Salaried,4,0.431,2,4,Approved,1.0
APP003120,CUST003120,2024-02-27,Auto_Loan,577647.09,36,Self_Employed,0,0.788,0,17,Approved,0.0
APP003121,CUST003121,2025-03-20,Auto_Loan,1335594.94,36,Business_Owner,2,0.263,2,18,Approved,0.0
APP003122,CUST003122,2025-05-04,Home_Loan,2748959.9,300,Business_Owner,2,0.765,1,1,Approved,1.0
APP003123,CUST003123,2025-02-17,Credit_Card,405466.83,0,Salaried,4,0.252,1,20,Rejected,
APP003124,CUST003124,2025-07-11,Personal_Loan,807934.55,24,Retired,3,0.234,1,8,Approved,0.0
APP003125,CUST003125,2024-11-29,Auto_Loan,929121.93,60,Self_Employed,1,0.221,2,63,Rejected,
APP003126,CUST003126,2023-11-27,Personal_Loan,438305.38,24,Salaried,4,0.513,3,3,Approved,0.0
APP003127,CUST003127,2025-01-28,Credit_Card,109679.84,0,Self_Employed,1,0.712,3,4,Approved,0.0
APP003128,CUST003128,2023-12-28,Home_Loan,5063673.37,240,Self_Employed,3,0.162,1,5,Approved,0.0
APP003129,CUST003129,2024-05-02,Personal_Loan,932943.21,48,Salaried,3,0.487,3,2,Approved,0.0
APP003130,CUST003130,2024-11-03,Personal_Loan,924506.17,48,Self_Employed,0,0.57,0,6,Approved,1.0
APP003131,CUST003131,2024-07-31,Personal_Loan,284802.49,60,Salaried,1,0.302,4,51,Approved,0.0
APP003132,CUST003132,2024-07-07,Personal_Loan,543023.92,12,Salaried,4,0.748,1,33,Rejected,
APP003133,CUST003133,2024-06-25,Home_Loan,1987530.44,120,Self_Employed,4,0.718,4,5,Approved,1.0
APP003134,CUST003134,2025-07-29,Auto_Loan,281939.63,36,Retired,3,0.776,6,2,Approved,1.0
APP003135,CUST003135,2025-05-06,Home_Loan,6024137.92,240,Student,4,0.787,4,3,Approved,0.0
APP003136,CUST003136,2024-02-22,Credit_Card,222171.42,0,Salaried,0,0.357,6,7,Rejected,
APP003137,CUST003137,2024-06-10,Auto_Loan,584675.33,84,Salaried,4,0.487,3,7,Rejected,
APP003138,CUST003138,2024-06-16,Credit_Card,179292.28,0,Self_Employed,3,0.178,5,20,Rejected,
APP003139,CUST003139,2024-05-20,Home_Loan,1937879.99,120,Salaried,0,0.352,3,12,Rejected,
APP003140,CUST003140,2025-01-17,Auto_Loan,1956655.35,48,Self_Employed,2,0.154,2,26,Approved,0.0
APP003141,CUST003141,2023-12-18,Credit_Card,416249.01,0,Salaried,1,0.222,1,26,Approved,0.0
APP003142,CUST003142,2025-06-24,Home_Loan,7104250.3,180,Salaried,0,0.299,1,118,Approved,0.0
APP003143,CUST003143,2025-08-21,Personal_Loan,976378.05,60,Self_Employed,2,0.393,1,1,Rejected,
APP003144,CUST003144,2025-09-17,Personal_Loan,848030.58,24,Salaried,0,0.206,2,54,Approved,0.0
APP003145,CUST003145,2024-12-01,Credit_Card,186792.0,0,Salaried,3,0.197,0,0,Rejected,
APP003146,CUST003146,2025-09-12,Home_Loan,3033721.03,120,Business_Owner,0,0.369,2,9,Approved,1.0
APP003147,CUST003147,2024-01-16,Personal_Loan,528340.03,12,Salaried,0,0.699,2,0,Approved,0.0
APP003148,CUST003148,2024-10-27,Home_Loan,5945011.29,240,Salaried,4,0.16,3,36,Approved,0.0
APP003149,CUST003149,2024-08-20,Home_Loan,3027409.67,300,Salaried,4,0.3,1,1,Approved,0.0
APP003150,CUST003150,2023-12-29,Auto_Loan,1454258.89,84,Self_Employed,2,0.291,1,22,Rejected,
APP003151,CUST003151,2025-03-29,Auto_Loan,559291.83,84,Salaried,0,0.743,1,27,Approved,1.0
APP003152,CUST003152,2024-01-29,Personal_Loan,295532.28,24,Salaried,2,0.563,2,0,Rejected,
APP003153,CUST003153,2025-01-30,Personal_Loan,317158.68,60,Student,4,0.131,2,26,Approved,0.0
APP003154,CUST003154,2024-04-22,Personal_Loan,856973.56,24,Retired,0,0.111,1,5,Rejected,
APP003155,CUST003155,2024-09-04,Auto_Loan,990652.84,60,Salaried,3,0.749,3,25,Approved,0.0
APP003156,CUST003156,2024-08-15,Credit_Card,156801.51,0,Self_Employed,4,0.573,1,0,Rejected,
APP003157,CUST003157,2025-07-09,Personal_Loan,636125.29,60,Salaried,2,0.774,3,41,Approved,1.0
APP003158,CUST003158,2024-11-29,Home_Loan,9989669.52,300,Retired,2,0.614,4,42,Rejected,
APP003159,CUST003159,2024-02-19,Home_Loan,1895787.97,300,Salaried,4,0.39,2,0,Rejected,
APP003160,CUST003160,2024-09-23,Personal_Loan,795619.12,48,Salaried,3,0.37,1,12,Rejected,
APP003161,CUST003161,2024-10-20,Business_Loan,4280245.92,12,Salaried,4,0.135,2,8,Approved,0.0
APP003162,CUST003162,2025-04-01,Credit_Card,109879.22,0,Self_Employed,4,0.289,3,63,Approved,0.0
APP003163,CUST003163,2024-12-10,Personal_Loan,237333.95,24,Salaried,1,0.12,3,6,Approved,0.0
APP003164,CUST003164,2023-12-05,Personal_Loan,990358.95,48,Salaried,3,0.403,2,1,Approved,0.0
APP003165,CUST003165,2024-07-04,Personal_Loan,686221.23,36,Self_Employed,4,0.733,3,1,Approved,0.0
APP003166,CUST003166,2025-06-04,Credit_Card,231122.53,0,Salaried,1,0.243,3,0,Approved,0.0
APP003167,CUST003167,2025-03-26,Auto_Loan,915655.35,48,Salaried,0,0.19,4,14,Approved,0.0
APP003168,CUST003168,2024-05-08,Auto_Loan,1090278.18,48,Salaried,4,0.142,2,6,Rejected,
APP003169,CUST003169,2024-12-11,Home_Loan,782532.45,300,Business_Owner,3,0.49,0,11,Rejected,
APP003170,CUST003170,2025-07-09,Credit_Card,191175.5,0,Salaried,4,0.307,3,2,Approved,0.0
APP003171,CUST003171,2025-04-05,Auto_Loan,497388.5,48,Business_Owner,4,0.535,3,35,Rejected,
APP003172,CUST003172,2025-07-18,Business_Loan,3594763.2,24,Salaried,4,0.727,1,45,Approved,1.0
APP003173,CUST003173,2023-12-05,Personal_Loan,314926.09,36,Salaried,2,0.506,1,46,Rejected,
APP003174,CUST003174,2024-11-09,Personal_Loan,214062.39,48,Salaried,0,0.431,1,38,Rejected,
APP003175,CUST003175,2024-11-16,Auto_Loan,1019968.59,48,Self_Employed,1,0.379,1,0,Rejected,
APP003176,CUST003176,2024-06-30,Auto_Loan,1002387.78,36,Salaried,1,0.654,1,11,Rejected,
APP003177,CUST003177,2024-12-29,Personal_Loan,287747.8,60,Retired,0,0.537,4,14,Rejected,
APP003178,CUST003178,2025-07-13,Personal_Loan,931631.93,36,Salaried,0,0.185,0,17,Approved,0.0
APP003179,CUST003179,2025-07-21,Business_Loan,1985004.26,60,Salaried,2,0.283,3,60,Approved,0.0
APP003180,CUST003180,2024-12-11,Personal_Loan,634950.2,24,Salaried,2,0.167,1,7,Rejected,
APP003181,CUST003181,2024-10-27,Home_Loan,9710672.95,120,Self_Employed,2,0.168,1,34,Approved,0.0
APP003182,CUST003182,2025-03-24,Home_Loan,4172851.45,180,Business_Owner,2,0.626,3,14,Approved,0.0
APP003183,CUST003183,2024-04-05,Credit_Card,340117.94,0,Self_Employed,3,0.608,1,4,Rejected,
APP003184,CUST003184,2024-08-02,Business_Loan,1096192.18,36,Salaried,4,0.217,1,7,Approved,0.0
APP003185,CUST003185,2025-02-09,Home_Loan,2293495.0,300,Self_Employed,1,0.581,0,13,Rejected,
APP003186,CUST003186,2024-02-24,Business_Loan,3152203.36,48,Salaried,4,0.75,2,13,Approved,0.0
APP003187,CUST003187,2025-03-11,Business_Loan,3121060.3,24,Salaried,4,0.384,3,2,Approved,0.0
APP003188,CUST003188,2025-01-02,Credit_Card,206899.52,0,Salaried,2,0.314,3,1,Approved,1.0
APP003189,CUST003189,2024-07-10,Home_Loan,8532496.33,240,Retired,0,0.539,1,0,Rejected,
APP003190,CUST003190,2025-05-26,Personal_Loan,476355.04,36,Salaried,4,0.182,4,79,Approved,1.0
APP003191,CUST003191,2024-06-10,Home_Loan,6565877.12,240,Salaried,1,0.484,4,30,Approved,0.0
APP003192,CUST003192,2025-02-27,Personal_Loan,314965.59,60,Salaried,4,0.516,1,0,Approved,1.0
APP003193,CUST003193,2024-09-05,Auto_Loan,1216938.82,60,Salaried,2,0.74,2,105,Approved,0.0
APP003194,CUST003194,2024-12-11,Credit_Card,440737.14,0,Salaried,3,0.736,4,23,Approved,0.0
APP003195,CUST003195,2025-03-03,Home_Loan,6215555.82,240,Salaried,0,0.301,0,14,Rejected,
APP003196,CUST003196,2025-05-10,Business_Loan,1291052.64,24,Self_Employed,1,0.203,2,0,Approved,0.0
APP003197,CUST003197,2025-08-05,Credit_Card,298343.69,0,Self_Employed,2,0.506,0,8,Approved,0.0
APP003198,CUST003198,2023-12-19,Home_Loan,9425345.65,240,Self_Employed,3,0.16,1,0,Rejected,
APP003199,CUST003199,2025-07-15,Personal_Loan,805926.56,12,Salaried,1,0.556,2,1,Approved,0.0
APP003200,CUST003200,2025-06-19,Home_Loan,5273041.0,180,Retired,1,0.742,1,8,Approved,0.0
APP003201,CUST003201,2024-08-07,Personal_Loan,232183.45,48,Salaried,1,0.379,3,3,Approved,0.0
APP003202,CUST003202,2025-01-24,Personal_Loan,110921.8,24,Salaried,4,0.698,1,5,Rejected,
APP003203,CUST003203,2024-10-01,Personal_Loan,291339.9,60,Salaried,4,0.209,2,2,Approved,0.0
APP003204,CUST003204,2025-04-13,Auto_Loan,686278.35,36,Salaried,4,0.462,4,67,Approved,0.0
APP003205,CUST003205,2024-11-26,Credit_Card,485672.44,0,Salaried,1,0.287,1,8,Approved,0.0
APP003206,CUST003206,2024-11-22,Business_Loan,360882.33,60,Self_Employed,3,0.593,1,0,Rejected,
APP003207,CUST003207,2024-07-10,Personal_Loan,223876.26,60,Salaried,2,0.585,8,13,Approved,0.0
APP003208,CUST003208,2024-10-18,Personal_Loan,394212.55,48,Self_Employed,1,0.125,1,1,Approved,0.0
APP003209,CUST003209,2024-01-16,Home_Loan,3802465.55,240,Self_Employed,0,0.54,2,16,Approved,0.0
APP003210,CUST003210,2025-02-08,Home_Loan,2325919.03,240,Retired,1,0.157,0,36,Rejected,
APP003211,CUST003211,2024-12-25,Home_Loan,9727763.27,180,Salaried,3,0.225,1,0,Approved,0.0
APP003212,CUST003212,2024-05-05,Personal_Loan,675298.46,24,Salaried,4,0.607,0,6,Approved,1.0
APP003213,CUST003213,2023-12-30,Personal_Loan,932724.88,12,Salaried,2,0.139,1,21,Approved,0.0
APP003214,CUST003214,2025-06-24,Auto_Loan,1140772.8,84,Self_Employed,2,0.229,1,75,Approved,0.0
APP003215,CUST003215,2025-04-19,Auto_Loan,723423.62,84,Salaried,3,0.107,3,32,Rejected,
APP003216,CUST003216,2025-10-08,Auto_Loan,1168260.55,60,Self_Employed,0,0.646,0,0,Approved,0.0
APP003217,CUST003217,2024-07-26,Personal_Loan,654422.72,36,Salaried,2,0.479,6,17,Approved,0.0
APP003218,CUST003218,2024-07-19,Home_Loan,3857547.93,240,Salaried,0,0.581,0,1,Approved,1.0
APP003219,CUST003219,2024-02-20,Credit_Card,76271.92,0,Self_Employed,0,0.574,3,5,Rejected,
APP003220,CUST003220,2025-05-16,Home_Loan,2847450.27,240,Salaried,0,0.654,1,1,Approved,1.0
APP003221,CUST003221,2024-10-08,Auto_Loan,1113981.65,36,Retired,3,0.751,4,5,Approved,1.0
APP003222,CUST003222,2024-07-20,Credit_Card,143106.68,0,Salaried,2,0.572,2,10,Approved,0.0
APP003223,CUST003223,2024-06-07,Home_Loan,2386932.73,180,Salaried,0,0.543,0,0,Rejected,
APP003224,CUST003224,2025-01-26,Personal_Loan,326471.3,12,Self_Employed,4,0.214,3,0,Approved,0.0
APP003225,CUST003225,2024-12-10,Credit_Card,392684.3,0,Salaried,1,0.709,0,4,Approved,1.0
APP003226,CUST003226,2025-08-14,Home_Loan,4470234.43,120,Salaried,2,0.48,2,32,Approved,1.0
APP003227,CUST003227,2024-06-03,Personal_Loan,944535.43,24,Salaried,0,0.255,2,10,Approved,0.0
APP003228,CUST003228,2025-05-22,Home_Loan,1528106.09,300,Salaried,1,0.403,1,14,Rejected,
APP003229,CUST003229,2025-03-04,Business_Loan,2461211.43,12,Salaried,0,0.108,1,4,Approved,0.0
APP003230,CUST003230,2024-04-15,Business_Loan,1254941.41,48,Salaried,1,0.475,3,11,Approved,0.0
APP003231,CUST003231,2024-07-14,Home_Loan,9855276.9,240,Business_Owner,0,0.35,1,0,Approved,0.0
APP003232,CUST003232,2024-01-30,Personal_Loan,129502.1,12,Salaried,3,0.774,0,6,Rejected,
APP003233,CUST003233,2023-11-05,Auto_Loan,341498.52,84,Retired,1,0.663,4,9,Approved,1.0
APP003234,CUST003234,2025-02-25,Credit_Card,319068.86,0,Retired,3,0.571,1,27,Rejected,
APP003235,CUST003235,2024-10-13,Personal_Loan,214653.91,60,Salaried,1,0.286,4,18,Approved,0.0
APP003236,CUST003236,2024-12-07,Home_Loan,1251362.26,180,Self_Employed,3,0.535,0,15,Approved,1.0
APP003237,CUST003237,2023-12-03,Home_Loan,3173352.52,300,Salaried,4,0.596,1,6,Approved,1.0
APP003238,CUST003238,2025-05-19,Personal_Loan,655963.91,36,Self_Employed,3,0.275,3,20,Approved,0.0
APP003239,CUST003239,2024-06-29,Business_Loan,773139.63,12,Salaried,0,0.654,5,1,Approved,1.0
APP003240,CUST003240,2023-12-13,Auto_Loan,1100981.84,84,Salaried,3,0.648,4,13,Approved,0.0
APP003241,CUST003241,2023-12-01,Home_Loan,4191643.68,120,Salaried,3,0.305,1,17,Approved,0.0
APP003242,CUST003242,2024-10-16,Home_Loan,9093557.62,120,Salaried,1,0.513,2,0,Approved,1.0
APP003243,CUST003243,2024-04-29,Home_Loan,6969928.53,300,Salaried,1,0.711,2,4,Approved,0.0
APP003244,CUST003244,2025-08-17,Personal_Loan,140798.27,24,Salaried,1,0.125,0,15,Approved,0.0
APP003245,CUST003245,2025-01-28,Personal_Loan,987430.17,12,Salaried,4,0.227,2,3,Approved,1.0
APP003246,CUST003246,2025-06-21,Personal_Loan,357708.68,36,Salaried,1,0.788,0,46,Approved,0.0
APP003247,CUST003247,2024-08-15,Auto_Loan,210276.24,48,Student,3,0.759,4,2,Approved,1.0
APP003248,CUST003248,2025-07-19,Home_Loan,4766930.08,240,Retired,1,0.7,3,15,Approved,0.0
APP003249,CUST003249,2024-08-27,Credit_Card,383090.82,0,Salaried,3,0.429,2,0,Approved,0.0
APP003250,CUST003250,2024-09-17,Auto_Loan,744511.92,48,Retired,3,0.66,0,7,Approved,1.0
APP003251,CUST003251,2024-05-22,Credit_Card,93290.55,0,Salaried,0,0.578,2,0,Approved,0.0
APP003252,CUST003252,2025-02-01,Credit_Card,441485.11,0,Salaried,0,0.565,1,0,Approved,0.0
APP003253,CUST003253,2024-08-22,Home_Loan,2992107.94,180,Business_Owner,3,0.569,2,5,Approved,1.0
APP003254,CUST003254,2025-08-07,Home_Loan,8205393.71,240,Self_Employed,2,0.626,3,70,Approved,0.0
APP003255,CUST003255,2024-12-05,Personal_Loan,413402.55,60,Business_Owner,0,0.695,2,2,Approved,1.0
APP003256,CUST003256,2025-03-15,Business_Loan,281914.93,48,Retired,3,0.4,0,7,Rejected,
APP003257,CUST003257,2024-01-05,Auto_Loan,1440012.95,60,Business_Owner,2,0.434,0,15,Approved,0.0
APP003258,CUST003258,2024-02-01,Auto_Loan,1012505.87,84,Salaried,3,0.18,1,3,Approved,1.0
APP003259,CUST003259,2024-05-27,Auto_Loan,1462232.51,84,Salaried,3,0.278,4,2,Approved,0.0
APP003260,CUST003260,2024-09-16,Credit_Card,169662.22,0,Self_Employed,4,0.112,3,10,Approved,0.0
APP003261,CUST003261,2023-12-22,Auto_Loan,702300.26,84,Salaried,3,0.318,2,13,Rejected,
APP003262,CUST003262,2024-07-10,Auto_Loan,1239034.67,48,Salaried,4,0.326,2,2,Approved,0.0
APP003263,CUST003263,2024-12-26,Home_Loan,8875717.73,120,Salaried,2,0.58,2,44,Approved,0.0
APP003264,CUST003264,2023-12-09,Auto_Loan,1938856.35,84,Business_Owner,1,0.407,2,8,Approved,0.0
APP003265,CUST003265,2024-04-16,Home_Loan,3888116.54,240,Salaried,3,0.288,1,1,Approved,1.0
APP003266,CUST003266,2025-09-01,Home_Loan,7153672.06,120,Self_Employed,1,0.304,2,9,Approved,0.0
APP003267,CUST003267,2025-04-01,Credit_Card,243151.02,0,Salaried,4,0.524,1,3,Approved,1.0
APP003268,CUST003268,2025-04-08,Home_Loan,4801705.79,120,Salaried,2,0.659,3,12,Approved,0.0
APP003269,CUST003269,2023-12-28,Home_Loan,4492394.41,300,Self_Employed,2,0.299,0,17,Rejected,
APP003270,CUST003270,2024-01-09,Personal_Loan,242055.32,36,Salaried,3,0.182,1,10,Approved,0.0
APP003271,CUST003271,2025-06-12,Home_Loan,3238684.16,300,Salaried,0,0.276,1,1,Approved,1.0
APP003272,CUST003272,2024-07-05,Personal_Loan,373657.96,60,Retired,3,0.465,2,9,Approved,0.0
APP003273,CUST003273,2024-12-24,Home_Loan,1427492.92,120,Salaried,1,0.152,4,38,Rejected,
APP003274,CUST003274,2025-09-29,Personal_Loan,954505.12,48,Retired,4,0.254,1,25,Rejected,
APP003275,CUST003275,2023-11-18,Business_Loan,3714746.27,48,Salaried,4,0.158,3,53,Rejected,
APP003276,CUST003276,2025-04-16,Credit_Card,175755.89,0,Salaried,0,0.282,0,63,Rejected,
APP003277,CUST003277,2025-01-02,Auto_Loan,1887439.19,36,Self_Employed,3,0.518,0,19,Approved,1.0
APP003278,CUST003278,2024-07-16,Personal_Loan,625587.71,60,Student,3,0.169,1,5,Rejected,
APP003279,CUST003279,2025-04-13,Auto_Loan,577736.81,84,Salaried,3,0.426,2,73,Approved,0.0
APP003280,CUST003280,2023-12-29,Home_Loan,4040260.38,300,Self_Employed,1,0.655,2,9,Approved,0.0
APP003281,CUST003281,2024-03-07,Credit_Card,225087.66,0,Retired,1,0.687,3,42,Approved,1.0
APP003282,CUST003282,2024-05-16,Personal_Loan,238416.33,36,Salaried,4,0.333,2,60,Approved,0.0
APP003283,CUST003283,2024-04-12,Home_Loan,6274342.27,240,Salaried,1,0.414,3,35,Approved,1.0
APP003284,CUST003284,2025-01-22,Home_Loan,6392626.42,180,Self_Employed,4,0.385,3,3,Approved,0.0
APP003285,CUST003285,2023-11-28,Auto_Loan,652909.55,48,Salaried,3,0.558,2,2,Approved,0.0
APP003286,CUST003286,2025-09-13,Personal_Loan,724784.25,48,Salaried,2,0.271,1,4,Approved,0.0
APP003287,CUST003287,2025-10-20,Business_Loan,3173967.0,24,Salaried,3,0.635,4,1,Approved,1.0
APP003288,CUST003288,2023-11-07,Auto_Loan,1851137.76,84,Retired,0,0.437,4,50,Approved,0.0
APP003289,CUST003289,2024-10-08,Personal_Loan,373929.23,48,Salaried,4,0.253,0,8,Approved,0.0
APP003290,CUST003290,2023-11-19,Personal_Loan,797480.75,12,Salaried,2,0.314,3,5,Approved,0.0
APP003291,CUST003291,2024-11-24,Credit_Card,113874.36,0,Salaried,4,0.152,2,4,Rejected,
APP003292,CUST003292,2025-07-21,Auto_Loan,1257746.48,36,Business_Owner,1,0.109,3,32,Rejected,
APP003293,CUST003293,2024-03-08,Home_Loan,7249276.82,120,Self_Employed,3,0.119,1,21,Approved,1.0
APP003294,CUST003294,2024-10-20,Business_Loan,3279969.17,48,Self_Employed,1,0.299,1,15,Approved,0.0
APP003295,CUST003295,2024-03-08,Home_Loan,9910264.92,240,Salaried,0,0.601,1,23,Approved,0.0
APP003296,CUST003296,2025-08-24,Personal_Loan,685072.51,24,Business_Owner,2,0.593,1,14,Rejected,
APP003297,CUST003297,2023-12-03,Credit_Card,356925.44,0,Self_Employed,0,0.224,1,60,Rejected,
APP003298,CUST003298,2023-12-07,Business_Loan,3398341.92,60,Business_Owner,3,0.253,2,4,Rejected,
APP003299,CUST003299,2024-10-04,Personal_Loan,84526.96,60,Salaried,0,0.561,1,0,Approved,0.0
APP003300,CUST003300,2024-01-31,Home_Loan,4959583.33,180,Salaried,0,0.591,4,72,Approved,0.0
APP003301,CUST003301,2023-12-02,Personal_Loan,256180.55,60,Salaried,3,0.751,3,26,Rejected,
APP003302,CUST003302,2025-01-03,Home_Loan,6932319.59,180,Salaried,3,0.279,1,12,Approved,0.0
APP003303,CUST003303,2025-04-30,Business_Loan,2847130.08,12,Salaried,2,0.779,3,11,Rejected,
APP003304,CUST003304,2024-08-02,Home_Loan,4306128.93,120,Salaried,0,0.144,1,5,Approved,0.0
APP003305,CUST003305,2024-09-25,Personal_Loan,256014.39,24,Retired,3,0.604,1,1,Rejected,
APP003306,CUST003306,2024-01-04,Home_Loan,5598789.53,120,Salaried,2,0.589,2,2,Approved,1.0
APP003307,CUST003307,2025-09-13,Auto_Loan,1262022.96,60,Business_Owner,1,0.477,5,16,Approved,1.0
APP003308,CUST003308,2024-02-16,Personal_Loan,169652.41,12,Salaried,1,0.311,1,16,Approved,0.0
APP003309,CUST003309,2025-08-27,Home_Loan,4631520.09,120,Salaried,1,0.393,0,15,Approved,0.0
APP003310,CUST003310,2024-08-04,Home_Loan,2236940.82,240,Self_Employed,4,0.267,2,1,Rejected,
APP003311,CUST003311,2025-07-01,Personal_Loan,708005.86,36,Salaried,1,0.71,1,39,Rejected,
APP003312,CUST003312,2024-12-18,Home_Loan,3283095.72,180,Salaried,2,0.581,2,21,Approved,0.0
APP003313,CUST003313,2025-05-10,Home_Loan,3559291.88,300,Salaried,1,0.219,3,41,Approved,0.0
APP003314,CUST003314,2024-12-15,Auto_Loan,1800393.43,84,Salaried,2,0.25,1,21,Rejected,
APP003315,CUST003315,2024-10-06,Auto_Loan,1859120.65,36,Retired,0,0.135,2,25,Rejected,
APP003316,CUST003316,2024-05-01,Credit_Card,94593.6,0,Salaried,3,0.428,1,0,Approved,1.0
APP003317,CUST003317,2024-10-25,Business_Loan,2504559.5,48,Salaried,2,0.142,2,1,Approved,0.0
APP003318,CUST003318,2024-03-15,Personal_Loan,935723.47,48,Self_Employed,1,0.598,3,27,Approved,0.0
APP003319,CUST003319,2025-07-04,Personal_Loan,658485.84,24,Self_Employed,4,0.591,1,14,Approved,1.0
APP003320,CUST003320,2025-03-30,Personal_Loan,727447.11,36,Business_Owner,2,0.599,1,47,Rejected,
APP003321,CUST003321,2025-03-12,Personal_Loan,605136.55,24,Salaried,1,0.613,1,19,Rejected,
APP003322,CUST003322,2025-08-21,Home_Loan,4224251.06,180,Salaried,0,0.496,2,49,Approved,0.0
APP003323,CUST003323,2024-12-13,Personal_Loan,807986.39,12,Salaried,1,0.352,4,89,Approved,0.0
APP003324,CUST003324,2024-08-17,Home_Loan,4241783.77,240,Self_Employed,1,0.49,3,2,Approved,1.0
APP003325,CUST003325,2023-11-11,Auto_Loan,1720879.23,60,Business_Owner,0,0.239,0,16,Approved,0.0
APP003326,CUST003326,2025-08-04,Home_Loan,3849282.65,180,Business_Owner,0,0.11,2,18,Rejected,
APP003327,CUST003327,2024-07-22,Auto_Loan,1474599.0,48,Business_Owner,3,0.688,5,12,Approved,0.0
APP003328,CUST003328,2024-04-21,Home_Loan,5303005.13,240,Salaried,2,0.428,2,7,Approved,0.0
APP003329,CUST003329,2025-06-26,Home_Loan,8012725.31,180,Self_Employed,0,0.639,0,6,Rejected,
APP003330,CUST003330,2024-07-23,Home_Loan,9383098.05,180,Retired,2,0.458,4,0,Approved,0.0
APP003331,CUST003331,2025-01-05,Auto_Loan,1899413.78,48,Business_Owner,4,0.587,0,51,Rejected,
APP003332,CUST003332,2024-02-14,Home_Loan,8731871.0,240,Student,4,0.544,2,13,Approved,0.0
APP003333,CUST003333,2024-01-23,Personal_Loan,561420.95,24,Salaried,1,0.399,4,11,Approved,1.0
APP003334,CUST003334,2024-06-17,Business_Loan,2405251.53,24,Salaried,0,0.435,2,23,Approved,1.0
APP003335,CUST003335,2023-11-07,Credit_Card,359277.83,0,Salaried,0,0.245,4,16,Approved,0.0
APP003336,CUST003336,2024-07-10,Auto_Loan,1922584.83,36,Salaried,4,0.318,1,5,Rejected,
APP003337,CUST003337,2024-05-18,Auto_Loan,929828.77,84,Salaried,2,0.659,1,1,Approved,1.0
APP003338,CUST003338,2025-04-02,Personal_Loan,335717.91,36,Salaried,2,0.269,2,78,Approved,0.0
APP003339,CUST003339,2023-11-12,Credit_Card,329715.62,0,Salaried,4,0.737,2,22,Approved,1.0
APP003340,CUST003340,2024-07-25,Home_Loan,5687329.42,180,Salaried,3,0.603,3,25,Approved,1.0
APP003341,CUST003341,2024-09-07,Credit_Card,258715.12,0,Business_Owner,3,0.584,2,15,Rejected,
APP003342,CUST003342,2024-01-07,Personal_Loan,474090.8,12,Salaried,3,0.799,1,10,Rejected,
APP003343,CUST003343,2024-11-10,Business_Loan,1463195.16,24,Salaried,1,0.793,1,0,Approved,1.0
APP003344,CUST003344,2025-04-21,Business_Loan,2049195.79,24,Retired,3,0.574,2,60,Approved,0.0
APP003345,CUST003345,2025-07-04,Personal_Loan,882079.59,60,Salaried,0,0.44,3,13,Approved,0.0
APP003346,CUST003346,2025-07-27,Home_Loan,8503493.66,300,Self_Employed,0,0.554,2,16,Approved,1.0
APP003347,CUST003347,2024-10-27,Personal_Loan,83625.97,60,Salaried,2,0.606,3,0,Approved,0.0
APP003348,CUST003348,2024-02-08,Home_Loan,9172949.32,240,Business_Owner,0,0.643,5,43,Rejected,
APP003349,CUST003349,2025-05-16,Personal_Loan,545652.83,60,Business_Owner,2,0.452,1,0,Approved,0.0
APP003350,CUST003350,2024-05-02,Personal_Loan,985754.92,12,Salaried,4,0.137,2,16,Approved,0.0
APP003351,CUST003351,2025-06-02,Home_Loan,1517743.11,180,Self_Employed,2,0.68,3,8,Rejected,
APP003352,CUST003352,2024-12-29,Personal_Loan,863270.62,60,Retired,0,0.708,1,47,Approved,0.0
APP003353,CUST003353,2025-10-03,Business_Loan,2436957.65,24,Salaried,4,0.18,1,13,Rejected,
APP003354,CUST003354,2025-04-04,Credit_Card,330180.77,0,Self_Employed,1,0.485,1,55,Approved,0.0
APP003355,CUST003355,2024-05-14,Business_Loan,4896185.77,24,Salaried,2,0.6,1,10,Approved,1.0
APP003356,CUST003356,2025-09-30,Personal_Loan,683495.75,24,Salaried,1,0.635,1,1,Approved,0.0
APP003357,CUST003357,2024-12-18,Personal_Loan,190543.55,36,Salaried,4,0.386,3,26,Approved,1.0
APP003358,CUST003358,2025-06-08,Personal_Loan,448596.11,36,Self_Employed,0,0.796,0,5,Approved,1.0
APP003359,CUST003359,2025-03-05,Home_Loan,9002094.02,240,Salaried,2,0.18,4,10,Rejected,
APP003360,CUST003360,2024-08-20,Auto_Loan,818137.27,36,Self_Employed,0,0.276,2,14,Approved,0.0
APP003361,CUST003361,2025-02-25,Personal_Loan,798329.31,36,Self_Employed,0,0.175,4,47,Approved,0.0
APP003362,CUST003362,2024-03-09,Credit_Card,103059.07,0,Salaried,0,0.586,1,3,Approved,0.0
APP003363,CUST003363,2024-09-08,Business_Loan,4362747.37,36,Salaried,0,0.125,5,9,Approved,0.0
APP003364,CUST003364,2025-01-26,Personal_Loan,774008.51,12,Student,2,0.329,1,38,Rejected,
APP003365,CUST003365,2024-05-16,Auto_Loan,1613191.01,36,Retired,2,0.486,3,4,Approved,0.0
APP003366,CUST003366,2025-06-21,Personal_Loan,360052.55,24,Business_Owner,0,0.474,3,1,Approved,0.0
APP003367,CUST003367,2024-09-11,Auto_Loan,297722.16,60,Business_Owner,3,0.188,1,16,Approved,0.0
APP003368,CUST003368,2024-10-15,Personal_Loan,722573.52,48,Salaried,2,0.313,2,2,Approved,0.0
APP003369,CUST003369,2025-04-07,Auto_Loan,1313655.7,60,Salaried,1,0.22,4,0,Rejected,
APP003370,CUST003370,2024-05-03,Personal_Loan,417295.59,36,Salaried,1,0.714,2,32,Approved,0.0
APP003371,CUST003371,2024-10-08,Business_Loan,3822611.74,24,Self_Employed,3,0.729,2,55,Approved,1.0
APP003372,CUST003372,2023-12-16,Auto_Loan,1047214.89,84,Self_Employed,2,0.206,5,0,Rejected,
APP003373,CUST003373,2024-04-25,Auto_Loan,1128668.61,48,Salaried,2,0.63,2,4,Approved,0.0
APP003374,CUST003374,2025-05-20,Auto_Loan,1064888.03,36,Salaried,4,0.109,3,36,Approved,0.0
APP003375,CUST003375,2024-08-19,Home_Loan,9281298.55,240,Self_Employed,2,0.756,0,1,Approved,1.0
APP003376,CUST003376,2025-02-25,Personal_Loan,135882.86,36,Salaried,2,0.589,4,0,Approved,1.0
APP003377,CUST003377,2024-10-27,Personal_Loan,477833.5,24,Self_Employed,2,0.523,0,4,Rejected,
APP003378,CUST003378,2024-05-03,Auto_Loan,1266353.27,60,Salaried,0,0.79,0,6,Approved,0.0
APP003379,CUST003379,2025-06-10,Auto_Loan,1931230.74,84,Self_Employed,1,0.52,7,1,Approved,1.0
APP003380,CUST003380,2025-03-12,Personal_Loan,114489.84,12,Business_Owner,4,0.594,2,11,Approved,1.0
APP003381,CUST003381,2024-09-05,Credit_Card,80974.61,0,Salaried,0,0.235,2,3,Approved,0.0
APP003382,CUST003382,2024-06-30,Home_Loan,2806164.52,120,Salaried,4,0.746,1,7,Approved,0.0
APP003383,CUST003383,2024-01-12,Personal_Loan,755782.51,36,Salaried,3,0.131,5,0,Approved,1.0
APP003384,CUST003384,2025-04-07,Auto_Loan,1293130.27,60,Self_Employed,0,0.353,2,102,Approved,0.0
APP003385,CUST003385,2025-06-30,Auto_Loan,434905.68,84,Retired,1,0.616,3,5,Approved,1.0
APP003386,CUST003386,2023-11-21,Auto_Loan,1286299.23,36,Salaried,2,0.657,2,0,Rejected,
APP003387,CUST003387,2024-08-08,Home_Loan,3403511.12,300,Salaried,4,0.309,2,16,Rejected,
APP003388,CUST003388,2024-01-01,Auto_Loan,313744.84,36,Self_Employed,2,0.232,0,0,Approved,0.0
APP003389,CUST003389,2024-10-06,Personal_Loan,649556.78,36,Salaried,1,0.444,1,0,Rejected,
APP003390,CUST003390,2025-07-29,Business_Loan,3323336.25,24,Salaried,0,0.228,2,0,Approved,0.0
APP003391,CUST003391,2024-04-27,Business_Loan,1222277.68,12,Salaried,4,0.577,2,4,Rejected,
APP003392,CUST003392,2024-01-29,Auto_Loan,631354.53,36,Salaried,0,0.789,3,0,Approved,1.0
APP003393,CUST003393,2025-10-19,Home_Loan,955579.07,300,Self_Employed,0,0.336,1,4,Approved,0.0
APP003394,CUST003394,2025-03-08,Home_Loan,6394595.16,120,Salaried,4,0.473,3,118,Approved,0.0
APP003395,CUST003395,2025-10-11,Auto_Loan,1847542.85,48,Self_Employed,2,0.354,2,1,Rejected,
APP003396,CUST003396,2025-09-16,Home_Loan,1901453.81,300,Salaried,3,0.195,2,13,Approved,0.0
APP003397,CUST003397,2024-01-14,Credit_Card,270698.65,0,Salaried,4,0.407,0,0,Approved,0.0
APP003398,CUST003398,2025-01-18,Home_Loan,585241.42,180,Self_Employed,1,0.596,1,3,Approved,1.0
APP003399,CUST003399,2024-02-04,Credit_Card,209944.44,0,Salaried,0,0.641,3,7,Rejected,
APP003400,CUST003400,2023-11-15,Personal_Loan,953266.7,12,Salaried,1,0.311,0,4,Rejected,
APP003401,CUST003401,2024-06-24,Personal_Loan,835867.44,12,Salaried,3,0.723,1,16,Approved,0.0
APP003402,CUST003402,2024-05-15,Credit_Card,208785.24,0,Salaried,2,0.26,1,0,Rejected,
APP003403,CUST003403,2025-04-16,Personal_Loan,305200.21,24,Salaried,1,0.205,3,17,Approved,1.0
APP003404,CUST003404,2024-02-03,Personal_Loan,844949.04,48,Salaried,1,0.618,1,0,Approved,0.0
APP003405,CUST003405,2024-08-09,Personal_Loan,304320.81,60,Salaried,3,0.297,5,0,Approved,0.0
APP003406,CUST003406,2025-01-13,Personal_Loan,516827.6,60,Salaried,3,0.592,4,55,Rejected,
APP003407,CUST003407,2025-04-29,Personal_Loan,180771.26,60,Salaried,3,0.202,0,1,Rejected,
APP003408,CUST003408,2025-06-23,Home_Loan,7744390.63,120,Salaried,0,0.624,0,10,Approved,1.0
APP003409,CUST003409,2024-10-19,Credit_Card,232385.23,0,Salaried,0,0.151,4,2,Approved,0.0
APP003410,CUST003410,2023-12-25,Personal_Loan,111247.0,24,Salaried,3,0.8,4,32,Rejected,
APP003411,CUST003411,2023-12-31,Auto_Loan,1803855.61,48,Self_Employed,4,0.762,1,102,Approved,0.0
APP003412,CUST003412,2024-09-30,Home_Loan,7558411.63,120,Business_Owner,4,0.228,3,3,Approved,0.0
APP003413,CUST003413,2024-03-12,Home_Loan,6336454.5,300,Salaried,0,0.253,2,5,Approved,0.0
APP003414,CUST003414,2024-04-23,Auto_Loan,896807.31,48,Salaried,3,0.176,2,1,Approved,0.0
APP003415,CUST003415,2024-06-05,Home_Loan,7909890.67,240,Salaried,1,0.551,3,0,Rejected,
APP003416,CUST003416,2024-05-11,Business_Loan,3636228.77,48,Retired,2,0.424,3,11,Approved,0.0
APP003417,CUST003417,2025-02-12,Auto_Loan,704722.06,48,Self_Employed,0,0.675,3,1,Approved,0.0
APP003418,CUST003418,2024-12-01,Home_Loan,3172124.22,240,Salaried,3,0.38,3,3,Rejected,
APP003419,CUST003419,2024-07-02,Business_Loan,1111344.26,48,Salaried,4,0.432,5,2,Approved,1.0
APP003420,CUST003420,2025-08-11,Auto_Loan,420393.72,48,Self_Employed,3,0.579,3,20,Rejected,
APP003421,CUST003421,2025-07-23,Auto_Loan,1175645.96,36,Salaried,4,0.279,1,2,Approved,0.0
APP003422,CUST003422,2025-06-03,Business_Loan,2892950.08,60,Student,4,0.646,1,0,Approved,1.0
APP003423,CUST003423,2024-03-17,Business_Loan,1462702.12,48,Salaried,4,0.585,3,6,Approved,0.0
APP003424,CUST003424,2025-01-10,Personal_Loan,358935.19,48,Self_Employed,2,0.523,1,4,Rejected,
APP003425,CUST003425,2025-01-16,Auto_Loan,233463.87,84,Salaried,3,0.461,2,16,Rejected,
APP003426,CUST003426,2025-01-16,Home_Loan,2158471.7,180,Salaried,2,0.301,1,3,Rejected,
APP003427,CUST003427,2025-06-16,Home_Loan,8459237.05,240,Business_Owner,3,0.135,2,32,Approved,0.0
APP003428,CUST003428,2025-09-15,Personal_Loan,93890.83,12,Salaried,1,0.629,2,26,Rejected,
APP003429,CUST003429,2024-09-28,Credit_Card,210712.6,0,Self_Employed,1,0.33,1,14,Rejected,
APP003430,CUST003430,2025-02-18,Home_Loan,935065.98,120,Self_Employed,0,0.19,0,4,Rejected,
APP003431,CUST003431,2025-05-06,Home_Loan,3854959.47,180,Salaried,1,0.419,3,15,Rejected,
APP003432,CUST003432,2025-07-24,Personal_Loan,546616.7,48,Salaried,3,0.511,3,3,Rejected,
APP003433,CUST003433,2024-04-26,Home_Loan,7527844.14,300,Business_Owner,0,0.404,3,9,Approved,0.0
APP003434,CUST003434,2025-06-13,Personal_Loan,213245.47,36,Salaried,1,0.652,3,0,Approved,1.0
APP003435,CUST003435,2024-06-02,Personal_Loan,513225.03,36,Self_Employed,0,0.357,3,2,Rejected,
APP003436,CUST003436,2025-11-01,Business_Loan,1757654.99,36,Business_Owner,0,0.593,2,14,Approved,0.0
APP003437,CUST003437,2025-07-23,Auto_Loan,1910324.55,36,Salaried,1,0.784,1,16,Approved,0.0
APP003438,CUST003438,2025-01-28,Auto_Loan,1285595.24,48,Self_Employed,0,0.264,1,0,Approved,0.0
APP003439,CUST003439,2024-01-16,Personal_Loan,327165.61,48,Salaried,1,0.78,1,2,Rejected,
APP003440,CUST003440,2024-08-05,Auto_Loan,1260598.22,60,Self_Employed,4,0.413,3,0,Rejected,
APP003441,CUST003441,2024-07-19,Business_Loan,3261092.26,12,Business_Owner,2,0.634,0,11,Approved,0.0
APP003442,CUST003442,2025-07-11,Home_Loan,8468573.52,180,Salaried,0,0.384,3,2,Approved,0.0
APP003443,CUST003443,2025-01-06,Home_Loan,4308477.05,300,Salaried,0,0.411,2,61,Approved,0.0
APP003444,CUST003444,2025-05-08,Personal_Loan,162497.12,36,Salaried,3,0.329,4,1,Approved,0.0
APP003445,CUST003445,2025-08-18,Home_Loan,6083239.48,120,Salaried,4,0.683,3,23,Rejected,
APP003446,CUST003446,2024-10-25,Credit_Card,164190.82,0,Salaried,0,0.649,1,12,Approved,1.0
APP003447,CUST003447,2025-06-26,Personal_Loan,918775.89,36,Retired,0,0.44,2,35,Approved,1.0
APP003448,CUST003448,2024-03-14,Auto_Loan,1817372.18,84,Salaried,0,0.325,0,10,Rejected,
APP003449,CUST003449,2025-10-17,Personal_Loan,604985.67,60,Salaried,2,0.332,2,0,Approved,0.0
APP003450,CUST003450,2025-05-19,Auto_Loan,645245.21,60,Salaried,3,0.301,1,54,Approved,0.0
APP003451,CUST003451,2025-05-04,Personal_Loan,113073.94,60,Salaried,1,0.736,1,0,Approved,1.0
APP003452,CUST003452,2024-01-31,Auto_Loan,614993.63,84,Student,3,0.198,2,12,Approved,0.0
APP003453,CUST003453,2025-10-31,Auto_Loan,1993748.61,36,Salaried,0,0.328,4,16,Rejected,
APP003454,CUST003454,2023-11-19,Credit_Card,288634.64,0,Business_Owner,4,0.329,1,0,Rejected,
APP003455,CUST003455,2024-03-05,Auto_Loan,1076725.42,48,Student,4,0.23,2,21,Approved,0.0
APP003456,CUST003456,2023-11-18,Business_Loan,3212131.79,60,Salaried,1,0.554,2,55,Approved,0.0
APP003457,CUST003457,2025-09-26,Personal_Loan,615416.24,48,Salaried,4,0.476,1,44,Rejected,
APP003458,CUST003458,2025-03-18,Personal_Loan,324743.64,36,Self_Employed,3,0.329,3,30,Approved,0.0
APP003459,CUST003459,2024-11-15,Personal_Loan,472350.34,36,Salaried,4,0.434,3,2,Rejected,
APP003460,CUST003460,2024-08-28,Home_Loan,5048791.44,300,Salaried,1,0.759,2,32,Rejected,
APP003461,CUST003461,2025-10-29,Auto_Loan,531201.67,48,Salaried,4,0.122,2,33,Rejected,
APP003462,CUST003462,2024-07-22,Credit_Card,349064.42,0,Retired,4,0.668,3,34,Approved,0.0
APP003463,CUST003463,2025-06-02,Home_Loan,7458902.69,300,Salaried,2,0.67,0,37,Approved,0.0
APP003464,CUST003464,2024-03-21,Personal_Loan,736551.03,36,Salaried,0,0.559,2,2,Approved,0.0
APP003465,CUST003465,2024-11-01,Personal_Loan,128283.59,48,Business_Owner,4,0.227,2,1,Approved,0.0
APP003466,CUST003466,2024-12-30,Personal_Loan,265978.97,12,Salaried,3,0.571,0,5,Approved,0.0
APP003467,CUST003467,2024-10-17,Credit_Card,104150.53,0,Salaried,1,0.12,3,79,Approved,0.0
APP003468,CUST003468,2025-10-07,Credit_Card,452940.37,0,Salaried,0,0.4,2,11,Approved,0.0
APP003469,CUST003469,2024-03-20,Credit_Card,245507.47,0,Salaried,4,0.179,2,87,Rejected,
APP003470,CUST003470,2025-01-08,Auto_Loan,901483.43,48,Salaried,3,0.579,1,64,Approved,1.0
APP003471,CUST003471,2025-02-23,Personal_Loan,699734.54,12,Student,2,0.714,1,82,Approved,0.0
APP003472,CUST003472,2025-08-30,Home_Loan,8848955.87,300,Self_Employed,0,0.462,2,11,Rejected,
APP003473,CUST003473,2023-12-11,Credit_Card,202589.16,0,Salaried,2,0.727,3,38,Approved,0.0
APP003474,CUST003474,2024-11-21,Home_Loan,5046263.35,240,Salaried,0,0.576,1,18,Approved,0.0
APP003475,CUST003475,2023-12-21,Credit_Card,481239.62,0,Salaried,4,0.557,1,31,Approved,0.0
APP003476,CUST003476,2025-08-30,Personal_Loan,909850.28,36,Salaried,0,0.379,3,0,Rejected,
APP003477,CUST003477,2024-04-08,Business_Loan,1710047.76,36,Salaried,3,0.633,0,0,Rejected,
APP003478,CUST003478,2024-04-23,Personal_Loan,593424.66,60,Salaried,2,0.465,1,4,Approved,0.0
APP003479,CUST003479,2024-03-12,Personal_Loan,765230.17,60,Salaried,0,0.448,0,0,Approved,1.0
APP003480,CUST003480,2025-04-03,Credit_Card,317378.97,0,Salaried,2,0.786,1,0,Rejected,
APP003481,CUST003481,2023-12-07,Credit_Card,423022.27,0,Salaried,2,0.536,2,29,Approved,0.0
APP003482,CUST003482,2025-01-14,Personal_Loan,98509.53,24,Self_Employed,4,0.255,2,29,Rejected,
APP003483,CUST003483,2024-04-21,Home_Loan,9759707.15,120,Salaried,3,0.624,0,2,Approved,1.0
APP003484,CUST003484,2024-06-19,Home_Loan,7431673.19,180,Salaried,3,0.786,4,5,Rejected,
APP003485,CUST003485,2025-02-10,Home_Loan,6912151.07,180,Salaried,3,0.595,1,10,Rejected,
APP003486,CUST003486,2024-08-04,Personal_Loan,243768.24,24,Self_Employed,3,0.378,1,4,Rejected,
APP003487,CUST003487,2024-10-22,Credit_Card,344348.3,0,Self_Employed,3,0.26,0,76,Approved,0.0
APP003488,CUST003488,2024-04-10,Credit_Card,354723.2,0,Salaried,0,0.282,3,10,Approved,0.0
APP003489,CUST003489,2025-06-10,Personal_Loan,835145.71,12,Salaried,0,0.34,1,33,Approved,0.0
APP003490,CUST003490,2025-01-17,Home_Loan,9727625.58,240,Salaried,3,0.669,1,0,Rejected,
APP003491,CUST003491,2025-04-15,Auto_Loan,1166434.11,36,Salaried,3,0.748,3,3,Approved,0.0
APP003492,CUST003492,2024-09-27,Home_Loan,4799287.95,240,Salaried,0,0.519,1,38,Rejected,
APP003493,CUST003493,2025-07-17,Personal_Loan,54337.71,48,Self_Employed,2,0.702,2,0,Approved,0.0
APP003494,CUST003494,2025-09-07,Credit_Card,288407.68,0,Retired,4,0.444,0,2,Approved,1.0
APP003495,CUST003495,2024-04-22,Home_Loan,6980083.64,240,Salaried,0,0.567,3,1,Approved,0.0
APP003496,CUST003496,2025-06-24,Auto_Loan,1849065.12,60,Retired,1,0.412,4,18,Approved,0.0
APP003497,CUST003497,2024-08-14,Auto_Loan,934563.6,48,Business_Owner,3,0.795,1,50,Approved,0.0
APP003498,CUST003498,2025-07-06,Credit_Card,222784.49,0,Salaried,4,0.709,2,56,Approved,0.0
APP003499,CUST003499,2025-08-07,Auto_Loan,1747864.86,48,Business_Owner,4,0.665,2,6,Rejected,
APP003500,CUST003500,2024-05-08,Business_Loan,3617555.92,36,Salaried,4,0.402,1,4,Approved,0.0
APP003501,CUST003501,2025-09-24,Personal_Loan,877255.47,24,Salaried,2,0.57,1,6,Rejected,
APP003502,CUST003502,2025-09-07,Business_Loan,1201644.73,12,Salaried,2,0.189,4,0,Approved,1.0
APP003503,CUST003503,2024-09-22,Personal_Loan,776356.93,48,Self_Employed,3,0.729,3,1,Approved,1.0
APP003504,CUST003504,2024-10-05,Personal_Loan,840297.46,12,Self_Employed,4,0.586,4,7,Approved,0.0
APP003505,CUST003505,2024-05-27,Personal_Loan,825516.82,60,Self_Employed,2,0.509,3,17,Approved,0.0
APP003506,CUST003506,2025-11-01,Personal_Loan,599715.95,12,Self_Employed,0,0.237,0,2,Approved,0.0
APP003507,CUST003507,2025-08-25,Auto_Loan,587628.34,84,Salaried,2,0.785,2,20,Approved,1.0
APP003508,CUST003508,2025-08-16,Personal_Loan,575529.35,48,Student,4,0.77,4,36,Rejected,
APP003509,CUST003509,2025-04-04,Credit_Card,331142.87,0,Salaried,1,0.339,2,9,Rejected,
APP003510,CUST003510,2024-07-06,Home_Loan,1150077.53,300,Salaried,0,0.155,4,16,Rejected,
APP003511,CUST003511,2024-08-09,Home_Loan,8048775.35,120,Salaried,4,0.607,0,5,Approved,0.0
APP003512,CUST003512,2025-08-11,Personal_Loan,364387.16,48,Business_Owner,3,0.774,2,5,Approved,0.0
APP003513,CUST003513,2025-03-25,Personal_Loan,466701.37,48,Self_Employed,3,0.679,2,1,Approved,0.0
APP003514,CUST003514,2025-10-02,Home_Loan,3746093.73,300,Salaried,2,0.219,1,15,Approved,0.0
APP003515,CUST003515,2025-10-16,Home_Loan,6944108.13,120,Salaried,4,0.664,1,0,Rejected,
APP003516,CUST003516,2024-01-02,Business_Loan,4959595.42,36,Salaried,1,0.364,1,9,Rejected,
APP003517,CUST003517,2024-11-20,Personal_Loan,108126.28,48,Salaried,4,0.484,3,10,Approved,1.0
APP003518,CUST003518,2025-06-02,Credit_Card,410065.5,0,Student,1,0.17,0,31,Approved,0.0
APP003519,CUST003519,2025-09-03,Home_Loan,9275151.74,180,Salaried,0,0.347,5,2,Approved,0.0
APP003520,CUST003520,2024-04-15,Home_Loan,2440087.35,120,Salaried,4,0.288,1,4,Approved,0.0
APP003521,CUST003521,2023-11-07,Credit_Card,107358.61,0,Salaried,3,0.337,4,0,Approved,0.0
APP003522,CUST003522,2024-02-12,Credit_Card,474654.34,0,Salaried,2,0.513,0,0,Approved,1.0
APP003523,CUST003523,2024-05-15,Personal_Loan,430742.04,60,Salaried,2,0.138,1,1,Approved,0.0
APP003524,CUST003524,2023-12-12,Credit_Card,340009.39,0,Salaried,1,0.315,2,3,Rejected,
APP003525,CUST003525,2024-02-16,Business_Loan,309976.78,12,Student,1,0.353,3,6,Approved,0.0
APP003526,CUST003526,2025-05-17,Credit_Card,431257.69,0,Salaried,4,0.307,7,3,Approved,1.0
APP003527,CUST003527,2025-09-02,Personal_Loan,979482.01,60,Salaried,3,0.643,5,0,Rejected,
APP003528,CUST003528,2023-11-08,Auto_Loan,1452168.51,84,Self_Employed,0,0.658,0,5,Approved,1.0
APP003529,CUST003529,2023-12-21,Credit_Card,136837.31,0,Business_Owner,0,0.485,2,25,Approved,0.0
APP003530,CUST003530,2024-12-16,Home_Loan,5951236.05,180,Salaried,4,0.788,5,12,Approved,1.0
APP003531,CUST003531,2024-07-06,Business_Loan,1375934.31,60,Salaried,3,0.313,0,18,Rejected,
APP003532,CUST003532,2024-10-26,Credit_Card,135255.37,0,Self_Employed,0,0.519,1,14,Approved,0.0
APP003533,CUST003533,2024-07-27,Home_Loan,7416658.53,240,Salaried,2,0.746,1,13,Approved,1.0
APP003534,CUST003534,2025-09-06,Credit_Card,201758.52,0,Salaried,3,0.463,3,42,Rejected,
APP003535,CUST003535,2024-04-20,Credit_Card,397300.28,0,Student,3,0.662,0,6,Approved,1.0
APP003536,CUST003536,2025-10-18,Personal_Loan,164930.96,12,Self_Employed,1,0.726,3,26,Rejected,
APP003537,CUST003537,2024-11-24,Business_Loan,1686640.64,36,Salaried,4,0.334,2,2,Approved,0.0
APP003538,CUST003538,2024-06-01,Business_Loan,1025853.17,60,Salaried,4,0.174,1,15,Approved,0.0
APP003539,CUST003539,2025-02-21,Home_Loan,1580456.29,240,Salaried,3,0.651,6,0,Rejected,
APP003540,CUST003540,2024-02-04,Business_Loan,2213688.3,12,Salaried,4,0.676,1,5,Approved,0.0
APP003541,CUST003541,2024-05-03,Home_Loan,3636288.55,240,Salaried,2,0.689,3,0,Rejected,
APP003542,CUST003542,2024-12-09,Personal_Loan,262179.9,12,Salaried,4,0.299,1,8,Approved,0.0
APP003543,CUST003543,2023-12-31,Home_Loan,7959660.83,300,Salaried,4,0.404,2,46,Approved,0.0
APP003544,CUST003544,2025-08-11,Auto_Loan,1095810.42,60,Salaried,0,0.41,1,10,Rejected,
APP003545,CUST003545,2024-11-20,Business_Loan,4167233.99,36,Salaried,4,0.174,3,37,Approved,0.0
APP003546,CUST003546,2024-12-27,Credit_Card,374731.47,0,Salaried,2,0.443,2,4,Rejected,
APP003547,CUST003547,2025-08-05,Auto_Loan,1907020.99,84,Retired,3,0.577,0,8,Approved,0.0
APP003548,CUST003548,2024-01-10,Credit_Card,360046.57,0,Salaried,4,0.414,2,0,Rejected,
APP003549,CUST003549,2024-07-21,Auto_Loan,1928832.43,36,Salaried,2,0.786,2,33,Approved,0.0
APP003550,CUST003550,2025-08-04,Personal_Loan,365396.93,36,Salaried,2,0.534,2,0,Approved,0.0
APP003551,CUST003551,2025-10-29,Personal_Loan,799863.05,48,Retired,4,0.611,3,30,Approved,0.0
APP003552,CUST003552,2023-11-25,Home_Loan,6381697.22,240,Self_Employed,0,0.217,1,25,Rejected,
APP003553,CUST003553,2025-01-13,Home_Loan,8339770.42,300,Self_Employed,1,0.157,6,2,Rejected,
APP003554,CUST003554,2024-05-27,Home_Loan,3201887.86,240,Self_Employed,3,0.776,6,3,Approved,1.0
APP003555,CUST003555,2024-03-26,Business_Loan,3833250.8,48,Business_Owner,0,0.551,3,14,Rejected,
APP003556,CUST003556,2024-04-13,Auto_Loan,436354.71,48,Salaried,2,0.755,3,52,Approved,0.0
APP003557,CUST003557,2024-10-07,Home_Loan,2758577.59,300,Salaried,0,0.135,1,19,Approved,0.0
APP003558,CUST003558,2025-10-12,Home_Loan,887675.66,120,Self_Employed,2,0.256,5,9,Approved,0.0
APP003559,CUST003559,2024-03-29,Personal_Loan,674414.04,48,Salaried,2,0.336,1,12,Rejected,
APP003560,CUST003560,2025-02-14,Auto_Loan,1303372.64,60,Student,1,0.774,1,10,Rejected,
APP003561,CUST003561,2024-01-26,Credit_Card,164104.16,0,Self_Employed,0,0.731,2,0,Approved,1.0
APP003562,CUST003562,2023-11-12,Home_Loan,3338969.88,300,Business_Owner,2,0.457,1,65,Approved,0.0
APP003563,CUST003563,2024-08-12,Auto_Loan,1810711.24,36,Self_Employed,4,0.392,1,10,Approved,0.0
APP003564,CUST003564,2024-01-23,Personal_Loan,903568.35,48,Salaried,2,0.194,4,3,Approved,0.0
APP003565,CUST003565,2023-12-15,Home_Loan,9587074.56,300,Business_Owner,3,0.215,0,45,Approved,0.0
APP003566,CUST003566,2024-11-07,Business_Loan,566192.02,24,Salaried,4,0.135,1,20,Approved,0.0
APP003567,CUST003567,2025-05-23,Auto_Loan,577036.05,36,Salaried,4,0.208,0,23,Approved,0.0
APP003568,CUST003568,2024-01-06,Personal_Loan,346149.32,36,Salaried,3,0.547,2,1,Approved,1.0
APP003569,CUST003569,2024-07-15,Credit_Card,403363.29,0,Retired,2,0.566,6,2,Approved,0.0
APP003570,CUST003570,2025-05-20,Personal_Loan,507345.65,36,Business_Owner,1,0.606,2,36,Approved,0.0
APP003571,CUST003571,2025-10-20,Home_Loan,3620356.2,120,Salaried,3,0.221,3,1,Approved,0.0
APP003572,CUST003572,2024-11-01,Home_Loan,5388798.85,120,Salaried,2,0.186,1,2,Approved,0.0
APP003573,CUST003573,2025-03-12,Credit_Card,443239.71,0,Self_Employed,1,0.182,2,0,Approved,1.0
APP003574,CUST003574,2024-05-04,Personal_Loan,588133.72,12,Salaried,3,0.391,1,3,Approved,0.0
APP003575,CUST003575,2024-08-05,Home_Loan,5384610.53,120,Salaried,3,0.138,2,5,Rejected,
APP003576,CUST003576,2024-07-19,Home_Loan,908659.65,120,Salaried,4,0.469,1,0,Approved,1.0
APP003577,CUST003577,2024-11-16,Business_Loan,3639320.77,48,Student,3,0.36,0,21,Rejected,
APP003578,CUST003578,2025-08-08,Home_Loan,6431692.97,120,Self_Employed,0,0.364,2,7,Approved,1.0
APP003579,CUST003579,2025-08-13,Auto_Loan,1044557.16,84,Salaried,3,0.302,1,13,Rejected,
APP003580,CUST003580,2024-05-13,Credit_Card,204377.25,0,Salaried,1,0.541,1,0,Rejected,
APP003581,CUST003581,2024-04-18,Personal_Loan,151184.4,48,Business_Owner,3,0.437,1,24,Approved,0.0
APP003582,CUST003582,2025-09-12,Credit_Card,56324.96,0,Retired,4,0.104,1,3,Rejected,
APP003583,CUST003583,2025-02-26,Credit_Card,93643.77,0,Salaried,4,0.254,0,15,Rejected,
APP003584,CUST003584,2025-07-19,Home_Loan,4436763.96,240,Salaried,1,0.134,2,82,Approved,0.0
APP003585,CUST003585,2024-10-24,Credit_Card,348510.22,0,Business_Owner,2,0.146,1,1,Approved,0.0
APP003586,CUST003586,2024-07-23,Business_Loan,3519390.83,36,Salaried,2,0.693,0,15,Approved,0.0
APP003587,CUST003587,2024-04-08,Auto_Loan,1672693.55,84,Business_Owner,1,0.452,0,0,Rejected,
APP003588,CUST003588,2024-01-11,Home_Loan,6192470.36,300,Self_Employed,0,0.33,4,15,Approved,0.0
APP003589,CUST003589,2024-01-03,Auto_Loan,1825769.13,84,Salaried,4,0.651,0,7,Approved,1.0
APP003590,CUST003590,2025-10-31,Home_Loan,1538458.17,120,Business_Owner,3,0.448,2,2,Approved,0.0
APP003591,CUST003591,2025-04-28,Auto_Loan,1962150.93,48,Business_Owner,0,0.7,2,29,Approved,0.0
APP003592,CUST003592,2025-07-24,Home_Loan,2330898.43,240,Salaried,4,0.494,1,24,Rejected,
APP003593,CUST003593,2024-10-17,Auto_Loan,1406807.35,84,Self_Employed,3,0.404,1,21,Rejected,
APP003594,CUST003594,2025-07-10,Business_Loan,1069487.07,48,Salaried,1,0.794,3,0,Approved,1.0
APP003595,CUST003595,2024-03-03,Business_Loan,2484556.2,12,Salaried,1,0.718,3,5,Rejected,
APP003596,CUST003596,2024-01-13,Business_Loan,2557586.73,48,Salaried,1,0.5,0,8,Approved,1.0
APP003597,CUST003597,2024-09-04,Personal_Loan,55623.73,36,Salaried,3,0.467,1,1,Approved,0.0
APP003598,CUST003598,2024-07-25,Auto_Loan,281100.93,60,Salaried,4,0.71,1,1,Approved,1.0
APP003599,CUST003599,2025-02-24,Credit_Card,202089.44,0,Salaried,0,0.364,1,0,Rejected,
APP003600,CUST003600,2025-01-12,Credit_Card,358844.32,0,Salaried,1,0.767,3,9,Approved,0.0
APP003601,CUST003601,2025-10-20,Credit_Card,411229.57,0,Salaried,2,0.247,3,17,Approved,0.0
APP003602,CUST003602,2024-01-12,Auto_Loan,504586.57,48,Salaried,4,0.712,3,45,Rejected,
APP003603,CUST003603,2024-06-11,Auto_Loan,256877.99,84,Salaried,2,0.774,3,8,Rejected,
APP003604,CUST003604,2025-10-08,Auto_Loan,1259358.14,60,Salaried,2,0.691,1,18,Approved,0.0
APP003605,CUST003605,2024-06-11,Personal_Loan,933004.92,24,Retired,2,0.223,1,18,Approved,0.0
APP003606,CUST003606,2024-08-11,Home_Loan,2869913.56,180,Salaried,3,0.271,2,13,Approved,0.0
APP003607,CUST003607,2024-03-10,Home_Loan,6487246.67,240,Salaried,0,0.295,2,41,Approved,0.0
APP003608,CUST003608,2025-04-03,Business_Loan,2294774.06,24,Self_Employed,1,0.358,1,41,Approved,0.0
APP003609,CUST003609,2024-10-25,Personal_Loan,95758.78,36,Salaried,3,0.551,0,29,Approved,0.0
APP003610,CUST003610,2024-08-25,Auto_Loan,1565273.72,60,Business_Owner,2,0.531,4,7,Rejected,
APP003611,CUST003611,2025-02-24,Home_Loan,5558364.33,180,Salaried,2,0.616,2,11,Approved,0.0
APP003612,CUST003612,2024-06-06,Personal_Loan,340047.84,48,Salaried,0,0.394,4,10,Approved,0.0
APP003613,CUST003613,2025-01-16,Home_Loan,7512053.29,300,Salaried,2,0.174,3,0,Rejected,
APP003614,CUST003614,2024-02-06,Business_Loan,3810839.27,12,Business_Owner,0,0.242,0,1,Approved,0.0
APP003615,CUST003615,2024-05-14,Home_Loan,828789.08,300,Salaried,2,0.496,0,2,Approved,0.0
APP003616,CUST003616,2025-07-01,Auto_Loan,550048.68,48,Student,1,0.219,4,5,Rejected,
APP003617,CUST003617,2024-04-29,Auto_Loan,1166616.51,36,Self_Employed,3,0.313,2,36,Approved,1.0
APP003618,CUST003618,2025-10-17,Home_Loan,693877.24,300,Salaried,0,0.223,1,11,Rejected,
APP003619,CUST003619,2025-08-07,Personal_Loan,469547.71,12,Self_Employed,4,0.545,1,5,Rejected,
APP003620,CUST003620,2023-12-14,Home_Loan,3987756.82,240,Business_Owner,4,0.777,4,7,Approved,0.0
APP003621,CUST003621,2025-04-21,Home_Loan,6966308.38,120,Salaried,0,0.176,1,22,Approved,0.0
APP003622,CUST003622,2025-09-19,Home_Loan,3050352.47,300,Salaried,1,0.692,3,16,Rejected,
APP003623,CUST003623,2024-04-21,Home_Loan,4003082.41,240,Business_Owner,0,0.313,3,1,Rejected,
APP003624,CUST003624,2025-04-18,Auto_Loan,1259984.61,36,Salaried,1,0.305,1,47,Approved,0.0
APP003625,CUST003625,2023-12-12,Personal_Loan,304692.48,60,Business_Owner,2,0.6,1,1,Approved,1.0
APP003626,CUST003626,2025-08-20,Personal_Loan,195774.46,36,Salaried,0,0.607,1,2,Approved,0.0
APP003627,CUST003627,2025-07-27,Personal_Loan,797257.37,48,Salaried,1,0.601,4,2,Approved,0.0
APP003628,CUST003628,2025-05-19,Personal_Loan,951103.45,48,Salaried,3,0.661,1,18,Approved,0.0
APP003629,CUST003629,2024-06-26,Personal_Loan,789673.0,36,Self_Employed,0,0.401,1,25,Approved,0.0
APP003630,CUST003630,2025-10-13,Personal_Loan,673320.78,60,Salaried,1,0.726,1,0,Rejected,
APP003631,CUST003631,2025-11-03,Business_Loan,1102658.89,12,Salaried,1,0.611,2,1,Rejected,
APP003632,CUST003632,2025-07-28,Personal_Loan,229597.92,48,Self_Employed,4,0.325,2,25,Approved,0.0
APP003633,CUST003633,2024-01-14,Personal_Loan,954049.28,48,Salaried,1,0.479,1,38,Approved,0.0
APP003634,CUST003634,2024-07-20,Home_Loan,873887.47,180,Self_Employed,4,0.173,2,12,Approved,0.0
APP003635,CUST003635,2025-10-23,Home_Loan,8421297.54,180,Self_Employed,0,0.745,1,33,Rejected,
APP003636,CUST003636,2025-10-16,Auto_Loan,1562961.05,60,Salaried,0,0.269,3,90,Rejected,
APP003637,CUST003637,2025-02-22,Personal_Loan,240776.84,60,Salaried,3,0.262,2,5,Approved,0.0
APP003638,CUST003638,2023-12-02,Business_Loan,3980149.6,36,Salaried,3,0.11,0,13,Approved,0.0
APP003639,CUST003639,2025-05-23,Home_Loan,9319583.52,180,Business_Owner,1,0.536,1,0,Rejected,
APP003640,CUST003640,2024-07-25,Home_Loan,8018384.9,300,Self_Employed,1,0.337,2,18,Approved,0.0
APP003641,CUST003641,2023-11-12,Auto_Loan,1123215.05,48,Salaried,1,0.25,4,0,Rejected,
APP003642,CUST003642,2025-07-01,Auto_Loan,1495550.81,60,Salaried,4,0.105,1,2,Rejected,
APP003643,CUST003643,2025-07-13,Home_Loan,5568098.05,240,Salaried,0,0.261,0,31,Approved,0.0
APP003644,CUST003644,2023-12-14,Personal_Loan,874438.56,60,Salaried,0,0.292,2,9,Approved,0.0
APP003645,CUST003645,2024-03-17,Credit_Card,497034.89,0,Salaried,4,0.698,2,2,Approved,1.0
APP003646,CUST003646,2025-01-02,Personal_Loan,650009.93,12,Salaried,1,0.175,4,0,Approved,0.0
APP003647,CUST003647,2024-01-24,Home_Loan,5686589.07,180,Salaried,2,0.718,3,11,Rejected,
APP003648,CUST003648,2024-09-26,Personal_Loan,380808.91,60,Salaried,0,0.506,0,1,Approved,1.0
APP003649,CUST003649,2025-01-21,Personal_Loan,752732.93,12,Self_Employed,1,0.278,2,12,Rejected,
APP003650,CUST003650,2024-09-08,Credit_Card,140915.56,0,Business_Owner,2,0.119,1,16,Approved,0.0
APP003651,CUST003651,2025-09-19,Auto_Loan,948418.06,36,Salaried,4,0.686,1,15,Approved,0.0
APP003652,CUST003652,2025-08-20,Personal_Loan,517085.4,12,Salaried,4,0.324,1,10,Approved,0.0
APP003653,CUST003653,2023-11-19,Auto_Loan,1792435.52,48,Business_Owner,0,0.424,2,9,Approved,0.0
APP003654,CUST003654,2023-11-17,Personal_Loan,939412.37,12,Salaried,1,0.354,1,12,Approved,0.0
APP003655,CUST003655,2024-05-20,Personal_Loan,969794.25,24,Salaried,3,0.511,1,17,Approved,0.0
APP003656,CUST003656,2025-06-05,Personal_Loan,90621.36,60,Salaried,2,0.632,3,44,Approved,0.0
APP003657,CUST003657,2023-12-31,Credit_Card,155925.54,0,Self_Employed,2,0.524,2,2,Approved,0.0
APP003658,CUST003658,2024-10-20,Personal_Loan,984650.19,36,Student,3,0.613,2,10,Approved,0.0
APP003659,CUST003659,2025-09-05,Auto_Loan,219903.77,36,Student,3,0.181,2,2,Approved,0.0
APP003660,CUST003660,2025-01-20,Credit_Card,301783.69,0,Retired,0,0.228,1,11,Approved,0.0
APP003661,CUST003661,2025-05-06,Personal_Loan,867298.72,24,Salaried,0,0.284,3,13,Approved,0.0
APP003662,CUST003662,2024-07-16,Personal_Loan,576775.32,48,Salaried,4,0.471,5,1,Approved,1.0
APP003663,CUST003663,2024-03-28,Home_Loan,4600922.88,180,Self_Employed,1,0.394,1,35,Approved,0.0
APP003664,CUST003664,2024-03-02,Personal_Loan,330364.92,24,Self_Employed,2,0.61,0,93,Rejected,
APP003665,CUST003665,2024-03-16,Personal_Loan,469205.23,60,Salaried,0,0.424,1,47,Approved,0.0
APP003666,CUST003666,2025-07-26,Home_Loan,8649264.8,180,Salaried,3,0.28,2,3,Approved,1.0
APP003667,CUST003667,2025-08-31,Home_Loan,7533180.8,240,Salaried,2,0.785,1,39,Approved,0.0
APP003668,CUST003668,2024-01-07,Home_Loan,7136035.23,180,Retired,0,0.722,2,9,Rejected,
APP003669,CUST003669,2023-11-23,Home_Loan,7078786.68,180,Salaried,4,0.353,1,0,Approved,0.0
APP003670,CUST003670,2025-02-15,Auto_Loan,481461.71,36,Self_Employed,4,0.132,3,10,Approved,0.0
APP003671,CUST003671,2024-06-29,Auto_Loan,943357.4,48,Self_Employed,4,0.782,0,20,Approved,0.0
APP003672,CUST003672,2024-02-03,Personal_Loan,569535.79,36,Salaried,3,0.717,1,1,Approved,0.0
APP003673,CUST003673,2024-08-01,Credit_Card,459049.64,0,Salaried,4,0.222,4,14,Approved,0.0
APP003674,CUST003674,2023-11-16,Personal_Loan,331405.36,24,Self_Employed,4,0.182,3,46,Rejected,
APP003675,CUST003675,2025-03-22,Home_Loan,1364080.93,120,Salaried,3,0.69,2,12,Approved,0.0
APP003676,CUST003676,2024-04-16,Credit_Card,266537.75,0,Salaried,1,0.299,4,7,Approved,0.0
APP003677,CUST003677,2024-07-12,Auto_Loan,1479105.1,36,Salaried,2,0.139,1,8,Approved,0.0
APP003678,CUST003678,2024-05-01,Home_Loan,9251663.19,240,Salaried,1,0.384,0,16,Approved,0.0
APP003679,CUST003679,2025-04-28,Personal_Loan,809474.48,36,Self_Employed,3,0.399,0,0,Approved,0.0
APP003680,CUST003680,2025-07-20,Auto_Loan,1824470.8,60,Student,0,0.271,1,9,Rejected,
APP003681,CUST003681,2025-08-20,Business_Loan,2268118.2,24,Salaried,4,0.173,4,2,Approved,1.0
APP003682,CUST003682,2024-12-03,Auto_Loan,1023216.15,60,Salaried,2,0.133,3,42,Approved,0.0
APP003683,CUST003683,2025-06-16,Auto_Loan,1072155.54,84,Self_Employed,1,0.466,3,2,Rejected,
APP003684,CUST003684,2024-06-21,Personal_Loan,870954.27,48,Salaried,1,0.474,1,6,Approved,0.0
APP003685,CUST003685,2024-03-31,Auto_Loan,1140952.91,36,Business_Owner,2,0.494,0,14,Approved,0.0
APP003686,CUST003686,2025-09-11,Personal_Loan,770175.69,12,Self_Employed,0,0.444,2,4,Approved,0.0
APP003687,CUST003687,2024-01-30,Personal_Loan,966578.68,24,Self_Employed,2,0.798,1,3,Rejected,
APP003688,CUST003688,2023-11-18,Personal_Loan,685303.04,48,Salaried,1,0.701,3,16,Approved,0.0
APP003689,CUST003689,2024-10-02,Auto_Loan,1668293.6,36,Salaried,0,0.771,1,3,Approved,0.0
APP003690,CUST003690,2024-06-11,Credit_Card,196297.46,0,Salaried,3,0.667,1,1,Approved,1.0
APP003691,CUST003691,2024-09-16,Home_Loan,7715171.21,240,Salaried,2,0.642,3,19,Approved,0.0
APP003692,CUST003692,2024-10-23,Auto_Loan,1045625.15,48,Salaried,2,0.316,1,10,Rejected,
APP003693,CUST003693,2025-03-16,Home_Loan,6719898.95,300,Salaried,4,0.334,2,9,Approved,0.0
APP003694,CUST003694,2025-06-14,Home_Loan,8123071.63,300,Salaried,0,0.456,0,5,Approved,0.0
APP003695,CUST003695,2024-09-04,Auto_Loan,1487899.34,36,Retired,2,0.393,0,5,Approved,0.0
APP003696,CUST003696,2023-12-27,Personal_Loan,910505.46,24,Salaried,3,0.299,4,0,Rejected,
APP003697,CUST003697,2024-08-09,Personal_Loan,639006.87,24,Salaried,2,0.794,2,96,Rejected,
APP003698,CUST003698,2024-07-31,Business_Loan,2131825.56,12,Retired,4,0.375,4,14,Approved,1.0
APP003699,CUST003699,2024-01-20,Personal_Loan,546096.91,12,Salaried,2,0.338,2,29,Approved,1.0
APP003700,CUST003700,2025-06-14,Home_Loan,4223649.0,300,Salaried,3,0.503,3,2,Approved,1.0
APP003701,CUST003701,2024-09-04,Auto_Loan,1742027.16,60,Salaried,2,0.43,0,11,Approved,0.0
APP003702,CUST003702,2024-07-25,Credit_Card,109584.5,0,Salaried,1,0.589,0,6,Approved,0.0
APP003703,CUST003703,2024-06-08,Home_Loan,4302650.83,120,Salaried,0,0.384,0,14,Approved,0.0
APP003704,CUST003704,2024-08-06,Home_Loan,630979.47,240,Business_Owner,2,0.384,5,6,Approved,0.0
APP003705,CUST003705,2024-02-07,Credit_Card,95217.33,0,Student,3,0.378,3,30,Approved,0.0
APP003706,CUST003706,2024-10-27,Home_Loan,1270558.27,120,Salaried,3,0.362,2,28,Approved,0.0
APP003707,CUST003707,2024-11-17,Home_Loan,8138652.11,240,Salaried,1,0.597,1,16,Approved,0.0
APP003708,CUST003708,2025-06-09,Credit_Card,220847.31,0,Self_Employed,1,0.264,3,9,Approved,0.0
APP003709,CUST003709,2024-03-18,Personal_Loan,871256.24,24,Salaried,0,0.416,2,0,Rejected,
APP003710,CUST003710,2025-02-06,Credit_Card,116161.95,0,Salaried,3,0.145,3,4,Approved,0.0
APP003711,CUST003711,2025-07-28,Personal_Loan,977989.7,12,Self_Employed,0,0.178,2,3,Rejected,
APP003712,CUST003712,2024-03-25,Home_Loan,3920794.82,300,Business_Owner,2,0.108,1,28,Approved,0.0
APP003713,CUST003713,2025-08-01,Personal_Loan,902650.01,12,Salaried,4,0.773,2,6,Approved,0.0
APP003714,CUST003714,2025-05-16,Auto_Loan,682538.89,84,Salaried,3,0.486,2,19,Approved,0.0
APP003715,CUST003715,2023-12-31,Business_Loan,492413.77,36,Salaried,3,0.356,6,6,Approved,0.0
APP003716,CUST003716,2024-07-04,Home_Loan,8680350.45,120,Salaried,3,0.535,4,2,Rejected,
APP003717,CUST003717,2024-11-06,Home_Loan,7407563.77,300,Salaried,0,0.426,2,24,Rejected,
APP003718,CUST003718,2024-05-15,Home_Loan,3861366.27,120,Student,1,0.271,0,0,Rejected,
APP003719,CUST003719,2024-03-03,Credit_Card,222626.94,0,Business_Owner,3,0.659,5,3,Rejected,
APP003720,CUST003720,2024-02-12,Auto_Loan,876705.25,60,Salaried,1,0.708,3,1,Approved,0.0
APP003721,CUST003721,2024-12-18,Business_Loan,4328033.82,60,Retired,4,0.521,2,5,Approved,1.0
APP003722,CUST003722,2024-11-01,Home_Loan,3260940.49,120,Salaried,0,0.213,3,1,Approved,0.0
APP003723,CUST003723,2025-03-24,Home_Loan,1189153.66,180,Salaried,4,0.39,2,17,Approved,0.0
APP003724,CUST003724,2024-09-06,Home_Loan,1763579.76,120,Salaried,0,0.174,1,22,Rejected,
APP003725,CUST003725,2024-11-08,Home_Loan,2228107.24,120,Salaried,2,0.481,1,0,Approved,0.0
APP003726,CUST003726,2025-04-07,Personal_Loan,940746.31,60,Self_Employed,3,0.346,2,2,Approved,1.0
APP003727,CUST003727,2024-08-31,Personal_Loan,794623.29,24,Salaried,1,0.126,1,31,Approved,0.0
APP003728,CUST003728,2025-07-14,Business_Loan,2619643.17,36,Salaried,3,0.319,2,5,Approved,0.0
APP003729,CUST003729,2023-11-10,Business_Loan,4507544.46,24,Self_Employed,3,0.229,3,10,Rejected,
APP003730,CUST003730,2025-07-19,Home_Loan,9469886.81,120,Salaried,0,0.359,6,1,Approved,0.0
APP003731,CUST003731,2023-12-25,Auto_Loan,1326647.2,60,Retired,0,0.601,2,17,Approved,1.0
APP003732,CUST003732,2024-12-04,Business_Loan,3872017.41,12,Salaried,2,0.733,0,31,Approved,0.0
APP003733,CUST003733,2024-07-19,Home_Loan,5023741.14,240,Self_Employed,2,0.541,1,15,Approved,0.0
APP003734,CUST003734,2024-02-07,Auto_Loan,1551935.86,60,Self_Employed,3,0.588,4,39,Approved,1.0
APP003735,CUST003735,2023-12-26,Home_Loan,4732833.12,240,Salaried,2,0.647,4,19,Approved,0.0
APP003736,CUST003736,2023-11-23,Home_Loan,3355491.47,240,Salaried,4,0.79,2,0,Approved,1.0
APP003737,CUST003737,2025-01-18,Credit_Card,91670.48,0,Salaried,0,0.149,0,1,Approved,0.0
APP003738,CUST003738,2025-05-26,Credit_Card,78842.04,0,Self_Employed,3,0.695,2,13,Approved,0.0
APP003739,CUST003739,2025-02-09,Auto_Loan,1416203.0,60,Self_Employed,3,0.385,5,41,Rejected,
APP003740,CUST003740,2025-07-31,Auto_Loan,1904706.96,84,Self_Employed,3,0.658,2,2,Approved,1.0
APP003741,CUST003741,2023-12-11,Personal_Loan,675940.45,48,Salaried,1,0.274,2,61,Approved,0.0
APP003742,CUST003742,2025-03-13,Auto_Loan,1966442.78,48,Self_Employed,2,0.503,0,9,Rejected,
APP003743,CUST003743,2024-10-30,Personal_Loan,606263.34,24,Salaried,1,0.525,3,0,Approved,0.0
APP003744,CUST003744,2025-02-23,Credit_Card,429581.82,0,Salaried,4,0.194,0,0,Approved,0.0
APP003745,CUST003745,2023-12-12,Auto_Loan,811946.72,60,Salaried,3,0.691,1,71,Approved,1.0
APP003746,CUST003746,2024-09-04,Credit_Card,350956.66,0,Salaried,0,0.148,2,12,Rejected,
APP003747,CUST003747,2025-09-24,Personal_Loan,352514.84,24,Self_Employed,3,0.295,2,6,Approved,0.0
APP003748,CUST003748,2025-10-22,Home_Loan,7760171.04,180,Salaried,2,0.648,3,26,Rejected,
APP003749,CUST003749,2024-06-16,Personal_Loan,394689.22,60,Salaried,4,0.28,0,12,Approved,0.0
APP003750,CUST003750,2025-04-15,Home_Loan,8754652.87,120,Salaried,3,0.229,3,3,Approved,1.0
APP003751,CUST003751,2024-09-03,Auto_Loan,1104649.86,36,Self_Employed,3,0.591,2,58,Approved,0.0
APP003752,CUST003752,2024-11-11,Personal_Loan,725843.56,60,Self_Employed,0,0.178,3,15,Approved,0.0
APP003753,CUST003753,2025-05-20,Business_Loan,2809036.39,24,Salaried,4,0.36,1,67,Approved,0.0
APP003754,CUST003754,2025-08-27,Credit_Card,154860.79,0,Business_Owner,3,0.483,1,67,Approved,0.0
APP003755,CUST003755,2023-11-19,Auto_Loan,1741978.86,36,Self_Employed,2,0.42,0,49,Approved,0.0
APP003756,CUST003756,2025-07-17,Personal_Loan,297473.78,48,Self_Employed,4,0.31,0,2,Rejected,
APP003757,CUST003757,2024-07-19,Credit_Card,226795.82,0,Salaried,3,0.612,3,6,Rejected,
APP003758,CUST003758,2024-05-14,Auto_Loan,1076490.04,84,Salaried,3,0.537,0,32,Approved,0.0
APP003759,CUST003759,2024-07-19,Credit_Card,203284.17,0,Self_Employed,2,0.388,3,35,Rejected,
APP003760,CUST003760,2023-12-20,Home_Loan,9332138.17,240,Self_Employed,4,0.737,2,20,Approved,0.0
APP003761,CUST003761,2024-07-20,Personal_Loan,319412.87,60,Salaried,0,0.345,0,1,Approved,0.0
APP003762,CUST003762,2024-09-06,Personal_Loan,882450.3,60,Student,1,0.568,1,52,Approved,0.0
APP003763,CUST003763,2025-09-19,Personal_Loan,177046.82,24,Self_Employed,1,0.158,2,20,Approved,1.0
APP003764,CUST003764,2024-05-02,Personal_Loan,199694.44,48,Retired,1,0.67,1,10,Approved,1.0
APP003765,CUST003765,2024-05-05,Home_Loan,8702053.57,300,Self_Employed,1,0.406,0,3,Approved,0.0
APP003766,CUST003766,2025-07-10,Home_Loan,7262731.26,180,Self_Employed,4,0.607,1,0,Approved,1.0
APP003767,CUST003767,2025-05-20,Personal_Loan,174267.51,36,Salaried,2,0.648,2,5,Approved,0.0
APP003768,CUST003768,2025-07-05,Personal_Loan,910233.0,12,Salaried,1,0.301,1,24,Approved,0.0
APP003769,CUST003769,2025-01-18,Home_Loan,6617703.47,180,Retired,4,0.524,1,31,Approved,0.0
APP003770,CUST003770,2024-11-02,Auto_Loan,695789.64,36,Salaried,2,0.714,1,1,Approved,0.0
APP003771,CUST003771,2024-04-22,Home_Loan,1831958.79,180,Salaried,4,0.541,1,6,Rejected,
APP003772,CUST003772,2023-12-12,Credit_Card,329730.94,0,Salaried,3,0.364,0,0,Approved,0.0
APP003773,CUST003773,2025-02-11,Credit_Card,440613.27,0,Salaried,3,0.596,1,9,Approved,0.0
APP003774,CUST003774,2024-01-07,Personal_Loan,567141.05,48,Business_Owner,1,0.379,1,14,Approved,0.0
APP003775,CUST003775,2025-01-27,Auto_Loan,1286548.21,36,Business_Owner,2,0.778,0,1,Approved,0.0
APP003776,CUST003776,2024-07-22,Auto_Loan,1331667.96,36,Self_Employed,3,0.142,4,41,Approved,0.0
APP003777,CUST003777,2025-07-13,Personal_Loan,931274.58,36,Self_Employed,4,0.593,4,13,Rejected,
APP003778,CUST003778,2025-09-30,Auto_Loan,392312.13,84,Salaried,4,0.325,5,24,Approved,1.0
APP003779,CUST003779,2025-02-25,Personal_Loan,831479.72,48,Self_Employed,4,0.795,0,6,Approved,1.0
APP003780,CUST003780,2025-02-23,Home_Loan,9134355.01,180,Salaried,3,0.507,3,2,Rejected,
APP003781,CUST003781,2024-05-15,Credit_Card,237137.69,0,Salaried,1,0.29,1,6,Approved,0.0
APP003782,CUST003782,2025-05-27,Personal_Loan,97026.65,36,Salaried,1,0.61,1,10,Approved,0.0
APP003783,CUST003783,2025-08-14,Personal_Loan,402258.29,36,Business_Owner,0,0.229,0,0,Approved,0.0
APP003784,CUST003784,2025-11-03,Personal_Loan,687906.16,36,Self_Employed,2,0.302,3,8,Approved,0.0
APP003785,CUST003785,2024-09-14,Credit_Card,66451.8,0,Salaried,3,0.367,0,29,Approved,0.0
APP003786,CUST003786,2024-03-01,Business_Loan,3079074.75,48,Self_Employed,0,0.474,2,30,Approved,0.0
APP003787,CUST003787,2024-01-28,Business_Loan,1415495.94,36,Salaried,0,0.687,1,1,Approved,0.0
APP003788,CUST003788,2024-02-10,Home_Loan,4241917.8,240,Salaried,1,0.567,6,11,Approved,1.0
APP003789,CUST003789,2025-07-31,Auto_Loan,1835148.28,48,Salaried,1,0.303,3,11,Rejected,
APP003790,CUST003790,2023-11-11,Personal_Loan,344157.82,48,Self_Employed,2,0.469,1,2,Approved,0.0
APP003791,CUST003791,2025-08-02,Credit_Card,273892.26,0,Salaried,3,0.666,2,3,Approved,0.0
APP003792,CUST003792,2025-09-06,Credit_Card,310115.16,0,Salaried,4,0.555,1,25,Approved,0.0
APP003793,CUST003793,2024-01-02,Personal_Loan,430110.65,48,Salaried,4,0.546,4,0,Rejected,
APP003794,CUST003794,2025-10-06,Personal_Loan,640691.08,48,Student,2,0.373,1,2,Approved,0.0
APP003795,CUST003795,2024-04-23,Home_Loan,5072767.12,240,Salaried,3,0.523,2,4,Approved,0.0
APP003796,CUST003796,2025-05-10,Auto_Loan,526954.93,48,Salaried,2,0.277,2,0,Approved,0.0
APP003797,CUST003797,2025-07-20,Home_Loan,4165866.03,180,Salaried,1,0.392,2,26,Approved,0.0
APP003798,CUST003798,2024-10-11,Personal_Loan,982687.55,48,Self_Employed,2,0.504,3,6,Approved,0.0
APP003799,CUST003799,2025-01-03,Home_Loan,1365531.45,120,Self_Employed,1,0.483,2,18,Approved,0.0
APP003800,CUST003800,2024-07-20,Credit_Card,88275.11,0,Student,0,0.693,1,33,Approved,1.0
APP003801,CUST003801,2024-12-28,Auto_Loan,555810.47,36,Self_Employed,4,0.743,2,0,Rejected,
APP003802,CUST003802,2024-03-30,Personal_Loan,82584.78,36,Self_Employed,1,0.32,1,1,Approved,0.0
APP003803,CUST003803,2024-05-03,Personal_Loan,110686.52,12,Salaried,4,0.759,3,54,Approved,0.0
APP003804,CUST003804,2025-05-30,Credit_Card,297406.67,0,Self_Employed,0,0.418,1,0,Approved,0.0
APP003805,CUST003805,2025-10-02,Auto_Loan,1752111.58,36,Salaried,4,0.592,1,2,Approved,1.0
APP003806,CUST003806,2024-10-27,Personal_Loan,911236.25,12,Salaried,2,0.222,2,0,Approved,0.0
APP003807,CUST003807,2025-09-27,Credit_Card,481021.71,0,Salaried,2,0.55,5,43,Approved,1.0
APP003808,CUST003808,2024-05-27,Home_Loan,8081513.81,120,Salaried,2,0.394,1,1,Rejected,
APP003809,CUST003809,2024-01-02,Personal_Loan,102149.13,24,Salaried,0,0.367,1,1,Approved,0.0
APP003810,CUST003810,2025-05-04,Business_Loan,4440118.3,12,Business_Owner,0,0.506,2,9,Approved,0.0
APP003811,CUST003811,2024-02-11,Home_Loan,2629335.01,180,Salaried,1,0.598,1,4,Rejected,
APP003812,CUST003812,2024-06-05,Personal_Loan,639800.23,36,Salaried,4,0.382,0,0,Rejected,
APP003813,CUST003813,2024-03-03,Personal_Loan,664288.29,60,Salaried,2,0.532,2,6,Approved,1.0
APP003814,CUST003814,2024-03-17,Business_Loan,825005.71,36,Self_Employed,3,0.203,2,10,Rejected,
APP003815,CUST003815,2025-05-18,Auto_Loan,672624.98,48,Salaried,0,0.608,0,4,Approved,1.0
APP003816,CUST003816,2025-02-27,Home_Loan,4279712.7,240,Retired,1,0.479,6,1,Approved,0.0
APP003817,CUST003817,2025-06-18,Auto_Loan,1007684.23,60,Self_Employed,4,0.191,1,6,Approved,0.0
APP003818,CUST003818,2025-08-18,Auto_Loan,1921164.95,48,Retired,2,0.402,3,13,Approved,0.0
APP003819,CUST003819,2024-09-17,Auto_Loan,619002.34,60,Salaried,3,0.67,0,0,Approved,0.0
APP003820,CUST003820,2025-07-28,Credit_Card,384952.66,0,Salaried,0,0.158,0,1,Approved,0.0
APP003821,CUST003821,2024-09-13,Personal_Loan,495292.97,48,Self_Employed,4,0.171,2,15,Approved,0.0
APP003822,CUST003822,2023-12-22,Home_Loan,6094447.7,240,Salaried,4,0.747,2,6,Approved,1.0
APP003823,CUST003823,2024-04-14,Business_Loan,1894516.49,48,Salaried,2,0.209,2,69,Rejected,
APP003824,CUST003824,2024-09-21,Auto_Loan,1589862.49,84,Salaried,3,0.1,4,24,Approved,0.0
APP003825,CUST003825,2025-07-20,Home_Loan,9190327.78,240,Salaried,0,0.235,1,1,Approved,1.0
APP003826,CUST003826,2025-02-03,Personal_Loan,379908.04,12,Self_Employed,2,0.236,0,31,Rejected,
APP003827,CUST003827,2024-11-22,Home_Loan,4276940.02,240,Salaried,4,0.637,6,14,Approved,0.0
APP003828,CUST003828,2024-11-10,Auto_Loan,925014.62,48,Salaried,3,0.538,3,4,Approved,1.0
APP003829,CUST003829,2025-01-24,Business_Loan,4293214.27,48,Salaried,4,0.659,3,5,Approved,0.0
APP003830,CUST003830,2024-03-07,Credit_Card,360388.72,0,Business_Owner,1,0.204,1,22,Approved,0.0
APP003831,CUST003831,2024-02-20,Credit_Card,419954.43,0,Salaried,1,0.76,1,0,Rejected,
APP003832,CUST003832,2025-09-30,Home_Loan,4645000.95,300,Salaried,3,0.145,3,10,Rejected,
APP003833,CUST003833,2024-01-17,Personal_Loan,968818.75,24,Salaried,4,0.396,1,1,Rejected,
APP003834,CUST003834,2024-10-03,Auto_Loan,1389973.12,36,Self_Employed,2,0.369,0,6,Approved,0.0
APP003835,CUST003835,2024-04-29,Personal_Loan,283199.04,12,Salaried,4,0.533,4,23,Approved,1.0
APP003836,CUST003836,2024-07-01,Credit_Card,116362.5,0,Business_Owner,0,0.403,4,60,Approved,0.0
APP003837,CUST003837,2025-02-04,Home_Loan,7638228.83,120,Student,0,0.539,1,20,Rejected,
APP003838,CUST003838,2025-08-15,Credit_Card,334647.84,0,Salaried,4,0.638,2,0,Rejected,
APP003839,CUST003839,2024-03-09,Auto_Loan,1500678.29,36,Salaried,3,0.54,1,62,Rejected,
APP003840,CUST003840,2025-07-29,Credit_Card,337696.18,0,Salaried,0,0.286,3,1,Approved,0.0
APP003841,CUST003841,2024-12-24,Home_Loan,2354473.55,120,Salaried,3,0.118,2,2,Approved,0.0
APP003842,CUST003842,2025-03-09,Credit_Card,375673.86,0,Self_Employed,0,0.527,3,12,Rejected,
APP003843,CUST003843,2024-12-06,Auto_Loan,1460348.59,84,Salaried,3,0.625,0,0,Rejected,
APP003844,CUST003844,2023-11-05,Business_Loan,1596587.71,24,Salaried,2,0.521,2,6,Approved,0.0
APP003845,CUST003845,2024-01-03,Personal_Loan,838641.32,24,Business_Owner,1,0.323,3,4,Approved,0.0
APP003846,CUST003846,2025-04-23,Business_Loan,749722.97,48,Salaried,4,0.311,2,3,Approved,1.0
APP003847,CUST003847,2024-07-30,Personal_Loan,966209.53,24,Salaried,3,0.34,2,10,Approved,0.0
APP003848,CUST003848,2024-03-09,Home_Loan,2950500.43,300,Retired,2,0.681,3,48,Approved,0.0
APP003849,CUST003849,2025-07-08,Home_Loan,5895453.11,120,Salaried,4,0.691,1,2,Approved,1.0
APP003850,CUST003850,2024-07-08,Personal_Loan,931472.09,12,Business_Owner,2,0.731,4,0,Approved,1.0
APP003851,CUST003851,2024-02-12,Home_Loan,9921108.5,120,Salaried,2,0.239,1,40,Rejected,
APP003852,CUST003852,2024-05-16,Personal_Loan,861660.14,24,Self_Employed,1,0.437,1,5,Approved,0.0
APP003853,CUST003853,2025-01-11,Home_Loan,6375353.52,180,Salaried,3,0.182,0,8,Approved,0.0
APP003854,CUST003854,2025-01-03,Credit_Card,491710.86,0,Salaried,2,0.227,3,1,Approved,0.0
APP003855,CUST003855,2024-07-17,Auto_Loan,1243861.57,60,Retired,1,0.576,0,31,Approved,0.0
APP003856,CUST003856,2023-11-10,Home_Loan,8028474.3,240,Student,4,0.555,3,45,Rejected,
APP003857,CUST003857,2024-07-05,Personal_Loan,948788.18,24,Salaried,1,0.134,1,6,Rejected,
APP003858,CUST003858,2024-06-18,Personal_Loan,841977.94,36,Student,3,0.237,2,7,Approved,0.0
APP003859,CUST003859,2025-02-16,Auto_Loan,1029442.04,48,Student,1,0.423,0,10,Approved,0.0
APP003860,CUST003860,2024-07-12,Personal_Loan,704368.51,24,Salaried,2,0.552,2,3,Approved,0.0
APP003861,CUST003861,2025-02-17,Credit_Card,311021.33,0,Salaried,4,0.644,0,26,Approved,1.0
APP003862,CUST003862,2024-10-30,Personal_Loan,462652.42,24,Business_Owner,3,0.21,0,23,Approved,0.0
APP003863,CUST003863,2025-02-13,Auto_Loan,1596383.45,84,Business_Owner,2,0.132,2,0,Approved,0.0
APP003864,CUST003864,2024-03-13,Home_Loan,9644766.13,300,Salaried,2,0.527,4,20,Approved,0.0
APP003865,CUST003865,2024-01-03,Personal_Loan,632116.88,12,Business_Owner,4,0.457,0,20,Approved,0.0
APP003866,CUST003866,2025-08-11,Personal_Loan,937196.74,48,Self_Employed,0,0.188,3,7,Approved,0.0
APP003867,CUST003867,2025-01-14,Personal_Loan,55955.16,24,Salaried,1,0.511,3,35,Approved,0.0
APP003868,CUST003868,2024-02-10,Auto_Loan,695474.77,36,Self_Employed,4,0.652,0,1,Approved,1.0
APP003869,CUST003869,2023-12-06,Credit_Card,256317.47,0,Self_Employed,1,0.634,1,28,Approved,0.0
APP003870,CUST003870,2024-11-07,Credit_Card,421043.65,0,Salaried,2,0.69,0,5,Rejected,
APP003871,CUST003871,2025-01-14,Credit_Card,212899.32,0,Salaried,3,0.478,3,0,Rejected,
APP003872,CUST003872,2024-06-18,Credit_Card,133061.26,0,Business_Owner,4,0.786,3,24,Rejected,
APP003873,CUST003873,2025-01-17,Home_Loan,7243894.76,300,Salaried,0,0.639,2,3,Approved,0.0
APP003874,CUST003874,2024-01-19,Business_Loan,783840.94,36,Self_Employed,3,0.773,1,0,Approved,1.0
APP003875,CUST003875,2023-12-23,Auto_Loan,1527892.72,60,Salaried,1,0.189,3,18,Rejected,
APP003876,CUST003876,2025-07-28,Business_Loan,3530857.25,12,Business_Owner,2,0.479,1,30,Approved,0.0
APP003877,CUST003877,2025-03-04,Personal_Loan,934095.25,48,Business_Owner,0,0.306,2,3,Rejected,
APP003878,CUST003878,2024-12-27,Credit_Card,433507.97,0,Salaried,4,0.427,2,3,Rejected,
APP003879,CUST003879,2025-10-27,Business_Loan,2180149.43,48,Salaried,3,0.382,1,7,Approved,1.0
APP003880,CUST003880,2024-03-29,Personal_Loan,904044.48,24,Salaried,2,0.6,3,3,Rejected,
APP003881,CUST003881,2024-09-03,Home_Loan,8134236.55,240,Business_Owner,1,0.573,0,11,Approved,0.0
APP003882,CUST003882,2025-08-25,Home_Loan,1314610.33,120,Salaried,0,0.336,1,0,Approved,1.0
APP003883,CUST003883,2024-04-11,Personal_Loan,810119.75,60,Business_Owner,0,0.72,3,1,Rejected,
APP003884,CUST003884,2024-12-24,Home_Loan,1953528.32,300,Salaried,4,0.38,1,2,Rejected,
APP003885,CUST003885,2024-10-03,Credit_Card,436931.43,0,Salaried,1,0.257,2,13,Approved,0.0
APP003886,CUST003886,2023-11-11,Home_Loan,5417099.01,180,Salaried,1,0.352,1,1,Approved,0.0
APP003887,CUST003887,2024-08-23,Personal_Loan,443606.52,12,Salaried,4,0.484,4,15,Approved,0.0
APP003888,CUST003888,2025-05-11,Home_Loan,5606574.38,240,Salaried,4,0.165,1,11,Approved,0.0
APP003889,CUST003889,2024-03-24,Auto_Loan,241368.85,84,Student,2,0.525,4,12,Approved,1.0
APP003890,CUST003890,2025-05-31,Home_Loan,5548787.25,240,Salaried,4,0.207,2,1,Rejected,
APP003891,CUST003891,2024-11-01,Personal_Loan,396443.14,36,Salaried,1,0.438,3,7,Approved,0.0
APP003892,CUST003892,2025-01-18,Credit_Card,434521.4,0,Salaried,3,0.377,2,0,Approved,0.0
APP003893,CUST003893,2024-10-21,Business_Loan,435757.42,12,Self_Employed,4,0.151,3,0,Rejected,
APP003894,CUST003894,2024-06-13,Personal_Loan,189605.65,12,Salaried,1,0.301,3,0,Approved,1.0
APP003895,CUST003895,2024-08-28,Credit_Card,333023.62,0,Salaried,2,0.23,3,6,Approved,0.0
APP003896,CUST003896,2025-10-17,Home_Loan,2933184.75,180,Self_Employed,3,0.737,2,1,Rejected,
APP003897,CUST003897,2024-07-21,Auto_Loan,1832136.9,84,Salaried,4,0.136,3,34,Approved,0.0
APP003898,CUST003898,2024-05-18,Personal_Loan,465534.88,60,Salaried,3,0.234,1,4,Approved,0.0
APP003899,CUST003899,2025-07-24,Personal_Loan,89635.04,60,Self_Employed,0,0.193,1,36,Approved,0.0
APP003900,CUST003900,2025-05-26,Home_Loan,1599516.43,300,Self_Employed,4,0.628,2,15,Approved,1.0
APP003901,CUST003901,2024-10-05,Personal_Loan,865235.51,24,Student,4,0.786,5,7,Rejected,
APP003902,CUST003902,2024-09-04,Personal_Loan,596262.77,12,Student,3,0.473,2,13,Rejected,
APP003903,CUST003903,2025-04-14,Business_Loan,2367854.22,24,Retired,0,0.658,1,10,Approved,0.0
APP003904,CUST003904,2025-02-12,Credit_Card,142552.66,0,Salaried,2,0.281,0,3,Approved,0.0
APP003905,CUST003905,2025-04-05,Home_Loan,1867265.12,240,Salaried,2,0.469,0,66,Approved,0.0
APP003906,CUST003906,2025-01-02,Personal_Loan,880275.0,24,Salaried,4,0.345,1,8,Approved,0.0
APP003907,CUST003907,2025-04-13,Home_Loan,4779291.45,300,Salaried,1,0.343,0,4,Approved,0.0
APP003908,CUST003908,2024-04-29,Home_Loan,9891162.9,120,Retired,4,0.684,1,35,Approved,0.0
APP003909,CUST003909,2025-01-28,Auto_Loan,1452081.72,48,Self_Employed,4,0.382,3,0,Approved,1.0
APP003910,CUST003910,2024-09-01,Auto_Loan,1231097.18,36,Salaried,4,0.327,6,3,Approved,1.0
APP003911,CUST003911,2024-04-29,Home_Loan,6594679.95,120,Salaried,1,0.178,1,4,Approved,0.0
APP003912,CUST003912,2024-08-10,Home_Loan,9386773.72,120,Student,3,0.433,0,26,Approved,1.0
APP003913,CUST003913,2025-06-27,Business_Loan,4990956.9,60,Salaried,4,0.756,3,27,Approved,1.0
APP003914,CUST003914,2024-01-22,Credit_Card,324785.84,0,Self_Employed,4,0.131,4,9,Approved,0.0
APP003915,CUST003915,2024-05-03,Business_Loan,2325256.45,36,Salaried,4,0.47,7,0,Approved,1.0
APP003916,CUST003916,2024-11-26,Home_Loan,8339292.82,300,Self_Employed,3,0.478,2,2,Approved,0.0
APP003917,CUST003917,2025-06-21,Auto_Loan,795096.11,36,Self_Employed,0,0.135,3,25,Approved,0.0
APP003918,CUST003918,2025-01-08,Auto_Loan,440536.2,84,Salaried,4,0.794,1,88,Approved,1.0
APP003919,CUST003919,2025-06-14,Personal_Loan,568280.84,60,Self_Employed,1,0.606,2,3,Approved,1.0
APP003920,CUST003920,2025-05-30,Credit_Card,488955.96,0,Salaried,2,0.272,1,0,Rejected,
APP003921,CUST003921,2024-07-24,Auto_Loan,1688613.14,84,Salaried,3,0.725,3,2,Approved,0.0
APP003922,CUST003922,2024-10-22,Auto_Loan,628375.69,36,Salaried,4,0.21,1,0,Rejected,
APP003923,CUST003923,2023-12-22,Auto_Loan,1684587.23,48,Salaried,3,0.742,4,29,Rejected,
APP003924,CUST003924,2024-08-27,Personal_Loan,626198.51,48,Salaried,0,0.346,1,4,Approved,0.0
APP003925,CUST003925,2025-09-20,Auto_Loan,835925.3,84,Salaried,1,0.297,1,2,Approved,0.0
APP003926,CUST003926,2024-01-23,Personal_Loan,420234.23,24,Salaried,2,0.668,3,17,Approved,0.0
APP003927,CUST003927,2024-04-02,Auto_Loan,1265356.57,60,Salaried,0,0.147,1,1,Approved,0.0
APP003928,CUST003928,2025-06-26,Personal_Loan,672549.84,24,Self_Employed,3,0.775,3,6,Approved,0.0
APP003929,CUST003929,2024-09-19,Personal_Loan,874021.35,48,Business_Owner,4,0.291,1,27,Approved,0.0
APP003930,CUST003930,2025-03-12,Home_Loan,6773346.89,300,Salaried,2,0.364,3,25,Approved,0.0
APP003931,CUST003931,2024-01-14,Personal_Loan,501720.88,60,Salaried,0,0.211,2,14,Approved,1.0
APP003932,CUST003932,2025-01-07,Personal_Loan,771445.48,12,Retired,1,0.576,0,1,Approved,0.0
APP003933,CUST003933,2024-05-16,Auto_Loan,1022431.17,84,Salaried,1,0.468,2,0,Rejected,
APP003934,CUST003934,2024-05-14,Business_Loan,4727264.37,12,Salaried,0,0.48,0,1,Approved,0.0
APP003935,CUST003935,2025-08-25,Personal_Loan,150383.3,12,Salaried,0,0.755,1,2,Approved,0.0
APP003936,CUST003936,2025-04-27,Home_Loan,7687729.3,300,Salaried,2,0.444,2,22,Approved,0.0
APP003937,CUST003937,2024-05-16,Auto_Loan,318120.63,84,Salaried,2,0.164,1,19,Rejected,
APP003938,CUST003938,2025-01-21,Home_Loan,6760223.77,180,Business_Owner,4,0.794,1,12,Approved,0.0
APP003939,CUST003939,2024-01-19,Auto_Loan,1391509.51,60,Salaried,3,0.166,2,18,Approved,0.0
APP003940,CUST003940,2024-04-13,Home_Loan,9715896.67,180,Self_Employed,0,0.519,4,8,Approved,1.0
APP003941,CUST003941,2023-12-31,Personal_Loan,916942.18,60,Salaried,4,0.572,2,3,Approved,0.0
APP003942,CUST003942,2024-12-17,Credit_Card,329245.49,0,Salaried,4,0.435,0,16,Approved,0.0
APP003943,CUST003943,2025-05-23,Personal_Loan,300711.67,36,Salaried,2,0.795,4,26,Rejected,
APP003944,CUST003944,2025-01-06,Business_Loan,2315082.42,60,Salaried,3,0.215,4,1,Rejected,
APP003945,CUST003945,2024-06-19,Auto_Loan,379839.23,48,Salaried,3,0.237,1,20,Approved,1.0
APP003946,CUST003946,2024-01-14,Home_Loan,2033966.0,300,Salaried,1,0.737,4,7,Approved,1.0
APP003947,CUST003947,2024-11-03,Credit_Card,137835.18,0,Self_Employed,4,0.281,3,56,Approved,1.0
APP003948,CUST003948,2025-07-12,Business_Loan,3367974.72,24,Self_Employed,1,0.168,1,9,Approved,0.0
APP003949,CUST003949,2023-12-22,Personal_Loan,87546.06,60,Salaried,4,0.774,1,7,Approved,0.0
APP003950,CUST003950,2023-12-19,Auto_Loan,1932672.85,36,Salaried,1,0.696,1,44,Rejected,
APP003951,CUST003951,2025-07-12,Personal_Loan,375094.41,48,Self_Employed,4,0.22,2,0,Approved,0.0
APP003952,CUST003952,2025-02-04,Personal_Loan,820680.45,48,Salaried,2,0.444,2,24,Approved,0.0
APP003953,CUST003953,2024-07-17,Business_Loan,329296.32,24,Retired,2,0.615,3,0,Approved,1.0
APP003954,CUST003954,2024-05-07,Home_Loan,6676287.47,240,Salaried,3,0.577,6,23,Approved,1.0
APP003955,CUST003955,2024-06-14,Business_Loan,1812836.58,48,Salaried,0,0.229,3,6,Approved,0.0
APP003956,CUST003956,2024-01-05,Credit_Card,70498.17,0,Self_Employed,4,0.791,3,69,Approved,0.0
APP003957,CUST003957,2024-10-10,Personal_Loan,664001.73,48,Salaried,2,0.586,1,0,Approved,0.0
APP003958,CUST003958,2024-01-31,Home_Loan,4193397.35,180,Salaried,0,0.275,4,1,Rejected,
APP003959,CUST003959,2024-05-21,Auto_Loan,292474.47,48,Self_Employed,2,0.753,0,19,Approved,1.0
APP003960,CUST003960,2025-06-04,Credit_Card,240305.84,0,Salaried,4,0.276,1,61,Approved,0.0
APP003961,CUST003961,2024-01-10,Auto_Loan,1117346.05,84,Salaried,1,0.171,3,59,Approved,0.0
APP003962,CUST003962,2024-12-08,Auto_Loan,1220115.27,36,Salaried,1,0.207,2,5,Approved,1.0
APP003963,CUST003963,2025-06-21,Business_Loan,2807871.15,12,Retired,2,0.649,3,17,Approved,0.0
APP003964,CUST003964,2025-05-19,Home_Loan,5074378.87,180,Self_Employed,4,0.148,2,14,Approved,0.0
APP003965,CUST003965,2024-04-10,Personal_Loan,214246.91,48,Salaried,2,0.412,4,2,Rejected,
APP003966,CUST003966,2025-01-02,Credit_Card,362242.87,0,Self_Employed,4,0.789,4,14,Rejected,
APP003967,CUST003967,2023-12-10,Home_Loan,1506872.59,240,Salaried,1,0.219,2,1,Approved,1.0
APP003968,CUST003968,2025-02-24,Credit_Card,219155.74,0,Self_Employed,0,0.747,2,6,Approved,0.0
APP003969,CUST003969,2023-12-15,Personal_Loan,970771.92,60,Self_Employed,1,0.691,2,5,Rejected,
APP003970,CUST003970,2025-06-11,Business_Loan,4475248.29,48,Salaried,1,0.205,2,9,Approved,0.0
APP003971,CUST003971,2025-05-27,Business_Loan,2796072.95,60,Business_Owner,0,0.175,2,3,Rejected,
APP003972,CUST003972,2024-05-18,Home_Loan,2845801.41,120,Business_Owner,0,0.778,4,3,Rejected,
APP003973,CUST003973,2024-01-21,Auto_Loan,1911506.34,84,Salaried,2,0.431,1,7,Approved,0.0
APP003974,CUST003974,2024-09-07,Home_Loan,1443497.19,300,Salaried,2,0.567,2,0,Approved,0.0
APP003975,CUST003975,2024-11-22,Home_Loan,4290303.54,180,Salaried,4,0.344,1,0,Approved,0.0
APP003976,CUST003976,2024-11-03,Home_Loan,6946895.67,120,Business_Owner,2,0.446,3,28,Approved,0.0
APP003977,CUST003977,2024-01-16,Home_Loan,3604148.63,180,Salaried,1,0.538,4,62,Approved,0.0
APP003978,CUST003978,2025-02-21,Home_Loan,8374407.16,120,Salaried,1,0.275,1,7,Approved,0.0
APP003979,CUST003979,2025-06-29,Auto_Loan,1719919.29,48,Business_Owner,0,0.674,4,2,Approved,1.0
APP003980,CUST003980,2024-03-22,Business_Loan,3953708.47,48,Salaried,3,0.518,0,5,Approved,0.0
APP003981,CUST003981,2025-05-21,Personal_Loan,969051.25,24,Salaried,4,0.331,0,8,Approved,1.0
APP003982,CUST003982,2024-11-10,Personal_Loan,58351.82,60,Salaried,2,0.644,1,0,Approved,0.0
APP003983,CUST003983,2024-12-24,Credit_Card,498197.26,0,Salaried,1,0.681,0,13,Approved,0.0
APP003984,CUST003984,2025-07-25,Personal_Loan,760678.85,60,Business_Owner,0,0.553,0,27,Approved,0.0
APP003985,CUST003985,2023-12-26,Home_Loan,7580731.58,240,Salaried,3,0.42,1,33,Rejected,
APP003986,CUST003986,2025-09-07,Personal_Loan,186942.85,36,Salaried,2,0.251,5,23,Approved,0.0
APP003987,CUST003987,2024-02-13,Personal_Loan,999901.59,36,Salaried,0,0.448,1,2,Approved,0.0
APP003988,CUST003988,2024-08-21,Credit_Card,429554.18,0,Business_Owner,3,0.192,3,5,Approved,0.0
APP003989,CUST003989,2025-06-19,Personal_Loan,397784.77,12,Salaried,2,0.18,3,10,Approved,0.0
APP003990,CUST003990,2024-10-11,Auto_Loan,1429999.37,48,Salaried,3,0.665,4,18,Approved,1.0
APP003991,CUST003991,2025-06-22,Credit_Card,248527.26,0,Salaried,2,0.341,0,36,Approved,0.0
APP003992,CUST003992,2023-11-10,Home_Loan,2016000.41,180,Salaried,0,0.489,1,7,Rejected,
APP003993,CUST003993,2024-07-11,Credit_Card,227439.93,0,Salaried,0,0.12,4,1,Approved,0.0
APP003994,CUST003994,2025-02-12,Business_Loan,3268339.05,24,Salaried,4,0.744,1,2,Approved,0.0
APP003995,CUST003995,2024-02-25,Auto_Loan,1612627.3,36,Salaried,3,0.299,4,2,Approved,1.0
APP003996,CUST003996,2024-03-11,Auto_Loan,1663287.32,84,Self_Employed,4,0.334,1,2,Approved,0.0
APP003997,CUST003997,2024-08-15,Personal_Loan,852145.18,24,Salaried,1,0.786,4,20,Approved,0.0
APP003998,CUST003998,2024-06-06,Personal_Loan,141900.39,60,Retired,3,0.628,2,16,Approved,1.0
APP003999,CUST003999,2024-04-25,Personal_Loan,429783.97,48,Salaried,1,0.232,1,52,Rejected,
APP004000,CUST004000,2025-07-19,Business_Loan,3271143.9,48,Retired,2,0.703,2,7,Approved,1.0
