customer_id,age,gender,income_level,annual_income,city,account_age_months,credit_score
CUST000001,52,M,Medium,53786.92564050191,Kolkata,13,771
CUST000002,42,M,Low,26998.570675428153,Chennai,41,651
CUST000003,54,M,High,118010.87570100419,Mumbai,62,656
CUST000004,67,M,Medium,55340.07524463628,Delhi,19,701
CUST000005,41,M,Medium,40057.0291315013,Kolkata,82,769
CUST000006,41,F,Low,34635.44050173975,Pune,2,590
CUST000007,68,F,Medium,70068.68165913934,Pune,65,740
CUST000008,56,F,High,132288.22232807393,Ahmedabad,63,662
CUST000009,37,M,Medium,53800.826664418666,Ahmedabad,13,674
CUST000010,53,M,Very High,332801.3156589102,Bangalore,12,850
CUST000011,38,M,Very High,275990.73136183433,Chennai,13,684
CUST000012,38,Other,Low,20320.728000612915,Kolkata,60,760
CUST000013,48,F,Low,31248.978825428378,Pune,64,757
CUST000014,18,F,High,88663.24662588077,Hyderabad,14,605
CUST000015,19,M,Medium,43201.65296365762,Kolkata,32,552
CUST000016,36,F,Low,35109.98137393574,Hyderabad,5,765
CUST000017,29,M,Medium,40380.24809672422,Chennai,22,613
CUST000018,49,F,Medium,78360.33774434905,Mumbai,240,566
CUST000019,31,F,High,116067.87548788037,Hyderabad,6,782
CUST000020,23,Other,Low,39660.32861412297,Kolkata,106,618
CUST000021,66,F,Low,21159.95144945417,Ahmedabad,62,638
CUST000022,41,M,Very High,354235.34210306965,Kolkata,128,850
CUST000023,46,F,High,104452.89251831378,Pune,7,567
CUST000024,23,F,Medium,73739.29971257143,Ahmedabad,8,599
CUST000025,36,M,High,105285.59146640004,Hyderabad,1,663
CUST000026,46,M,Medium,50419.503162293964,Delhi,46,680
CUST000027,27,M,High,140028.71889699393,Pune,37,628
CUST000028,50,M,Medium,54986.12366613044,Delhi,7,607
CUST000029,35,M,Low,20336.66639721123,Delhi,56,820
CUST000030,40,F,High,107320.23705875337,Hyderabad,12,721
CUST000031,35,M,Medium,66180.89076043767,Hyderabad,5,746
CUST000032,72,M,Very High,239025.83858223364,Kolkata,19,689
CUST000033,44,F,Medium,57279.503697006294,Chennai,3,723
CUST000034,29,F,Very High,169850.29839877892,Chennai,10,774
CUST000035,57,F,Very High,355832.47702988505,Mumbai,16,620
CUST000036,26,M,Low,35125.89847720788,Ahmedabad,68,721
CUST000037,48,F,High,108931.87929807772,Hyderabad,56,755
CUST000038,18,F,Medium,56809.3053120584,Pune,21,823
CUST000039,25,M,Very High,180898.87450472076,Ahmedabad,46,850
CUST000040,47,M,Medium,48077.6345804793,Pune,30,705
CUST000041,56,F,High,90827.27121895389,Ahmedabad,15,791
CUST000042,47,F,Medium,59267.510746461514,Chennai,46,486
CUST000043,43,Other,Low,30585.110819015004,Chennai,41,824
CUST000044,40,F,Low,38978.8026256852,Delhi,34,641
CUST000045,22,F,Medium,42929.26017108936,Delhi,34,680
CUST000046,34,F,High,121990.75812085331,Pune,41,735
CUST000047,38,M,Medium,61059.94109312965,Pune,17,687
CUST000048,60,M,High,116136.31685550805,Delhi,73,715
CUST000049,50,M,Medium,74926.37149531305,Bangalore,6,827
CUST000050,18,F,Medium,48221.53882781946,Ahmedabad,77,669
CUST000051,49,F,Low,20815.46548682743,Chennai,15,613
CUST000052,39,F,High,127059.00553439348,Delhi,4,845
CUST000053,34,M,Very High,270805.11244759307,Delhi,32,742
CUST000054,54,F,Medium,40703.596648500985,Hyderabad,16,850
CUST000055,60,M,Low,25027.480145808277,Pune,60,769
CUST000056,58,M,Low,26186.535484336237,Kolkata,20,594
CUST000057,32,F,High,123178.68637489693,Delhi,39,751
CUST000058,40,F,Medium,46903.43176197088,Hyderabad,13,621
CUST000059,49,Other,High,108913.80435673786,Mumbai,8,700
CUST000060,59,M,Medium,59299.0177767133,Delhi,17,693
CUST000061,37,F,High,112146.61739548636,Kolkata,33,570
CUST000062,42,M,High,148175.85366667472,Hyderabad,38,634
CUST000063,28,M,Medium,41820.16951161184,Kolkata,31,850
CUST000064,27,F,Medium,78038.72745809596,Delhi,159,719
CUST000065,57,F,Low,31638.744279880666,Mumbai,42,685
CUST000066,65,F,Medium,71829.10859879354,Delhi,96,845
CUST000067,43,M,High,110127.48326112528,Hyderabad,4,668
CUST000068,60,F,Medium,58153.51525027922,Mumbai,2,692
CUST000069,50,M,High,141552.85493110766,Mumbai,13,779
CUST000070,35,F,Medium,75837.37985167609,Mumbai,5,667
CUST000071,50,M,Low,24773.777628625954,Bangalore,26,640
CUST000072,68,M,Medium,47969.675143384724,Hyderabad,26,519
CUST000073,44,F,Medium,59849.40695479805,Bangalore,30,625
CUST000074,68,F,Medium,76011.08108510767,Kolkata,49,624
CUST000075,18,M,Low,26447.101868123525,Mumbai,127,712
CUST000076,57,M,Medium,66080.58461356525,Bangalore,75,651
CUST000077,46,F,Low,34163.03375481202,Delhi,4,850
CUST000078,40,M,Low,35573.49329788312,Bangalore,14,615
CUST000079,46,M,Medium,62556.97831683853,Chennai,10,812
CUST000080,18,M,Medium,56098.207131158786,Kolkata,7,717
CUST000081,41,M,Very High,488455.5960796405,Mumbai,28,764
CUST000082,50,F,Medium,64453.23013211411,Mumbai,29,759
CUST000083,67,F,High,130999.56481432896,Pune,9,522
CUST000084,37,F,Medium,53799.31382783513,Ahmedabad,44,699
CUST000085,32,Other,High,126896.4426702156,Kolkata,47,679
CUST000086,37,M,Medium,50311.906486565036,Kolkata,1,609
CUST000087,58,M,Very High,235783.92113502265,Hyderabad,18,736
CUST000088,49,M,Medium,68588.88807237706,Delhi,79,837
CUST000089,37,M,High,116497.63153840546,Pune,26,486
CUST000090,52,M,Medium,67331.06441689559,Kolkata,15,657
CUST000091,46,F,Low,25388.769814961834,Pune,10,600
CUST000092,59,F,High,121910.63387397112,Kolkata,10,705
CUST000093,34,M,Low,28878.672994062254,Pune,3,673
CUST000094,40,F,Medium,63878.41147382112,Hyderabad,61,651
CUST000095,39,F,Low,25817.594644884386,Kolkata,3,755
CUST000096,23,F,Medium,68618.03854596496,Bangalore,12,830
CUST000097,49,F,Very High,432075.27815581294,Chennai,1,850
CUST000098,48,F,Medium,50396.65895430895,Chennai,54,640
CUST000099,45,F,High,101043.43918989494,Chennai,1,554
CUST000100,41,F,Medium,66446.17078876372,Kolkata,13,744
CUST000101,23,F,Medium,67823.40697214176,Pune,30,828
CUST000102,38,M,Very High,396434.88953910756,Chennai,18,765
CUST000103,39,M,High,127788.89533430857,Delhi,11,828
CUST000104,32,F,High,107496.54018667771,Bangalore,11,681
CUST000105,42,M,Medium,55794.14697614714,Chennai,57,651
CUST000106,51,M,Medium,50192.70494577526,Mumbai,131,709
CUST000107,73,F,Low,23136.67399792726,Kolkata,15,673
CUST000108,47,M,Medium,67703.09517587622,Bangalore,1,753
CUST000109,48,F,Medium,43727.551438892515,Delhi,1,777
CUST000110,43,F,High,145645.46007507472,Chennai,51,783
CUST000111,18,Other,High,137868.0412570016,Delhi,28,740
CUST000112,44,F,Medium,74300.22959829024,Kolkata,55,719
CUST000113,45,M,Low,38133.3762923038,Chennai,43,763
CUST000114,81,F,High,108602.3479506268,Mumbai,85,542
CUST000115,42,F,Low,36934.01446700802,Bangalore,78,716
CUST000116,49,Other,Medium,46322.45201166597,Pune,55,704
CUST000117,44,M,Low,20432.835892164712,Mumbai,23,717
CUST000118,27,M,Medium,71395.65578655401,Chennai,13,692
CUST000119,62,F,Very High,176178.82679892876,Hyderabad,25,734
CUST000120,56,M,Low,39770.49334651843,Ahmedabad,25,654
CUST000121,56,F,Medium,66991.85718406225,Bangalore,33,790
CUST000122,31,M,Medium,70137.98840968421,Delhi,7,737
CUST000123,66,M,Very High,236031.34969725308,Chennai,38,712
CUST000124,23,M,High,127170.57757437817,Mumbai,21,644
CUST000125,53,M,Low,20864.398745099144,Kolkata,34,765
CUST000126,77,F,Low,36756.51439847202,Pune,9,716
CUST000127,30,F,Medium,46784.963721262895,Hyderabad,20,639
CUST000128,36,M,Medium,67894.32267335082,Pune,8,695
CUST000129,46,F,High,95713.63508629099,Kolkata,74,750
CUST000130,37,M,Low,21369.063388520855,Chennai,24,744
CUST000131,21,F,Low,29629.873570987886,Ahmedabad,9,738
CUST000132,46,M,High,91850.03471909526,Delhi,1,707
CUST000133,29,F,Low,34588.879766531,Mumbai,40,782
CUST000134,52,F,High,96629.60903684393,Bangalore,8,799
CUST000135,31,F,Low,26849.451124716576,Hyderabad,164,758
CUST000136,68,F,Low,31348.785025289457,Chennai,27,653
CUST000137,33,F,Very High,249738.89715205907,Chennai,12,615
CUST000138,40,Other,Medium,55119.52464839847,Chennai,38,656
CUST000139,57,F,High,137093.52397282707,Chennai,11,850
CUST000140,26,F,Low,23584.196991220513,Mumbai,61,722
CUST000141,48,F,Medium,43288.06357927735,Bangalore,13,850
CUST000142,64,M,High,102985.04495931134,Delhi,159,690
CUST000143,20,F,Medium,56975.07068055513,Hyderabad,33,679
CUST000144,47,M,High,117986.14974955973,Pune,66,694
CUST000145,48,F,Medium,54896.94784700028,Ahmedabad,2,692
CUST000146,56,F,Medium,71596.4680089122,Chennai,15,638
CUST000147,26,F,Medium,41572.77950673893,Kolkata,48,608
CUST000148,25,M,Medium,57270.70152794232,Chennai,38,740
CUST000149,52,M,Low,27645.118293128093,Bangalore,7,784
CUST000150,49,F,Medium,65903.13963227437,Bangalore,15,850
CUST000151,48,F,Medium,78651.05007589584,Ahmedabad,11,665
CUST000152,50,M,Medium,60415.01626515448,Mumbai,34,671
CUST000153,34,M,High,149081.37928592044,Mumbai,15,638
CUST000154,48,F,Medium,52089.9757965279,Kolkata,13,790
CUST000155,49,F,Very High,160803.84638986137,Kolkata,8,765
CUST000156,34,M,Medium,46626.52669905651,Mumbai,18,629
CUST000157,72,M,Medium,55804.995390982695,Hyderabad,7,627
CUST000158,52,M,High,102143.37364319866,Kolkata,118,776
CUST000159,27,Other,Medium,43882.16523933511,Mumbai,6,730
CUST000160,54,M,Medium,57306.404307628676,Chennai,88,760
CUST000161,30,M,Low,26762.315433191256,Mumbai,20,629
CUST000162,56,M,Medium,44904.76881829754,Pune,17,549
CUST000163,62,M,Medium,51844.68522447636,Hyderabad,9,630
CUST000164,32,F,Very High,460252.6193743867,Mumbai,36,755
CUST000165,59,M,Medium,52081.954619573604,Mumbai,41,850
CUST000166,51,M,High,129976.87962694361,Chennai,22,665
CUST000167,57,M,High,122843.2955760429,Kolkata,2,850
CUST000168,73,M,Medium,57087.246496334876,Chennai,90,766
CUST000169,41,M,Medium,49561.025472146765,Pune,141,588
CUST000170,33,F,High,105831.02895421618,Pune,20,717
CUST000171,31,F,High,121447.504942973,Ahmedabad,34,769
CUST000172,32,F,Low,27015.0642949871,Chennai,21,505
CUST000173,43,F,Medium,48595.85734296928,Mumbai,13,751
CUST000174,50,F,Medium,44658.509955665286,Chennai,2,793
CUST000175,49,M,Low,37595.338758191305,Bangalore,21,731
CUST000176,57,F,Medium,57612.519030076226,Delhi,61,695
CUST000177,45,F,High,123764.5825220051,Delhi,1,686
CUST000178,66,F,Medium,59616.41444547221,Chennai,31,681
CUST000179,41,F,High,141079.65628505743,Kolkata,76,605
CUST000180,85,M,Medium,61877.39409792844,Hyderabad,8,644
CUST000181,54,F,Medium,59231.256717964534,Pune,7,666
CUST000182,32,F,Low,38492.019808434256,Chennai,53,709
CUST000183,28,Other,High,130378.27172317481,Kolkata,10,655
CUST000184,52,M,High,87808.49351428001,Chennai,7,630
CUST000185,41,M,High,92439.31228377698,Mumbai,17,760
CUST000186,55,M,Low,35742.45725878884,Pune,17,729
CUST000187,52,F,Low,36717.02642359909,Pune,74,656
CUST000188,43,M,Low,30903.816581805928,Kolkata,34,740
CUST000189,32,M,Medium,62178.20911466557,Pune,18,663
CUST000190,22,Other,High,124235.30739960112,Hyderabad,27,705
CUST000191,38,M,Low,28782.31548565279,Chennai,110,778
CUST000192,57,F,High,127613.93864387328,Bangalore,4,651
CUST000193,48,M,Medium,44339.25030265663,Kolkata,8,606
CUST000194,26,F,High,147289.54696571705,Delhi,118,688
CUST000195,47,F,Very High,412554.1883282226,Kolkata,113,590
CUST000196,50,F,Low,32623.48408018014,Ahmedabad,7,677
CUST000197,31,F,Very High,260712.71995331824,Bangalore,5,677
CUST000198,47,M,Low,23219.109749134583,Pune,19,502
CUST000199,45,M,Medium,56373.718553157785,Ahmedabad,1,742
CUST000200,27,M,High,126310.37184018409,Bangalore,38,685
CUST000201,50,F,Very High,371798.41019808885,Pune,2,794
CUST000202,53,F,Medium,55305.64620262286,Bangalore,2,717
CUST000203,61,M,Medium,64531.455753325194,Hyderabad,23,758
CUST000204,60,F,High,136962.38068972834,Hyderabad,113,795
CUST000205,24,M,High,81839.93406363249,Kolkata,20,689
CUST000206,30,F,Low,29012.420958605515,Ahmedabad,15,699
CUST000207,52,Other,High,133098.86599267536,Hyderabad,222,574
CUST000208,52,M,Medium,61845.77881853509,Delhi,27,799
CUST000209,52,F,Medium,66059.04351716279,Ahmedabad,16,688
CUST000210,85,M,Medium,60667.05570421368,Pune,17,619
CUST000211,53,F,Medium,79674.98178729243,Mumbai,7,759
CUST000212,62,F,Very High,169117.5377711634,Kolkata,25,525
CUST000213,59,M,Medium,59641.79287089509,Chennai,20,665
CUST000214,54,M,Very High,181995.79219008118,Chennai,11,772
CUST000215,40,M,Low,23195.71124227141,Kolkata,6,664
CUST000216,56,F,High,106812.68452927833,Mumbai,13,642
CUST000217,33,F,High,90887.8064050341,Chennai,25,666
CUST000218,41,M,High,147458.10161696558,Kolkata,2,539
CUST000219,37,F,Medium,77871.59106900636,Kolkata,6,757
CUST000220,46,F,Medium,53444.38584882415,Bangalore,106,690
CUST000221,79,M,High,124782.33984263756,Delhi,28,678
CUST000222,18,M,High,117362.73244156502,Ahmedabad,2,678
CUST000223,55,F,Low,36311.73961031537,Chennai,42,701
CUST000224,20,F,High,123921.19268718595,Delhi,2,752
CUST000225,37,M,Medium,40010.09817962248,Pune,48,695
CUST000226,61,M,Medium,70526.97542438956,Kolkata,49,591
CUST000227,45,M,High,132279.36849072826,Mumbai,37,746
CUST000228,28,F,Medium,60388.90822265924,Kolkata,47,739
CUST000229,34,M,High,143204.32812631378,Chennai,3,716
CUST000230,55,M,Medium,76337.84822761606,Delhi,46,786
CUST000231,34,F,Low,30478.233534087944,Bangalore,5,702
CUST000232,48,F,Medium,64319.52924786151,Ahmedabad,14,788
CUST000233,45,M,Low,39930.44143849345,Bangalore,102,812
CUST000234,35,M,High,100917.41643679922,Kolkata,25,746
CUST000235,77,F,Medium,52984.6896924591,Mumbai,123,640
CUST000236,54,M,Medium,47310.95610653985,Pune,3,689
CUST000237,18,M,Low,37917.338783157364,Ahmedabad,23,799
CUST000238,47,F,Medium,69779.53559797065,Hyderabad,2,580
CUST000239,35,M,High,87394.99942091694,Chennai,35,668
CUST000240,57,F,Low,39635.347023959315,Kolkata,2,672
CUST000241,33,F,Medium,69238.46832644465,Bangalore,6,630
CUST000242,43,M,Very High,447682.73836174107,Bangalore,10,769
CUST000243,52,M,High,83370.55524212407,Mumbai,49,730
CUST000244,57,F,High,115347.26432595174,Bangalore,6,643
CUST000245,26,F,Low,33971.96573454078,Chennai,67,748
CUST000246,39,F,Medium,61717.86338287365,Mumbai,5,687
CUST000247,37,F,High,126665.32259894942,Delhi,1,628
CUST000248,35,M,High,137251.18445133307,Mumbai,18,642
CUST000249,71,F,Medium,54973.48251840785,Pune,139,734
CUST000250,51,M,High,139406.80729330968,Chennai,4,775
CUST000251,26,M,Medium,46516.64419061163,Pune,3,661
CUST000252,58,M,Low,25417.721100527495,Chennai,50,743
CUST000253,76,M,High,83034.1933949128,Delhi,13,826
CUST000254,60,F,High,105509.87679346759,Kolkata,45,599
CUST000255,22,M,Medium,55196.381792964814,Mumbai,8,728
CUST000256,37,M,High,136368.94180450757,Chennai,22,766
CUST000257,64,M,Medium,66125.22681158624,Chennai,11,692
CUST000258,34,F,Medium,57468.902326226664,Delhi,21,799
CUST000259,51,F,High,125647.97850366237,Hyderabad,52,850
CUST000260,56,M,High,83694.83453609838,Mumbai,51,727
CUST000261,31,M,Medium,47210.86144073504,Ahmedabad,26,681
CUST000262,44,M,Low,32538.9571048351,Chennai,94,778
CUST000263,18,F,Low,32827.336384506045,Bangalore,11,767
CUST000264,29,F,High,134189.4261095199,Delhi,9,498
CUST000265,41,F,Medium,56119.99036214409,Hyderabad,34,699
CUST000266,26,F,High,130578.78676313093,Hyderabad,34,668
CUST000267,69,M,Very High,389393.11639606627,Delhi,1,731
CUST000268,23,F,High,147437.53648588943,Hyderabad,33,684
CUST000269,38,F,Medium,48605.209056987165,Chennai,16,693
CUST000270,46,M,High,118617.56946268477,Hyderabad,49,630
CUST000271,66,M,Medium,64070.57768441877,Mumbai,59,758
CUST000272,23,F,Low,39972.95769868442,Ahmedabad,28,832
CUST000273,62,F,Low,24023.682843333034,Bangalore,1,632
CUST000274,45,M,Medium,60928.72079869169,Ahmedabad,36,588
CUST000275,30,F,Very High,271164.8576997736,Ahmedabad,49,701
CUST000276,51,F,Low,30517.859371579994,Chennai,10,697
CUST000277,47,M,Low,24642.57204206212,Delhi,22,793
CUST000278,35,M,Very High,166664.33244962085,Bangalore,121,601
CUST000279,46,M,Low,31451.309077953778,Kolkata,12,656
CUST000280,39,F,High,103509.80211025826,Chennai,9,528
CUST000281,46,M,Medium,47277.656069937344,Bangalore,8,809
CUST000282,54,M,Low,26478.711321560673,Hyderabad,29,720
CUST000283,68,F,Very High,167248.07050671073,Kolkata,107,662
CUST000284,26,F,Low,39008.84468180207,Delhi,33,594
CUST000285,76,M,Medium,63245.91659893042,Delhi,13,601
CUST000286,18,M,Medium,72590.747253881,Ahmedabad,36,733
CUST000287,42,F,Low,28462.36395095461,Mumbai,35,611
CUST000288,53,F,Low,38066.293351323715,Hyderabad,32,708
CUST000289,49,F,Low,29666.36443104507,Ahmedabad,6,850
CUST000290,35,M,Low,31478.906444013388,Mumbai,36,672
CUST000291,41,F,High,114425.57860438598,Mumbai,20,623
CUST000292,37,F,Medium,69331.13183470606,Hyderabad,1,730
CUST000293,36,F,Medium,62666.243104082496,Chennai,27,601
CUST000294,57,F,Medium,50863.95694321591,Kolkata,163,837
CUST000295,50,M,Very High,200938.8359629262,Pune,15,812
CUST000296,34,M,Very High,362143.53610904224,Mumbai,121,686
CUST000297,58,F,High,114242.59730829253,Bangalore,3,628
CUST000298,49,F,High,86718.29876872791,Kolkata,47,665
CUST000299,57,F,Medium,55824.69863173074,Chennai,4,676
CUST000300,54,M,Medium,60591.05688001814,Ahmedabad,11,730
CUST000301,32,F,Medium,73075.7293530236,Hyderabad,30,783
CUST000302,36,F,Medium,43044.04223333449,Delhi,32,617
CUST000303,56,M,Medium,53939.813929840115,Chennai,53,780
CUST000304,54,M,Medium,72906.24490841542,Ahmedabad,34,749
CUST000305,44,F,Very High,376948.37612005253,Mumbai,32,659
CUST000306,46,F,High,100297.08252626508,Bangalore,87,613
CUST000307,64,F,Medium,73813.4048809057,Ahmedabad,21,709
CUST000308,36,F,High,114530.55063938847,Kolkata,9,615
CUST000309,53,M,Medium,59934.075652418425,Hyderabad,6,781
CUST000310,41,M,Low,39531.746784007686,Delhi,18,610
CUST000311,41,F,Medium,77884.66012945514,Kolkata,44,743
CUST000312,61,F,Medium,54341.30733479375,Bangalore,1,693
CUST000313,57,F,Low,22811.582573261647,Pune,4,655
CUST000314,57,F,High,102796.67125946659,Delhi,4,691
CUST000315,64,M,Medium,41219.33041245552,Hyderabad,31,786
CUST000316,45,F,Medium,40830.71546841565,Kolkata,10,604
CUST000317,55,M,Low,27910.442725028384,Chennai,6,667
CUST000318,40,M,Low,38820.39645394468,Mumbai,32,639
CUST000319,49,M,High,140995.01388625454,Hyderabad,51,696
CUST000320,43,M,Medium,60457.71335670492,Ahmedabad,14,645
CUST000321,46,M,Very High,347829.23340979073,Bangalore,31,558
CUST000322,53,M,Very High,152076.72386111977,Chennai,3,615
CUST000323,32,M,Medium,48620.04623335062,Kolkata,98,831
CUST000324,76,M,Medium,40990.96507737535,Delhi,14,719
CUST000325,29,F,High,132817.76728867713,Chennai,215,716
CUST000326,26,M,Very High,200976.02860927422,Chennai,138,677
CUST000327,62,M,Medium,74761.88409907267,Bangalore,54,695
CUST000328,56,F,High,125032.70195730518,Mumbai,1,665
CUST000329,54,F,High,96059.30735609993,Pune,28,742
CUST000330,54,F,Medium,46308.81268332999,Ahmedabad,3,708
CUST000331,44,M,Medium,65104.98803692212,Ahmedabad,81,606
CUST000332,31,F,High,143058.58861976265,Chennai,56,720
CUST000333,46,M,High,130285.21532400671,Chennai,129,503
CUST000334,34,M,Low,26970.93303206755,Mumbai,33,733
CUST000335,59,M,Medium,63495.343810745886,Mumbai,26,587
CUST000336,42,F,Low,26215.233907448426,Delhi,26,692
CUST000337,32,M,Low,39982.99133557318,Kolkata,17,604
CUST000338,40,M,Very High,412093.7159616479,Ahmedabad,22,700
CUST000339,51,M,Low,32287.632795135072,Delhi,36,746
CUST000340,36,F,Low,28465.182855316583,Mumbai,97,820
CUST000341,32,F,Medium,64726.0916103823,Pune,32,576
CUST000342,48,M,Medium,53664.64249869339,Hyderabad,70,778
CUST000343,48,F,Medium,41154.59357832123,Mumbai,71,710
CUST000344,37,F,Low,27901.770447132658,Delhi,26,663
CUST000345,37,F,Low,38609.61639159734,Bangalore,15,760
CUST000346,48,M,Low,32526.021895477315,Bangalore,36,681
CUST000347,23,F,Medium,43358.228122836066,Kolkata,21,757
CUST000348,23,M,Medium,75399.74453580103,Chennai,3,620
CUST000349,34,F,Very High,244106.1972695302,Pune,17,649
CUST000350,41,M,Medium,49750.7797233091,Bangalore,184,775
CUST000351,49,M,Low,25941.819375606417,Delhi,1,818
CUST000352,67,M,High,120404.15652881702,Bangalore,42,697
CUST000353,57,F,Medium,61787.523737359064,Pune,66,477
CUST000354,42,M,High,114398.96282360173,Pune,37,684
CUST000355,44,F,Medium,68701.47454050508,Hyderabad,30,702
CUST000356,29,M,Medium,52661.509253398355,Mumbai,44,681
CUST000357,44,F,High,134744.51651007019,Mumbai,20,726
CUST000358,40,F,Very High,211362.5874325097,Delhi,3,661
CUST000359,49,F,Medium,71304.83156308037,Chennai,118,767
CUST000360,32,F,Medium,66552.40421001131,Pune,20,606
CUST000361,52,F,Medium,67328.33238190346,Mumbai,39,798
CUST000362,67,M,Very High,318543.68899454095,Ahmedabad,27,824
CUST000363,43,F,Very High,383450.53643830266,Bangalore,2,626
CUST000364,51,M,Low,21595.940931189147,Pune,109,626
CUST000365,55,F,Low,37031.02234098734,Hyderabad,56,732
CUST000366,38,F,Medium,42221.88933950584,Ahmedabad,5,605
CUST000367,48,M,Low,22974.83019742995,Chennai,143,660
CUST000368,45,M,Medium,63071.58833988945,Chennai,48,788
CUST000369,46,M,Low,34788.22910913383,Chennai,23,759
CUST000370,33,F,Medium,43050.06257385014,Ahmedabad,34,850
CUST000371,45,F,Very High,472267.68494281196,Mumbai,4,713
CUST000372,52,F,Very High,490762.6770802445,Kolkata,29,651
CUST000373,66,F,Medium,64238.00692030844,Chennai,2,704
CUST000374,59,F,Medium,59249.73821507346,Ahmedabad,28,687
CUST000375,77,M,High,131897.64805958248,Ahmedabad,28,689
CUST000376,33,M,Low,26567.14704654411,Delhi,74,698
CUST000377,58,F,High,114528.51038735746,Bangalore,46,625
CUST000378,47,F,Medium,76646.04107257604,Kolkata,10,722
CUST000379,77,F,Low,39113.10850483067,Hyderabad,78,587
CUST000380,32,M,Medium,77082.7646420474,Bangalore,30,642
CUST000381,32,M,Low,25248.961339276804,Delhi,33,690
CUST000382,36,M,High,96272.83281517343,Delhi,6,519
CUST000383,18,M,Medium,51906.58023717257,Pune,70,761
CUST000384,37,M,Medium,57652.44449553841,Kolkata,96,535
CUST000385,33,F,Low,26283.34825583927,Bangalore,53,753
CUST000386,47,M,High,106194.89570173406,Mumbai,101,596
CUST000387,50,F,Medium,64825.47808483038,Pune,12,667
CUST000388,73,M,Medium,70501.02708375904,Delhi,71,741
CUST000389,59,F,Medium,69422.32793071668,Chennai,24,850
CUST000390,36,M,Medium,72576.94268316608,Hyderabad,6,709
CUST000391,31,M,Low,20643.688064308044,Ahmedabad,39,541
CUST000392,52,M,High,83341.36527751293,Hyderabad,41,776
CUST000393,25,Other,Low,35787.65921377259,Delhi,12,681
CUST000394,72,F,Low,30661.57644649264,Chennai,1,705
CUST000395,62,M,High,120469.84716334843,Bangalore,8,744
CUST000396,37,M,Low,21051.737204287543,Ahmedabad,18,521
CUST000397,19,F,Medium,50212.55204685083,Hyderabad,6,700
CUST000398,65,M,Medium,65534.17219541911,Chennai,7,667
CUST000399,43,M,Medium,74367.27560442704,Chennai,17,797
CUST000400,63,F,High,144188.8378026982,Mumbai,117,758
CUST000401,21,F,Medium,60016.77983340327,Delhi,52,569
CUST000402,36,M,Medium,61818.96930952791,Chennai,13,801
CUST000403,45,M,High,138313.47417482937,Pune,109,735
CUST000404,45,F,Medium,61504.984029894185,Bangalore,37,576
CUST000405,38,M,Medium,60674.3410214927,Hyderabad,21,704
CUST000406,54,M,Medium,76203.36151043815,Pune,22,782
CUST000407,28,F,Medium,71597.3088422352,Mumbai,19,602
CUST000408,42,F,Very High,468175.3842264531,Bangalore,9,810
CUST000409,46,M,High,95277.29383468076,Hyderabad,17,578
CUST000410,52,Other,Low,30487.509733107134,Delhi,27,636
CUST000411,55,F,Low,36849.442571867155,Bangalore,27,624
CUST000412,28,M,Low,22222.95654934218,Ahmedabad,51,810
CUST000413,21,Other,Low,35893.243085879236,Hyderabad,15,660
CUST000414,64,M,Low,23659.467668297388,Mumbai,45,606
CUST000415,49,M,Medium,72324.75019941284,Ahmedabad,31,735
CUST000416,33,F,High,122840.06562898077,Pune,117,752
CUST000417,68,M,High,93526.5194039407,Hyderabad,17,753
CUST000418,46,M,Low,29467.083586656023,Ahmedabad,83,678
CUST000419,62,M,Medium,67276.20665843086,Chennai,61,720
CUST000420,46,M,Medium,65354.11603534169,Mumbai,36,647
CUST000421,75,F,High,109907.3037362193,Bangalore,38,833
CUST000422,71,F,High,142955.6570244649,Ahmedabad,3,791
CUST000423,41,Other,Very High,331742.19507074554,Kolkata,108,786
CUST000424,59,M,Medium,60234.69194114754,Ahmedabad,4,763
CUST000425,54,M,High,84357.5412959018,Delhi,29,741
CUST000426,65,M,Low,38442.40779595274,Pune,14,600
CUST000427,30,M,Medium,47084.66274713492,Mumbai,20,750
CUST000428,55,M,Low,30566.893868731084,Pune,33,709
CUST000429,60,F,Medium,72142.7040560124,Mumbai,86,801
CUST000430,18,F,Medium,48618.131078225735,Mumbai,22,764
CUST000431,27,Other,Medium,61094.931598833646,Hyderabad,158,744
CUST000432,18,M,Low,24813.69818446682,Ahmedabad,32,565
CUST000433,40,F,Low,35193.89995599823,Chennai,6,692
CUST000434,55,M,Low,31286.823357463014,Kolkata,7,655
CUST000435,67,M,Low,37119.51720790287,Delhi,45,720
CUST000436,46,F,Low,37891.16005754766,Ahmedabad,1,666
CUST000437,69,F,Low,32974.66964890796,Pune,23,677
CUST000438,24,M,Low,34507.82492317889,Delhi,5,736
CUST000439,19,M,Very High,342227.0349604023,Chennai,20,665
CUST000440,44,M,Medium,55377.14932269532,Hyderabad,49,709
CUST000441,50,F,Low,32962.35846041669,Hyderabad,22,578
CUST000442,44,M,Medium,76331.54493949315,Chennai,6,633
CUST000443,18,Other,High,109167.62663020066,Pune,10,752
CUST000444,43,M,High,102008.70184616567,Chennai,16,601
CUST000445,25,M,Medium,55537.47754210296,Bangalore,2,799
CUST000446,55,F,Medium,57415.905208463984,Hyderabad,31,777
CUST000447,50,F,High,85149.27202844013,Pune,33,678
CUST000448,30,M,High,114890.92883044961,Mumbai,2,850
CUST000449,37,F,High,114601.99736350417,Ahmedabad,18,799
CUST000450,29,F,High,121191.06793483662,Delhi,19,624
CUST000451,44,F,High,105397.4021329932,Hyderabad,14,759
CUST000452,59,F,Medium,64524.30383822359,Chennai,29,705
CUST000453,30,F,Medium,75128.65241096812,Mumbai,15,637
CUST000454,52,F,Medium,78218.83961980656,Ahmedabad,19,614
CUST000455,37,F,High,120852.85512987347,Ahmedabad,57,779
CUST000456,33,M,Low,20851.81907940626,Ahmedabad,6,652
CUST000457,43,M,Very High,489232.59904348815,Bangalore,34,691
CUST000458,29,M,Low,34117.241217925126,Kolkata,25,626
CUST000459,36,M,Medium,53438.545942146084,Bangalore,13,640
CUST000460,27,M,High,90301.03906746063,Mumbai,46,689
CUST000461,74,Other,Low,22868.3722447255,Ahmedabad,28,731
CUST000462,45,M,Medium,46709.77624558411,Pune,23,492
CUST000463,34,M,Low,20911.450432276408,Pune,39,701
CUST000464,48,F,Medium,76086.16754611646,Mumbai,58,640
CUST000465,43,M,Low,30815.364656546728,Pune,129,812
CUST000466,41,M,Medium,67998.37650855348,Chennai,35,850
CUST000467,54,M,Medium,73124.3403707323,Pune,74,671
CUST000468,56,M,Very High,427039.35221662006,Kolkata,1,562
CUST000469,37,M,Very High,458911.9683050945,Chennai,27,709
CUST000470,36,F,Low,39345.09245049904,Delhi,8,683
CUST000471,40,F,High,110734.94303193576,Pune,3,850
CUST000472,18,M,Low,39006.709333367806,Kolkata,27,833
CUST000473,22,M,Low,34465.798966856324,Kolkata,49,769
CUST000474,65,M,Low,21413.36380616157,Delhi,19,653
CUST000475,69,F,Very High,388624.0924243209,Bangalore,39,754
CUST000476,41,M,Very High,390350.83086169703,Mumbai,24,721
CUST000477,53,M,Low,38117.21127585054,Bangalore,20,719
CUST000478,49,F,Low,27458.64264940184,Pune,12,575
CUST000479,85,M,Low,31698.23000543636,Pune,17,784
CUST000480,61,M,Medium,40487.5020404697,Chennai,15,708
CUST000481,43,M,Medium,53283.00968725344,Hyderabad,37,691
CUST000482,30,F,Low,21244.87452317562,Pune,4,651
CUST000483,20,F,High,116531.10809354279,Pune,3,636
CUST000484,48,F,Medium,72697.90602027813,Chennai,38,725
CUST000485,33,F,Very High,222254.94224517414,Hyderabad,28,560
CUST000486,23,F,High,116920.87318904449,Ahmedabad,20,763
CUST000487,35,Other,Medium,48160.34546043068,Ahmedabad,5,615
CUST000488,28,Other,High,88448.19274923683,Ahmedabad,19,535
CUST000489,70,M,High,115769.77543540398,Mumbai,56,845
CUST000490,58,F,Medium,43165.944837989104,Mumbai,79,631
CUST000491,44,M,Medium,63494.18524551958,Ahmedabad,43,642
CUST000492,67,M,Very High,160968.1112368542,Kolkata,2,790
CUST000493,46,F,Low,22134.29943736751,Mumbai,39,848
CUST000494,32,M,Low,30999.949709747154,Delhi,9,577
CUST000495,67,F,Medium,63656.29651595655,Delhi,13,623
CUST000496,53,M,High,82029.08510656307,Ahmedabad,7,629
CUST000497,29,F,High,120136.37516010909,Hyderabad,53,774
CUST000498,42,F,Very High,443475.88386327296,Bangalore,37,831
CUST000499,31,F,Medium,68892.64709175816,Kolkata,34,613
CUST000500,24,M,Low,22623.702078415972,Bangalore,39,813
CUST000501,58,M,Medium,63698.98590254459,Hyderabad,9,643
CUST000502,73,F,High,127057.67500519493,Delhi,21,726
CUST000503,24,M,Low,20744.624035045836,Chennai,36,598
CUST000504,53,Other,Low,37106.953373672455,Pune,36,690
CUST000505,35,F,Low,38125.3479457966,Ahmedabad,56,691
CUST000506,37,M,Medium,74018.09093449035,Kolkata,12,674
CUST000507,36,M,High,137724.20275923793,Hyderabad,52,730
CUST000508,32,M,High,132147.56389226252,Bangalore,20,619
CUST000509,45,F,Very High,371701.21094868606,Hyderabad,39,629
CUST000510,32,M,Low,33572.540099765036,Hyderabad,21,735
CUST000511,49,M,Very High,432238.3526672441,Mumbai,106,807
CUST000512,44,M,High,126374.89208529133,Ahmedabad,7,698
CUST000513,41,F,Medium,53109.078267282835,Delhi,40,740
CUST000514,31,M,Very High,281586.3857564739,Kolkata,30,760
CUST000515,36,M,Medium,75882.2987348917,Mumbai,6,766
CUST000516,56,F,High,81198.54600580133,Delhi,2,623
CUST000517,52,F,High,128917.44068709973,Ahmedabad,57,637
CUST000518,30,F,High,146834.42866976507,Hyderabad,6,644
CUST000519,46,M,Medium,68249.12679831895,Delhi,7,850
CUST000520,56,M,Low,39878.23976463564,Bangalore,138,740
CUST000521,19,F,Medium,67501.79622113323,Ahmedabad,45,737
CUST000522,53,M,Medium,41374.521168674444,Kolkata,10,729
CUST000523,35,F,High,137890.69171528466,Ahmedabad,32,594
CUST000524,53,F,High,99924.09383575234,Ahmedabad,27,850
CUST000525,33,M,Very High,306120.02898255433,Mumbai,66,738
CUST000526,18,F,Low,26241.838318141643,Kolkata,47,757
CUST000527,20,F,High,98798.78743467756,Hyderabad,64,558
CUST000528,45,M,Very High,300991.9962844249,Bangalore,8,762
CUST000529,48,F,High,106512.60139084717,Delhi,36,671
CUST000530,31,M,Low,32666.771636851787,Pune,1,594
CUST000531,54,M,Low,36263.02401975021,Delhi,2,623
CUST000532,20,M,Low,25941.773063744815,Bangalore,45,598
CUST000533,44,F,Medium,48548.846112880696,Pune,1,597
CUST000534,26,F,Medium,66675.81083481369,Delhi,31,704
CUST000535,35,F,Very High,384612.0230407736,Mumbai,66,669
CUST000536,45,M,Medium,76045.24957144687,Chennai,17,726
CUST000537,32,F,Medium,40637.82745813244,Delhi,1,834
CUST000538,39,M,Medium,74121.6264846604,Hyderabad,45,689
CUST000539,60,F,High,116470.15210638498,Delhi,95,520
CUST000540,36,M,Very High,367455.7312102346,Kolkata,45,680
CUST000541,57,M,High,86396.00083929903,Hyderabad,31,795
CUST000542,28,M,Medium,57304.59731488183,Delhi,9,693
CUST000543,52,F,Medium,49092.096289540954,Delhi,1,822
CUST000544,66,M,High,97795.75210577564,Ahmedabad,42,736
CUST000545,18,F,Medium,60163.8045870411,Hyderabad,9,552
CUST000546,33,M,Low,36249.11900806225,Mumbai,70,708
CUST000547,53,M,Low,34875.61860289712,Pune,22,723
CUST000548,41,M,Low,31819.999181719075,Pune,27,786
CUST000549,50,F,High,117759.2734927427,Chennai,50,845
CUST000550,35,F,Low,28546.1208646898,Chennai,54,772
CUST000551,46,M,Low,39454.19947122772,Pune,37,735
CUST000552,42,M,Medium,62407.70216936933,Mumbai,100,754
CUST000553,62,M,Medium,50158.65593248888,Delhi,145,686
CUST000554,48,F,Medium,49203.63168160158,Chennai,105,582
CUST000555,50,M,High,122794.71215425993,Mumbai,62,703
CUST000556,38,F,Low,30456.550546218576,Mumbai,44,729
CUST000557,37,F,Low,20153.956059094256,Chennai,39,603
CUST000558,38,M,Medium,73202.61488783118,Pune,3,806
CUST000559,50,F,Medium,68164.89416929739,Hyderabad,11,780
CUST000560,38,F,Medium,66473.17158712415,Bangalore,1,590
CUST000561,49,F,Low,21375.613153953178,Pune,5,809
CUST000562,76,M,High,105343.9095120744,Hyderabad,20,675
CUST000563,58,M,High,145476.75825129502,Pune,5,637
CUST000564,40,M,Low,37251.78482682728,Delhi,83,786
CUST000565,63,M,Low,25710.85875739067,Hyderabad,58,695
CUST000566,38,M,Very High,204970.60943469853,Kolkata,2,850
CUST000567,18,M,High,111436.1570018004,Bangalore,10,631
CUST000568,29,F,Medium,54233.21514670643,Pune,61,561
CUST000569,18,M,High,127755.84636941938,Ahmedabad,58,677
CUST000570,39,M,High,147650.4367059024,Bangalore,104,763
CUST000571,45,M,High,105410.1014987793,Mumbai,216,625
CUST000572,70,F,Medium,42488.96690608968,Kolkata,134,593
CUST000573,49,F,Medium,75904.56033369541,Delhi,19,718
CUST000574,41,F,Low,20758.994604797415,Mumbai,10,582
CUST000575,57,M,Very High,483468.0640036666,Hyderabad,51,724
CUST000576,18,Other,Medium,66583.1771203616,Hyderabad,12,672
CUST000577,48,M,Low,38833.78416883898,Chennai,59,739
CUST000578,56,M,Very High,219880.89032714238,Mumbai,27,589
CUST000579,22,M,Very High,164244.92833883266,Kolkata,56,803
CUST000580,62,M,Very High,320873.49239677214,Mumbai,11,685
CUST000581,50,M,High,111543.63901990876,Mumbai,25,761
CUST000582,38,F,Very High,266022.295639209,Mumbai,29,776
CUST000583,54,F,Low,39153.12948777395,Bangalore,103,607
CUST000584,79,M,High,137580.86125130026,Chennai,11,770
CUST000585,47,F,High,126310.74149629154,Pune,99,585
CUST000586,48,M,Low,23257.165832756553,Delhi,58,590
CUST000587,38,M,Low,34686.4681643705,Delhi,47,850
CUST000588,32,F,Very High,404454.35914490337,Ahmedabad,55,788
CUST000589,57,F,Medium,57002.72694464029,Delhi,33,850
CUST000590,32,M,High,144735.01367998094,Ahmedabad,10,670
CUST000591,46,M,Low,23339.557644580207,Bangalore,7,708
CUST000592,37,F,Low,25346.751248233286,Chennai,72,742
CUST000593,52,F,Medium,42528.973570025344,Kolkata,46,699
CUST000594,50,F,Low,35909.01916355175,Chennai,8,640
CUST000595,60,M,High,123523.1570266778,Ahmedabad,34,628
CUST000596,37,M,Medium,52597.61222724998,Bangalore,21,717
CUST000597,40,M,Low,23276.273271886308,Kolkata,6,614
CUST000598,30,M,Low,20802.955400574807,Mumbai,27,612
CUST000599,38,F,Medium,46669.82274503746,Hyderabad,11,731
CUST000600,50,M,Low,29065.692926753163,Mumbai,3,692
CUST000601,56,M,High,97302.38783074243,Delhi,22,774
CUST000602,31,F,Medium,50359.28709727867,Mumbai,32,666
CUST000603,58,F,Low,37511.52733335429,Bangalore,1,653
CUST000604,65,M,Medium,60605.50693844403,Delhi,18,733
CUST000605,51,F,Low,34585.0394625683,Hyderabad,10,635
CUST000606,73,F,Low,20714.218980562862,Kolkata,1,647
CUST000607,33,F,Low,27303.267113560574,Ahmedabad,4,650
CUST000608,26,M,High,113541.85431768093,Ahmedabad,5,683
CUST000609,18,F,Very High,215245.89932356463,Kolkata,7,841
CUST000610,67,F,High,88413.4079011877,Ahmedabad,58,589
CUST000611,54,M,Medium,74812.1511399937,Delhi,20,803
CUST000612,44,M,Medium,77577.26508399186,Pune,5,759
CUST000613,49,F,Medium,43152.267921816296,Pune,3,825
CUST000614,28,M,High,104431.30987797101,Mumbai,12,850
CUST000615,81,F,Very High,485399.9698505658,Pune,57,814
CUST000616,46,M,Low,21663.234662649298,Ahmedabad,16,774
CUST000617,46,M,Low,32872.82745757452,Chennai,6,595
CUST000618,55,M,High,148055.4959676904,Chennai,18,605
CUST000619,52,F,High,148475.65680069622,Kolkata,29,728
CUST000620,48,M,High,112985.63316326203,Chennai,1,564
CUST000621,33,F,High,91392.43754476664,Delhi,35,749
CUST000622,52,F,Very High,220729.5102421036,Chennai,18,529
CUST000623,73,F,Medium,75584.05580497578,Bangalore,1,792
CUST000624,65,F,Very High,469089.05151540757,Kolkata,40,674
CUST000625,68,F,Very High,362757.87535574415,Hyderabad,44,710
CUST000626,37,M,High,133632.34796289378,Chennai,35,640
CUST000627,30,F,Medium,69597.25005881632,Bangalore,15,548
CUST000628,43,F,Low,33236.43195978214,Bangalore,27,798
CUST000629,45,M,Medium,73091.07819487757,Delhi,17,806
CUST000630,61,M,Medium,67416.26492161283,Kolkata,43,671
CUST000631,19,F,High,117380.16140232494,Delhi,31,752
CUST000632,67,M,Low,24739.127251763137,Hyderabad,3,668
CUST000633,42,F,Medium,69755.52576474476,Hyderabad,37,723
CUST000634,38,M,High,113140.65074867921,Ahmedabad,41,760
CUST000635,29,M,Low,25895.833680150186,Mumbai,16,744
CUST000636,20,F,Medium,72077.85102967102,Hyderabad,75,807
CUST000637,57,M,Medium,67868.54401412113,Kolkata,66,741
CUST000638,46,M,Medium,77493.582524988,Pune,6,702
CUST000639,25,F,Low,23308.832800377553,Pune,84,639
CUST000640,25,M,High,125443.24992455452,Kolkata,20,661
CUST000641,39,F,Medium,49769.57872352704,Ahmedabad,46,764
CUST000642,70,F,Very High,466254.0448555746,Ahmedabad,60,579
CUST000643,41,F,Medium,43979.976570264625,Delhi,25,788
CUST000644,22,M,Medium,66246.47225779509,Bangalore,18,677
CUST000645,41,M,Low,35821.7144305606,Mumbai,88,634
CUST000646,40,F,Low,27098.35680729414,Pune,9,612
CUST000647,18,F,Medium,78165.52317535237,Ahmedabad,10,753
CUST000648,44,F,Low,37014.61369172075,Pune,16,698
CUST000649,41,F,Medium,51784.73198739614,Hyderabad,70,827
CUST000650,55,M,Medium,40301.643708639946,Bangalore,100,598
CUST000651,72,M,Medium,51866.287044722434,Delhi,8,653
CUST000652,61,M,Low,25626.20940941485,Ahmedabad,71,692
CUST000653,40,M,High,142297.52252506363,Chennai,10,639
CUST000654,28,M,Very High,488492.41238916165,Mumbai,127,700
CUST000655,83,F,Low,21408.799719405208,Kolkata,32,725
CUST000656,45,M,Low,29425.896570666337,Bangalore,1,738
CUST000657,45,M,Very High,341916.1994854285,Delhi,1,820
CUST000658,44,M,Low,21858.233226594068,Delhi,5,595
CUST000659,47,F,Very High,282124.1981981329,Mumbai,7,727
CUST000660,42,F,Low,26341.648347859013,Mumbai,52,648
CUST000661,36,F,High,117523.94480289612,Ahmedabad,9,734
CUST000662,36,F,Medium,66447.63598927752,Hyderabad,125,734
CUST000663,44,M,Very High,396219.7886737983,Hyderabad,36,621
CUST000664,36,F,Medium,45470.2009445355,Kolkata,42,627
CUST000665,34,M,High,136906.33913612348,Kolkata,8,740
CUST000666,46,M,Low,33570.84059581518,Ahmedabad,80,701
CUST000667,41,F,Low,37781.4983349344,Mumbai,39,682
CUST000668,67,F,High,111453.52416048039,Mumbai,71,752
CUST000669,18,M,Medium,75755.59050888766,Bangalore,112,758
CUST000670,61,M,Very High,453020.9428246264,Hyderabad,4,657
CUST000671,63,F,Medium,57536.37329437079,Delhi,3,631
CUST000672,18,M,High,106680.0320705085,Pune,58,599
CUST000673,39,M,Medium,77312.48059881027,Pune,72,702
CUST000674,39,M,Very High,400307.6570884532,Pune,31,586
CUST000675,23,M,Very High,474885.8712533265,Ahmedabad,16,707
CUST000676,33,F,Medium,71878.99115583253,Hyderabad,38,797
CUST000677,28,M,High,122650.820750399,Hyderabad,13,671
CUST000678,71,M,High,88109.69439026351,Mumbai,9,657
CUST000679,59,F,Low,25829.61345158197,Pune,24,850
CUST000680,64,F,Medium,78753.69628393566,Mumbai,8,820
CUST000681,55,M,Low,26388.44197428409,Hyderabad,23,638
CUST000682,28,M,High,86527.84088497596,Chennai,112,711
CUST000683,37,M,Low,34151.067118386396,Chennai,65,726
CUST000684,52,F,Low,34680.08509087368,Kolkata,102,716
CUST000685,26,F,Medium,51418.30881148603,Hyderabad,59,845
CUST000686,55,F,Medium,51906.879173852154,Pune,15,706
CUST000687,41,F,High,112822.50898561487,Ahmedabad,60,718
CUST000688,39,F,Very High,157626.13241678945,Chennai,92,755
CUST000689,55,F,Medium,71572.92041444655,Ahmedabad,105,795
CUST000690,51,F,Low,26341.77574548251,Ahmedabad,41,774
CUST000691,39,M,High,139763.41714013842,Kolkata,8,743
CUST000692,62,Other,Medium,72105.21686400136,Kolkata,1,575
CUST000693,28,M,Medium,66456.08132475133,Hyderabad,5,660
CUST000694,54,M,Medium,52994.99468397155,Kolkata,121,765
CUST000695,53,F,Medium,60652.662466446796,Mumbai,22,720
CUST000696,40,M,Medium,57793.17030391836,Mumbai,69,766
CUST000697,49,F,High,103721.7320374072,Mumbai,22,850
CUST000698,26,F,Medium,73925.45157212713,Delhi,38,605
CUST000699,58,M,High,113845.49522043657,Ahmedabad,1,791
CUST000700,42,F,Medium,73308.92391188585,Mumbai,10,673
CUST000701,37,M,Low,22104.369482836486,Pune,20,774
CUST000702,60,M,High,89871.7352020235,Mumbai,35,696
CUST000703,34,F,Medium,79092.81220451907,Hyderabad,6,850
CUST000704,23,F,Low,31755.369252121793,Chennai,52,710
CUST000705,21,F,Medium,60390.78693996196,Pune,16,648
CUST000706,54,M,Medium,60926.242525764465,Chennai,61,733
CUST000707,25,F,High,95068.8141823002,Mumbai,3,725
CUST000708,71,M,Medium,68748.15798007892,Ahmedabad,40,791
CUST000709,18,F,High,85934.64366108281,Mumbai,12,735
CUST000710,70,M,Low,31466.474262060467,Mumbai,57,850
CUST000711,48,F,Medium,62830.75186343606,Kolkata,18,691
CUST000712,43,M,Very High,469965.9484467289,Hyderabad,39,692
CUST000713,36,M,High,116832.79670734023,Hyderabad,98,651
CUST000714,50,F,Low,22741.25391948359,Ahmedabad,1,706
CUST000715,44,F,Medium,62910.1303699265,Hyderabad,1,718
CUST000716,61,F,Medium,43653.105774613294,Chennai,52,722
CUST000717,46,F,High,94265.56847099452,Pune,37,705
CUST000718,47,F,High,82177.60089311913,Pune,12,651
CUST000719,39,F,High,115930.55077216489,Delhi,24,629
CUST000720,44,M,Medium,43381.3046117429,Chennai,1,669
CUST000721,49,F,High,112857.60649719303,Hyderabad,7,791
CUST000722,19,M,Medium,77317.80141296575,Ahmedabad,19,808
CUST000723,24,F,Low,34395.22826038664,Bangalore,64,693
CUST000724,56,F,Medium,43096.46696901172,Delhi,23,624
CUST000725,47,F,Very High,228473.4342730951,Mumbai,31,693
CUST000726,42,F,High,127156.3693925404,Kolkata,74,850
CUST000727,45,F,Medium,75788.07444096735,Chennai,13,779
CUST000728,50,F,Medium,41316.74347055815,Kolkata,43,744
CUST000729,36,M,Very High,434357.8961022079,Delhi,71,777
CUST000730,33,F,Medium,62472.55521353235,Ahmedabad,8,823
CUST000731,47,M,Medium,61843.6530118557,Pune,15,607
CUST000732,30,F,Very High,485234.6139636753,Ahmedabad,140,668
CUST000733,51,M,High,132335.12288177412,Bangalore,147,657
CUST000734,19,M,Medium,74004.75472224448,Delhi,9,746
CUST000735,60,M,Medium,54159.82278178667,Chennai,2,712
CUST000736,52,M,Medium,62174.56163313639,Hyderabad,11,760
CUST000737,48,F,Low,32308.113548555415,Mumbai,18,659
CUST000738,59,M,Very High,262554.37912686274,Hyderabad,20,809
CUST000739,69,F,Medium,62809.924997895985,Hyderabad,34,694
CUST000740,60,M,High,96565.87656357996,Ahmedabad,82,755
CUST000741,18,F,Low,22867.51342136479,Chennai,14,795
CUST000742,25,F,Medium,54958.81037109331,Hyderabad,68,789
CUST000743,35,F,Low,34785.79257492874,Ahmedabad,3,728
CUST000744,45,F,High,144133.10036517214,Hyderabad,1,765
CUST000745,52,M,Medium,58308.5620599293,Chennai,25,839
CUST000746,34,F,Medium,65712.94753101727,Ahmedabad,2,741
CUST000747,47,M,Low,22060.74261950201,Chennai,17,641
CUST000748,33,F,Low,38089.275171046575,Bangalore,81,746
CUST000749,35,F,Low,31372.084271398686,Hyderabad,9,697
CUST000750,23,M,Medium,71213.52990500629,Delhi,44,512
CUST000751,31,F,Medium,71777.64803685575,Pune,12,736
CUST000752,24,F,Medium,50259.221054724236,Mumbai,1,709
CUST000753,30,M,Medium,61166.97812727398,Kolkata,29,792
CUST000754,60,M,Medium,78419.1900624391,Mumbai,64,639
CUST000755,30,M,Medium,43585.38179283311,Chennai,18,579
CUST000756,84,F,Low,33660.99796059127,Ahmedabad,34,713
CUST000757,52,F,Low,39245.28156070344,Kolkata,82,730
CUST000758,47,M,High,101040.39756378155,Chennai,56,707
CUST000759,32,M,Medium,74457.91685617392,Pune,7,701
CUST000760,55,F,Low,38673.15090816544,Ahmedabad,47,614
CUST000761,36,F,Low,34941.7241878965,Pune,25,688
CUST000762,46,M,High,96192.98186148707,Bangalore,49,672
CUST000763,83,M,High,103380.05031786158,Hyderabad,24,785
CUST000764,43,F,High,82506.65060924116,Chennai,4,730
CUST000765,62,M,Medium,73258.12936981421,Pune,30,677
CUST000766,34,M,Medium,73984.44746044319,Chennai,24,837
CUST000767,44,F,Very High,371448.60848816746,Mumbai,26,678
CUST000768,71,F,High,104676.9495884696,Hyderabad,76,744
CUST000769,35,M,Medium,43072.44110559682,Bangalore,81,686
CUST000770,72,M,High,132714.03269404365,Pune,21,830
CUST000771,55,M,High,130856.8335526946,Ahmedabad,21,706
CUST000772,36,M,Medium,76504.10086955604,Chennai,26,709
CUST000773,54,F,Medium,69221.28084021449,Chennai,26,688
CUST000774,59,M,Low,36573.89884488004,Ahmedabad,108,715
CUST000775,54,F,Low,34919.092358079986,Chennai,37,795
CUST000776,21,F,High,124148.10318186216,Mumbai,11,767
CUST000777,34,M,Medium,57078.65576764037,Pune,27,702
CUST000778,41,M,High,143148.21160495945,Chennai,35,836
CUST000779,43,F,Very High,377839.00016761443,Chennai,36,769
CUST000780,54,F,Low,27967.10643931818,Mumbai,31,664
CUST000781,47,F,Medium,43338.77180727829,Chennai,7,589
CUST000782,24,M,High,100349.33991330674,Ahmedabad,1,666
CUST000783,50,F,High,118060.87143811153,Hyderabad,14,733
CUST000784,54,F,High,99294.47590113361,Hyderabad,20,747
CUST000785,53,F,Medium,48849.41391671608,Mumbai,2,808
CUST000786,61,M,Medium,61095.740563513886,Hyderabad,60,612
CUST000787,57,F,Medium,46792.81383582938,Kolkata,15,664
CUST000788,51,F,Very High,430143.5221637862,Kolkata,88,605
CUST000789,43,M,Medium,59374.72605370632,Kolkata,6,592
CUST000790,20,F,Very High,350851.97088692756,Bangalore,2,649
CUST000791,51,M,Medium,45895.33070389394,Chennai,23,729
CUST000792,48,M,Very High,263601.7174702786,Bangalore,7,761
CUST000793,49,M,High,108706.2778282807,Hyderabad,99,624
CUST000794,25,F,Medium,72328.51322066013,Mumbai,1,635
CUST000795,28,M,Medium,70806.3809234461,Kolkata,19,557
CUST000796,60,M,Medium,48919.09899150726,Mumbai,94,717
CUST000797,44,F,Medium,64647.16326428031,Bangalore,17,641
CUST000798,55,M,Low,24869.12715543995,Ahmedabad,3,833
CUST000799,45,F,Low,39764.94311380491,Hyderabad,12,732
CUST000800,45,F,Medium,78084.95512523482,Pune,24,686
CUST000801,59,F,High,119428.53043644343,Chennai,7,648
CUST000802,37,F,Medium,67956.10287576572,Pune,22,580
CUST000803,46,F,Low,36028.6076441729,Hyderabad,65,590
CUST000804,38,M,High,130469.88940314327,Kolkata,74,650
CUST000805,38,F,Medium,67993.14764329683,Ahmedabad,1,644
CUST000806,40,M,Very High,485493.90278233483,Hyderabad,6,620
CUST000807,48,F,High,121751.92744150983,Mumbai,11,730
CUST000808,37,M,Low,32726.053436381113,Delhi,32,741
CUST000809,63,F,Medium,73970.75001752724,Ahmedabad,16,663
CUST000810,31,F,Medium,66795.63471433628,Kolkata,66,850
CUST000811,42,F,Low,34658.65244035045,Pune,45,560
CUST000812,38,M,Low,24683.373723932847,Chennai,3,704
CUST000813,66,M,Low,27425.338482301417,Kolkata,35,682
CUST000814,47,F,Medium,45892.05382847572,Kolkata,4,655
CUST000815,60,F,Medium,60230.61769339222,Chennai,10,644
CUST000816,22,M,Medium,58229.09602720985,Pune,7,699
CUST000817,49,Other,Low,39943.25628558914,Kolkata,6,681
CUST000818,58,F,High,122784.60569708797,Mumbai,34,668
CUST000819,46,M,Medium,71457.79292777693,Hyderabad,29,596
CUST000820,60,F,Medium,53360.58683030617,Mumbai,6,570
CUST000821,37,F,Low,36630.906626855925,Hyderabad,166,676
CUST000822,66,M,Low,32301.69932975367,Delhi,19,667
CUST000823,79,M,Medium,67879.69326393754,Kolkata,3,684
CUST000824,39,F,Low,25888.615558989088,Delhi,4,691
CUST000825,38,F,Medium,61945.53566782309,Bangalore,31,658
CUST000826,66,M,Medium,65361.47893654434,Pune,139,683
CUST000827,68,F,Medium,63563.78703266324,Hyderabad,30,631
CUST000828,37,F,Low,38303.87422849133,Mumbai,107,821
CUST000829,38,F,Medium,75930.90657970213,Ahmedabad,21,636
CUST000830,40,M,Medium,78839.36231507483,Mumbai,20,670
CUST000831,24,F,High,126719.96042048925,Kolkata,24,642
CUST000832,31,M,High,148033.98910879792,Mumbai,43,640
CUST000833,29,M,Medium,73299.12000127634,Bangalore,16,701
CUST000834,33,M,Medium,50833.285613598375,Chennai,71,691
CUST000835,44,F,Medium,57097.42678205189,Mumbai,1,663
CUST000836,48,F,High,96687.47095323069,Kolkata,20,677
CUST000837,68,M,Low,20083.943216611304,Delhi,25,642
CUST000838,30,F,Very High,215817.06360141802,Pune,33,732
CUST000839,59,M,High,80284.2410400813,Mumbai,11,850
CUST000840,41,M,High,130388.6922945343,Mumbai,20,630
CUST000841,44,Other,Low,28510.685954423992,Mumbai,23,731
CUST000842,55,F,Medium,52502.98908311433,Kolkata,41,703
CUST000843,28,M,Medium,70468.83564380751,Pune,53,753
CUST000844,50,F,Low,36649.7354923929,Chennai,48,755
CUST000845,47,M,Medium,79011.9815459952,Mumbai,15,716
CUST000846,52,M,High,124940.95092726688,Chennai,240,696
CUST000847,49,F,Medium,58461.15834160207,Chennai,67,665
CUST000848,81,F,Medium,52210.572064297434,Pune,10,638
CUST000849,35,M,Low,24446.364184284525,Pune,7,692
CUST000850,37,F,High,94904.81653378208,Bangalore,13,597
CUST000851,35,F,High,108643.25623038592,Delhi,21,652
CUST000852,36,M,Medium,79671.4542115172,Mumbai,68,788
CUST000853,35,F,Medium,40034.14789749613,Mumbai,54,707
CUST000854,62,F,Medium,47888.23588924003,Mumbai,68,771
CUST000855,66,F,Medium,47535.719296142954,Chennai,11,817
CUST000856,36,F,Low,34342.389710645846,Ahmedabad,32,685
CUST000857,32,F,Very High,273369.65465932165,Pune,11,716
CUST000858,52,M,Medium,58290.43218367282,Hyderabad,4,675
CUST000859,36,F,Medium,45944.9652187962,Ahmedabad,41,634
CUST000860,54,F,Medium,56199.88155507791,Delhi,5,623
CUST000861,48,M,High,87223.98683340852,Kolkata,39,767
CUST000862,22,F,Low,30660.865757771662,Mumbai,37,716
CUST000863,68,F,Medium,43917.53461531424,Hyderabad,59,847
CUST000864,71,F,High,135335.58668212092,Hyderabad,5,777
CUST000865,35,M,Medium,62664.06870161958,Pune,55,641
CUST000866,39,M,High,130677.75116414618,Hyderabad,240,767
CUST000867,49,F,Low,28370.327733053677,Delhi,68,675
CUST000868,50,M,High,106704.39052695592,Hyderabad,50,797
CUST000869,54,F,Low,21964.177780977272,Kolkata,39,661
CUST000870,75,M,Low,30477.11214085645,Mumbai,19,615
CUST000871,42,M,High,116015.15153999644,Kolkata,47,636
CUST000872,33,M,Medium,58724.08177798422,Mumbai,46,640
CUST000873,24,M,Medium,69620.73458729798,Bangalore,35,632
CUST000874,34,F,Low,36650.08800064709,Chennai,57,654
CUST000875,44,M,Medium,70031.58699794032,Hyderabad,21,768
CUST000876,71,M,Medium,45754.62971227375,Kolkata,4,843
CUST000877,37,M,Very High,367720.82824873785,Chennai,29,593
CUST000878,48,F,Very High,178113.0869913367,Chennai,11,801
CUST000879,44,M,Medium,67784.89149761906,Chennai,17,661
CUST000880,62,F,Medium,55273.563862445066,Chennai,1,727
CUST000881,82,F,Medium,45299.95825065146,Chennai,17,567
CUST000882,37,F,High,140343.55998832895,Mumbai,59,741
CUST000883,37,F,Low,32280.166780778745,Delhi,28,539
CUST000884,60,F,Medium,54188.9987179011,Hyderabad,1,725
CUST000885,55,F,Low,20614.543593009992,Hyderabad,22,720
CUST000886,72,M,Low,30746.20518007221,Mumbai,12,715
CUST000887,53,M,Low,38464.51756972465,Kolkata,23,641
CUST000888,39,M,Medium,63855.19330809463,Mumbai,18,743
CUST000889,53,F,High,148015.54232336453,Pune,96,731
CUST000890,61,Other,Medium,45458.04473081834,Ahmedabad,1,683
CUST000891,57,F,Medium,62732.204183793474,Chennai,41,753
CUST000892,52,M,Low,35962.500960128586,Delhi,68,692
CUST000893,61,F,Medium,61021.62924502865,Hyderabad,115,742
CUST000894,62,M,Medium,43642.6542394989,Kolkata,7,689
CUST000895,65,M,Medium,63315.44006188871,Bangalore,27,717
CUST000896,54,M,Very High,364108.26704486506,Mumbai,1,745
CUST000897,42,M,Low,34574.18496950705,Bangalore,24,668
CUST000898,47,F,Low,35224.23030330948,Hyderabad,4,601
CUST000899,63,M,Medium,70830.90752842429,Mumbai,65,722
CUST000900,32,M,Very High,382205.5377736381,Hyderabad,4,795
CUST000901,50,F,High,95106.78304930608,Mumbai,25,723
CUST000902,39,F,High,108296.50290876356,Kolkata,26,725
CUST000903,45,F,Medium,71045.19890457595,Hyderabad,128,696
CUST000904,64,M,Very High,483699.44419028464,Pune,38,759
CUST000905,47,F,Low,21578.93929673244,Bangalore,12,685
CUST000906,45,F,Low,30710.733555943894,Delhi,9,663
CUST000907,24,M,High,101876.55899270145,Kolkata,4,788
CUST000908,56,F,Very High,228887.86301089043,Pune,50,657
CUST000909,54,M,Low,30116.213670394303,Kolkata,42,771
CUST000910,77,M,Low,32121.786811130733,Mumbai,33,788
CUST000911,40,F,Low,20195.444628389625,Bangalore,1,745
CUST000912,48,F,Low,35604.13144402382,Hyderabad,51,600
CUST000913,48,M,Low,36397.64262518895,Bangalore,36,702
CUST000914,68,F,Very High,487928.78859877656,Kolkata,119,683
CUST000915,43,F,High,92645.06132572865,Mumbai,31,660
CUST000916,49,F,High,121618.67936526636,Ahmedabad,13,711
CUST000917,54,M,High,109863.77614334761,Bangalore,17,761
CUST000918,47,F,Medium,53393.11406221402,Pune,6,663
CUST000919,38,M,High,119594.34160062532,Hyderabad,46,686
CUST000920,47,F,Medium,71295.323728942,Chennai,44,680
CUST000921,61,M,Medium,40922.111337808405,Kolkata,8,793
CUST000922,29,M,Medium,78776.00450264747,Delhi,6,679
CUST000923,46,F,Medium,72395.26342822843,Delhi,2,601
CUST000924,34,M,High,132580.7592551905,Kolkata,87,574
CUST000925,62,M,Very High,416135.5837631762,Ahmedabad,9,729
CUST000926,22,M,Medium,55562.428384746105,Chennai,15,639
CUST000927,36,F,High,132613.43855913696,Mumbai,11,753
CUST000928,50,M,Low,27735.404172059152,Bangalore,19,593
CUST000929,68,F,High,142909.47807023552,Bangalore,45,656
CUST000930,44,M,Medium,47088.895332258784,Chennai,73,593
CUST000931,36,M,Low,25846.94848430303,Pune,7,734
CUST000932,73,M,Medium,62053.50170796305,Chennai,41,751
CUST000933,23,F,Medium,52768.4414354909,Hyderabad,15,727
CUST000934,18,M,Low,28484.74490590547,Hyderabad,141,613
CUST000935,51,M,Very High,322347.94128950813,Delhi,12,640
CUST000936,37,Other,Low,37127.06697627017,Mumbai,1,718
CUST000937,29,F,Very High,333117.2887630425,Ahmedabad,26,564
CUST000938,55,M,High,105372.18940301923,Mumbai,5,680
CUST000939,48,M,Medium,49909.446561404635,Pune,1,821
CUST000940,36,F,Medium,56347.03915168789,Chennai,43,685
CUST000941,25,M,High,116101.52730900589,Delhi,47,580
CUST000942,58,M,Medium,69844.59428812945,Delhi,22,651
CUST000943,54,F,High,88473.41433206371,Hyderabad,40,649
CUST000944,43,F,Medium,48864.367529566036,Bangalore,27,850
CUST000945,72,F,Medium,55186.16063474693,Pune,35,833
CUST000946,28,M,Very High,276139.4417918301,Mumbai,32,758
CUST000947,22,M,Low,27834.961752104235,Pune,39,672
CUST000948,34,F,Medium,71740.85058561298,Delhi,8,796
CUST000949,44,M,Medium,52966.176118486925,Hyderabad,11,609
CUST000950,48,F,High,115132.87262818652,Hyderabad,20,786
CUST000951,41,F,High,123673.49230005275,Hyderabad,21,774
CUST000952,50,M,Medium,49287.142007344206,Pune,53,687
CUST000953,26,F,Low,34373.907742950774,Bangalore,16,791
CUST000954,66,F,Low,30942.226394765617,Delhi,6,664
CUST000955,43,F,Medium,57871.24652125512,Chennai,10,598
CUST000956,61,M,Medium,72391.36106953255,Chennai,8,778
CUST000957,50,M,Very High,235223.3407148137,Hyderabad,47,693
CUST000958,51,F,Medium,75327.03882457293,Hyderabad,22,748
CUST000959,53,M,Medium,62441.94941466815,Bangalore,44,845
CUST000960,51,Other,High,122642.24155657607,Hyderabad,19,642
CUST000961,54,M,Medium,75002.35856675771,Kolkata,79,688
CUST000962,64,F,Medium,72703.30751397344,Delhi,147,825
CUST000963,47,M,Low,32031.241376438007,Ahmedabad,39,753
CUST000964,55,F,Medium,70127.50815392696,Ahmedabad,71,644
CUST000965,43,M,Very High,301661.82158151385,Hyderabad,25,623
CUST000966,66,M,Medium,61895.11013998985,Ahmedabad,98,657
CUST000967,34,M,Medium,42482.80546834045,Hyderabad,64,640
CUST000968,72,F,Medium,43594.31672000187,Delhi,172,718
CUST000969,44,M,Very High,440298.89146521623,Mumbai,35,706
CUST000970,23,F,Medium,42386.86622729986,Kolkata,54,722
CUST000971,46,F,Medium,46775.96502530429,Kolkata,28,632
CUST000972,34,M,Very High,428541.4306326545,Ahmedabad,10,694
CUST000973,57,F,Low,20022.919012565126,Chennai,15,535
CUST000974,35,M,High,99768.30301921049,Hyderabad,80,711
CUST000975,38,Other,Medium,63361.54631306487,Delhi,2,794
CUST000976,18,F,High,121681.49520285075,Chennai,32,586
CUST000977,38,M,Medium,71086.11632917894,Pune,16,738
CUST000978,18,M,Medium,60237.05017968682,Ahmedabad,17,651
CUST000979,21,M,High,115658.13086716793,Pune,77,764
CUST000980,56,Other,Low,34506.21151081401,Bangalore,69,712
CUST000981,56,M,Medium,59944.97853065134,Pune,32,732
CUST000982,51,F,Low,32169.821731272335,Pune,11,705
CUST000983,30,M,Low,37955.48136510102,Mumbai,23,806
CUST000984,44,F,Very High,290507.85266433016,Hyderabad,18,727
CUST000985,44,M,Medium,55405.00283676889,Mumbai,15,643
CUST000986,27,F,Very High,151242.14715266996,Hyderabad,3,707
CUST000987,67,F,Low,32268.52523042464,Hyderabad,28,670
CUST000988,58,F,Medium,41190.87629628528,Hyderabad,12,712
CUST000989,41,M,Low,30082.969794566325,Mumbai,38,666
CUST000990,45,M,High,136296.36523225586,Kolkata,13,645
CUST000991,48,M,High,118494.47493637641,Bangalore,20,715
CUST000992,18,F,Low,25392.72330433352,Kolkata,1,704
CUST000993,41,M,Very High,425158.9475072799,Delhi,176,785
CUST000994,34,F,Low,25394.34008165078,Delhi,25,666
CUST000995,29,M,Medium,69321.27123783596,Pune,1,541
CUST000996,40,F,Very High,363590.4593165809,Kolkata,28,670
CUST000997,71,F,High,91899.74077236009,Bangalore,73,569
CUST000998,54,F,Very High,466796.856195465,Pune,53,733
CUST000999,36,M,Medium,48025.74731828783,Bangalore,43,566
CUST001000,53,M,Low,39791.74148281339,Hyderabad,5,620
CUST001001,65,M,Low,20146.209773098817,Hyderabad,38,671
CUST001002,58,M,Medium,50539.33508571612,Delhi,52,823
CUST001003,45,F,High,93990.22080919392,Hyderabad,30,614
CUST001004,35,F,Low,20279.868203409253,Pune,80,700
CUST001005,55,F,High,131265.7530103121,Hyderabad,11,746
CUST001006,50,M,Medium,67737.03208398385,Bangalore,9,818
CUST001007,58,F,Medium,71694.03857419721,Mumbai,73,762
CUST001008,54,F,High,97968.89825251958,Ahmedabad,35,787
CUST001009,60,F,Medium,57773.4066833188,Kolkata,1,769
CUST001010,36,M,High,126137.94651350833,Chennai,15,603
CUST001011,64,M,Low,28795.37007776287,Chennai,70,728
CUST001012,47,M,High,128812.8039222541,Hyderabad,1,767
CUST001013,76,F,Low,32679.468168808842,Hyderabad,1,623
CUST001014,34,F,Low,22292.95606044353,Kolkata,11,653
CUST001015,71,M,High,134673.01847538777,Chennai,88,635
CUST001016,47,M,High,130447.34513647627,Bangalore,83,761
CUST001017,35,F,Medium,66233.37550469622,Ahmedabad,26,694
CUST001018,37,F,Medium,46203.74425084009,Chennai,29,674
CUST001019,40,M,Medium,50719.85795181455,Chennai,14,597
CUST001020,51,F,Low,27863.54063175201,Pune,10,694
CUST001021,52,Other,High,99595.07351595104,Chennai,60,654
CUST001022,36,F,High,95946.7203473292,Hyderabad,4,719
CUST001023,44,M,Low,36107.15340323551,Pune,24,608
CUST001024,77,F,Medium,65529.289854408096,Hyderabad,36,714
CUST001025,70,F,High,119583.04920851752,Kolkata,3,664
CUST001026,51,M,Medium,49038.108434130154,Chennai,26,600
CUST001027,45,F,Medium,76723.06249074565,Ahmedabad,31,593
CUST001028,46,F,Low,23823.660781946324,Hyderabad,48,605
CUST001029,54,F,Medium,71798.03731298709,Kolkata,9,683
CUST001030,29,M,Low,39333.453334105856,Chennai,12,709
CUST001031,41,F,High,130896.49104569652,Ahmedabad,30,721
CUST001032,19,F,Medium,79714.35100738518,Bangalore,146,724
CUST001033,50,M,Medium,66042.04467911787,Hyderabad,8,639
CUST001034,54,F,High,95222.22405227265,Ahmedabad,153,784
CUST001035,37,F,Low,24076.389874330227,Ahmedabad,45,664
CUST001036,68,F,Medium,52982.571370219055,Ahmedabad,62,736
CUST001037,26,M,Medium,40285.20080884024,Mumbai,3,686
CUST001038,23,F,Medium,67267.93880331339,Ahmedabad,12,730
CUST001039,48,M,Very High,244033.72461973966,Kolkata,2,682
CUST001040,60,M,High,137062.8262604927,Hyderabad,16,731
CUST001041,70,F,Low,27183.453011186004,Bangalore,143,699
CUST001042,38,M,High,113596.9545424319,Bangalore,4,765
CUST001043,61,F,Medium,78627.55666241478,Hyderabad,29,634
CUST001044,44,M,Very High,234760.24306654697,Ahmedabad,1,558
CUST001045,42,M,Medium,68850.16389718957,Delhi,44,622
CUST001046,58,M,Medium,70204.71157221668,Kolkata,7,785
CUST001047,54,Other,Medium,48839.92630094541,Chennai,4,687
CUST001048,21,F,Medium,60039.87346448783,Chennai,14,707
CUST001049,67,F,Medium,54008.077012518734,Bangalore,53,615
CUST001050,65,M,Low,35438.12486800178,Ahmedabad,4,705
CUST001051,35,M,High,123573.83233203262,Hyderabad,9,618
CUST001052,50,Other,Medium,59039.32219442188,Delhi,1,629
CUST001053,52,M,Very High,422777.1427667014,Kolkata,124,667
CUST001054,48,M,Medium,49406.22280033668,Mumbai,32,735
CUST001055,36,F,High,132753.53164090513,Chennai,45,744
CUST001056,34,M,Very High,452881.0092324885,Pune,37,746
CUST001057,44,F,High,141503.51177653007,Kolkata,5,572
CUST001058,62,F,High,134857.15151137227,Ahmedabad,32,699
CUST001059,53,M,High,108560.9916898788,Kolkata,5,684
CUST001060,39,M,Medium,79272.32090871308,Delhi,18,577
CUST001061,56,M,Medium,55183.745752897594,Kolkata,30,701
CUST001062,18,F,Low,32772.50798204851,Chennai,29,679
CUST001063,62,F,Medium,46442.96712277875,Hyderabad,4,740
CUST001064,18,M,Low,39608.97797272785,Ahmedabad,1,706
CUST001065,39,M,High,129279.01453052643,Chennai,57,656
CUST001066,28,F,Medium,70135.10180985474,Mumbai,46,774
CUST001067,25,F,Medium,42631.068136445785,Hyderabad,3,522
CUST001068,62,M,Medium,70536.71256882687,Bangalore,4,694
CUST001069,37,M,Very High,421153.2002272105,Delhi,80,558
CUST001070,50,M,Low,33435.4545272446,Ahmedabad,52,627
CUST001071,44,F,Low,25838.192275806872,Chennai,200,741
CUST001072,52,Other,Low,29793.80084321763,Hyderabad,10,598
CUST001073,46,M,Very High,188652.02995805076,Kolkata,24,586
CUST001074,25,F,Very High,315055.4732607034,Hyderabad,9,850
CUST001075,59,M,High,97067.66968202834,Chennai,35,591
CUST001076,37,M,High,104436.78905458574,Bangalore,4,832
CUST001077,21,M,Low,23252.00816807397,Chennai,4,686
CUST001078,38,F,Very High,230519.02871141396,Bangalore,2,658
CUST001079,67,F,Low,21531.372836402326,Kolkata,42,745
CUST001080,57,F,Low,38398.027328738426,Chennai,24,806
CUST001081,39,M,Low,30608.213759508068,Hyderabad,34,608
CUST001082,39,M,Medium,55869.67885050959,Mumbai,76,659
CUST001083,40,M,High,117452.04489381488,Mumbai,48,767
CUST001084,76,F,Medium,65131.72913926211,Kolkata,22,723
CUST001085,50,M,Very High,472657.57767927216,Pune,149,788
CUST001086,51,F,Medium,47147.71809145253,Pune,21,741
CUST001087,60,M,Low,25911.04997270435,Hyderabad,4,844
CUST001088,48,M,Medium,79031.57345376458,Mumbai,176,714
CUST001089,41,M,High,105983.5090653967,Kolkata,1,717
CUST001090,42,M,High,81579.31555301293,Bangalore,28,725
CUST001091,43,M,Medium,45905.739705486354,Hyderabad,13,688
CUST001092,44,M,Medium,41053.54806994208,Pune,25,767
CUST001093,55,F,Medium,79596.92569682913,Ahmedabad,29,718
CUST001094,45,F,Medium,51154.833959648924,Bangalore,9,763
CUST001095,55,M,Very High,473239.9649276791,Hyderabad,29,775
CUST001096,43,M,Low,39917.72551519432,Bangalore,50,734
CUST001097,46,M,High,121988.885480018,Bangalore,11,740
CUST001098,18,M,Medium,41327.85260262247,Mumbai,17,619
CUST001099,58,M,Medium,43263.66521547708,Ahmedabad,11,655
CUST001100,50,F,Very High,318556.16928775725,Hyderabad,61,767
CUST001101,59,M,Medium,56246.88051645944,Chennai,46,813
CUST001102,18,M,Medium,64247.092231270704,Mumbai,73,544
CUST001103,76,M,Low,28776.956194227278,Bangalore,6,654
CUST001104,42,M,Low,38681.53698542969,Bangalore,2,701
CUST001105,61,F,High,117431.78007894577,Pune,4,629
CUST001106,29,M,Medium,67749.04245849769,Chennai,6,634
CUST001107,54,M,Very High,463769.8454248738,Pune,27,737
CUST001108,29,F,Low,22937.437516664148,Chennai,127,826
CUST001109,35,M,Low,24594.69308237057,Bangalore,15,537
CUST001110,73,F,Low,22146.3732094803,Chennai,114,686
CUST001111,42,F,Medium,45585.53596919649,Ahmedabad,1,737
CUST001112,48,M,Very High,329404.38842698163,Delhi,94,762
CUST001113,58,F,High,102482.54812772249,Pune,7,725
CUST001114,52,M,Medium,56926.9135810702,Pune,87,840
CUST001115,47,F,High,148774.2882255843,Mumbai,2,702
CUST001116,50,M,High,90969.30434571637,Ahmedabad,106,804
CUST001117,81,M,Low,30816.24141596151,Hyderabad,8,648
CUST001118,44,F,High,86920.98085375557,Pune,12,704
CUST001119,48,F,Medium,52739.852530555145,Chennai,24,602
CUST001120,60,Other,Low,30550.51847349197,Chennai,17,772
CUST001121,61,F,Low,38932.63491930676,Delhi,39,690
CUST001122,62,M,Medium,55649.12885133932,Hyderabad,132,728
CUST001123,54,M,Medium,42596.267848586795,Delhi,33,674
CUST001124,27,M,Medium,55526.45791841268,Hyderabad,46,746
CUST001125,69,M,Low,22914.823517479555,Pune,3,731
CUST001126,27,M,High,96099.27293040117,Pune,35,620
CUST001127,49,F,Very High,366331.7181077467,Mumbai,21,625
CUST001128,33,M,High,84719.67063425772,Chennai,78,697
CUST001129,44,M,Medium,58588.95025000149,Mumbai,17,752
CUST001130,49,M,Low,32189.231720215288,Hyderabad,40,849
CUST001131,49,F,Low,28437.167847349938,Chennai,9,724
CUST001132,51,F,Low,20382.527012474606,Pune,10,780
CUST001133,69,F,Medium,79420.77427611462,Delhi,16,570
CUST001134,51,M,Medium,54684.63069362141,Pune,13,850
CUST001135,41,F,High,134500.4030853287,Pune,10,748
CUST001136,59,M,High,102795.25445312173,Bangalore,1,696
CUST001137,62,F,Medium,59000.670279736754,Delhi,65,686
CUST001138,26,F,Medium,55538.545704439864,Bangalore,2,611
CUST001139,53,M,High,103977.74606567255,Ahmedabad,78,634
CUST001140,55,F,Medium,40874.05508831115,Ahmedabad,4,850
CUST001141,40,F,Low,27200.41875709007,Delhi,2,620
CUST001142,65,M,Medium,75579.59961598119,Hyderabad,29,619
CUST001143,42,F,Medium,67615.73354374735,Mumbai,25,643
CUST001144,46,M,Low,22908.457181908798,Ahmedabad,24,604
CUST001145,42,M,High,121380.85032359175,Bangalore,30,701
CUST001146,45,M,High,142456.160196421,Hyderabad,12,787
CUST001147,28,M,Low,34000.68081929711,Mumbai,39,651
CUST001148,23,F,Low,22973.687847133933,Mumbai,25,590
CUST001149,68,M,High,140748.27477141476,Chennai,14,723
CUST001150,32,F,Low,26030.88026577731,Pune,63,695
CUST001151,30,M,Medium,58163.04577249367,Chennai,46,780
CUST001152,18,Other,Low,30522.855193782925,Pune,18,663
CUST001153,35,F,Low,37010.13208756391,Chennai,67,679
CUST001154,25,F,High,145212.52466033626,Bangalore,91,688
CUST001155,69,M,High,145075.70144533893,Bangalore,27,707
CUST001156,60,M,Low,20159.083625570813,Pune,8,668
CUST001157,34,M,Medium,76875.53942341829,Ahmedabad,89,655
CUST001158,78,F,Low,21087.739320031447,Mumbai,7,551
CUST001159,59,F,Low,25315.473136348708,Bangalore,1,654
CUST001160,40,M,Very High,330245.7491547415,Mumbai,14,757
CUST001161,18,M,High,113594.79823030758,Hyderabad,46,768
CUST001162,79,F,Medium,64188.39175549568,Delhi,92,662
CUST001163,24,M,High,113561.2360115904,Mumbai,36,803
CUST001164,20,F,High,145406.29757482946,Mumbai,109,697
CUST001165,60,F,High,96838.4193750211,Hyderabad,3,592
CUST001166,81,F,Low,25480.493880769718,Pune,2,567
CUST001167,65,M,Low,38414.75871386113,Chennai,33,797
CUST001168,53,M,High,85371.76596216793,Kolkata,121,670
CUST001169,53,F,Medium,64382.4328761924,Ahmedabad,25,602
CUST001170,57,F,Very High,388607.58322296373,Pune,1,519
CUST001171,56,M,High,115387.92064008176,Chennai,9,668
CUST001172,49,M,Very High,392981.157588098,Chennai,10,732
CUST001173,46,F,Low,23455.092920239338,Ahmedabad,14,644
CUST001174,44,F,High,139684.2562940078,Pune,1,615
CUST001175,33,F,Medium,45601.02757879542,Pune,84,656
CUST001176,40,Other,Very High,290284.35551051237,Ahmedabad,26,799
CUST001177,19,M,Low,21505.152026164116,Mumbai,40,588
CUST001178,43,M,Medium,61808.44315269601,Mumbai,2,648
CUST001179,30,F,High,126882.20651979474,Bangalore,2,796
CUST001180,28,F,Medium,77648.86540381162,Bangalore,31,739
CUST001181,47,M,Medium,69573.44783584004,Delhi,78,714
CUST001182,65,M,Very High,339386.0207589529,Delhi,27,648
CUST001183,58,F,Medium,77304.68068681334,Kolkata,75,702
CUST001184,21,M,Medium,59137.47352163507,Pune,59,656
CUST001185,30,M,Low,31224.11306197739,Bangalore,2,631
CUST001186,59,F,High,121726.8969369067,Pune,8,613
CUST001187,30,F,Medium,56399.189035462674,Mumbai,38,762
CUST001188,41,F,Medium,73539.30762263297,Hyderabad,21,695
CUST001189,53,M,Low,23703.518776901183,Bangalore,12,725
CUST001190,30,F,Medium,62193.68761486432,Mumbai,19,712
CUST001191,46,F,Low,34444.66512374388,Pune,21,735
CUST001192,24,F,Low,38079.52343753155,Ahmedabad,86,679
CUST001193,35,F,Medium,75356.73585737114,Bangalore,3,661
CUST001194,49,M,Low,30174.80578860284,Chennai,11,634
CUST001195,21,M,Low,32863.22902326683,Bangalore,27,586
CUST001196,51,M,High,107596.64152905106,Pune,43,610
CUST001197,44,M,Low,29363.555257604006,Pune,35,670
CUST001198,53,F,Medium,76250.63170292198,Kolkata,102,571
CUST001199,48,F,Low,38614.079863849474,Pune,57,589
CUST001200,65,F,Medium,75816.56232268078,Chennai,29,783
CUST001201,46,F,High,89685.96032695468,Mumbai,8,717
CUST001202,38,M,High,139505.88149314455,Chennai,21,663
CUST001203,46,M,Medium,77934.54924085921,Bangalore,42,850
CUST001204,53,M,Low,27224.99389147209,Ahmedabad,65,568
CUST001205,45,M,Low,30372.925788433386,Chennai,115,778
CUST001206,45,M,Medium,71163.81023251984,Kolkata,33,691
CUST001207,34,F,Very High,346727.348147977,Hyderabad,26,762
CUST001208,35,Other,Low,39869.670434124986,Chennai,1,708
CUST001209,23,M,Medium,58228.53460627313,Pune,2,550
CUST001210,71,M,Low,34278.85422414755,Kolkata,6,707
CUST001211,26,F,Medium,71703.64560786176,Chennai,2,726
CUST001212,34,M,High,114587.02910309075,Delhi,18,524
CUST001213,34,F,Medium,74279.35222845504,Hyderabad,14,850
CUST001214,58,F,High,118230.82138450375,Mumbai,36,724
CUST001215,40,F,Medium,56466.03187206526,Pune,27,753
CUST001216,63,M,Low,22156.47347703894,Kolkata,32,606
CUST001217,34,F,Medium,55736.54305401697,Chennai,22,755
CUST001218,49,M,High,131375.55183132988,Ahmedabad,11,787
CUST001219,32,F,Medium,76851.45646720429,Hyderabad,109,720
CUST001220,77,M,Medium,50067.17615441241,Mumbai,3,699
CUST001221,27,M,High,104866.48621313518,Hyderabad,100,628
CUST001222,49,F,Medium,46158.43976417705,Kolkata,13,682
CUST001223,54,F,High,128350.60259602782,Delhi,25,659
CUST001224,51,F,Medium,78407.53720039701,Kolkata,4,745
CUST001225,42,F,High,124866.65538937229,Kolkata,2,632
CUST001226,43,F,Low,32341.530600124526,Ahmedabad,20,745
CUST001227,45,M,High,118744.29513503038,Mumbai,48,632
CUST001228,42,F,Very High,180959.5092399378,Ahmedabad,11,679
CUST001229,59,F,Medium,69180.15305717534,Ahmedabad,29,749
CUST001230,78,F,High,122143.46804845455,Mumbai,11,643
CUST001231,36,F,High,126303.37381994008,Chennai,17,752
CUST001232,24,M,Low,37976.22186054843,Bangalore,85,744
CUST001233,43,F,Medium,71358.43148244072,Kolkata,69,678
CUST001234,83,M,Low,35618.30504309052,Mumbai,26,792
CUST001235,32,M,Very High,474514.3191077717,Ahmedabad,9,706
CUST001236,69,F,High,149295.44660240997,Kolkata,7,788
CUST001237,70,M,Low,31625.654639221193,Kolkata,110,843
CUST001238,36,F,Low,22177.632320623314,Ahmedabad,8,680
CUST001239,53,M,Medium,58365.196311017455,Mumbai,59,751
CUST001240,69,M,Medium,71504.04585846578,Delhi,16,648
CUST001241,39,F,Low,20554.506495236983,Delhi,152,617
CUST001242,41,F,Medium,42275.497534245966,Kolkata,16,684
CUST001243,36,F,Medium,42686.31129531285,Delhi,15,590
CUST001244,29,F,Low,34620.71516656622,Kolkata,36,624
CUST001245,35,F,High,115081.66399942205,Ahmedabad,117,747
CUST001246,26,M,Very High,279114.28023220773,Chennai,134,658
CUST001247,45,M,High,87393.19316832152,Mumbai,44,756
CUST001248,33,M,High,131256.81751441222,Kolkata,50,723
CUST001249,48,F,Low,26420.396211017993,Delhi,29,848
CUST001250,21,F,Medium,50612.962802586684,Delhi,50,741
CUST001251,49,M,Low,33046.38403107102,Hyderabad,70,789
CUST001252,57,F,High,119130.76248177892,Hyderabad,23,732
CUST001253,18,F,Very High,276843.7246346556,Pune,34,724
CUST001254,50,M,High,124904.12295639116,Delhi,27,793
CUST001255,63,M,High,98985.50642688827,Pune,29,753
CUST001256,26,F,Medium,71793.21046417307,Pune,79,716
CUST001257,70,F,Medium,49172.758012306156,Pune,15,716
CUST001258,51,F,Medium,46353.50781528062,Chennai,8,743
CUST001259,34,M,Low,35648.788189977495,Bangalore,21,646
CUST001260,44,Other,Low,34157.840613958666,Kolkata,8,642
CUST001261,53,M,High,92784.72829912588,Hyderabad,24,814
CUST001262,46,M,Medium,44649.83010759752,Kolkata,84,849
CUST001263,53,Other,Medium,73535.96353946769,Hyderabad,34,625
CUST001264,31,M,Medium,71063.93928786751,Mumbai,69,646
CUST001265,47,F,Medium,53090.29494798657,Mumbai,6,791
CUST001266,23,M,Medium,66327.89632853467,Delhi,83,742
CUST001267,43,F,Medium,44966.40746191243,Mumbai,33,754
CUST001268,31,F,Medium,60281.906361907124,Ahmedabad,1,771
CUST001269,33,M,High,81311.1204442294,Mumbai,36,680
CUST001270,63,F,Medium,55664.07523686222,Bangalore,108,726
CUST001271,61,M,Medium,42993.712858856205,Pune,2,720
CUST001272,54,F,High,113260.30261098177,Chennai,31,631
CUST001273,28,M,High,109517.7152797026,Delhi,88,725
CUST001274,40,M,High,111106.95186466392,Bangalore,1,799
CUST001275,63,M,Medium,41813.25208191976,Ahmedabad,35,673
CUST001276,47,M,Low,27232.32682563665,Delhi,23,712
CUST001277,79,F,Medium,70259.35396399666,Chennai,15,716
CUST001278,50,M,Medium,54756.5749341448,Delhi,35,677
CUST001279,47,M,Very High,400310.1834133532,Kolkata,1,754
CUST001280,40,M,Medium,54779.14894534933,Kolkata,50,645
CUST001281,47,M,Low,28464.78882980373,Kolkata,1,806
CUST001282,42,F,Low,31277.84225658532,Mumbai,13,750
CUST001283,55,Other,Low,39013.63873614165,Chennai,25,625
CUST001284,59,M,Medium,44354.417865866206,Bangalore,17,835
CUST001285,33,F,High,82303.96380628216,Bangalore,13,713
CUST001286,25,F,High,122557.00286670316,Ahmedabad,63,642
CUST001287,18,M,Very High,482183.98112494923,Hyderabad,98,788
CUST001288,52,F,Low,39794.4626510943,Bangalore,74,739
CUST001289,28,F,Medium,59366.56989568008,Pune,26,558
CUST001290,18,F,Low,29361.63242170197,Kolkata,77,657
CUST001291,50,F,Medium,65798.55082980785,Pune,91,722
CUST001292,82,M,Very High,344472.16502173943,Ahmedabad,18,527
CUST001293,44,F,Medium,65363.52230456473,Pune,11,706
CUST001294,57,F,High,141179.9597876526,Kolkata,3,712
CUST001295,46,F,Medium,69852.24677950438,Hyderabad,23,605
CUST001296,43,F,Low,29937.54783373591,Mumbai,105,721
CUST001297,58,M,Low,29237.28918000339,Bangalore,29,700
CUST001298,40,Other,Medium,65584.06994052464,Chennai,39,604
CUST001299,49,F,High,111899.43990942082,Hyderabad,4,773
CUST001300,49,M,Low,29155.587025312798,Bangalore,5,767
CUST001301,34,M,High,81141.41312505533,Mumbai,22,676
CUST001302,59,F,High,92184.4896185116,Pune,108,684
CUST001303,42,M,Medium,59540.54559983012,Chennai,16,758
CUST001304,33,M,High,137585.74213352584,Chennai,75,683
CUST001305,53,M,Medium,51149.08026908497,Ahmedabad,4,545
CUST001306,31,M,High,116585.04031918044,Pune,34,738
CUST001307,45,M,High,104147.34593314625,Mumbai,33,634
CUST001308,44,M,Very High,186681.39633885617,Bangalore,70,668
CUST001309,61,M,Medium,78331.93932285203,Pune,1,816
CUST001310,52,F,Medium,74186.95481001207,Delhi,7,689
CUST001311,44,F,Low,21569.84848933813,Ahmedabad,8,700
CUST001312,57,M,Low,34395.74524936569,Bangalore,107,740
CUST001313,65,M,High,104330.59330502502,Pune,6,740
CUST001314,53,F,Very High,498197.4324716274,Pune,1,626
CUST001315,45,M,Medium,52095.94079315911,Hyderabad,27,695
CUST001316,25,M,Low,24774.768907251997,Hyderabad,27,702
CUST001317,29,M,Medium,62715.62193221621,Bangalore,66,721
CUST001318,40,F,Medium,73405.04653372816,Ahmedabad,107,723
CUST001319,35,F,Medium,47700.75487279192,Kolkata,27,850
CUST001320,42,F,Low,34188.055394386625,Hyderabad,95,605
CUST001321,45,F,High,84298.46081987851,Delhi,46,778
CUST001322,52,F,Low,38378.694862209944,Kolkata,11,794
CUST001323,43,M,Medium,43242.99664589195,Delhi,94,739
CUST001324,52,F,High,143996.19634409138,Chennai,39,647
CUST001325,45,M,Medium,59632.289978108114,Hyderabad,19,833
CUST001326,18,F,Medium,57923.64451183679,Pune,41,524
CUST001327,30,F,High,148131.49556502636,Kolkata,18,645
CUST001328,42,F,High,149326.89243887534,Bangalore,4,793
CUST001329,26,M,Medium,66007.12503844048,Kolkata,45,670
CUST001330,53,M,Medium,45084.77167428194,Pune,62,827
CUST001331,67,F,High,115431.90599586417,Chennai,46,579
CUST001332,63,F,High,117041.41706689636,Delhi,9,611
CUST001333,41,F,Medium,60577.85712541239,Chennai,112,657
CUST001334,67,M,Low,31389.836770400194,Mumbai,1,733
CUST001335,47,F,Low,20374.494275887813,Hyderabad,14,682
CUST001336,39,F,Low,34224.545629410044,Bangalore,10,660
CUST001337,35,F,Medium,68495.77207811952,Delhi,1,813
CUST001338,40,F,Low,22309.39550355776,Chennai,18,821
CUST001339,39,F,Medium,62809.57769783203,Bangalore,35,666
CUST001340,47,F,High,119785.28277050421,Hyderabad,77,563
CUST001341,47,F,Medium,67298.016807616,Pune,164,527
CUST001342,45,Other,High,85977.83844945568,Bangalore,59,719
CUST001343,51,M,High,123855.23150862675,Hyderabad,22,752
CUST001344,62,M,Low,25615.039014926824,Hyderabad,46,705
CUST001345,59,F,High,115490.20933473203,Hyderabad,66,694
CUST001346,22,F,High,134132.6486892854,Chennai,22,635
CUST001347,18,F,Medium,68225.83745452053,Pune,55,752
CUST001348,59,F,Low,22378.060353559868,Hyderabad,23,834
CUST001349,24,M,Medium,63647.391484642925,Bangalore,17,522
CUST001350,41,F,Very High,489190.7858292585,Pune,26,693
CUST001351,27,F,Medium,46270.77749340009,Mumbai,40,622
CUST001352,18,M,Low,37058.141754508295,Bangalore,46,580
CUST001353,53,M,High,129178.36563876439,Chennai,15,609
CUST001354,56,F,Medium,70960.13251639038,Hyderabad,30,730
CUST001355,36,M,Medium,51278.33308570582,Ahmedabad,86,732
CUST001356,18,F,High,100152.22505658897,Pune,134,816
CUST001357,36,M,Medium,76240.77823105952,Mumbai,9,700
CUST001358,50,F,High,105188.2422464791,Chennai,7,559
CUST001359,22,F,High,84411.07734849674,Delhi,40,680
CUST001360,47,F,Medium,64023.868143178,Delhi,19,589
CUST001361,44,M,Low,22496.353380836852,Ahmedabad,1,603
CUST001362,53,F,High,135761.73689855356,Ahmedabad,15,746
CUST001363,46,M,Very High,374611.25487537007,Delhi,59,715
CUST001364,30,M,Low,37494.530104424164,Mumbai,57,747
CUST001365,62,Other,Medium,71393.48999130541,Pune,24,671
CUST001366,42,F,Medium,44484.54593352784,Bangalore,23,763
CUST001367,44,F,High,106674.94735040955,Mumbai,31,666
CUST001368,31,M,High,134219.2174940211,Ahmedabad,8,789
CUST001369,38,M,Low,28346.829465326515,Pune,26,727
CUST001370,31,M,High,148065.5839345985,Mumbai,1,683
CUST001371,42,F,Low,34714.80899786898,Pune,23,716
CUST001372,70,F,High,81084.99416832248,Mumbai,14,698
CUST001373,24,F,Medium,75199.42766243345,Delhi,40,827
CUST001374,20,F,Medium,44032.1913947423,Kolkata,36,719
CUST001375,67,M,Low,22810.474483601716,Pune,17,699
CUST001376,41,M,Low,34689.84801222102,Pune,1,680
CUST001377,34,M,High,140547.7991601336,Pune,10,767
CUST001378,60,M,Medium,61453.98511598224,Bangalore,36,756
CUST001379,35,M,Low,25780.994658915584,Kolkata,2,678
CUST001380,72,F,Low,27026.31090506351,Kolkata,4,607
CUST001381,55,M,Low,26857.786591921118,Mumbai,37,627
CUST001382,37,F,High,102867.46726666586,Bangalore,50,685
CUST001383,77,M,High,97003.67702751548,Kolkata,13,807
CUST001384,35,Other,Low,32177.341892584664,Hyderabad,24,679
CUST001385,56,F,Medium,76016.21274260269,Mumbai,104,652
CUST001386,49,F,Low,26141.64826166682,Mumbai,104,559
CUST001387,64,M,Very High,215343.00411149423,Mumbai,13,821
CUST001388,68,F,Very High,443502.1832299987,Hyderabad,59,745
CUST001389,45,F,High,131924.83316227922,Ahmedabad,32,763
CUST001390,33,M,Very High,475792.9610459687,Hyderabad,133,776
CUST001391,51,M,High,91586.38149234367,Delhi,23,686
CUST001392,34,M,High,90097.59198816141,Ahmedabad,53,706
CUST001393,75,F,Medium,61657.17577219987,Chennai,52,819
CUST001394,47,F,Medium,64577.346193403806,Bangalore,24,714
CUST001395,39,F,Low,29603.46883719179,Chennai,57,747
CUST001396,47,M,Medium,63958.665452955014,Mumbai,10,769
CUST001397,24,M,Medium,47215.190755002855,Kolkata,4,751
CUST001398,30,F,Low,29592.275083281667,Mumbai,19,689
CUST001399,63,M,Medium,66323.70243758672,Kolkata,103,697
CUST001400,35,F,Medium,57308.25796994815,Delhi,25,762
CUST001401,29,F,Low,33588.94671633196,Pune,36,762
CUST001402,53,M,Medium,58047.65122215358,Chennai,35,793
CUST001403,62,F,Very High,266759.853294797,Pune,5,744
CUST001404,55,M,High,101252.35329609647,Pune,17,747
CUST001405,59,F,High,108763.14412920116,Mumbai,44,664
CUST001406,33,M,Medium,40923.58490728803,Chennai,128,653
CUST001407,23,F,Medium,66741.00553784455,Ahmedabad,6,762
CUST001408,67,M,Low,36902.11281960524,Ahmedabad,19,654
CUST001409,40,M,High,104823.8966110183,Delhi,3,698
CUST001410,41,F,Low,20920.66272283437,Chennai,9,810
CUST001411,64,M,Low,39735.51194771115,Kolkata,17,797
CUST001412,53,F,High,98458.87788157469,Bangalore,28,724
CUST001413,51,M,Low,22532.42243381546,Pune,9,676
CUST001414,77,F,Medium,54790.10031892112,Ahmedabad,9,690
CUST001415,35,M,Low,34771.14081267113,Delhi,54,769
CUST001416,58,F,Low,25878.331937811316,Chennai,118,697
CUST001417,45,M,Low,31494.064078389754,Mumbai,14,655
CUST001418,49,M,Low,28311.19988874284,Hyderabad,41,797
CUST001419,67,M,High,88243.4794593633,Hyderabad,10,714
CUST001420,52,F,High,103120.09087444772,Delhi,94,653
CUST001421,53,M,Medium,68994.82022856266,Ahmedabad,40,738
CUST001422,61,F,High,122840.2728132012,Hyderabad,58,777
CUST001423,39,F,Low,22395.56759767122,Ahmedabad,1,619
CUST001424,32,M,Medium,46532.89638857234,Bangalore,32,683
CUST001425,29,F,Low,32814.66718614891,Delhi,26,680
CUST001426,18,M,Medium,72536.61657283476,Mumbai,12,736
CUST001427,75,M,Medium,53978.97983832677,Mumbai,10,750
CUST001428,28,F,Medium,63812.43007373801,Delhi,31,655
CUST001429,41,F,High,91945.05121264738,Hyderabad,44,580
CUST001430,40,F,Medium,52455.053476212954,Hyderabad,1,782
CUST001431,49,M,Medium,40810.808226922105,Mumbai,30,610
CUST001432,57,M,Very High,418896.5817298329,Bangalore,6,721
CUST001433,57,M,Medium,56040.392790918675,Kolkata,5,689
CUST001434,36,F,Medium,72645.02294615816,Hyderabad,35,712
CUST001435,42,F,High,129586.10972159084,Bangalore,13,832
CUST001436,49,F,Medium,73149.77062913908,Pune,20,850
CUST001437,41,M,Low,25713.173391657656,Hyderabad,16,569
CUST001438,69,M,Medium,47404.34921711381,Kolkata,37,778
CUST001439,52,M,Medium,78876.22730606682,Delhi,22,687
CUST001440,56,M,Medium,68693.11148163478,Chennai,119,783
CUST001441,54,M,Low,36680.84535853341,Mumbai,15,776
CUST001442,62,F,Very High,154596.6807984768,Delhi,48,812
CUST001443,47,F,High,104812.31342071206,Hyderabad,10,722
CUST001444,25,F,Medium,69712.66762309326,Kolkata,25,628
CUST001445,50,M,High,85458.79830929883,Mumbai,28,774
CUST001446,35,M,High,119713.79506982549,Chennai,14,709
CUST001447,37,F,Low,28581.455349100062,Chennai,22,681
CUST001448,53,M,Medium,40704.66028564429,Kolkata,11,661
CUST001449,63,F,Medium,49439.023084778055,Kolkata,1,780
CUST001450,45,F,High,99935.43923466999,Hyderabad,8,828
CUST001451,49,M,Low,22237.19892692645,Mumbai,43,604
CUST001452,70,F,Very High,371037.9184099311,Pune,53,749
CUST001453,48,M,Medium,49695.915050075564,Pune,11,670
CUST001454,84,F,Medium,51104.77998477554,Ahmedabad,18,582
CUST001455,53,F,Medium,75929.54392800589,Hyderabad,1,711
CUST001456,18,M,Low,29342.46185386279,Chennai,9,633
CUST001457,56,M,High,107448.97028784906,Delhi,54,573
CUST001458,50,F,Very High,403354.86341015104,Delhi,33,637
CUST001459,64,F,Medium,76384.55187531648,Bangalore,8,617
CUST001460,55,M,Very High,158762.71768310535,Chennai,10,648
CUST001461,42,F,High,111376.71925887775,Pune,61,593
CUST001462,26,M,Medium,64431.25424311789,Pune,8,668
CUST001463,41,M,High,102299.41686881927,Chennai,14,642
CUST001464,32,M,Medium,70896.30888492966,Hyderabad,39,730
CUST001465,36,M,Medium,78859.08281081096,Bangalore,29,747
CUST001466,53,M,Low,38868.54732500567,Ahmedabad,22,720
CUST001467,70,Other,High,98618.77775659593,Kolkata,82,681
CUST001468,50,M,Low,24526.76556874972,Bangalore,8,679
CUST001469,27,M,High,147024.33717148547,Mumbai,48,633
CUST001470,51,M,High,112103.99412020261,Hyderabad,6,634
CUST001471,62,F,Low,24165.954461693836,Kolkata,34,756
CUST001472,35,F,Medium,68279.87854521672,Kolkata,73,559
CUST001473,42,M,Medium,51376.81295615166,Pune,22,693
CUST001474,45,M,Medium,50689.87900284209,Delhi,46,674
CUST001475,33,M,Medium,75169.9617231114,Mumbai,61,747
CUST001476,54,M,Medium,46499.166135076135,Bangalore,5,585
CUST001477,43,M,Medium,42575.717858649456,Delhi,44,700
CUST001478,51,M,Low,25383.728803433747,Chennai,90,727
CUST001479,31,M,Low,32138.908256764076,Hyderabad,30,547
CUST001480,38,F,Low,22461.75706806541,Ahmedabad,7,614
CUST001481,55,M,High,113011.62705937556,Bangalore,4,692
CUST001482,39,F,Very High,369567.98864886194,Chennai,10,741
CUST001483,70,F,Medium,73949.47970372696,Kolkata,3,714
CUST001484,39,F,Medium,49194.783648090175,Pune,25,744
CUST001485,48,M,Low,36346.92646765579,Bangalore,2,613
CUST001486,58,M,Medium,49396.25044524954,Delhi,9,572
CUST001487,23,M,Low,33535.33082479281,Mumbai,20,706
CUST001488,18,F,Medium,57226.9428592982,Delhi,23,601
CUST001489,22,M,Very High,190138.43483253455,Hyderabad,29,630
CUST001490,63,F,Low,34285.26925643697,Pune,44,774
CUST001491,36,F,High,95243.38329843125,Hyderabad,1,715
CUST001492,83,M,Low,23532.468520491828,Bangalore,3,654
CUST001493,36,F,Medium,54332.91714357532,Delhi,2,644
CUST001494,47,M,Low,33065.80489518967,Mumbai,19,749
CUST001495,68,M,Medium,49359.85915162511,Kolkata,1,716
CUST001496,75,M,Low,23673.230775637716,Hyderabad,49,602
CUST001497,75,M,Medium,40398.14502853457,Mumbai,9,544
CUST001498,63,F,Medium,58865.72388406894,Chennai,100,850
CUST001499,60,M,Medium,57145.82277260731,Bangalore,23,602
CUST001500,53,M,High,96370.74205461633,Mumbai,21,742
CUST001501,56,F,Very High,168778.25740339176,Bangalore,54,820
CUST001502,36,F,Medium,57170.23498383348,Chennai,44,711
CUST001503,32,M,Low,35764.10222143262,Mumbai,33,651
CUST001504,44,F,Medium,68611.28525308709,Pune,98,585
CUST001505,42,F,High,140255.64229021192,Mumbai,19,584
CUST001506,38,M,Medium,40383.307508526224,Kolkata,59,730
CUST001507,55,M,Medium,78656.77267218393,Chennai,17,816
CUST001508,59,M,Low,26828.245052548966,Ahmedabad,65,668
CUST001509,46,F,Medium,79615.9118436786,Pune,10,655
CUST001510,67,F,Medium,50104.77842407099,Pune,12,755
CUST001511,27,F,Very High,315037.7356523857,Delhi,40,645
CUST001512,42,F,High,104774.93736027126,Ahmedabad,8,721
CUST001513,34,M,Low,27115.21429988605,Mumbai,9,703
CUST001514,18,M,Medium,73691.28394992863,Kolkata,13,667
CUST001515,43,M,Low,34928.37879474678,Mumbai,40,698
CUST001516,43,F,Medium,79686.05740920192,Kolkata,79,841
CUST001517,67,F,High,122946.02779022587,Pune,40,748
CUST001518,54,M,Medium,58530.2641757801,Hyderabad,63,787
CUST001519,29,F,Medium,43602.954517875645,Pune,28,626
CUST001520,72,M,Low,39931.22839027713,Delhi,2,787
CUST001521,63,M,High,118607.1457052598,Mumbai,3,751
CUST001522,53,M,Medium,68019.09878760568,Ahmedabad,29,580
CUST001523,41,M,Medium,56269.695487652454,Chennai,14,743
CUST001524,30,M,Low,30954.314163584717,Bangalore,8,658
CUST001525,39,M,Medium,77703.10927571548,Chennai,22,576
CUST001526,61,M,Very High,208246.80327606096,Delhi,39,710
CUST001527,73,M,Medium,51694.90337321018,Hyderabad,17,743
CUST001528,68,F,Medium,46082.389111121294,Hyderabad,58,712
CUST001529,37,M,Medium,71688.63615219099,Hyderabad,48,691
CUST001530,28,Other,High,84343.16822952806,Kolkata,47,673
CUST001531,47,M,Medium,43265.26599405353,Chennai,151,850
CUST001532,18,M,Low,25969.882255747376,Ahmedabad,12,605
CUST001533,49,M,Medium,60567.527236840455,Bangalore,37,769
CUST001534,42,M,High,108439.23603917105,Pune,69,701
CUST001535,38,F,High,83137.1417469565,Pune,31,631
CUST001536,21,M,High,147024.4090509666,Bangalore,56,696
CUST001537,52,F,Medium,78114.78081432334,Pune,19,588
CUST001538,37,F,Low,25587.1264648152,Kolkata,32,652
CUST001539,27,F,Very High,406033.9653440035,Mumbai,2,696
CUST001540,18,F,Medium,63143.01645532895,Kolkata,153,575
CUST001541,44,F,Medium,49499.06780022496,Bangalore,57,740
CUST001542,71,M,High,98352.00862191308,Bangalore,73,622
CUST001543,69,F,Medium,59646.12697241802,Ahmedabad,42,583
CUST001544,38,M,Low,28384.7388299472,Ahmedabad,7,613
CUST001545,35,M,High,100386.0529761885,Mumbai,1,850
CUST001546,52,M,High,136525.81174136043,Chennai,71,541
CUST001547,30,F,Medium,59258.51670549539,Chennai,18,734
CUST001548,49,F,Medium,66193.92249556512,Delhi,11,639
CUST001549,56,M,Low,23785.47000335751,Ahmedabad,29,671
CUST001550,63,F,Low,30670.153250329735,Chennai,19,748
CUST001551,43,M,Medium,52719.04197786486,Hyderabad,37,744
CUST001552,41,M,Medium,61056.54441579513,Ahmedabad,23,645
CUST001553,31,M,Very High,423289.04169382487,Ahmedabad,43,591
CUST001554,32,M,High,133823.92470638832,Hyderabad,69,749
CUST001555,41,M,High,104795.44746239932,Ahmedabad,7,744
CUST001556,50,F,Medium,67771.08468318556,Ahmedabad,14,677
CUST001557,58,F,Low,38825.79900788554,Delhi,20,735
CUST001558,32,M,Very High,368984.26547371724,Bangalore,117,664
CUST001559,67,F,Medium,45936.40493530549,Ahmedabad,16,633
CUST001560,40,F,Low,33594.1725855819,Delhi,17,700
CUST001561,44,F,Medium,44196.17545397245,Mumbai,38,741
CUST001562,33,F,High,141047.7286155119,Delhi,19,724
CUST001563,18,M,High,116166.23470613582,Delhi,108,740
CUST001564,58,F,Low,27702.81472623159,Kolkata,80,639
CUST001565,56,F,High,83990.46162547846,Hyderabad,25,826
CUST001566,40,M,Medium,55231.349383684385,Mumbai,37,672
CUST001567,46,M,Low,38064.13335831578,Kolkata,2,690
CUST001568,52,F,High,81468.80974004122,Mumbai,42,594
CUST001569,21,M,High,113225.37104472634,Delhi,44,684
CUST001570,37,Other,Medium,77246.32364442489,Ahmedabad,16,742
CUST001571,56,M,Medium,55793.639990600845,Kolkata,8,761
CUST001572,26,F,High,109972.29812235053,Kolkata,88,824
CUST001573,49,M,High,120499.2038639384,Mumbai,20,741
CUST001574,24,F,High,112405.61335040284,Mumbai,38,722
CUST001575,51,F,Medium,46744.067649502096,Chennai,1,664
CUST001576,44,M,Very High,156494.43867445114,Pune,19,647
CUST001577,20,F,Very High,363434.0802925456,Mumbai,61,777
CUST001578,62,M,Low,38416.13174015624,Kolkata,17,776
CUST001579,33,M,High,87445.48931190159,Bangalore,33,613
CUST001580,32,M,Medium,48438.108770110135,Mumbai,8,757
CUST001581,48,F,Medium,54809.17943299894,Hyderabad,19,752
CUST001582,62,M,Medium,72349.68916084479,Chennai,94,610
CUST001583,29,M,Low,25385.20632941955,Hyderabad,30,743
CUST001584,45,M,Medium,75282.17617115073,Pune,83,616
CUST001585,51,F,High,83847.05122550465,Hyderabad,83,505
CUST001586,55,F,Low,38819.1324251787,Bangalore,103,687
CUST001587,47,M,Medium,62429.8831149506,Ahmedabad,81,720
CUST001588,39,M,Very High,380572.1874706966,Chennai,1,690
CUST001589,32,F,Medium,54707.58090145412,Pune,97,850
CUST001590,46,M,Medium,71279.77142044241,Delhi,5,730
CUST001591,28,F,Medium,46662.65000337624,Kolkata,1,711
CUST001592,18,F,Medium,41956.47301113948,Kolkata,2,734
CUST001593,51,F,Medium,55820.67772430229,Mumbai,15,664
CUST001594,58,M,High,139758.69997867275,Kolkata,34,774
CUST001595,18,F,Medium,70197.07346550778,Bangalore,18,728
CUST001596,29,F,High,116200.91793422707,Kolkata,1,725
CUST001597,54,F,Medium,62885.509886614134,Bangalore,23,650
CUST001598,75,M,Medium,45195.71305195022,Delhi,21,574
CUST001599,45,M,High,138847.70560323074,Ahmedabad,50,659
CUST001600,34,M,High,135087.17780749378,Bangalore,11,722
CUST001601,42,F,Medium,66258.81575547771,Delhi,8,664
CUST001602,65,F,Low,29323.82072657877,Delhi,10,723
CUST001603,35,M,Low,39289.18536559025,Delhi,13,681
CUST001604,33,M,Medium,75161.27887505884,Bangalore,32,734
CUST001605,37,M,Medium,65777.21974058474,Pune,22,621
CUST001606,30,F,High,106026.06984021016,Delhi,14,715
CUST001607,46,F,Low,32360.445573630248,Ahmedabad,16,648
CUST001608,69,M,High,120280.86485714657,Pune,16,576
CUST001609,49,M,Medium,55769.67951339665,Bangalore,129,686
CUST001610,41,M,Medium,52266.95886752305,Ahmedabad,9,822
CUST001611,40,F,Medium,56280.43168949289,Chennai,61,583
CUST001612,21,F,Low,31478.228120667954,Ahmedabad,44,709
CUST001613,58,F,High,109969.43912977661,Delhi,1,763
CUST001614,43,M,Low,25271.489764027676,Bangalore,179,850
CUST001615,42,F,Medium,70438.53271043235,Bangalore,50,660
CUST001616,85,M,High,117202.72471701891,Pune,41,649
CUST001617,49,F,Medium,42707.006529024,Bangalore,18,606
CUST001618,33,M,Medium,54732.66022504502,Mumbai,29,791
CUST001619,38,F,Medium,75396.53828847974,Pune,10,630
CUST001620,62,F,High,132866.55718399663,Pune,1,670
CUST001621,46,F,Very High,263136.3743804025,Mumbai,65,552
CUST001622,23,F,High,145672.8206431156,Delhi,81,770
CUST001623,58,M,Medium,43064.116334328406,Kolkata,6,792
CUST001624,34,M,Very High,486432.1463622661,Chennai,55,767
CUST001625,73,F,Low,24914.101849693514,Kolkata,48,571
CUST001626,61,M,Low,20181.883606048385,Delhi,7,748
CUST001627,38,M,High,110366.56255628288,Hyderabad,19,566
CUST001628,64,M,Low,27179.408593740172,Hyderabad,19,704
CUST001629,46,F,Low,30781.780104135876,Ahmedabad,51,716
CUST001630,57,M,Low,35935.457211396904,Chennai,65,724
CUST001631,52,M,Medium,73697.23208601787,Pune,3,742
CUST001632,32,M,High,108086.09997281843,Chennai,29,699
CUST001633,35,M,Medium,57193.82974825401,Chennai,51,543
CUST001634,60,F,Low,22963.554606589474,Mumbai,55,742
CUST001635,39,Other,Medium,41901.90435524654,Mumbai,5,707
CUST001636,38,F,Very High,374425.2465822586,Hyderabad,26,627
CUST001637,30,M,High,84510.63378868846,Chennai,70,574
CUST001638,51,F,Medium,69353.20477685824,Ahmedabad,13,823
CUST001639,75,F,Very High,338681.5507577866,Bangalore,19,798
CUST001640,28,M,High,93900.80847582583,Kolkata,58,756
CUST001641,45,F,Low,30790.458870252995,Hyderabad,3,645
CUST001642,66,F,Low,23659.954332041976,Chennai,70,498
CUST001643,43,F,Low,28774.74415020824,Bangalore,13,761
CUST001644,51,F,High,135969.22213695603,Chennai,1,729
CUST001645,29,M,Low,29238.385868212747,Pune,9,670
CUST001646,51,M,Medium,45947.97273190193,Delhi,3,789
CUST001647,42,F,Low,34476.5736364589,Bangalore,3,767
CUST001648,59,M,Very High,215368.94569450308,Pune,42,714
CUST001649,62,M,Medium,69541.99497480437,Kolkata,8,702
CUST001650,83,F,Very High,317773.3012255416,Delhi,98,704
CUST001651,53,F,Very High,308809.61568300554,Pune,26,754
CUST001652,49,M,Low,37028.70075714949,Mumbai,22,631
CUST001653,47,F,Medium,68344.14097362675,Hyderabad,20,734
CUST001654,39,F,Low,20658.215939098784,Chennai,42,626
CUST001655,50,F,Very High,253661.01011056083,Hyderabad,21,806
CUST001656,40,M,Medium,74836.82643399594,Kolkata,4,742
CUST001657,47,M,Low,20366.52337090397,Chennai,76,644
CUST001658,64,M,Low,30905.068925239408,Delhi,20,706
CUST001659,29,M,Medium,69113.02676695776,Bangalore,2,631
CUST001660,62,M,Very High,367649.62991960155,Bangalore,27,820
CUST001661,64,M,High,133237.25414731054,Chennai,37,829
CUST001662,43,M,High,130798.4294240322,Delhi,11,755
CUST001663,18,F,Medium,67681.22780612453,Chennai,58,824
CUST001664,35,M,Low,36430.79721851304,Chennai,39,712
CUST001665,64,F,Very High,375991.73395733844,Ahmedabad,37,761
CUST001666,44,F,Low,28048.36988513964,Pune,19,797
CUST001667,30,M,Very High,315168.18847010564,Chennai,117,699
CUST001668,37,F,Medium,68668.99130725802,Bangalore,11,705
CUST001669,57,F,Low,37526.12059333588,Ahmedabad,31,774
CUST001670,53,M,High,99055.3160587843,Kolkata,13,751
CUST001671,41,F,Very High,269726.8785898748,Chennai,49,639
CUST001672,39,M,Very High,475758.7887268444,Bangalore,1,525
CUST001673,39,F,Low,31570.23584818891,Mumbai,1,685
CUST001674,31,M,Low,23579.23634270002,Delhi,59,532
CUST001675,69,F,Medium,66547.80555649531,Mumbai,20,620
CUST001676,40,M,Medium,79630.48622157518,Chennai,15,630
CUST001677,63,F,High,137641.749512928,Bangalore,33,654
CUST001678,67,M,Low,34914.822731028056,Delhi,43,765
CUST001679,59,F,Very High,222816.3289931942,Hyderabad,8,783
CUST001680,38,F,Medium,75045.5913873603,Delhi,7,740
CUST001681,51,M,High,116805.21904748825,Delhi,114,750
CUST001682,44,F,Medium,75571.60088287822,Ahmedabad,32,752
CUST001683,31,M,Medium,53193.113176995175,Chennai,17,500
CUST001684,49,F,Very High,171717.86842240146,Pune,58,700
CUST001685,27,F,Medium,59039.038746389844,Mumbai,26,556
CUST001686,62,F,High,98888.63233725145,Mumbai,9,740
CUST001687,38,F,Very High,400330.25142170436,Ahmedabad,8,532
CUST001688,48,M,High,146997.45869992225,Hyderabad,18,685
CUST001689,49,M,Medium,67638.96604606256,Chennai,70,743
CUST001690,41,M,Low,37738.678594184064,Delhi,2,610
CUST001691,53,F,Low,29060.480272024128,Pune,8,776
CUST001692,37,M,Low,35432.814743906034,Kolkata,80,740
CUST001693,58,F,Low,36860.868733434065,Mumbai,4,730
CUST001694,24,F,Medium,68435.0251033417,Mumbai,35,755
CUST001695,46,M,Medium,60311.091442782585,Bangalore,8,671
CUST001696,74,F,Medium,65034.64438461472,Delhi,33,712
CUST001697,29,M,Medium,68020.27982715522,Chennai,17,700
CUST001698,34,M,Low,25061.688064428537,Mumbai,3,698
CUST001699,52,F,Low,36191.5852182997,Ahmedabad,31,646
CUST001700,47,M,High,146522.71772770913,Pune,41,600
CUST001701,50,M,Medium,58609.572607197435,Ahmedabad,41,673
CUST001702,52,F,Medium,68042.6873243951,Ahmedabad,36,668
CUST001703,54,M,Medium,69481.03623161415,Ahmedabad,24,641
CUST001704,61,Other,High,126357.32832650363,Chennai,26,768
CUST001705,51,Other,Medium,61884.60433314542,Delhi,36,606
CUST001706,41,M,Medium,75265.91818299243,Ahmedabad,42,686
CUST001707,55,M,Very High,307124.34824411303,Delhi,38,793
CUST001708,73,F,High,84277.20695406225,Mumbai,31,772
CUST001709,43,M,Medium,73782.25502848641,Hyderabad,6,797
CUST001710,30,M,Medium,66959.25089266204,Chennai,8,652
CUST001711,61,F,Low,36985.17252999293,Ahmedabad,10,762
CUST001712,43,M,Medium,45541.897697787776,Ahmedabad,90,614
CUST001713,18,F,Very High,160763.52917840073,Chennai,51,677
CUST001714,57,M,Medium,77374.98161530006,Bangalore,28,685
CUST001715,36,M,Very High,201704.907047701,Pune,10,653
CUST001716,43,M,Medium,72386.09328281807,Delhi,4,671
CUST001717,49,Other,Very High,438123.4797632225,Delhi,82,660
CUST001718,47,F,Medium,68348.20802196012,Mumbai,80,621
CUST001719,55,F,Low,22625.244221857418,Mumbai,4,768
CUST001720,38,M,Medium,66695.9449824323,Mumbai,57,685
CUST001721,52,M,Medium,75563.46333307461,Bangalore,21,716
CUST001722,41,M,Low,28510.632896017665,Pune,14,713
CUST001723,56,F,High,108946.17980650192,Ahmedabad,48,704
CUST001724,54,F,Medium,57714.33238317676,Hyderabad,34,707
CUST001725,30,F,High,85759.03234733445,Mumbai,54,675
CUST001726,61,M,Medium,75681.02276119894,Mumbai,2,813
CUST001727,36,F,Low,37383.65727961021,Kolkata,13,760
CUST001728,57,M,Very High,499268.26262660016,Pune,13,701
CUST001729,50,Other,Medium,63407.32565993654,Mumbai,14,664
CUST001730,72,M,Medium,70047.66545805543,Bangalore,25,690
CUST001731,41,F,Medium,48106.87625229219,Chennai,11,733
CUST001732,39,M,Medium,66701.15272896679,Hyderabad,21,819
CUST001733,44,M,Very High,377406.49706508673,Chennai,16,590
CUST001734,40,F,High,143084.61150891287,Ahmedabad,47,752
CUST001735,56,M,Medium,73231.70891356296,Kolkata,33,790
CUST001736,20,M,High,145692.65238324343,Delhi,38,581
CUST001737,29,F,Low,37376.66945403215,Delhi,8,685
CUST001738,28,F,Medium,74747.75579595409,Mumbai,14,614
CUST001739,59,F,Very High,172303.1643410514,Kolkata,1,734
CUST001740,70,M,Medium,73838.47810783824,Chennai,4,671
CUST001741,43,F,High,122523.48761521827,Bangalore,11,689
CUST001742,42,F,High,106631.11162361728,Hyderabad,2,667
CUST001743,46,M,High,83956.02370716436,Pune,33,757
CUST001744,62,F,Very High,387185.8211688163,Chennai,226,718
CUST001745,31,M,Medium,53128.070021504696,Kolkata,3,718
CUST001746,48,M,Low,29355.525299720695,Ahmedabad,61,712
CUST001747,59,M,Medium,67269.13748220538,Kolkata,4,745
CUST001748,52,M,High,143824.21829169,Pune,39,679
CUST001749,47,F,Low,36508.73831209997,Chennai,37,836
CUST001750,60,F,Low,29011.942582072,Ahmedabad,83,601
CUST001751,18,F,Medium,55511.32629785516,Hyderabad,4,561
CUST001752,55,F,Very High,233922.9085954166,Chennai,13,555
CUST001753,35,M,High,106069.87258231778,Chennai,3,533
CUST001754,18,F,Medium,44441.85549167593,Hyderabad,18,753
CUST001755,52,F,Low,39422.11016729509,Bangalore,87,744
CUST001756,65,M,Medium,62956.697758383154,Pune,54,796
CUST001757,42,F,Low,22556.116855904256,Kolkata,46,615
CUST001758,59,Other,Low,27056.120185318116,Hyderabad,27,759
CUST001759,69,F,Very High,341463.7002672296,Mumbai,77,704
CUST001760,64,F,Very High,336509.97282430436,Mumbai,21,713
CUST001761,69,M,Low,20710.067374372647,Mumbai,5,750
CUST001762,56,M,Low,39016.82068458223,Mumbai,65,639
CUST001763,46,M,Medium,51015.02725899778,Ahmedabad,11,850
CUST001764,20,F,Medium,40647.38675727565,Pune,1,806
CUST001765,41,F,Low,21528.88017900565,Delhi,4,657
CUST001766,32,Other,Medium,63207.79612991908,Bangalore,33,612
CUST001767,77,M,Low,22755.710413501936,Delhi,33,692
CUST001768,42,M,High,82920.73549974523,Chennai,10,714
CUST001769,46,F,High,106573.85264888979,Chennai,46,785
CUST001770,53,F,Medium,64910.44769360754,Hyderabad,53,606
CUST001771,45,M,Medium,44473.592193664495,Mumbai,91,722
CUST001772,70,F,Very High,259664.74125296043,Ahmedabad,31,577
CUST001773,35,F,Very High,296216.2350685898,Ahmedabad,54,734
CUST001774,47,F,Low,23189.20195573534,Hyderabad,50,691
CUST001775,33,F,Low,30121.477969334202,Chennai,10,850
CUST001776,25,M,Medium,43408.563476070834,Mumbai,13,576
CUST001777,35,Other,Low,20930.369926901374,Pune,23,809
CUST001778,44,F,Medium,60793.41468620539,Kolkata,1,563
CUST001779,38,M,Medium,49915.878910035026,Bangalore,12,593
CUST001780,34,M,Medium,43814.9523159211,Chennai,23,565
CUST001781,23,F,Medium,56956.50349950529,Kolkata,4,720
CUST001782,43,M,Medium,76605.6295806958,Hyderabad,4,606
CUST001783,22,M,Very High,403467.3563289542,Kolkata,22,592
CUST001784,56,F,Low,36312.31830694055,Hyderabad,47,716
CUST001785,46,M,High,141033.97921310455,Chennai,64,736
CUST001786,23,F,Low,39452.55482792838,Delhi,28,703
CUST001787,40,M,Low,35264.93147028346,Ahmedabad,23,687
CUST001788,33,F,Medium,64336.316877579186,Pune,17,846
CUST001789,49,M,Low,27308.517606044945,Pune,7,711
CUST001790,65,M,Low,23632.86473115432,Ahmedabad,5,764
CUST001791,18,M,Low,33733.19747966589,Bangalore,56,711
CUST001792,46,F,Medium,79797.99944487767,Pune,22,612
CUST001793,42,F,High,112715.10792332434,Kolkata,56,743
CUST001794,55,M,Low,34473.58736185615,Pune,43,647
CUST001795,48,F,High,114656.47149952094,Kolkata,7,692
CUST001796,33,F,Low,28638.668467269534,Chennai,25,724
CUST001797,40,Other,Medium,56412.22454239661,Pune,21,544
CUST001798,33,M,Medium,60184.98731726791,Chennai,19,571
CUST001799,61,F,High,105682.69633057625,Pune,28,772
CUST001800,45,M,Very High,412070.6626376327,Ahmedabad,144,646
CUST001801,73,M,Very High,455995.20930703083,Hyderabad,60,650
CUST001802,44,Other,Low,37657.70613290368,Mumbai,84,713
CUST001803,34,F,High,95938.90993980781,Mumbai,1,669
CUST001804,22,M,Low,37918.182774629815,Mumbai,5,733
CUST001805,18,M,Very High,269542.9311492868,Hyderabad,3,695
CUST001806,21,F,Medium,52372.3066194119,Mumbai,10,715
CUST001807,49,F,Medium,69070.24229592943,Ahmedabad,20,643
CUST001808,52,M,Low,26093.92680172579,Chennai,36,715
CUST001809,21,F,Low,21059.328112194202,Delhi,25,788
CUST001810,58,M,High,106153.24406172156,Delhi,84,654
CUST001811,37,M,Very High,402512.9601254221,Pune,101,773
CUST001812,47,F,Medium,53078.33681080706,Delhi,6,695
CUST001813,69,M,High,124069.13391966026,Mumbai,69,758
CUST001814,58,M,High,126208.36109841912,Delhi,23,710
CUST001815,40,F,Medium,69349.44046905424,Kolkata,21,697
CUST001816,31,F,Low,37942.60932621873,Mumbai,55,727
CUST001817,18,M,Low,28651.28998536863,Kolkata,3,797
CUST001818,34,F,Medium,46657.28306649828,Chennai,77,718
CUST001819,41,F,Low,26378.514308637787,Kolkata,40,738
CUST001820,30,M,Low,28643.345103479718,Chennai,74,670
CUST001821,43,F,Low,34277.82938656226,Hyderabad,187,825
CUST001822,46,M,Low,20262.44251123267,Hyderabad,26,751
CUST001823,41,M,Very High,260524.88420395763,Pune,3,706
CUST001824,35,F,Low,35596.85162038634,Kolkata,6,690
CUST001825,47,Other,Medium,66834.30813322781,Bangalore,14,778
CUST001826,51,M,Medium,69269.59894342421,Chennai,3,651
CUST001827,28,M,Medium,72472.43077756779,Ahmedabad,60,557
CUST001828,66,F,Low,35664.71437755924,Mumbai,12,705
CUST001829,43,M,Medium,67287.32664611112,Bangalore,134,795
CUST001830,45,M,Low,28793.230647411812,Chennai,43,827
CUST001831,55,M,Medium,79343.93315512616,Mumbai,6,691
CUST001832,48,F,Low,31381.463911801475,Chennai,23,703
CUST001833,59,M,Medium,48110.76837475356,Chennai,22,741
CUST001834,49,M,High,100496.89985733491,Ahmedabad,24,678
CUST001835,35,F,Medium,67742.4982388188,Mumbai,27,741
CUST001836,50,F,Medium,76989.58260797855,Chennai,1,693
CUST001837,27,F,Medium,47148.8051682359,Ahmedabad,41,780
CUST001838,46,M,High,85764.25470220504,Chennai,24,757
CUST001839,44,F,Low,37630.620960840126,Chennai,56,764
CUST001840,41,M,High,144069.45852389841,Pune,60,683
CUST001841,43,M,High,99346.55417211296,Hyderabad,9,850
CUST001842,18,F,Medium,55091.428974849594,Delhi,1,738
CUST001843,36,M,Medium,66407.51989991433,Chennai,43,719
CUST001844,46,M,Medium,53197.200833699,Pune,137,639
CUST001845,47,M,Low,37543.174165401055,Ahmedabad,21,692
CUST001846,29,M,Low,22151.574054277255,Mumbai,10,709
CUST001847,63,M,Low,20759.644419203905,Kolkata,6,636
CUST001848,32,Other,Low,24169.72413485579,Chennai,12,676
CUST001849,59,M,Medium,51443.51112819876,Pune,14,686
CUST001850,51,M,High,87904.86139022125,Hyderabad,19,704
CUST001851,35,M,Low,21313.808586812935,Pune,38,558
CUST001852,71,F,Very High,414462.69972562935,Hyderabad,11,689
CUST001853,27,F,Very High,207496.7980657901,Kolkata,1,669
CUST001854,58,M,Very High,469872.7696732064,Chennai,16,698
CUST001855,60,F,High,105759.97630136673,Bangalore,69,782
CUST001856,34,M,Medium,66824.23238885382,Kolkata,24,850
CUST001857,65,M,Low,24508.042295376006,Delhi,120,754
CUST001858,41,M,Medium,49612.91073967467,Mumbai,25,601
CUST001859,49,M,Medium,62988.368114703015,Pune,11,672
CUST001860,48,M,High,119245.00476021903,Mumbai,7,747
CUST001861,42,F,Very High,419055.22980422847,Mumbai,42,738
CUST001862,57,M,Medium,70312.53222777064,Ahmedabad,27,778
CUST001863,56,F,Medium,66827.51058654644,Ahmedabad,33,692
CUST001864,18,M,Low,28982.61131786982,Mumbai,50,670
CUST001865,64,M,Low,37812.80772561234,Hyderabad,46,840
CUST001866,20,M,Medium,64903.139608851954,Pune,1,704
CUST001867,60,F,Medium,79607.93961849429,Ahmedabad,58,618
CUST001868,61,M,High,137355.8872554051,Delhi,27,818
CUST001869,28,F,Medium,41772.39244953305,Chennai,17,580
CUST001870,38,M,Very High,262207.86747811123,Chennai,27,420
CUST001871,28,M,Medium,62875.02865883807,Bangalore,34,761
CUST001872,41,M,High,130502.86765100411,Chennai,5,772
CUST001873,40,M,Low,31006.72995523883,Ahmedabad,19,733
CUST001874,56,M,High,135029.12957235271,Delhi,14,595
CUST001875,64,M,High,99785.89569301411,Chennai,15,695
CUST001876,65,F,Low,23678.2410246565,Hyderabad,3,677
CUST001877,36,M,Low,21078.333675795402,Kolkata,6,657
CUST001878,41,F,Very High,350659.8106000327,Chennai,6,812
CUST001879,19,M,Low,33771.990413509906,Mumbai,16,616
CUST001880,32,F,Medium,53045.988684774464,Mumbai,80,725
CUST001881,59,F,Medium,64543.367394235065,Kolkata,8,795
CUST001882,69,M,High,83651.00615973305,Mumbai,19,730
CUST001883,26,M,High,86950.53424077625,Mumbai,13,799
CUST001884,36,F,Medium,68070.19089033993,Hyderabad,55,745
CUST001885,44,F,Medium,54722.78820869195,Hyderabad,1,734
CUST001886,49,M,Very High,384966.91088605195,Hyderabad,7,729
CUST001887,32,M,High,138220.47841959426,Ahmedabad,8,749
CUST001888,51,F,High,139683.57062332818,Chennai,178,669
CUST001889,37,M,Medium,46886.70581857804,Kolkata,30,595
CUST001890,44,F,Low,29725.71144702693,Mumbai,5,776
CUST001891,53,M,Medium,69357.06894529946,Bangalore,11,792
CUST001892,45,M,High,134178.64173868374,Kolkata,6,720
CUST001893,38,F,Low,35693.519614577555,Bangalore,4,656
CUST001894,43,F,Medium,49126.693375223374,Mumbai,57,575
CUST001895,43,M,Low,23850.696354475465,Delhi,24,706
CUST001896,39,M,Medium,63600.49873094783,Kolkata,35,592
CUST001897,41,F,High,131876.0058416754,Ahmedabad,14,580
CUST001898,68,F,Low,26382.790310683864,Chennai,29,698
CUST001899,53,M,High,87329.36098036951,Bangalore,10,638
CUST001900,40,F,Very High,400861.23401852715,Kolkata,13,727
CUST001901,55,F,Low,25993.95662760009,Kolkata,38,687
CUST001902,39,F,High,91645.39070182052,Hyderabad,5,651
CUST001903,62,F,Very High,201703.2349389961,Delhi,34,563
CUST001904,50,M,Very High,260218.3416343507,Hyderabad,68,631
CUST001905,43,F,Low,31853.561318274908,Delhi,4,634
CUST001906,51,F,Low,27168.044773876332,Delhi,81,601
CUST001907,21,M,Low,20413.237031868633,Chennai,2,673
CUST001908,28,M,High,86783.59042744678,Kolkata,15,608
CUST001909,27,M,High,100335.22730390333,Hyderabad,33,686
CUST001910,47,F,High,126179.31375029642,Ahmedabad,29,719
CUST001911,70,M,Medium,43940.60293874135,Hyderabad,3,633
CUST001912,78,F,Low,31213.13707001364,Bangalore,57,734
CUST001913,54,F,Medium,44795.43483296017,Kolkata,130,591
CUST001914,52,F,Medium,48464.61309397526,Mumbai,7,611
CUST001915,18,F,High,92053.19692890339,Mumbai,81,690
CUST001916,36,Other,Medium,42689.14542283242,Bangalore,29,754
CUST001917,33,M,Medium,66853.19269546361,Delhi,98,769
CUST001918,35,F,Medium,58536.14189544138,Ahmedabad,6,828
CUST001919,42,M,Low,36621.06881794677,Bangalore,56,669
CUST001920,37,F,Medium,43955.633599292676,Bangalore,2,689
CUST001921,18,M,Low,22894.658666761447,Hyderabad,77,617
CUST001922,56,Other,Medium,52258.30925401802,Bangalore,40,599
CUST001923,28,F,Low,35317.31973877616,Pune,16,718
CUST001924,48,F,Low,26115.176463113974,Ahmedabad,7,637
CUST001925,76,M,High,108589.30952490849,Delhi,61,798
CUST001926,31,M,Medium,52064.142651886585,Mumbai,33,583
CUST001927,18,F,High,85615.7004260721,Chennai,16,738
CUST001928,40,M,High,145760.3536027331,Ahmedabad,21,619
CUST001929,61,F,Medium,61941.55968284755,Ahmedabad,63,634
CUST001930,74,M,Very High,425741.61586492386,Kolkata,14,743
CUST001931,26,F,Low,33167.14184370592,Bangalore,3,645
CUST001932,52,M,High,115997.79953433826,Kolkata,87,658
CUST001933,38,F,Very High,181387.38983078304,Bangalore,17,635
CUST001934,43,F,High,124991.34816892131,Pune,15,842
CUST001935,84,M,Low,23107.407118736643,Kolkata,8,650
CUST001936,22,M,Medium,56575.326774251065,Hyderabad,81,704
CUST001937,48,M,Low,32582.262869608607,Hyderabad,8,683
CUST001938,52,F,Medium,71289.16001888494,Kolkata,36,717
CUST001939,61,F,High,127953.16229960337,Bangalore,76,650
CUST001940,46,F,Medium,66861.34116218516,Pune,1,683
CUST001941,49,F,Medium,45961.6883670083,Pune,63,731
CUST001942,39,M,High,104228.99780501115,Bangalore,19,630
CUST001943,49,M,Medium,41716.490906407766,Delhi,38,787
CUST001944,39,M,High,130363.38252235252,Mumbai,16,794
CUST001945,54,M,High,146681.01869221934,Ahmedabad,42,748
CUST001946,39,Other,Low,25282.207803581514,Ahmedabad,10,705
CUST001947,50,F,Medium,43507.868366492374,Mumbai,1,460
CUST001948,44,M,Low,29511.40153507307,Pune,106,733
CUST001949,61,F,Medium,74267.92892510275,Chennai,1,668
CUST001950,44,F,Very High,343190.9683451229,Mumbai,62,680
CUST001951,18,M,High,83274.40051330793,Chennai,6,548
CUST001952,63,M,Medium,78970.88962111785,Hyderabad,17,739
CUST001953,31,M,Medium,73145.99639850404,Ahmedabad,62,584
CUST001954,35,F,Low,22631.881541030205,Chennai,8,709
CUST001955,36,Other,Medium,76871.91026014036,Chennai,72,772
CUST001956,65,F,Low,29013.765772103772,Mumbai,24,662
CUST001957,18,M,Medium,54875.91962299765,Pune,16,797
CUST001958,85,M,Low,29221.066610543763,Bangalore,39,640
CUST001959,60,F,Medium,73382.87827483789,Pune,15,748
CUST001960,48,F,Low,33189.59356573572,Hyderabad,15,595
CUST001961,44,F,Very High,170736.95833990464,Delhi,47,782
CUST001962,49,F,High,147032.30597813195,Chennai,13,770
CUST001963,52,M,Medium,45911.36533913271,Chennai,8,737
CUST001964,54,F,Low,34911.35903470702,Kolkata,59,668
CUST001965,53,F,Medium,65445.46121712524,Chennai,58,587
CUST001966,46,M,Low,23750.560958931215,Pune,24,668
CUST001967,42,F,Medium,46829.28304452199,Bangalore,26,788
CUST001968,42,M,High,140922.93155932846,Delhi,42,710
CUST001969,42,M,Medium,56787.796939983884,Pune,25,575
CUST001970,62,M,Medium,66183.06056696555,Kolkata,19,610
CUST001971,53,M,Medium,60162.84015426693,Pune,189,800
CUST001972,18,M,Very High,404573.7309765858,Mumbai,5,739
CUST001973,54,M,Very High,317734.8312637657,Hyderabad,32,601
CUST001974,47,F,Medium,51495.19661022274,Bangalore,78,558
CUST001975,44,M,Medium,54535.33483985986,Delhi,41,649
CUST001976,39,M,Medium,74363.10777801371,Hyderabad,76,551
CUST001977,61,M,Low,29360.693858454542,Mumbai,14,687
CUST001978,59,F,Medium,48537.97328978437,Hyderabad,11,850
CUST001979,33,M,Medium,77384.21552309013,Kolkata,68,572
CUST001980,51,M,Low,35932.00912996754,Chennai,18,685
CUST001981,30,F,Low,21113.32292112398,Chennai,44,804
CUST001982,24,F,Medium,79957.71847922071,Bangalore,5,759
CUST001983,35,F,High,128644.86875080716,Hyderabad,50,688
CUST001984,57,F,Medium,46410.663961623475,Pune,28,688
CUST001985,59,M,High,96601.73769090175,Chennai,11,607
CUST001986,52,F,Medium,67697.81924966187,Bangalore,24,678
CUST001987,55,M,Medium,71190.44221116487,Bangalore,42,719
CUST001988,52,M,Medium,49561.43772599225,Kolkata,1,788
CUST001989,35,M,High,97987.81977294896,Bangalore,36,650
CUST001990,51,F,Low,26142.413897441216,Mumbai,28,684
CUST001991,57,M,Medium,63920.73459346547,Pune,8,624
CUST001992,56,F,Medium,46872.647132051075,Chennai,50,718
CUST001993,62,F,Medium,44169.7279553911,Chennai,13,762
CUST001994,55,M,Very High,387602.43117992976,Delhi,11,750
CUST001995,50,F,Low,35581.9587958634,Mumbai,22,606
CUST001996,61,F,Medium,60037.176176660214,Chennai,40,711
CUST001997,44,F,Medium,54553.308410735415,Kolkata,95,645
CUST001998,31,M,High,110242.98994685334,Chennai,5,780
CUST001999,42,F,Medium,55536.313354878075,Delhi,18,687
CUST002000,33,M,High,147198.94357663725,Ahmedabad,2,578
CUST002001,34,F,High,133766.2933653398,Hyderabad,51,682
CUST002002,42,F,Medium,48323.48859400441,Hyderabad,21,736
CUST002003,33,M,Medium,55367.5660821592,Mumbai,44,719
CUST002004,40,F,Medium,61760.49165452439,Bangalore,14,659
CUST002005,18,F,High,122909.01034445819,Delhi,66,653
CUST002006,48,F,Low,29363.67792057534,Ahmedabad,27,620
CUST002007,45,M,Medium,72405.06540047837,Delhi,103,668
CUST002008,32,M,High,133732.42136207622,Ahmedabad,2,631
CUST002009,54,Other,Medium,60206.31674512666,Ahmedabad,25,777
CUST002010,59,F,Medium,74177.17547126922,Chennai,52,627
CUST002011,20,F,Medium,70043.58121769544,Kolkata,33,709
CUST002012,33,M,Low,35571.63697441287,Chennai,1,704
CUST002013,33,M,Medium,78256.03117733667,Kolkata,129,775
CUST002014,30,F,Medium,50658.6776483681,Delhi,12,787
CUST002015,57,F,Very High,243676.8568283972,Bangalore,10,755
CUST002016,42,M,Medium,75558.0902276256,Hyderabad,23,728
CUST002017,41,F,High,134055.84613699757,Mumbai,28,616
CUST002018,18,F,Medium,77061.8216574251,Pune,52,614
CUST002019,54,M,Low,21262.60320648906,Kolkata,17,632
CUST002020,26,M,High,123942.99540831176,Hyderabad,20,760
CUST002021,45,M,Low,22892.56676246895,Mumbai,27,705
CUST002022,49,F,Very High,326364.0194024039,Bangalore,18,769
CUST002023,65,M,High,90902.2852297411,Delhi,88,780
CUST002024,25,M,Medium,45123.14035939517,Bangalore,68,641
CUST002025,18,F,Medium,40486.733815281324,Kolkata,21,702
CUST002026,47,M,Medium,65209.55249531617,Delhi,1,698
CUST002027,72,M,Medium,54360.90466760344,Ahmedabad,83,673
CUST002028,63,M,Medium,44207.53139515887,Chennai,4,657
CUST002029,48,F,Medium,52913.511109252395,Ahmedabad,10,794
CUST002030,37,F,Medium,46757.7636580634,Mumbai,5,704
CUST002031,57,M,Low,38833.89663003319,Chennai,7,701
CUST002032,30,F,High,102400.34200329437,Delhi,58,635
CUST002033,52,F,High,103376.74663025729,Pune,31,754
CUST002034,52,M,Medium,73594.32013598343,Mumbai,112,619
CUST002035,60,M,High,125342.9032900203,Mumbai,9,736
CUST002036,85,M,Low,34203.43214806003,Chennai,23,738
CUST002037,50,M,Low,32720.03607977921,Mumbai,136,666
CUST002038,37,F,Medium,77847.85135794262,Delhi,63,725
CUST002039,44,F,Medium,48280.033262321806,Ahmedabad,46,714
CUST002040,18,M,Medium,79561.56967023184,Pune,7,696
CUST002041,34,M,High,138166.93242895592,Kolkata,52,701
CUST002042,38,M,Very High,356140.40610671975,Kolkata,15,704
CUST002043,37,F,Medium,66494.86497584995,Delhi,27,710
CUST002044,47,M,High,125417.81135504298,Chennai,33,704
CUST002045,32,F,Low,21167.92448118308,Bangalore,33,611
CUST002046,61,M,Low,24360.329970638773,Delhi,46,687
CUST002047,45,F,High,147302.96191673243,Kolkata,39,721
CUST002048,44,F,Medium,61374.577154375176,Delhi,2,707
CUST002049,40,M,Medium,55134.14413047648,Mumbai,22,776
CUST002050,47,F,Medium,70481.538535563,Mumbai,39,749
CUST002051,57,Other,Medium,60980.75770623238,Delhi,12,630
CUST002052,31,M,Low,20263.255428637953,Chennai,13,686
CUST002053,35,F,Medium,69449.50386860472,Bangalore,4,675
CUST002054,40,M,Low,34644.35120105723,Mumbai,19,699
CUST002055,24,F,Low,23302.97424219949,Kolkata,155,699
CUST002056,32,M,Medium,78266.40353696854,Pune,12,748
CUST002057,37,F,Low,24478.162630822288,Mumbai,27,714
CUST002058,58,F,High,112042.45571675395,Kolkata,48,798
CUST002059,48,F,Low,22294.719225218294,Ahmedabad,1,719
CUST002060,47,F,Low,32065.646389011767,Ahmedabad,83,633
CUST002061,57,F,Medium,55018.044802288496,Pune,17,662
CUST002062,42,M,Medium,54126.938488388216,Bangalore,73,748
CUST002063,50,F,Low,36539.53754441894,Pune,1,570
CUST002064,43,F,Low,20191.234257009564,Mumbai,5,592
CUST002065,48,F,Very High,429281.36981234787,Pune,14,700
CUST002066,36,F,High,120001.3996023655,Chennai,15,776
CUST002067,18,F,Medium,79443.94053920796,Kolkata,67,804
CUST002068,42,F,Medium,63577.72882416996,Mumbai,1,682
CUST002069,66,M,Medium,42215.165365918314,Mumbai,36,784
CUST002070,58,M,Medium,42025.81305774905,Delhi,5,705
CUST002071,59,M,Medium,75326.11945487327,Ahmedabad,62,577
CUST002072,63,M,High,138884.99018577373,Chennai,54,699
CUST002073,46,F,Low,26917.801511640464,Chennai,24,650
CUST002074,47,M,High,123262.2738926796,Delhi,8,773
CUST002075,35,M,Low,29791.827141112008,Pune,36,697
CUST002076,40,Other,Low,39343.28110272104,Kolkata,6,597
CUST002077,54,M,Low,38999.21801753783,Hyderabad,7,580
CUST002078,63,M,Low,39676.78017081549,Bangalore,35,698
CUST002079,42,M,Very High,453257.07322199247,Ahmedabad,170,506
CUST002080,38,M,Medium,76382.06363100404,Chennai,79,658
CUST002081,45,F,Low,24345.57557534273,Ahmedabad,32,718
CUST002082,54,F,Very High,440852.37614642107,Hyderabad,27,615
CUST002083,23,F,High,129619.99792429923,Kolkata,231,779
CUST002084,18,M,High,147395.0556179649,Bangalore,28,795
CUST002085,36,F,Very High,349941.6399549168,Chennai,19,618
CUST002086,26,M,Low,21703.343334211128,Mumbai,86,676
CUST002087,37,M,High,121817.9223831007,Chennai,9,779
CUST002088,42,M,High,128060.66496149014,Bangalore,3,699
CUST002089,38,M,High,95422.47200986998,Pune,36,588
CUST002090,66,M,High,107587.93684589099,Hyderabad,3,688
CUST002091,49,M,Medium,63940.1365620672,Ahmedabad,16,631
CUST002092,49,Other,High,106187.40161215539,Pune,19,788
CUST002093,54,M,Medium,54997.90868954656,Mumbai,28,748
CUST002094,27,M,Medium,45323.465566911895,Bangalore,172,674
CUST002095,60,M,Low,38814.93446155332,Kolkata,8,711
CUST002096,43,F,Very High,412673.0345732838,Pune,16,595
CUST002097,55,M,Medium,40049.73755464408,Bangalore,5,639
CUST002098,28,F,Medium,70624.53136088661,Chennai,33,824
CUST002099,21,Other,Medium,69591.79970631434,Ahmedabad,46,704
CUST002100,57,M,Very High,153405.83605443305,Kolkata,23,774
CUST002101,50,M,Medium,54784.17190455058,Delhi,10,718
CUST002102,31,M,High,122472.33832278714,Delhi,34,805
CUST002103,31,F,High,111692.54563006251,Pune,27,540
CUST002104,61,M,Medium,71119.44474882029,Mumbai,6,684
CUST002105,27,M,Medium,57018.33330537736,Bangalore,18,831
CUST002106,69,M,High,90770.40786176859,Hyderabad,20,776
CUST002107,31,F,Very High,491745.46849584,Mumbai,145,806
CUST002108,54,M,High,96942.79949432326,Kolkata,68,699
CUST002109,40,M,Low,34353.84621082665,Pune,47,657
CUST002110,54,F,High,90020.94181648504,Mumbai,79,617
CUST002111,36,F,Medium,53160.504551357306,Pune,47,612
CUST002112,42,F,Medium,57681.10433721695,Chennai,84,764
CUST002113,45,M,High,93456.24031689447,Kolkata,2,741
CUST002114,29,F,Low,28999.19152737219,Ahmedabad,21,694
CUST002115,56,F,High,91001.3976094225,Hyderabad,49,740
CUST002116,37,M,Medium,62360.2615594356,Bangalore,31,711
CUST002117,41,F,High,126459.92767641359,Kolkata,6,776
CUST002118,30,M,Low,21248.685680560215,Bangalore,14,776
CUST002119,18,F,Medium,74845.28484328673,Bangalore,13,614
CUST002120,42,M,High,92959.86195294249,Mumbai,10,721
CUST002121,81,F,Low,24507.248506406475,Chennai,15,566
CUST002122,56,M,Low,33226.99680166126,Mumbai,26,710
CUST002123,44,F,Very High,314062.8711520449,Delhi,69,748
CUST002124,41,M,Medium,59975.823966842625,Delhi,48,594
CUST002125,45,Other,Very High,194854.24459709643,Bangalore,64,666
CUST002126,53,F,Low,36114.716437528165,Chennai,77,700
CUST002127,27,M,Medium,64682.1698441684,Kolkata,19,718
CUST002128,61,F,High,89476.74303166193,Bangalore,15,677
CUST002129,55,Other,High,106179.95569179172,Kolkata,2,606
CUST002130,55,M,Medium,72416.3973094012,Bangalore,95,695
CUST002131,51,M,Medium,62734.201839464826,Ahmedabad,2,567
CUST002132,45,F,High,87605.41453930513,Mumbai,48,681
CUST002133,55,M,Low,27455.540915785736,Ahmedabad,17,664
CUST002134,53,M,Medium,49707.77593822939,Bangalore,106,689
CUST002135,39,M,Low,30349.311073074525,Bangalore,19,655
CUST002136,36,M,Medium,73734.44515487959,Chennai,61,579
CUST002137,46,M,Medium,57450.68539217679,Chennai,11,670
CUST002138,68,M,Medium,57333.68121473292,Pune,12,774
CUST002139,26,F,Medium,76214.03609308148,Kolkata,32,800
CUST002140,22,F,Low,31523.70825014545,Chennai,223,850
CUST002141,47,M,Low,31323.82174794814,Bangalore,26,835
CUST002142,45,F,High,98333.69243127726,Chennai,99,604
CUST002143,47,F,Medium,64308.909913485055,Chennai,55,667
CUST002144,48,F,High,120313.73271921775,Hyderabad,57,698
CUST002145,41,M,High,107779.60292393048,Hyderabad,20,693
CUST002146,67,M,Low,39813.91131798361,Delhi,17,705
CUST002147,20,F,Medium,75275.63859792348,Mumbai,7,850
CUST002148,32,F,Low,34991.72580153631,Pune,119,613
CUST002149,43,F,High,117614.19118891004,Pune,115,642
CUST002150,20,F,Very High,311720.9306631206,Mumbai,49,831
CUST002151,42,M,Medium,47395.89580892798,Chennai,12,650
CUST002152,69,F,High,101401.62318102366,Delhi,10,731
CUST002153,45,M,Low,35479.215996464205,Delhi,161,782
CUST002154,48,M,Medium,58149.95815750206,Kolkata,2,738
CUST002155,26,F,High,141758.8661598651,Pune,66,715
CUST002156,35,M,Low,22958.222726910575,Hyderabad,15,775
CUST002157,39,M,Medium,60333.88384054546,Delhi,19,628
CUST002158,40,F,Medium,65878.62736085235,Bangalore,64,660
CUST002159,64,M,High,116179.39194155482,Kolkata,3,742
CUST002160,53,Other,Medium,75569.07566339948,Pune,15,534
CUST002161,28,Other,Very High,496347.1486401989,Chennai,109,813
CUST002162,48,F,Low,22316.693166827394,Bangalore,43,724
CUST002163,52,M,Medium,45198.19616307684,Mumbai,50,712
CUST002164,62,M,High,89122.68794920847,Pune,51,569
CUST002165,68,M,Low,33623.54192141055,Hyderabad,2,597
CUST002166,29,M,High,106087.32668470865,Bangalore,8,668
CUST002167,32,M,Low,34666.29322531812,Chennai,24,764
CUST002168,26,Other,Low,28109.429457739574,Ahmedabad,16,533
CUST002169,41,M,Low,32552.13442664127,Bangalore,19,763
CUST002170,51,F,Very High,419450.30198761274,Bangalore,54,671
CUST002171,59,M,Medium,61928.63642619683,Delhi,1,682
CUST002172,43,F,High,117765.25133150042,Hyderabad,38,720
CUST002173,40,F,Medium,43529.37301142538,Mumbai,1,721
CUST002174,47,M,Medium,56431.26971637739,Ahmedabad,2,643
CUST002175,32,M,Medium,61831.0861289975,Chennai,18,749
CUST002176,76,F,Very High,311693.2889832435,Kolkata,66,514
CUST002177,20,F,High,143054.7400131898,Kolkata,5,663
CUST002178,47,F,High,143457.14424836426,Chennai,29,712
CUST002179,75,M,Low,36438.347611775236,Mumbai,40,672
CUST002180,45,M,Medium,55011.9230149248,Chennai,9,553
CUST002181,42,F,Medium,68691.96606750137,Delhi,25,760
CUST002182,39,F,Very High,288350.9613743634,Ahmedabad,87,600
CUST002183,42,M,Medium,49303.74395903036,Kolkata,25,694
CUST002184,65,F,Medium,53716.105742035266,Pune,6,712
CUST002185,18,M,Medium,42838.58533142142,Kolkata,35,701
CUST002186,68,M,Low,26635.550180092945,Pune,32,793
CUST002187,23,M,Low,29214.84434522343,Bangalore,1,695
CUST002188,41,M,High,146883.6626346581,Delhi,3,734
CUST002189,38,F,Medium,52536.423448785,Kolkata,6,695
CUST002190,53,M,High,143171.74774438643,Delhi,5,749
CUST002191,21,M,High,96020.07930764479,Ahmedabad,10,811
CUST002192,51,F,Medium,47638.755910369975,Delhi,21,711
CUST002193,75,F,Medium,60759.8182572866,Mumbai,16,762
CUST002194,24,F,Low,33450.22738594812,Kolkata,79,816
CUST002195,47,F,Very High,165516.2877807985,Pune,34,808
CUST002196,35,M,Medium,48842.63460188867,Hyderabad,75,669
CUST002197,51,F,Medium,58227.34666005266,Ahmedabad,26,782
CUST002198,45,F,Medium,53240.173439327256,Pune,3,719
CUST002199,35,F,Medium,68504.84317393287,Ahmedabad,22,789
CUST002200,52,M,Medium,60446.42384165267,Ahmedabad,62,745
CUST002201,72,M,Medium,46414.36422415601,Mumbai,7,722
CUST002202,42,F,High,142612.57655205633,Mumbai,3,734
CUST002203,55,M,High,100503.39728383516,Ahmedabad,14,720
CUST002204,25,F,Medium,69245.24435857694,Delhi,17,723
CUST002205,30,F,Medium,71196.6311642164,Hyderabad,13,687
CUST002206,52,F,High,147421.03901792713,Mumbai,5,679
CUST002207,67,F,Low,29970.149330482025,Hyderabad,10,841
CUST002208,50,F,High,123108.48608251025,Kolkata,41,738
CUST002209,40,M,Low,26697.525869590674,Delhi,17,654
CUST002210,44,F,High,127472.55053884466,Mumbai,36,677
CUST002211,26,F,Medium,58535.33943465279,Hyderabad,27,784
CUST002212,54,M,Medium,57506.09458897689,Chennai,28,641
CUST002213,58,M,High,139882.72703812737,Pune,10,581
CUST002214,38,M,Low,21003.376869973774,Mumbai,26,587
CUST002215,37,F,Medium,75278.49711327473,Mumbai,1,561
CUST002216,48,M,Medium,74082.79351314227,Mumbai,20,596
CUST002217,38,F,High,115445.63774932524,Hyderabad,30,605
CUST002218,44,M,Low,29804.057084112566,Bangalore,7,810
CUST002219,76,M,High,105326.51576248431,Ahmedabad,10,696
CUST002220,41,F,Medium,79766.95166726937,Kolkata,8,670
CUST002221,39,M,Low,22223.386655076825,Pune,2,584
CUST002222,35,F,High,121315.06649400249,Mumbai,15,688
CUST002223,56,F,Low,33633.63180224834,Chennai,139,561
CUST002224,42,F,Medium,77373.20032867778,Chennai,15,670
CUST002225,35,M,Low,35604.06993713523,Ahmedabad,22,850
CUST002226,64,F,Medium,65753.88811246188,Delhi,38,753
CUST002227,66,F,Medium,44672.49267248491,Bangalore,37,683
CUST002228,35,F,Medium,54949.340673258695,Bangalore,107,755
CUST002229,18,F,Medium,45553.66570191941,Hyderabad,70,658
CUST002230,60,F,Medium,75248.50929862054,Delhi,56,635
CUST002231,34,F,Low,34992.42311127286,Pune,109,836
CUST002232,56,F,Medium,70301.47147188918,Hyderabad,9,608
CUST002233,18,M,Very High,378289.7812207404,Delhi,34,671
CUST002234,58,M,High,115493.04758556967,Kolkata,78,724
CUST002235,26,M,Low,22999.421189269946,Bangalore,35,625
CUST002236,55,M,Low,26593.897734101036,Pune,136,752
CUST002237,45,M,Very High,197920.5273669117,Kolkata,3,675
CUST002238,30,M,Medium,68996.52571409373,Pune,20,753
CUST002239,38,F,Medium,46409.1510408802,Hyderabad,136,746
CUST002240,55,M,High,129147.94851201799,Delhi,17,680
CUST002241,46,F,Medium,67690.2155838362,Bangalore,48,836
CUST002242,53,M,Medium,58372.179159651554,Bangalore,1,646
CUST002243,74,M,Very High,197330.0289413183,Ahmedabad,42,807
CUST002244,21,M,High,102036.05782938257,Pune,98,793
CUST002245,69,M,Low,26401.86218151103,Pune,17,841
CUST002246,46,F,Low,34007.702662865864,Pune,1,713
CUST002247,31,F,Low,22274.860388274486,Mumbai,1,636
CUST002248,25,M,High,138034.80523512635,Ahmedabad,80,850
CUST002249,42,M,Medium,70440.29160743655,Hyderabad,46,673
CUST002250,58,M,Low,23726.13836348548,Mumbai,4,634
CUST002251,43,F,Very High,401707.5336226113,Ahmedabad,2,684
CUST002252,67,F,Low,33370.263629356436,Pune,58,621
CUST002253,23,F,Low,34962.416002218524,Pune,59,742
CUST002254,44,F,Low,23778.57110897389,Bangalore,4,651
CUST002255,26,F,Low,23151.80644312937,Hyderabad,12,677
CUST002256,50,M,Medium,49459.35943691017,Hyderabad,54,777
CUST002257,58,M,Very High,278055.0961021415,Kolkata,26,749
CUST002258,38,F,High,135556.5486725061,Chennai,112,701
CUST002259,18,F,Medium,69516.957499154,Ahmedabad,23,713
CUST002260,47,F,Medium,77018.06369114132,Delhi,40,700
CUST002261,51,F,Medium,42345.182363944616,Chennai,25,665
CUST002262,51,M,Low,20231.12562028371,Chennai,103,699
CUST002263,63,F,Low,33982.77659401598,Pune,18,739
CUST002264,28,F,Very High,247750.623527958,Bangalore,9,689
CUST002265,55,M,Low,26681.57791067635,Kolkata,14,733
CUST002266,62,F,Low,30936.040518290247,Delhi,68,633
CUST002267,18,F,Medium,44096.52492507194,Pune,24,651
CUST002268,49,M,Medium,65707.77666192199,Pune,15,641
CUST002269,37,M,Low,26502.948924623004,Chennai,28,654
CUST002270,43,M,Low,32654.302486019835,Chennai,5,802
CUST002271,50,F,Medium,73360.27652293543,Hyderabad,1,758
CUST002272,37,M,High,91977.79333362008,Bangalore,11,613
CUST002273,34,F,Low,38617.46185829041,Chennai,33,734
CUST002274,45,F,Medium,61227.525642497756,Delhi,44,668
CUST002275,28,M,Medium,76917.11060695874,Mumbai,63,645
CUST002276,28,F,High,94541.10575412447,Pune,94,581
CUST002277,55,Other,Medium,64182.5065841695,Mumbai,19,777
CUST002278,27,M,Low,28077.742346472092,Bangalore,48,590
CUST002279,54,M,Medium,70968.88764624053,Mumbai,2,695
CUST002280,51,F,High,122413.62602493074,Hyderabad,2,624
CUST002281,19,F,Low,29890.30913916637,Hyderabad,4,762
CUST002282,34,M,Medium,76519.41625724034,Delhi,21,673
CUST002283,62,M,Low,27542.341283433605,Kolkata,8,689
CUST002284,30,M,Low,24399.60409796363,Bangalore,12,691
CUST002285,38,Other,Medium,64324.047474083665,Bangalore,37,724
CUST002286,51,M,Medium,64961.13748691255,Pune,15,701
CUST002287,56,F,High,110736.62351003128,Mumbai,29,696
CUST002288,41,F,Medium,59464.40174757529,Chennai,19,658
CUST002289,36,M,Medium,78382.136571996,Chennai,6,574
CUST002290,66,F,Medium,69307.42765587204,Kolkata,2,610
CUST002291,71,M,Medium,44424.07005930308,Pune,9,757
CUST002292,59,F,Low,24242.601417412217,Chennai,2,675
CUST002293,46,M,High,148290.36441048913,Kolkata,34,646
CUST002294,32,F,Very High,404262.94382773596,Ahmedabad,57,587
CUST002295,32,F,Low,38300.90252289306,Pune,14,562
CUST002296,52,M,Low,26077.22927977444,Ahmedabad,17,643
CUST002297,51,M,Low,34837.33720173185,Delhi,60,771
CUST002298,66,M,High,129980.1895966458,Bangalore,9,655
CUST002299,54,M,High,100628.29898075626,Mumbai,4,732
CUST002300,22,F,High,118557.14278154937,Delhi,25,651
CUST002301,60,F,High,123919.05778892068,Hyderabad,37,751
CUST002302,30,M,Medium,59245.2724330986,Hyderabad,32,671
CUST002303,39,F,Medium,73087.14826632051,Hyderabad,45,601
CUST002304,48,F,High,138300.83292585926,Kolkata,2,678
CUST002305,74,F,Medium,74024.02193206227,Kolkata,20,846
CUST002306,85,M,Medium,72136.94276392652,Pune,9,843
CUST002307,54,M,Medium,59523.33908788579,Bangalore,51,738
CUST002308,42,M,Medium,55257.531925960284,Hyderabad,74,689
CUST002309,53,F,Medium,73255.05134857482,Kolkata,11,724
CUST002310,58,M,Medium,59608.058342250675,Pune,3,725
CUST002311,40,M,High,97245.99790395873,Kolkata,10,696
CUST002312,71,M,Medium,60293.74129288865,Chennai,3,735
CUST002313,48,F,Medium,45673.992876769684,Kolkata,14,716
CUST002314,52,M,High,128414.06434191592,Hyderabad,27,674
CUST002315,54,M,Medium,53436.851264956254,Delhi,130,604
CUST002316,51,M,Low,25213.175968949086,Hyderabad,18,663
CUST002317,57,M,Low,39130.174924694904,Pune,8,763
CUST002318,35,F,Medium,71075.2398303323,Pune,6,697
CUST002319,36,M,Medium,71482.78010895726,Pune,6,724
CUST002320,28,M,Very High,368302.68924771424,Chennai,7,677
CUST002321,51,F,Medium,73566.91242041189,Hyderabad,51,615
CUST002322,56,M,Medium,70366.49924653526,Mumbai,2,680
CUST002323,51,M,Low,31975.47408267233,Chennai,214,618
CUST002324,70,F,Low,39222.488037034345,Bangalore,26,613
CUST002325,44,M,High,93411.64647790961,Hyderabad,28,796
CUST002326,55,M,Low,38867.59437989502,Kolkata,15,666
CUST002327,28,M,Medium,56057.5264799546,Delhi,42,640
CUST002328,39,F,High,116987.92883810407,Hyderabad,22,829
CUST002329,55,F,Medium,44909.57278177236,Delhi,14,765
CUST002330,57,F,High,117807.52072452536,Pune,11,670
CUST002331,40,F,Medium,64448.27007432774,Pune,93,734
CUST002332,43,M,Medium,79908.06167234096,Mumbai,12,681
CUST002333,22,M,High,148263.46877500686,Bangalore,20,644
CUST002334,39,F,High,147647.8104312001,Kolkata,15,737
CUST002335,58,F,Low,26967.761202041147,Chennai,3,674
CUST002336,53,M,Low,39825.32997490087,Ahmedabad,7,706
CUST002337,52,F,Low,29109.563031902217,Ahmedabad,7,781
CUST002338,45,M,Medium,74073.45035047602,Chennai,42,772
CUST002339,45,M,Very High,225711.9891566402,Bangalore,18,655
CUST002340,35,M,Medium,60233.3271862641,Mumbai,54,738
CUST002341,55,M,Medium,78640.48384510422,Mumbai,44,609
CUST002342,51,F,High,146292.19778463992,Pune,7,736
CUST002343,52,F,Medium,67349.39511285708,Hyderabad,29,711
CUST002344,37,M,Medium,71912.5729021224,Mumbai,48,730
CUST002345,18,M,Very High,211749.34381084048,Hyderabad,36,676
CUST002346,61,F,High,130516.09846389102,Delhi,32,850
CUST002347,37,M,High,123263.55658347606,Bangalore,48,627
CUST002348,32,F,Medium,43662.06943004984,Delhi,2,777
CUST002349,55,M,High,87921.13046127734,Ahmedabad,47,617
CUST002350,39,F,Low,22168.872355025236,Delhi,11,740
CUST002351,60,M,Medium,68974.27739319342,Delhi,30,746
CUST002352,54,M,Very High,199600.32288665036,Delhi,9,704
CUST002353,55,M,Medium,58709.29084457882,Chennai,65,660
CUST002354,24,M,High,104988.72641144304,Mumbai,23,711
CUST002355,63,M,Medium,62020.16563080871,Bangalore,37,721
CUST002356,48,F,Low,34129.529744388055,Ahmedabad,56,843
CUST002357,39,M,High,127930.57760549325,Ahmedabad,81,630
CUST002358,47,M,Low,30310.39831828753,Bangalore,47,655
CUST002359,18,F,Medium,58573.39494441542,Ahmedabad,5,722
CUST002360,51,F,Low,27956.311902445173,Ahmedabad,69,679
CUST002361,29,Other,Very High,451668.4819065328,Kolkata,34,691
CUST002362,24,F,Medium,53234.0721949058,Delhi,33,785
CUST002363,22,M,Low,25187.316423349897,Ahmedabad,91,474
CUST002364,61,F,Low,34866.30987310543,Bangalore,10,652
CUST002365,35,F,Very High,275917.21159385424,Pune,9,560
CUST002366,68,F,High,139289.90198300878,Hyderabad,25,604
CUST002367,36,M,High,102952.21030460013,Bangalore,50,850
CUST002368,19,M,Medium,68077.79298298352,Pune,21,747
CUST002369,28,M,Medium,41804.36025141345,Delhi,36,776
CUST002370,63,F,Low,27711.257602206402,Bangalore,21,693
CUST002371,42,F,Medium,53729.20699870206,Mumbai,33,760
CUST002372,36,F,Low,36333.57478551847,Delhi,62,558
CUST002373,47,M,Very High,488469.3911299085,Chennai,7,783
CUST002374,52,F,High,112261.6893685073,Ahmedabad,42,634
CUST002375,61,F,Medium,72993.45108615032,Pune,55,657
CUST002376,66,M,Low,33993.8940191473,Mumbai,21,740
CUST002377,39,F,High,147717.01913645852,Bangalore,14,725
CUST002378,25,M,Low,36222.17028685649,Chennai,1,706
CUST002379,38,F,Low,21549.56131927461,Kolkata,57,590
CUST002380,48,F,Low,34265.63444764473,Ahmedabad,14,707
CUST002381,30,F,Medium,61419.988616894945,Mumbai,15,776
CUST002382,30,F,High,81150.5240552629,Kolkata,14,657
CUST002383,50,F,Medium,50052.518349017744,Hyderabad,24,805
CUST002384,44,F,Low,38435.10490053786,Mumbai,43,630
CUST002385,45,M,Medium,77042.45491147012,Chennai,53,700
CUST002386,33,F,High,135919.53221404442,Kolkata,17,822
CUST002387,41,M,Low,39635.59206555979,Hyderabad,39,645
CUST002388,31,M,Low,36130.9044924841,Ahmedabad,45,784
CUST002389,58,F,Very High,153571.46554983582,Kolkata,12,850
CUST002390,60,F,Very High,250742.01910552912,Bangalore,3,713
CUST002391,18,M,Very High,160718.463783217,Delhi,81,657
CUST002392,31,M,High,86587.55781162916,Ahmedabad,40,638
CUST002393,22,M,Low,24376.81633901552,Kolkata,37,804
CUST002394,35,M,Low,30071.17092651045,Bangalore,2,802
CUST002395,43,M,Medium,73901.28013848071,Delhi,61,815
CUST002396,23,F,Medium,74478.67024628432,Delhi,30,697
CUST002397,31,M,Very High,365670.65049505373,Chennai,67,783
CUST002398,29,M,High,144972.31573463645,Pune,132,696
CUST002399,48,M,High,115004.36286131457,Hyderabad,113,629
CUST002400,46,Other,Low,37780.72088266403,Pune,69,789
CUST002401,34,M,Very High,308922.8397162042,Ahmedabad,1,830
CUST002402,47,M,High,99405.75051953176,Hyderabad,78,618
CUST002403,36,M,Low,38328.25836200855,Mumbai,2,616
CUST002404,40,F,High,107155.45529752085,Bangalore,68,703
CUST002405,70,F,Medium,60136.16435377847,Chennai,11,776
CUST002406,65,M,Low,26577.212650613546,Kolkata,33,609
CUST002407,25,M,High,126398.63202035108,Bangalore,1,718
CUST002408,57,M,High,149652.18575042248,Kolkata,53,652
CUST002409,57,F,Low,20510.270977295393,Pune,4,756
CUST002410,27,F,Medium,75993.92024028406,Ahmedabad,19,636
CUST002411,57,M,Very High,151374.1199462429,Kolkata,61,761
CUST002412,68,M,High,105495.95168023478,Pune,42,687
CUST002413,28,M,High,91802.47644026601,Pune,1,625
CUST002414,31,M,Low,35146.835613451025,Kolkata,18,705
CUST002415,60,F,Low,21012.21681514347,Mumbai,1,544
CUST002416,49,M,Medium,62139.39814337312,Pune,40,655
CUST002417,53,M,Low,25898.522676906254,Mumbai,124,726
CUST002418,50,M,Low,22673.40497729404,Chennai,38,558
CUST002419,50,F,Low,35436.36424205282,Mumbai,9,494
CUST002420,25,F,Medium,48696.673370210265,Chennai,15,512
CUST002421,60,M,Medium,48947.008482197554,Mumbai,135,806
CUST002422,62,M,High,99255.37495965461,Hyderabad,9,693
CUST002423,41,M,Low,31735.33527656055,Chennai,29,657
CUST002424,44,F,Medium,66386.63726762994,Hyderabad,18,775
CUST002425,22,M,Low,20352.0504740269,Pune,52,667
CUST002426,52,F,Medium,49674.78544455161,Hyderabad,72,721
CUST002427,53,F,Low,28619.416850105656,Ahmedabad,15,702
CUST002428,44,F,Very High,266191.9332564316,Chennai,38,662
CUST002429,61,M,High,141891.94609576202,Bangalore,28,723
CUST002430,39,F,Medium,71508.34923545676,Pune,11,761
CUST002431,53,F,Low,32517.804310776548,Pune,11,685
CUST002432,29,M,Medium,53521.69663988159,Delhi,27,663
CUST002433,44,M,High,129047.0641392312,Ahmedabad,6,672
CUST002434,42,M,Low,36872.76025691589,Mumbai,59,516
CUST002435,48,M,Medium,63793.21509435947,Kolkata,2,722
CUST002436,39,M,High,134912.30268253654,Mumbai,3,603
CUST002437,43,F,High,132437.34729798234,Kolkata,15,750
CUST002438,57,M,High,120021.61178122256,Bangalore,4,692
CUST002439,38,F,High,101852.82517750576,Delhi,23,708
CUST002440,20,M,Very High,411023.75530044513,Bangalore,18,756
CUST002441,71,Other,Medium,48271.85465430426,Delhi,46,625
CUST002442,65,M,Medium,71179.53385886135,Chennai,110,729
CUST002443,25,F,High,136318.26844997733,Chennai,50,721
CUST002444,55,M,High,137550.1415699261,Kolkata,7,685
CUST002445,37,M,Very High,315520.5898424602,Hyderabad,98,625
CUST002446,48,F,Low,23849.615355408434,Hyderabad,17,747
CUST002447,49,M,Medium,43988.94400264275,Kolkata,23,756
CUST002448,41,F,Medium,69734.45001951697,Ahmedabad,19,709
CUST002449,33,F,Medium,75450.45538119253,Chennai,11,614
CUST002450,34,M,Low,33016.76717673813,Ahmedabad,81,657
CUST002451,31,F,High,90091.20422718587,Kolkata,14,695
CUST002452,32,F,Low,38697.92897035148,Hyderabad,31,755
CUST002453,43,M,High,149237.14101775235,Kolkata,9,573
CUST002454,34,F,High,110336.50269544453,Chennai,57,654
CUST002455,55,F,Medium,63793.011570950854,Bangalore,53,667
CUST002456,67,M,Medium,71089.1408000663,Mumbai,12,693
CUST002457,36,M,Medium,69455.59160200179,Chennai,41,595
CUST002458,48,F,High,147745.10343534144,Kolkata,43,682
CUST002459,52,M,High,88041.81637551522,Chennai,29,675
CUST002460,52,M,High,120650.7406299964,Chennai,33,616
CUST002461,46,M,Very High,392175.9968855822,Hyderabad,30,690
CUST002462,56,F,Medium,75603.9369675068,Kolkata,3,656
CUST002463,52,M,Very High,455938.3697013527,Hyderabad,39,739
CUST002464,26,M,High,148459.98554929032,Kolkata,22,629
CUST002465,58,F,High,115845.49177563752,Hyderabad,20,707
CUST002466,58,M,Low,36615.217336264526,Hyderabad,70,635
CUST002467,33,F,Very High,299548.5978445647,Bangalore,1,652
CUST002468,45,Other,Medium,56892.55511424129,Chennai,10,723
CUST002469,55,F,High,97734.38551310013,Ahmedabad,4,718
CUST002470,41,F,Low,36364.7457403846,Bangalore,1,666
CUST002471,61,M,Medium,79432.60423254062,Ahmedabad,11,678
CUST002472,80,F,Medium,50253.66913389032,Hyderabad,160,583
CUST002473,33,M,Medium,42245.26352084289,Bangalore,11,812
CUST002474,24,M,Low,36310.848748380144,Pune,39,754
CUST002475,49,M,High,123416.10367743293,Pune,4,752
CUST002476,55,M,Low,39193.97601102009,Chennai,33,572
CUST002477,41,F,Medium,50089.56876307809,Chennai,149,652
CUST002478,66,M,Low,21420.55316002562,Hyderabad,12,673
CUST002479,24,F,Medium,59697.690434660064,Chennai,67,545
CUST002480,55,F,Medium,43418.6409186059,Bangalore,216,771
CUST002481,35,F,Medium,50471.6000441083,Delhi,31,816
CUST002482,70,M,Medium,45039.11443276673,Chennai,13,850
CUST002483,74,F,High,95689.2525762055,Bangalore,40,616
CUST002484,33,M,Low,22122.893056427838,Pune,67,709
CUST002485,36,M,Low,39078.1199885457,Pune,6,805
CUST002486,57,Other,Low,25571.254268994708,Bangalore,21,679
CUST002487,39,M,Very High,305364.1550973979,Ahmedabad,13,654
CUST002488,44,M,Medium,75944.4723053689,Pune,11,550
CUST002489,45,F,Medium,67092.86351845897,Bangalore,70,790
CUST002490,18,M,Low,32360.749611235486,Ahmedabad,19,698
CUST002491,44,F,Medium,68222.5276144335,Chennai,14,641
CUST002492,34,M,Low,36576.44514210764,Delhi,33,722
CUST002493,37,M,Low,37553.38535703522,Hyderabad,8,712
CUST002494,66,M,Medium,65705.58682660107,Hyderabad,9,713
CUST002495,26,M,Medium,75600.2909877623,Chennai,26,682
CUST002496,57,M,Low,30707.950548509536,Chennai,18,829
CUST002497,40,F,High,99410.35993878964,Pune,12,689
CUST002498,40,F,Very High,458026.84810934553,Mumbai,1,829
CUST002499,56,F,Medium,61658.91309652348,Kolkata,26,745
CUST002500,50,M,Medium,76245.50350268937,Ahmedabad,61,728
CUST002501,53,F,Very High,164058.73488270343,Delhi,68,690
CUST002502,59,F,High,107826.10260788648,Bangalore,9,777
CUST002503,40,F,Medium,77912.20073449874,Kolkata,32,709
CUST002504,35,M,High,97475.5064930812,Bangalore,69,625
CUST002505,28,F,Low,38830.72492076985,Kolkata,18,622
CUST002506,32,F,Medium,78156.09844517,Hyderabad,96,733
CUST002507,85,M,Medium,75285.69256903444,Kolkata,83,627
CUST002508,63,F,Low,31273.360901865974,Chennai,8,695
CUST002509,24,M,Medium,65877.57796322554,Delhi,10,784
CUST002510,25,F,Low,37392.33996899739,Hyderabad,7,724
CUST002511,52,F,High,134312.7957672429,Pune,7,642
CUST002512,53,F,Medium,65203.75397821647,Kolkata,85,812
CUST002513,53,M,Medium,79290.37631482811,Delhi,96,743
CUST002514,41,M,Low,33713.53272667388,Chennai,1,781
CUST002515,43,F,Low,39509.63984895522,Pune,32,518
CUST002516,49,M,Medium,42295.53898428363,Bangalore,29,726
CUST002517,46,M,Very High,198636.12975977437,Pune,17,767
CUST002518,18,F,Low,29029.176920009813,Ahmedabad,35,836
CUST002519,41,F,Medium,55395.1784353726,Ahmedabad,105,582
CUST002520,32,M,High,134791.43889499194,Mumbai,6,796
CUST002521,47,M,Low,23212.280529384076,Delhi,4,831
CUST002522,85,M,High,148326.6625378042,Ahmedabad,1,538
CUST002523,50,F,Medium,52602.63501043656,Bangalore,16,738
CUST002524,40,F,Medium,57156.94830960638,Delhi,14,749
CUST002525,58,F,Medium,50989.80129760092,Delhi,20,673
CUST002526,52,F,Medium,63174.54469306189,Delhi,25,660
CUST002527,51,F,Medium,42345.14801690336,Chennai,51,753
CUST002528,54,F,High,90477.42538993142,Ahmedabad,17,650
CUST002529,75,M,High,132205.8392393107,Hyderabad,14,682
CUST002530,28,F,High,93055.04083833628,Delhi,63,764
CUST002531,52,M,High,96486.0116089664,Chennai,68,840
CUST002532,31,F,Medium,71719.2894289935,Mumbai,9,743
CUST002533,53,F,Medium,43732.047134290144,Ahmedabad,13,710
CUST002534,31,M,Medium,57498.952910833636,Hyderabad,62,658
CUST002535,38,F,High,81614.43708980588,Chennai,2,619
CUST002536,40,M,Medium,53872.29597271615,Pune,14,788
CUST002537,59,F,Medium,67959.25610443018,Mumbai,21,687
CUST002538,58,M,High,86307.22958020598,Pune,7,792
CUST002539,26,F,Medium,75533.3850711504,Hyderabad,7,673
CUST002540,45,M,Low,38189.98085881432,Chennai,19,648
CUST002541,34,M,Medium,44199.615005005406,Mumbai,50,733
CUST002542,26,M,Medium,79629.29745503108,Chennai,66,693
CUST002543,41,M,High,100827.06873768423,Mumbai,139,603
CUST002544,40,M,Very High,179435.58489606212,Delhi,2,845
CUST002545,81,F,Medium,40202.68457989049,Delhi,8,649
CUST002546,51,M,Medium,56340.9158305545,Ahmedabad,50,774
CUST002547,24,M,High,124086.69899942825,Hyderabad,28,767
CUST002548,36,M,Low,26643.584998066264,Mumbai,14,599
CUST002549,60,F,Medium,73468.69461898491,Delhi,8,619
CUST002550,76,F,Very High,400812.19644776755,Hyderabad,11,675
CUST002551,21,F,High,104511.30723776229,Bangalore,20,630
CUST002552,18,F,Low,34686.19333217209,Delhi,7,838
CUST002553,73,M,Low,38809.754739384996,Delhi,119,683
CUST002554,50,M,High,86516.7198980112,Kolkata,4,771
CUST002555,31,M,High,101427.27721103319,Chennai,152,741
CUST002556,53,F,High,112432.81573816853,Bangalore,66,721
CUST002557,18,Other,Medium,59919.60511019074,Mumbai,19,703
CUST002558,45,F,Very High,339768.47571012576,Hyderabad,48,798
CUST002559,49,M,Medium,52025.07626154594,Bangalore,40,633
CUST002560,58,M,High,126708.17521876443,Mumbai,8,838
CUST002561,29,M,Medium,65803.38014119319,Delhi,14,597
CUST002562,46,F,Low,31556.430125432278,Pune,25,762
CUST002563,31,M,Very High,189816.6025988068,Kolkata,36,587
CUST002564,48,F,Low,29539.35782191889,Ahmedabad,28,674
CUST002565,31,M,Medium,54249.075499575025,Pune,23,707
CUST002566,38,F,High,114372.6928886686,Ahmedabad,21,661
CUST002567,30,F,Medium,76874.65742060104,Hyderabad,24,685
CUST002568,54,F,High,113637.19402108858,Hyderabad,20,589
CUST002569,57,F,Medium,40559.23167358047,Bangalore,28,621
CUST002570,41,F,Medium,57553.46952336524,Ahmedabad,78,739
CUST002571,45,F,Very High,437226.86301728373,Chennai,36,702
CUST002572,23,F,Low,35601.21846436337,Mumbai,46,644
CUST002573,40,F,High,115937.30514697268,Ahmedabad,32,805
CUST002574,44,Other,Low,24995.380257186305,Kolkata,37,602
CUST002575,84,F,High,112556.20640401816,Ahmedabad,31,671
CUST002576,28,F,Low,31274.044388363833,Ahmedabad,1,659
CUST002577,66,F,Medium,79994.85753096535,Kolkata,240,749
CUST002578,59,M,High,125092.4663118564,Pune,1,703
CUST002579,49,M,Medium,67770.59720250453,Bangalore,18,691
CUST002580,71,F,High,114401.79004976363,Ahmedabad,3,552
CUST002581,50,F,High,104814.26855477708,Chennai,3,769
CUST002582,50,F,High,136906.70885530443,Chennai,56,682
CUST002583,44,M,Very High,323226.31351873267,Chennai,19,709
CUST002584,63,F,Medium,79787.605198581,Hyderabad,58,640
CUST002585,61,F,Low,29142.411485360884,Mumbai,11,627
CUST002586,35,M,Low,21360.00567295155,Mumbai,10,819
CUST002587,25,F,Low,33651.56274180165,Pune,10,558
CUST002588,41,F,Low,20932.829018516222,Ahmedabad,34,615
CUST002589,32,M,Medium,50020.063875388136,Bangalore,60,818
CUST002590,44,F,Low,27074.765055598065,Delhi,21,751
CUST002591,63,F,Low,34789.671712426556,Bangalore,17,673
CUST002592,38,M,Low,29884.718528152254,Ahmedabad,130,799
CUST002593,44,M,High,82005.21519171796,Mumbai,4,735
CUST002594,45,Other,Medium,64673.99405103689,Ahmedabad,24,718
CUST002595,57,M,Medium,56457.4494970665,Pune,18,718
CUST002596,18,M,High,144528.4156976975,Hyderabad,3,737
CUST002597,35,M,Low,29991.246222804708,Ahmedabad,11,740
CUST002598,48,F,Very High,398141.3010787687,Bangalore,1,850
CUST002599,63,F,Medium,48754.73969318187,Pune,75,684
CUST002600,37,F,Low,35219.47129063307,Delhi,33,686
CUST002601,18,M,High,130466.87173385706,Kolkata,60,601
CUST002602,54,F,High,143285.71959789158,Bangalore,26,695
CUST002603,35,M,Medium,41352.86566876797,Ahmedabad,32,849
CUST002604,27,M,High,111325.04883322158,Pune,43,778
CUST002605,35,M,Low,33583.1080547926,Chennai,85,656
CUST002606,42,M,Medium,43806.5560032086,Delhi,3,702
CUST002607,35,F,Low,28212.08134297825,Chennai,14,596
CUST002608,18,F,Low,38842.93206132391,Hyderabad,44,622
CUST002609,58,M,Low,28718.689817822564,Mumbai,114,711
CUST002610,64,F,Very High,494891.674218221,Bangalore,142,660
CUST002611,54,F,Low,21136.781221596393,Pune,36,616
CUST002612,27,F,Medium,68713.19104563566,Bangalore,7,739
CUST002613,41,M,Medium,63240.64944993078,Chennai,4,693
CUST002614,44,F,High,115037.77739924878,Chennai,105,574
CUST002615,53,M,Very High,489796.5905197533,Mumbai,20,533
CUST002616,55,F,High,89075.52803437901,Pune,7,654
CUST002617,33,M,Very High,463599.6330883197,Bangalore,97,572
CUST002618,46,F,High,128386.82877956273,Pune,3,550
CUST002619,51,M,Very High,240648.62565487146,Mumbai,47,790
CUST002620,66,M,High,143116.84019426053,Chennai,35,692
CUST002621,55,F,Low,28585.898357220263,Ahmedabad,3,678
CUST002622,56,F,Medium,72569.09312292283,Kolkata,14,684
CUST002623,46,F,Medium,55553.460681896,Pune,5,608
CUST002624,66,F,Medium,74037.23309732965,Chennai,33,732
CUST002625,51,M,Medium,65465.16473780195,Delhi,23,689
CUST002626,32,F,Medium,45641.86534334908,Chennai,1,639
CUST002627,66,M,Very High,377382.10721433465,Chennai,133,651
CUST002628,55,M,Low,23826.895254037452,Pune,15,601
CUST002629,38,F,High,108834.58395259139,Kolkata,10,667
CUST002630,37,F,High,91920.69089764236,Mumbai,9,680
CUST002631,49,F,Very High,157705.6404834915,Delhi,6,665
CUST002632,51,F,Very High,224160.28880748514,Delhi,240,704
CUST002633,47,F,High,117546.0416606888,Bangalore,12,693
CUST002634,49,M,Medium,59262.43871109384,Kolkata,18,718
CUST002635,70,M,Low,30029.941910721274,Ahmedabad,73,775
CUST002636,61,F,Medium,49907.47513786405,Hyderabad,36,747
CUST002637,47,M,High,127961.28404299304,Bangalore,16,776
CUST002638,59,M,High,129298.43007742421,Bangalore,82,632
CUST002639,29,M,High,105057.74778917659,Ahmedabad,49,659
CUST002640,50,F,Low,37623.40176948349,Bangalore,9,752
CUST002641,72,M,Medium,65760.92866542192,Delhi,37,753
CUST002642,41,F,Medium,68521.57101034527,Mumbai,92,645
CUST002643,32,F,Low,25546.79835877879,Pune,24,748
CUST002644,35,M,Low,20012.232703111742,Ahmedabad,47,624
CUST002645,28,F,Low,37307.51224204219,Chennai,127,738
CUST002646,33,F,High,137569.70692058658,Delhi,42,697
CUST002647,39,F,Medium,44927.67552171321,Chennai,3,589
CUST002648,23,F,Medium,54964.20539825226,Ahmedabad,10,665
CUST002649,45,M,Very High,381468.7579360039,Chennai,32,850
CUST002650,58,F,Medium,66084.43428874912,Hyderabad,11,716
CUST002651,31,M,Low,37207.00669617113,Pune,113,850
CUST002652,67,F,Medium,45610.726465417145,Bangalore,18,584
CUST002653,52,F,Low,28598.794955702375,Hyderabad,21,760
CUST002654,60,F,Low,21944.488358528495,Bangalore,43,497
CUST002655,35,M,Low,27791.904968772564,Delhi,26,699
CUST002656,57,M,Medium,40604.297823508175,Chennai,17,750
CUST002657,28,M,Low,37965.461302202544,Hyderabad,2,767
CUST002658,58,M,Medium,61081.75987314724,Ahmedabad,32,636
CUST002659,47,M,High,139486.15825616475,Ahmedabad,72,783
CUST002660,53,F,Medium,42396.18804013455,Kolkata,41,657
CUST002661,27,M,Very High,229610.33866552223,Delhi,17,686
CUST002662,31,Other,Medium,50375.199808847225,Delhi,4,665
CUST002663,53,M,Medium,55467.65978555152,Ahmedabad,61,609
CUST002664,30,F,High,136200.64606782823,Kolkata,102,825
CUST002665,51,F,Low,27731.157474629854,Bangalore,17,703
CUST002666,24,F,Low,24093.07059292654,Chennai,46,786
CUST002667,57,F,High,84549.3182237138,Bangalore,19,783
CUST002668,26,M,Medium,43179.6699341075,Bangalore,25,622
CUST002669,53,F,High,133203.30441726843,Delhi,65,797
CUST002670,54,M,Very High,305681.04686282156,Ahmedabad,3,740
CUST002671,34,M,Medium,69047.24488000061,Bangalore,27,616
CUST002672,53,F,Medium,67291.4848705479,Mumbai,8,735
CUST002673,48,F,Medium,45414.49847041031,Kolkata,14,618
CUST002674,36,F,Very High,200010.77696729352,Pune,37,828
CUST002675,29,M,High,132873.94108038937,Kolkata,1,765
CUST002676,18,M,Very High,402443.90271989605,Chennai,32,694
CUST002677,50,M,Medium,55121.230674972416,Kolkata,11,801
CUST002678,21,M,High,85419.55843329881,Ahmedabad,39,573
CUST002679,46,M,Medium,40483.92086793809,Bangalore,5,640
CUST002680,41,M,Low,25763.138989234896,Bangalore,47,679
CUST002681,55,M,Very High,153227.79575552943,Hyderabad,37,850
CUST002682,40,F,Low,24601.452422074068,Chennai,127,614
CUST002683,40,M,Very High,296825.2590739685,Chennai,87,563
CUST002684,55,F,Low,22428.315306239085,Kolkata,11,584
CUST002685,50,M,High,87299.44304820824,Bangalore,1,772
CUST002686,49,F,Medium,75857.49742874946,Mumbai,38,652
CUST002687,52,F,Medium,63418.801160915566,Ahmedabad,33,687
CUST002688,21,M,Low,38689.113735255625,Ahmedabad,1,761
CUST002689,56,F,Medium,53833.04655142717,Hyderabad,4,687
CUST002690,54,M,Medium,67085.79749316652,Mumbai,31,716
CUST002691,29,F,High,94328.41722352532,Ahmedabad,87,742
CUST002692,41,M,Low,32366.806345598823,Bangalore,85,665
CUST002693,44,Other,Low,22591.714600199688,Chennai,5,686
CUST002694,42,M,Low,20041.612783525714,Chennai,17,719
CUST002695,50,M,Medium,77261.27205638317,Pune,1,769
CUST002696,66,F,High,118842.60633226465,Ahmedabad,22,636
CUST002697,61,M,High,144885.84639474275,Mumbai,50,458
CUST002698,25,F,Low,26676.63047404144,Pune,56,754
CUST002699,54,M,Medium,53111.44276647027,Pune,24,774
CUST002700,64,F,High,108045.85012411221,Delhi,3,716
CUST002701,50,M,Medium,68241.63935832673,Ahmedabad,17,721
CUST002702,61,F,Medium,62632.345367446964,Ahmedabad,96,654
CUST002703,75,F,Medium,77014.19628396472,Bangalore,9,740
CUST002704,60,M,Low,20508.818022648786,Chennai,13,768
CUST002705,48,M,Low,34163.91875945073,Kolkata,49,704
CUST002706,60,M,Low,26606.553787331086,Delhi,47,850
CUST002707,47,Other,Medium,47209.346072738444,Chennai,87,574
CUST002708,45,M,Low,30207.91245040198,Kolkata,17,713
CUST002709,39,M,Low,30101.275683599917,Chennai,26,606
CUST002710,68,M,Medium,45480.44114753714,Delhi,22,770
CUST002711,32,M,Low,24037.921122657797,Mumbai,94,573
CUST002712,67,F,Low,28163.293298031098,Bangalore,52,593
CUST002713,52,F,Very High,293083.9943373104,Pune,64,649
CUST002714,24,F,Low,26351.162792393694,Delhi,5,721
CUST002715,50,F,High,90398.16060569866,Delhi,56,652
CUST002716,18,F,Medium,40174.94716403918,Pune,20,653
CUST002717,54,M,High,147916.45436996146,Ahmedabad,1,685
CUST002718,58,M,Medium,77739.96918815708,Chennai,2,680
CUST002719,36,F,Low,29673.007583522703,Ahmedabad,40,818
CUST002720,46,F,High,149653.6227292504,Kolkata,16,754
CUST002721,74,F,Medium,66946.17323128972,Pune,72,674
CUST002722,37,M,High,84820.02763252791,Delhi,47,850
CUST002723,29,M,Medium,44708.72796330509,Ahmedabad,1,739
CUST002724,67,M,Very High,470638.7953543732,Bangalore,41,622
CUST002725,74,F,High,124103.65415047399,Pune,7,720
CUST002726,45,F,Very High,445114.2693300729,Pune,19,742
CUST002727,60,F,Medium,75930.78598535378,Mumbai,35,644
CUST002728,65,M,Medium,57917.68045129544,Kolkata,74,615
CUST002729,33,F,High,83396.8166103685,Ahmedabad,21,706
CUST002730,37,M,High,93179.62442281254,Mumbai,59,671
CUST002731,63,M,Very High,173300.1815558523,Ahmedabad,54,818
CUST002732,70,F,Medium,47549.59382794029,Mumbai,19,759
CUST002733,53,M,High,108737.30485191138,Bangalore,25,648
CUST002734,31,M,Low,22363.936210299707,Chennai,43,734
CUST002735,74,F,Medium,46669.32991221373,Kolkata,1,801
CUST002736,37,F,Low,28916.435641433585,Kolkata,79,588
CUST002737,39,M,Medium,53606.838015539586,Ahmedabad,52,618
CUST002738,50,F,Very High,313680.34346581437,Pune,10,699
CUST002739,68,M,Low,28583.44055518124,Bangalore,143,702
CUST002740,57,F,Medium,65779.12103919534,Ahmedabad,7,695
CUST002741,51,F,Medium,77487.58195503417,Kolkata,88,675
CUST002742,51,F,Low,22157.28676888485,Delhi,14,673
CUST002743,45,F,Medium,43970.40597236779,Hyderabad,51,730
CUST002744,53,M,Medium,74112.24444363608,Pune,21,790
CUST002745,18,M,Low,30127.93409304918,Hyderabad,48,661
CUST002746,40,M,High,133648.35164979094,Hyderabad,6,850
CUST002747,48,M,Very High,225397.66626254848,Mumbai,11,850
CUST002748,27,F,Low,36577.25146335104,Ahmedabad,3,806
CUST002749,50,M,Low,38476.93248385392,Kolkata,72,749
CUST002750,41,M,Medium,65419.32062185953,Ahmedabad,12,850
CUST002751,71,M,High,87411.53150316616,Pune,42,676
CUST002752,68,Other,Medium,75811.79256625356,Bangalore,61,633
CUST002753,38,M,Low,35849.754547401426,Kolkata,83,657
CUST002754,42,F,Medium,70035.1110605796,Bangalore,4,619
CUST002755,43,M,Very High,162854.86611707046,Ahmedabad,80,709
CUST002756,38,M,Medium,71958.50101027885,Kolkata,7,723
CUST002757,47,F,Medium,45518.04041873428,Pune,48,716
CUST002758,33,F,Very High,227835.16166891094,Ahmedabad,46,699
CUST002759,28,F,High,120399.43844084803,Pune,1,710
CUST002760,54,F,High,98548.65410418181,Mumbai,8,838
CUST002761,54,M,Medium,66453.92825247679,Pune,24,749
CUST002762,32,M,Very High,362824.6566946786,Delhi,19,773
CUST002763,58,F,High,87570.47186092839,Hyderabad,90,715
CUST002764,35,M,High,125921.02057140545,Hyderabad,16,570
CUST002765,48,F,High,144676.8436877451,Kolkata,99,554
CUST002766,57,F,High,91277.69336300832,Mumbai,22,850
CUST002767,44,M,Medium,63882.4808377155,Hyderabad,120,657
CUST002768,51,F,Medium,53674.614877467764,Kolkata,48,650
CUST002769,37,M,High,112172.81702415227,Pune,63,719
CUST002770,42,M,Medium,51480.00716315879,Chennai,3,744
CUST002771,41,M,Medium,54165.22545390781,Kolkata,31,754
CUST002772,33,F,Low,20578.236465331145,Bangalore,5,841
CUST002773,42,M,High,148708.62165420543,Hyderabad,12,820
CUST002774,21,F,Low,32495.998441454965,Hyderabad,35,635
CUST002775,37,F,High,115049.39133457196,Chennai,46,777
CUST002776,40,F,Medium,55348.61398001307,Pune,1,669
CUST002777,41,F,Low,30787.49117648055,Delhi,27,688
CUST002778,41,M,Medium,55204.23994863216,Ahmedabad,29,612
CUST002779,44,M,Medium,54396.31709974693,Kolkata,2,564
CUST002780,52,M,Medium,58557.86166888052,Delhi,25,697
CUST002781,58,F,Medium,51039.32134684763,Kolkata,45,623
CUST002782,35,Other,Low,23600.99799933571,Chennai,1,774
CUST002783,26,F,Very High,344812.0643631027,Delhi,51,677
CUST002784,29,F,Low,36855.30872300602,Mumbai,30,724
CUST002785,37,F,High,90697.97244081246,Chennai,64,809
CUST002786,39,M,Medium,41309.373624168744,Pune,8,581
CUST002787,33,F,Medium,49872.46980616145,Ahmedabad,64,642
CUST002788,25,F,Medium,79188.82573815243,Kolkata,3,714
CUST002789,38,M,High,138013.06516203374,Bangalore,18,725
CUST002790,47,Other,High,121710.62374700175,Pune,8,788
CUST002791,53,M,High,145047.4240670195,Pune,75,769
CUST002792,36,F,Low,28905.58233674489,Bangalore,43,707
CUST002793,38,F,High,148829.6421802622,Bangalore,1,724
CUST002794,31,F,Medium,51852.08180477136,Kolkata,1,726
CUST002795,44,M,Low,24806.114990318783,Pune,12,582
CUST002796,32,F,Medium,65521.92804588044,Hyderabad,5,687
CUST002797,53,F,Medium,55126.15871801441,Chennai,35,719
CUST002798,18,M,Medium,65054.62167905031,Chennai,39,736
CUST002799,39,F,High,101349.68628118801,Ahmedabad,102,626
CUST002800,49,F,Medium,64716.73027351964,Delhi,109,598
CUST002801,47,F,Medium,51029.850423401454,Chennai,38,681
CUST002802,85,M,Low,21019.4413763778,Ahmedabad,1,850
CUST002803,50,F,High,143849.51313462283,Ahmedabad,16,634
CUST002804,29,F,Medium,75328.20807493848,Pune,25,793
CUST002805,43,M,Medium,78831.92597090689,Chennai,24,826
CUST002806,18,M,High,130156.90233549834,Pune,33,703
CUST002807,43,Other,Medium,67308.84710941212,Delhi,116,645
CUST002808,32,F,Medium,62360.122802993224,Chennai,77,741
CUST002809,58,F,Medium,45037.69665410091,Chennai,4,715
CUST002810,36,M,Medium,47569.4124379708,Ahmedabad,11,631
CUST002811,43,M,High,100262.87820707753,Mumbai,64,647
CUST002812,35,M,Medium,75606.25450293577,Kolkata,62,736
CUST002813,71,M,Low,23459.390492061502,Delhi,11,774
CUST002814,40,F,Low,38457.463489757814,Mumbai,47,674
CUST002815,72,F,Medium,60911.42932205669,Hyderabad,40,694
CUST002816,57,F,High,130089.87448311505,Delhi,23,753
CUST002817,52,M,Medium,44409.77946722266,Pune,8,686
CUST002818,50,F,Low,25380.670975518216,Kolkata,79,676
CUST002819,50,M,High,147096.30257269985,Chennai,40,639
CUST002820,18,M,High,98630.4962850812,Pune,6,638
CUST002821,40,F,High,100756.52042738022,Chennai,43,850
CUST002822,57,F,Medium,47903.89539364318,Mumbai,48,684
CUST002823,44,F,High,89035.15657147806,Mumbai,78,809
CUST002824,23,M,Low,24665.15282907996,Hyderabad,9,834
CUST002825,44,F,Low,32846.53783901597,Hyderabad,161,685
CUST002826,70,F,Low,29107.35467007127,Kolkata,5,729
CUST002827,63,F,High,118762.9085436529,Chennai,33,708
CUST002828,44,M,Low,22447.296575320484,Pune,38,571
CUST002829,59,Other,Medium,72084.65788651601,Bangalore,19,575
CUST002830,39,F,Medium,71363.78802319392,Pune,23,703
CUST002831,19,F,Medium,40863.596445707015,Ahmedabad,79,666
CUST002832,31,M,High,106846.05661572135,Hyderabad,37,850
CUST002833,68,M,Low,21375.412039422958,Chennai,24,681
CUST002834,40,M,Medium,71684.23117659832,Pune,4,850
CUST002835,41,M,High,131608.87781879932,Pune,1,661
CUST002836,40,F,Low,38039.76188586312,Hyderabad,4,850
CUST002837,73,M,High,96548.27712671802,Ahmedabad,112,740
CUST002838,69,M,High,111940.71181894591,Pune,51,745
CUST002839,78,M,Very High,214570.7570075392,Pune,122,659
CUST002840,42,M,High,105986.44541318837,Delhi,1,746
CUST002841,49,M,Medium,60889.73006267536,Ahmedabad,41,835
CUST002842,22,F,Medium,42133.23159354356,Mumbai,1,688
CUST002843,67,F,Low,34297.40821354771,Chennai,54,672
CUST002844,27,M,Medium,61731.73441484301,Pune,17,680
CUST002845,48,M,Low,36579.18034421347,Hyderabad,3,829
CUST002846,28,M,Medium,50871.22004764789,Mumbai,30,768
CUST002847,36,M,High,143232.47736884782,Ahmedabad,11,815
CUST002848,32,F,Medium,79947.77012121773,Pune,38,725
CUST002849,35,F,Medium,76771.93753510698,Pune,38,703
CUST002850,36,F,Medium,71115.69903332616,Bangalore,43,733
CUST002851,36,F,Medium,72494.75211495123,Hyderabad,175,785
CUST002852,57,M,Very High,350810.48489060526,Chennai,17,680
CUST002853,28,F,Medium,47606.15451650442,Delhi,22,809
CUST002854,48,F,Medium,67081.62740590869,Mumbai,58,729
CUST002855,63,F,Medium,68510.12008239726,Ahmedabad,31,507
CUST002856,37,M,Low,39707.702805358116,Mumbai,1,770
CUST002857,34,F,Medium,61652.052650252874,Delhi,66,598
CUST002858,41,F,High,98995.83105175395,Chennai,1,768
CUST002859,62,F,Low,33673.45043479014,Kolkata,6,772
CUST002860,47,M,Low,39587.51639332909,Ahmedabad,3,726
CUST002861,37,F,Low,23544.278165381882,Bangalore,2,743
CUST002862,52,F,High,102819.85429749219,Kolkata,1,787
CUST002863,28,F,High,117931.66676408768,Ahmedabad,2,660
CUST002864,55,F,Medium,46808.58539528019,Pune,21,763
CUST002865,51,F,Medium,40888.82558079754,Delhi,10,793
CUST002866,40,M,High,103588.81857088754,Bangalore,4,840
CUST002867,32,F,High,140575.95610507406,Chennai,38,611
CUST002868,31,M,High,83042.78795266004,Hyderabad,9,732
CUST002869,53,F,High,110025.03413118422,Hyderabad,1,623
CUST002870,63,M,Medium,70488.0309170433,Ahmedabad,19,619
CUST002871,35,F,Medium,78127.30387643541,Ahmedabad,13,728
CUST002872,51,F,High,148983.27793031026,Kolkata,13,706
CUST002873,18,F,Very High,297689.2832130596,Chennai,21,791
CUST002874,36,F,Low,39007.68588758235,Bangalore,39,672
CUST002875,44,F,Low,20708.379465617276,Ahmedabad,34,689
CUST002876,31,F,Very High,411070.92829949467,Ahmedabad,99,716
CUST002877,30,M,Medium,65709.84138534451,Kolkata,26,631
CUST002878,34,M,High,97466.53003103066,Delhi,23,642
CUST002879,49,M,Medium,60292.74002718595,Kolkata,8,789
CUST002880,42,M,Low,22591.074755209913,Chennai,50,656
CUST002881,18,F,Low,37431.94301903122,Pune,5,794
CUST002882,18,F,Low,27157.961710912958,Chennai,24,748
CUST002883,35,F,Low,32520.88940931433,Hyderabad,19,576
CUST002884,51,M,Medium,46351.05145149049,Delhi,38,742
CUST002885,18,M,High,94431.53912418449,Hyderabad,89,741
CUST002886,37,F,Very High,497184.7297811032,Bangalore,105,733
CUST002887,37,F,Medium,70123.45577765317,Bangalore,6,688
CUST002888,65,M,Medium,78478.87479096283,Mumbai,10,624
CUST002889,39,F,Medium,51834.04660848177,Chennai,60,807
CUST002890,50,F,Medium,46582.51506479282,Delhi,26,691
CUST002891,47,M,Medium,60122.73853915324,Delhi,21,629
CUST002892,18,F,Low,29893.365644546866,Hyderabad,44,736
CUST002893,56,M,Low,23498.930275159757,Kolkata,33,640
CUST002894,48,F,Low,34664.3913916282,Kolkata,127,624
CUST002895,52,M,Low,27235.55068877468,Hyderabad,31,669
CUST002896,85,M,High,93045.5661651362,Pune,22,646
CUST002897,18,F,Low,26639.667890865767,Kolkata,28,627
CUST002898,70,M,High,119456.10897445105,Delhi,59,764
CUST002899,40,F,Very High,404264.8262631551,Ahmedabad,34,690
CUST002900,49,M,Very High,318661.8101201196,Ahmedabad,37,800
CUST002901,44,M,Very High,333958.24643993075,Ahmedabad,128,631
CUST002902,38,M,Medium,45557.83743770994,Hyderabad,34,561
CUST002903,36,F,Medium,76587.6369883293,Ahmedabad,17,711
CUST002904,49,F,Low,38574.48395984089,Kolkata,42,848
CUST002905,22,M,High,127839.86132926025,Mumbai,38,742
CUST002906,56,F,High,81234.19862538173,Chennai,1,850
CUST002907,38,F,High,117595.19511323282,Mumbai,22,726
CUST002908,28,F,Medium,65168.75888354454,Kolkata,48,718
CUST002909,38,F,High,149625.7956070677,Bangalore,24,527
CUST002910,63,F,Low,39921.33910389594,Delhi,54,734
CUST002911,36,F,Low,37152.224706511144,Mumbai,21,713
CUST002912,50,M,High,84468.16944182795,Mumbai,147,667
CUST002913,34,M,Medium,78131.0556311492,Hyderabad,12,689
CUST002914,56,M,Very High,364431.4365031997,Hyderabad,3,694
CUST002915,55,M,Low,36017.73540958359,Hyderabad,20,685
CUST002916,72,F,High,108503.49947800975,Kolkata,28,850
CUST002917,42,M,Medium,52786.77884938359,Pune,15,670
CUST002918,55,M,High,112427.09018386656,Pune,9,713
CUST002919,46,F,High,90281.21590781788,Ahmedabad,40,667
CUST002920,64,M,Very High,274973.14856365713,Bangalore,17,762
CUST002921,34,M,Medium,74304.69999073114,Mumbai,35,714
CUST002922,56,M,Very High,163282.6701913085,Chennai,54,677
CUST002923,42,F,Low,23017.56093649209,Ahmedabad,51,545
CUST002924,44,M,Low,22502.323192989712,Ahmedabad,16,719
CUST002925,46,M,Medium,56123.021708009124,Hyderabad,30,675
CUST002926,48,F,High,149789.08306236033,Bangalore,21,695
CUST002927,43,F,Medium,46934.31720845531,Kolkata,73,605
CUST002928,48,F,High,90183.78547194821,Ahmedabad,75,814
CUST002929,68,F,High,144053.9010843308,Bangalore,15,768
CUST002930,59,M,Low,37641.01033931931,Hyderabad,3,814
CUST002931,58,M,Very High,161284.12949879406,Delhi,6,791
CUST002932,38,M,Low,35034.1192035863,Ahmedabad,16,747
CUST002933,31,M,High,125882.59910335008,Mumbai,29,608
CUST002934,59,M,Medium,70709.63239410837,Hyderabad,38,847
CUST002935,58,M,Medium,59780.098191836885,Chennai,14,625
CUST002936,67,F,Medium,79655.16873793182,Mumbai,39,678
CUST002937,35,F,Low,20876.940374219263,Bangalore,99,756
CUST002938,41,M,Medium,49374.86345615223,Pune,38,760
CUST002939,20,F,Low,27930.9197394723,Chennai,6,745
CUST002940,39,M,Low,28995.55883131406,Mumbai,31,667
CUST002941,59,M,Low,38427.34805399037,Ahmedabad,28,651
CUST002942,38,F,Medium,62400.17456309035,Ahmedabad,73,850
CUST002943,54,M,High,83157.76968642758,Chennai,15,696
CUST002944,42,M,Medium,56314.51853702647,Bangalore,19,687
CUST002945,49,M,High,109154.32886583489,Ahmedabad,32,642
CUST002946,27,F,Medium,78619.63753751139,Ahmedabad,26,719
CUST002947,46,F,High,121943.79637147757,Hyderabad,45,715
CUST002948,18,M,High,124495.57498112571,Pune,1,698
CUST002949,42,F,Medium,68530.12125005084,Chennai,29,730
CUST002950,20,F,High,133902.75209774863,Hyderabad,4,841
CUST002951,63,F,Low,32701.02140404978,Pune,13,652
CUST002952,56,F,High,96603.60457937549,Bangalore,39,703
CUST002953,52,M,High,141183.2140038815,Pune,6,648
CUST002954,67,M,Low,34642.3960082126,Bangalore,13,723
CUST002955,30,F,High,131930.9339567869,Ahmedabad,43,654
CUST002956,71,F,Low,39931.13478469498,Chennai,37,657
CUST002957,58,F,Low,36050.53069726632,Chennai,3,583
CUST002958,41,F,Low,36583.02806310306,Bangalore,30,707
CUST002959,62,F,High,146598.3860997111,Chennai,5,734
CUST002960,28,F,High,90579.37998942257,Ahmedabad,10,848
CUST002961,32,F,High,114840.91635346475,Chennai,22,737
CUST002962,35,F,Low,31611.340471815754,Chennai,4,664
CUST002963,37,F,Medium,53171.029168898305,Kolkata,182,591
CUST002964,29,M,High,138758.2340726154,Chennai,6,602
CUST002965,63,M,Low,35248.392432914465,Mumbai,54,596
CUST002966,41,F,Medium,68835.32298032497,Bangalore,63,850
CUST002967,50,F,Low,39942.988795163335,Bangalore,187,723
CUST002968,36,F,Low,25187.62746816781,Delhi,20,653
CUST002969,18,F,Medium,69418.29006701685,Hyderabad,74,623
CUST002970,49,M,High,118598.31324341305,Delhi,113,631
CUST002971,18,M,Low,26259.78364987752,Chennai,6,651
CUST002972,43,F,Low,23211.737414462517,Chennai,23,805
CUST002973,24,M,Low,37917.676741350944,Ahmedabad,2,697
CUST002974,74,M,Low,31909.109654156906,Ahmedabad,34,584
CUST002975,58,M,Low,36498.676752815896,Pune,31,850
CUST002976,46,M,Medium,61813.79936006179,Mumbai,8,608
CUST002977,63,F,High,95398.39564578136,Mumbai,57,652
CUST002978,32,M,Medium,53501.95252401301,Mumbai,1,804
CUST002979,53,F,High,106707.71897314826,Mumbai,59,733
CUST002980,47,M,High,148105.43687525915,Mumbai,1,662
CUST002981,48,F,Low,20112.66556762765,Mumbai,38,601
CUST002982,64,M,Low,39713.32046049014,Mumbai,2,622
CUST002983,55,F,High,148632.31445768813,Mumbai,10,627
CUST002984,49,F,Low,39923.01581060273,Pune,46,700
CUST002985,20,M,Low,29531.763578392696,Kolkata,11,715
CUST002986,30,F,Low,39276.17939241999,Mumbai,25,688
CUST002987,43,F,Medium,55823.9672739931,Bangalore,88,696
CUST002988,46,M,Medium,41051.77762673547,Mumbai,1,615
CUST002989,28,M,Very High,228521.5152301176,Hyderabad,59,723
CUST002990,81,F,High,146170.7371456169,Mumbai,2,802
CUST002991,67,F,Medium,40550.587733415996,Kolkata,4,686
CUST002992,54,M,Medium,61839.76541691901,Pune,4,685
CUST002993,46,M,Medium,43024.063555787165,Ahmedabad,184,706
CUST002994,41,F,Low,25727.93156855157,Ahmedabad,7,789
CUST002995,30,F,Low,21761.857014237732,Chennai,81,628
CUST002996,46,F,Low,37190.57242226113,Kolkata,169,816
CUST002997,48,M,Low,31821.414192954115,Kolkata,17,733
CUST002998,26,F,Low,38042.12931436626,Chennai,35,702
CUST002999,50,M,Medium,67534.12798160914,Mumbai,54,797
CUST003000,42,M,Very High,489860.1959357849,Pune,17,605
CUST003001,18,F,Medium,60395.10619041626,Pune,6,741
CUST003002,32,Other,Very High,373548.7036170061,Mumbai,20,734
CUST003003,38,M,Medium,63052.35279556226,Chennai,53,625
CUST003004,73,M,Medium,59370.41717786451,Hyderabad,54,736
CUST003005,53,F,Medium,73838.37461692051,Delhi,9,722
CUST003006,24,F,Low,32890.5027134072,Bangalore,6,685
CUST003007,52,F,Low,36026.24529710945,Chennai,91,769
CUST003008,21,F,Very High,425227.3778108446,Mumbai,1,654
CUST003009,61,M,Very High,216865.80622935336,Bangalore,47,721
CUST003010,37,Other,Low,33003.270650352875,Ahmedabad,1,689
CUST003011,43,F,Low,23992.960383626683,Ahmedabad,65,650
CUST003012,64,F,Medium,63332.81912975083,Mumbai,84,740
CUST003013,25,F,Low,33548.69368892601,Delhi,12,683
CUST003014,24,F,Medium,79889.40286350346,Delhi,2,582
CUST003015,36,M,Low,20610.839562994766,Chennai,23,555
CUST003016,60,M,Medium,43649.69576454884,Bangalore,12,763
CUST003017,22,F,Medium,43081.06785484926,Kolkata,19,602
CUST003018,18,M,Medium,55934.4514506696,Pune,39,722
CUST003019,38,M,Low,36431.76722971628,Pune,8,704
CUST003020,53,F,Medium,73762.25331148543,Bangalore,15,670
CUST003021,63,F,Very High,407942.8585024031,Ahmedabad,54,850
CUST003022,38,M,Medium,75875.12967319791,Kolkata,37,714
CUST003023,38,F,High,102600.19609186167,Ahmedabad,14,760
CUST003024,62,F,High,86170.82509766094,Delhi,39,722
CUST003025,18,F,Very High,170353.55979644755,Mumbai,52,681
CUST003026,39,F,High,139649.29037335704,Pune,32,698
CUST003027,47,M,High,131130.5406047584,Kolkata,9,816
CUST003028,51,M,High,128903.07142077846,Kolkata,1,787
CUST003029,37,M,Low,26793.526770913377,Chennai,58,850
CUST003030,45,F,Medium,55196.20754472905,Hyderabad,62,717
CUST003031,18,F,Very High,485339.73511476174,Delhi,43,629
CUST003032,35,F,High,84466.33208685546,Kolkata,2,664
CUST003033,51,F,Very High,420806.1079282274,Ahmedabad,31,604
CUST003034,30,F,High,101674.33265958753,Ahmedabad,61,761
CUST003035,45,F,High,82733.82328887892,Delhi,17,653
CUST003036,51,M,High,131979.9077519719,Ahmedabad,7,455
CUST003037,39,M,High,103163.83199748622,Chennai,31,850
CUST003038,47,F,Medium,68885.90074971186,Mumbai,63,654
CUST003039,30,M,Very High,397679.034091342,Bangalore,1,653
CUST003040,41,M,High,117435.08128031806,Delhi,32,833
CUST003041,54,F,High,134416.1190447384,Chennai,37,603
CUST003042,47,M,High,120672.68269198705,Chennai,33,790
CUST003043,36,F,Medium,51465.474113930424,Chennai,37,653
CUST003044,48,M,Low,34682.30602128838,Pune,35,594
CUST003045,55,M,Very High,356198.93555720325,Ahmedabad,5,836
CUST003046,18,M,Medium,40509.09126759682,Pune,9,773
CUST003047,62,F,Medium,76065.76711081238,Pune,34,773
CUST003048,39,M,Low,30912.87236648627,Bangalore,1,729
CUST003049,51,F,High,140803.90858356722,Pune,36,747
CUST003050,62,F,High,141791.57872875713,Delhi,39,601
CUST003051,24,F,High,111147.6659714562,Kolkata,9,708
CUST003052,34,M,Medium,60306.39985804923,Chennai,32,625
CUST003053,40,M,Medium,56630.175507024076,Bangalore,27,588
CUST003054,33,F,Medium,57977.471012321825,Pune,10,732
CUST003055,71,F,Low,37902.94317943456,Mumbai,22,792
CUST003056,32,Other,High,135170.08097775377,Hyderabad,86,669
CUST003057,36,M,Low,22530.51352631156,Delhi,20,683
CUST003058,48,F,Medium,64412.31126160384,Bangalore,35,608
CUST003059,26,M,Medium,79836.26561545368,Hyderabad,1,700
CUST003060,39,M,Medium,63822.028049299435,Hyderabad,2,760
CUST003061,49,M,Very High,425055.06895758695,Pune,3,763
CUST003062,40,M,Low,35381.229467623416,Bangalore,54,743
CUST003063,43,F,High,104522.226811063,Ahmedabad,15,650
CUST003064,37,M,Low,27436.986054079178,Kolkata,9,647
CUST003065,22,F,Low,34481.52843580807,Kolkata,49,763
CUST003066,49,M,Medium,59999.341264193405,Bangalore,6,764
CUST003067,71,F,Low,31411.41418260776,Bangalore,10,686
CUST003068,45,M,High,129903.40532553862,Chennai,20,665
CUST003069,48,M,Medium,71103.001081562,Mumbai,14,793
CUST003070,55,M,Low,25430.33155466143,Kolkata,31,671
CUST003071,25,M,Low,22935.875188739257,Chennai,14,759
CUST003072,70,F,Medium,51671.78586894901,Ahmedabad,17,689
CUST003073,48,M,High,115527.68275644528,Hyderabad,71,616
CUST003074,69,F,Medium,53685.652691881565,Hyderabad,77,828
CUST003075,34,M,Medium,62734.51035390375,Hyderabad,63,709
CUST003076,72,F,High,83742.60068879399,Bangalore,72,643
CUST003077,56,F,Medium,60390.01646455069,Ahmedabad,30,588
CUST003078,53,M,Low,27359.69813875416,Delhi,37,596
CUST003079,48,M,Medium,61386.6701957153,Chennai,29,670
CUST003080,41,M,Medium,56901.334195399075,Delhi,55,850
CUST003081,63,F,High,99895.80954462798,Pune,28,653
CUST003082,47,M,Medium,76164.31621830544,Mumbai,4,815
CUST003083,18,F,Very High,214667.7459474749,Mumbai,59,689
CUST003084,28,F,Low,33627.311511611195,Chennai,51,605
CUST003085,42,F,Very High,473625.64940384496,Hyderabad,61,662
CUST003086,49,F,Medium,61546.79838741732,Pune,7,597
CUST003087,44,F,High,141348.59420056373,Kolkata,11,631
CUST003088,63,M,Low,22497.029568665686,Ahmedabad,12,629
CUST003089,18,F,Medium,59751.550810256325,Mumbai,25,547
CUST003090,47,F,High,111991.76963366575,Delhi,5,821
CUST003091,18,M,High,80568.31649258964,Delhi,17,716
CUST003092,56,F,Low,28865.14682718669,Kolkata,7,645
CUST003093,43,M,Medium,54761.19025530391,Bangalore,11,717
CUST003094,51,F,Low,33395.97455549231,Hyderabad,44,633
CUST003095,32,F,Very High,478415.4225017815,Bangalore,69,486
CUST003096,64,M,High,86005.37617834256,Chennai,1,850
CUST003097,60,F,Low,26549.52773429246,Mumbai,30,715
CUST003098,53,M,High,111084.53161759763,Kolkata,1,652
CUST003099,43,M,Very High,309314.88231203414,Kolkata,3,545
CUST003100,53,M,Medium,70992.38883369014,Kolkata,43,580
CUST003101,34,F,High,111037.69660834086,Bangalore,47,832
CUST003102,57,M,Medium,41086.45205814613,Ahmedabad,60,820
CUST003103,69,M,High,129707.28662149819,Bangalore,23,760
CUST003104,61,F,Medium,75393.18780582686,Chennai,70,610
CUST003105,34,M,Medium,60556.188501986915,Delhi,6,820
CUST003106,50,M,Medium,63244.34086794021,Delhi,10,735
CUST003107,25,M,Low,23258.728779380923,Pune,5,752
CUST003108,53,M,High,95445.21612752699,Chennai,57,735
CUST003109,51,M,Medium,49406.80956498447,Ahmedabad,9,579
CUST003110,18,M,Medium,57229.678995251816,Kolkata,6,604
CUST003111,27,Other,High,144970.16546269495,Delhi,35,659
CUST003112,40,F,Medium,60871.39066859544,Chennai,2,751
CUST003113,40,M,Medium,47683.90580805411,Delhi,1,589
CUST003114,26,M,Very High,243130.7075541324,Ahmedabad,4,685
CUST003115,50,M,High,106881.0520809029,Pune,1,685
CUST003116,48,F,Low,32465.17951385599,Chennai,42,763
CUST003117,42,M,Medium,57601.326120160214,Delhi,29,753
CUST003118,33,M,Very High,287355.6954619237,Kolkata,8,619
CUST003119,60,F,Medium,62589.14401595979,Ahmedabad,9,815
CUST003120,69,M,Medium,49673.39979817862,Bangalore,59,606
CUST003121,37,M,Low,21578.065451691644,Ahmedabad,25,787
CUST003122,35,F,Low,20488.286296444443,Bangalore,43,655
CUST003123,52,F,High,97588.14144269889,Ahmedabad,21,713
CUST003124,39,M,High,86411.4423901128,Pune,9,718
CUST003125,42,F,Very High,267719.2234822684,Kolkata,126,715
CUST003126,56,M,High,134105.3478251829,Delhi,30,753
CUST003127,18,F,Low,34325.886609736765,Kolkata,5,731
CUST003128,64,F,Low,32218.552455760575,Chennai,18,762
CUST003129,46,F,Very High,448375.0853578176,Bangalore,14,737
CUST003130,38,F,Medium,51282.704981771065,Mumbai,8,598
CUST003131,43,F,Medium,75402.15012119862,Pune,97,721
CUST003132,44,F,Very High,289733.70938421274,Delhi,76,654
CUST003133,19,F,Medium,56035.73273066506,Mumbai,7,611
CUST003134,67,M,Low,28107.03227251043,Mumbai,15,676
CUST003135,45,M,High,86866.6056368687,Ahmedabad,51,714
CUST003136,51,F,Very High,491421.6744158695,Pune,8,719
CUST003137,59,F,Low,22770.135556503184,Hyderabad,32,784
CUST003138,29,M,High,103862.00071284291,Mumbai,43,804
CUST003139,52,F,Medium,52772.01281307029,Mumbai,38,726
CUST003140,40,F,Medium,42987.177312668384,Kolkata,44,741
CUST003141,57,Other,Very High,203291.04553915682,Hyderabad,44,707
CUST003142,18,F,Very High,165700.41766488503,Hyderabad,120,761
CUST003143,43,M,Medium,51696.179742420536,Hyderabad,15,738
CUST003144,35,M,Low,37333.13848057813,Pune,75,695
CUST003145,51,M,Low,26788.84411474769,Chennai,1,850
CUST003146,52,M,Medium,44947.67328269517,Hyderabad,12,656
CUST003147,34,F,Low,32913.87736767836,Kolkata,1,816
CUST003148,34,F,Medium,79864.03648219642,Chennai,37,591
CUST003149,43,F,Low,24646.47579063855,Delhi,3,765
CUST003150,31,F,Medium,51182.840214822776,Chennai,67,814
CUST003151,57,M,Low,39436.94108561577,Delhi,37,547
CUST003152,39,M,High,92514.3401285341,Hyderabad,1,711
CUST003153,18,M,Low,30224.28134918328,Hyderabad,45,757
CUST003154,39,M,Medium,49586.0853206438,Delhi,71,720
CUST003155,29,F,High,145264.63285308707,Bangalore,38,730
CUST003156,20,M,High,148706.47102034057,Kolkata,1,710
CUST003157,26,M,Low,36293.956922400306,Chennai,70,612
CUST003158,46,M,Low,26295.676316256213,Kolkata,47,850
CUST003159,64,F,High,108244.12326963535,Kolkata,17,659
CUST003160,49,M,Medium,49692.22734665686,Mumbai,14,734
CUST003161,35,F,High,142353.0576906294,Hyderabad,23,648
CUST003162,51,M,Medium,76582.33110752632,Chennai,72,517
CUST003163,38,F,Medium,56754.826489841886,Kolkata,10,626
CUST003164,34,M,Medium,66261.32279612008,Chennai,3,584
CUST003165,27,F,High,91588.72258422857,Kolkata,71,787
CUST003166,18,F,Very High,302227.5651271931,Hyderabad,1,651
CUST003167,39,F,Low,32629.98213346995,Kolkata,87,658
CUST003168,47,F,Medium,55416.124740720785,Delhi,13,614
CUST003169,43,M,Low,27151.990513729197,Hyderabad,25,707
CUST003170,38,M,Medium,40039.95969067771,Chennai,5,642
CUST003171,30,M,High,136300.542464398,Pune,83,779
CUST003172,54,F,Medium,75573.50448085793,Bangalore,49,724
CUST003173,25,M,Very High,489312.23534104123,Kolkata,92,654
CUST003174,56,M,Medium,68770.85540276862,Delhi,41,768
CUST003175,29,F,Very High,342077.30932945956,Hyderabad,7,700
CUST003176,33,F,High,98849.91638660966,Mumbai,13,701
CUST003177,22,M,Low,39985.98951926997,Pune,24,582
CUST003178,37,F,Low,31795.057090642113,Pune,33,694
CUST003179,59,F,Medium,67246.16289321784,Hyderabad,93,725
CUST003180,52,M,Low,33648.12323910635,Ahmedabad,17,806
CUST003181,59,M,Medium,73810.07183028726,Pune,43,639
CUST003182,52,F,Medium,40386.90155387677,Chennai,116,850
CUST003183,28,F,Very High,227086.42915098014,Chennai,5,744
CUST003184,40,M,Medium,66621.36000680056,Mumbai,71,578
CUST003185,33,M,High,142660.20157771974,Delhi,19,632
CUST003186,64,F,Very High,389868.5736724747,Chennai,47,813
CUST003187,27,F,High,108944.3904045576,Delhi,12,799
CUST003188,58,F,Low,27231.109917405232,Delhi,14,701
CUST003189,58,M,Medium,69517.92033133282,Hyderabad,1,711
CUST003190,72,M,Medium,69649.50788548774,Delhi,127,606
CUST003191,38,F,Medium,64282.319700227614,Kolkata,60,805
CUST003192,55,M,Medium,51658.68096389348,Ahmedabad,3,620
CUST003193,79,Other,High,144760.83728733804,Chennai,240,767
CUST003194,35,F,Medium,62075.197684745566,Chennai,33,808
CUST003195,21,M,Medium,71619.69424993322,Bangalore,69,703
CUST003196,18,F,Very High,225007.89175664107,Pune,2,777
CUST003197,55,M,Low,26880.815772294558,Delhi,17,847
CUST003198,18,F,Medium,74983.18065549369,Bangalore,39,721
CUST003199,39,M,High,83507.49209579779,Hyderabad,4,685
CUST003200,51,M,Low,30246.30622513324,Bangalore,24,694
CUST003201,47,F,Medium,59268.219193760364,Pune,21,640
CUST003202,51,F,Low,35024.60377816165,Delhi,8,638
CUST003203,48,M,High,99732.56394195327,Ahmedabad,12,735
CUST003204,64,F,Medium,48762.67287438398,Pune,122,686
CUST003205,30,M,Medium,77045.31355092935,Chennai,12,726
CUST003206,34,M,Medium,62868.38607833859,Ahmedabad,8,580
CUST003207,33,M,Low,22093.79136567309,Hyderabad,27,692
CUST003208,57,M,Medium,47721.446488572845,Delhi,40,782
CUST003209,58,M,Medium,79953.04238056994,Ahmedabad,46,610
CUST003210,51,M,Medium,47824.3598500877,Ahmedabad,50,701
CUST003211,62,M,Medium,64419.02045414715,Ahmedabad,1,551
CUST003212,27,M,Medium,56805.123159824725,Ahmedabad,18,595
CUST003213,70,M,Medium,75423.9637939934,Ahmedabad,53,764
CUST003214,67,F,High,132861.80146067293,Ahmedabad,84,675
CUST003215,56,M,Medium,63878.055850472636,Hyderabad,33,845
CUST003216,71,F,Low,20214.77963595965,Mumbai,1,734
CUST003217,20,F,High,141585.66452454217,Ahmedabad,18,742
CUST003218,37,F,High,111126.72295871013,Delhi,2,613
CUST003219,33,F,Medium,77263.10612074306,Mumbai,49,669
CUST003220,55,F,Medium,59821.56051416805,Ahmedabad,2,641
CUST003221,29,M,Medium,67768.97956730903,Bangalore,7,614
CUST003222,56,F,Medium,42771.70597866568,Delhi,19,753
CUST003223,65,F,High,132160.615746875,Mumbai,22,769
CUST003224,55,F,Low,26759.920626238458,Kolkata,18,731
CUST003225,49,F,High,104595.13100322465,Chennai,22,633
CUST003226,30,M,Low,22373.1168941878,Bangalore,44,726
CUST003227,32,F,Medium,45874.28594560809,Delhi,16,546
CUST003228,63,F,High,93003.1339344347,Delhi,28,805
CUST003229,56,M,Medium,53128.24674285689,Chennai,13,596
CUST003230,44,M,Low,37839.398255512104,Chennai,15,610
CUST003231,38,F,Very High,278891.08338052814,Pune,34,709
CUST003232,18,F,High,130705.38945942529,Ahmedabad,24,716
CUST003233,28,F,High,85792.325272291,Mumbai,46,694
CUST003234,73,F,Medium,63643.9519708797,Mumbai,29,611
CUST003235,25,M,Low,29637.82462540879,Mumbai,58,790
CUST003236,47,M,Very High,492285.2814340766,Pune,21,565
CUST003237,60,M,Medium,73848.31079515853,Ahmedabad,24,581
CUST003238,26,M,High,111838.08407070549,Hyderabad,39,691
CUST003239,47,M,Medium,71005.71056181355,Bangalore,9,598
CUST003240,59,M,Medium,47721.5496517511,Ahmedabad,17,797
CUST003241,45,F,Very High,346817.7145871223,Delhi,35,605
CUST003242,85,F,Medium,42984.76222274833,Bangalore,1,824
CUST003243,19,M,Low,26961.78064503366,Chennai,20,782
CUST003244,60,M,Low,24517.243632443406,Ahmedabad,32,798
CUST003245,42,M,Medium,68756.39261300844,Kolkata,123,850
CUST003246,56,F,Low,29801.81382428723,Bangalore,75,706
CUST003247,51,M,Medium,70042.81915392043,Bangalore,11,618
CUST003248,34,M,Medium,60611.81750525782,Mumbai,25,691
CUST003249,48,F,High,86053.91095061469,Chennai,2,654
CUST003250,18,F,Medium,69414.70598930107,Bangalore,9,643
CUST003251,54,M,Very High,441630.24239573197,Delhi,53,712
CUST003252,49,M,Low,38070.62451825585,Mumbai,4,675
CUST003253,54,M,Medium,62879.67781226833,Pune,10,639
CUST003254,60,F,Low,35071.7071799899,Bangalore,103,680
CUST003255,50,F,High,132643.1035817839,Chennai,62,743
CUST003256,47,M,Very High,204512.41592963052,Ahmedabad,54,776
CUST003257,31,F,High,91495.44812216995,Kolkata,71,571
CUST003258,34,M,Medium,42835.420232365046,Ahmedabad,49,675
CUST003259,62,M,Medium,52796.54540561206,Ahmedabad,4,688
CUST003260,66,M,High,113145.60114187452,Delhi,26,605
CUST003261,41,F,Very High,499264.2484639759,Kolkata,21,690
CUST003262,45,M,Very High,300847.66972385935,Chennai,13,711
CUST003263,31,M,Medium,69049.70354029484,Chennai,64,741
CUST003264,62,M,Very High,392688.9591953871,Chennai,22,706
CUST003265,54,M,Low,24089.63900501159,Kolkata,2,629
CUST003266,74,F,Medium,42340.28605797746,Hyderabad,11,850
CUST003267,31,M,Low,30920.13503067175,Delhi,9,766
CUST003268,39,M,Medium,68012.22369257905,Chennai,78,744
CUST003269,48,F,High,149877.62531303792,Hyderabad,37,780
CUST003270,54,F,High,105102.77365968196,Mumbai,29,719
CUST003271,41,F,High,142745.51934567676,Hyderabad,25,802
CUST003272,31,F,Medium,55277.298234767455,Mumbai,37,704
CUST003273,58,M,Medium,67576.46833722052,Kolkata,50,700
CUST003274,55,F,High,121877.70513619363,Pune,29,750
CUST003275,31,F,Medium,42119.15173210388,Pune,100,826
CUST003276,65,M,High,85487.1898879181,Hyderabad,135,820
CUST003277,62,F,High,81453.48628071227,Kolkata,193,747
CUST003278,47,M,High,105958.38592157926,Chennai,39,741
CUST003279,46,Other,Medium,69832.04195064043,Hyderabad,97,755
CUST003280,53,F,High,92092.87757935059,Hyderabad,18,778
CUST003281,32,F,Medium,64234.118735355834,Chennai,70,803
CUST003282,45,F,Medium,51553.11120124312,Mumbai,86,681
CUST003283,18,F,High,135789.48367853503,Chennai,84,805
CUST003284,58,M,Medium,71935.84596011964,Delhi,63,727
CUST003285,21,M,High,134279.01604764964,Pune,18,752
CUST003286,67,M,Medium,60993.34055205507,Ahmedabad,6,810
CUST003287,40,M,Medium,51382.66840319407,Ahmedabad,14,759
CUST003288,41,F,High,136661.08307150443,Pune,52,773
CUST003289,35,M,Medium,47444.02247756966,Hyderabad,9,668
CUST003290,40,M,Medium,51590.38408114624,Delhi,23,819
CUST003291,66,F,Medium,47357.908246424864,Chennai,29,755
CUST003292,18,F,Medium,66968.40641550592,Pune,33,710
CUST003293,64,M,High,128036.52196810726,Kolkata,98,788
CUST003294,50,M,Low,33050.19985573506,Chennai,38,850
CUST003295,26,M,High,109092.10268052675,Bangalore,55,606
CUST003296,28,F,High,87011.97050410033,Delhi,31,635
CUST003297,70,M,Low,38223.39169030043,Pune,64,850
CUST003298,30,F,High,115541.16748085667,Bangalore,11,734
CUST003299,27,M,Medium,56278.88779644366,Delhi,8,715
CUST003300,62,M,Low,31776.497864965866,Ahmedabad,93,690
CUST003301,50,F,Medium,47711.61743276424,Kolkata,42,796
CUST003302,30,M,Medium,45301.95116419498,Bangalore,40,850
CUST003303,48,M,High,108386.76550205605,Bangalore,22,646
CUST003304,29,M,Medium,49088.82776399642,Delhi,17,692
CUST003305,61,F,Medium,49771.61178148659,Chennai,29,671
CUST003306,60,F,High,142475.80414449706,Mumbai,4,758
CUST003307,52,M,High,117153.14240300775,Chennai,21,797
CUST003308,50,M,Medium,59338.76257293404,Mumbai,21,829
CUST003309,71,M,High,128263.57156100182,Delhi,27,761
CUST003310,44,F,Medium,78061.92454706959,Hyderabad,36,850
CUST003311,27,F,High,87853.89951293949,Chennai,113,654
CUST003312,51,F,Medium,73341.3826843703,Bangalore,38,633
CUST003313,76,F,High,120881.3425907492,Chennai,77,817
CUST003314,29,M,Medium,45846.61415247349,Ahmedabad,29,709
CUST003315,39,M,Low,25942.986373779833,Delhi,35,589
CUST003316,51,M,Medium,59294.45665858958,Ahmedabad,2,674
CUST003317,44,M,Medium,67647.08578309692,Hyderabad,5,720
CUST003318,30,M,High,96982.49118674165,Hyderabad,31,648
CUST003319,61,F,Medium,61395.15261870359,Chennai,18,618
CUST003320,79,F,High,127927.01391911032,Chennai,57,683
CUST003321,47,F,High,111411.85255932543,Ahmedabad,28,614
CUST003322,31,M,High,140411.81727841232,Kolkata,77,750
CUST003323,21,F,Low,37389.18205680809,Chennai,129,544
CUST003324,48,F,Very High,314741.926174156,Delhi,5,707
CUST003325,61,F,High,148104.79972862298,Mumbai,18,741
CUST003326,52,M,High,85290.95646838131,Kolkata,39,692
CUST003327,44,M,Medium,40134.495132917466,Mumbai,13,787
CUST003328,36,M,Medium,55226.73055215676,Ahmedabad,11,590
CUST003329,28,M,Low,32021.94122745019,Bangalore,60,643
CUST003330,57,F,Medium,65168.00629798643,Pune,141,673
CUST003331,58,M,Low,29528.914725876573,Delhi,53,757
CUST003332,21,M,Medium,44995.33252962585,Kolkata,26,717
CUST003333,68,F,Medium,46819.90087151577,Ahmedabad,21,850
CUST003334,53,F,Medium,74085.91935408037,Hyderabad,27,635
CUST003335,65,M,Medium,74716.44526957045,Kolkata,22,588
CUST003336,24,F,High,127172.89765025041,Bangalore,25,843
CUST003337,24,M,Low,33284.35944557765,Hyderabad,8,585
CUST003338,42,M,High,121837.74896194652,Kolkata,84,754
CUST003339,52,M,Low,24058.517714039765,Ahmedabad,50,621
CUST003340,71,F,Low,28565.014005198063,Hyderabad,41,534
CUST003341,55,F,Low,33917.89302926757,Chennai,107,670
CUST003342,41,M,High,117607.6590402337,Hyderabad,12,771
CUST003343,29,F,Medium,40743.21336220397,Kolkata,3,602
CUST003344,63,M,High,146748.97647040687,Hyderabad,62,746
CUST003345,30,F,Medium,73792.64210288573,Delhi,232,761
CUST003346,69,M,Low,25210.900282194758,Chennai,31,598
CUST003347,40,M,High,123152.12546164074,Chennai,2,681
CUST003348,68,F,Low,38464.787674563755,Bangalore,54,826
CUST003349,55,F,High,86720.7708479556,Chennai,2,752
CUST003350,42,M,Low,30060.58961593401,Mumbai,27,679
CUST003351,37,M,Medium,58249.721033851776,Delhi,11,733
CUST003352,39,M,High,108714.35036984726,Bangalore,88,645
CUST003353,51,M,Very High,442456.0131125237,Mumbai,21,789
CUST003354,46,F,Medium,55225.84586789829,Hyderabad,82,789
CUST003355,36,Other,High,84456.43332687054,Pune,12,709
CUST003356,42,M,Low,21316.75484328605,Mumbai,17,718
CUST003357,46,M,High,82992.12245672263,Bangalore,105,620
CUST003358,18,F,High,108640.1795311826,Chennai,8,591
CUST003359,51,M,Low,34368.1255539672,Delhi,31,669
CUST003360,30,F,Medium,48148.89847722062,Pune,17,693
CUST003361,27,M,Low,32929.37040863099,Bangalore,53,785
CUST003362,19,F,Medium,67483.53888414816,Mumbai,4,773
CUST003363,18,F,Low,25104.04248031196,Pune,20,714
CUST003364,24,F,Medium,64022.30624242517,Mumbai,43,795
CUST003365,34,F,Very High,389703.9190093966,Ahmedabad,18,624
CUST003366,74,M,Low,29332.272456042512,Bangalore,2,786
CUST003367,37,F,Medium,53468.6638912038,Pune,43,636
CUST003368,47,F,Medium,64766.0620629731,Kolkata,25,799
CUST003369,51,M,Very High,492246.48056481994,Kolkata,1,698
CUST003370,46,M,Medium,57073.65637475913,Bangalore,34,540
CUST003371,43,M,Medium,55669.403851404844,Kolkata,90,758
CUST003372,27,M,Medium,58570.67609704453,Bangalore,4,764
CUST003373,66,M,Medium,43048.73573780193,Chennai,32,663
CUST003374,72,F,Low,31063.2655934278,Pune,46,670
CUST003375,19,M,Medium,53147.89548869054,Bangalore,2,687
CUST003376,29,F,Low,22428.44244662525,Hyderabad,1,545
CUST003377,40,M,Medium,58650.269644694934,Delhi,22,510
CUST003378,30,M,Medium,40135.359462959095,Delhi,56,804
CUST003379,52,F,Medium,56071.40980651036,Hyderabad,6,634
CUST003380,34,F,Low,22114.70535852901,Mumbai,65,848
CUST003381,77,M,Very High,158502.4461899231,Mumbai,38,809
CUST003382,62,M,High,137713.25323711516,Mumbai,14,825
CUST003383,48,M,Low,38324.97606565269,Ahmedabad,26,647
CUST003384,60,F,Medium,48306.98593436427,Pune,121,571
CUST003385,61,F,Medium,61571.93055337045,Mumbai,8,613
CUST003386,36,M,Low,25559.1631426197,Chennai,24,664
CUST003387,32,F,Medium,59743.097546887286,Hyderabad,35,510
CUST003388,46,F,Medium,57465.25283576641,Delhi,5,661
CUST003389,57,M,Very High,244167.86927817,Hyderabad,1,683
CUST003390,47,Other,High,129027.55057447084,Delhi,1,596
CUST003391,21,F,Medium,45059.63837281017,Mumbai,14,616
CUST003392,32,M,Medium,42122.91128685469,Chennai,2,682
CUST003393,43,M,Very High,418686.4015630477,Bangalore,58,728
CUST003394,43,M,Very High,383075.5109272379,Bangalore,213,628
CUST003395,74,M,Very High,324484.1434512393,Kolkata,2,723
CUST003396,24,F,Low,29355.79540945083,Mumbai,20,710
CUST003397,52,M,Low,29948.227589828522,Mumbai,1,703
CUST003398,67,F,High,110591.6853269071,Hyderabad,5,647
CUST003399,79,F,Medium,55715.69183324717,Chennai,14,593
CUST003400,38,F,Low,29993.812057722407,Chennai,18,835
CUST003401,52,F,Low,30570.303423195208,Ahmedabad,101,750
CUST003402,53,M,High,128433.16198585345,Hyderabad,18,780
CUST003403,47,M,High,129784.50125138159,Chennai,24,693
CUST003404,43,F,Medium,55105.163205605786,Pune,10,686
CUST003405,51,M,High,108947.83659204422,Pune,1,739
CUST003406,18,M,Medium,54947.88678944892,Chennai,82,553
CUST003407,55,F,High,117557.50415379973,Pune,3,610
CUST003408,46,F,Medium,58134.14151656781,Ahmedabad,119,636
CUST003409,41,M,Low,37791.929262723876,Bangalore,5,663
CUST003410,75,F,Medium,67854.4506766589,Chennai,33,629
CUST003411,34,F,Medium,75946.25535017782,Pune,240,726
CUST003412,38,M,Medium,68365.47966237702,Mumbai,5,706
CUST003413,74,M,Low,39419.84297047628,Bangalore,19,811
CUST003414,32,F,Very High,372507.87238934415,Mumbai,54,850
CUST003415,36,M,Low,39271.002763261095,Mumbai,1,598
CUST003416,42,M,Low,23163.39780818852,Pune,42,711
CUST003417,57,F,Medium,42099.10723317615,Pune,3,711
CUST003418,48,F,Medium,63165.00740815437,Hyderabad,9,698
CUST003419,25,M,Medium,79339.728231991,Kolkata,6,613
CUST003420,37,M,High,109232.36731116778,Chennai,85,626
CUST003421,35,M,Medium,48481.734487718386,Chennai,7,719
CUST003422,43,Other,Medium,60861.65796774056,Chennai,1,624
CUST003423,51,M,High,125415.90372052221,Chennai,31,712
CUST003424,51,F,Low,26303.57391031778,Pune,15,680
CUST003425,18,F,Medium,68590.77433997038,Bangalore,18,711
CUST003426,60,M,High,148258.0154932008,Delhi,4,623
CUST003427,48,Other,Low,37939.26243421234,Mumbai,49,712
CUST003428,65,F,Medium,51663.41494048781,Kolkata,33,629
CUST003429,51,F,Very High,264353.2891006094,Ahmedabad,16,712
CUST003430,61,M,Medium,54861.64897798354,Kolkata,6,807
CUST003431,51,F,Medium,55782.111135745814,Delhi,32,720
CUST003432,65,F,Very High,185111.8247176478,Ahmedabad,54,725
CUST003433,52,Other,Low,35239.256777785784,Ahmedabad,13,765
CUST003434,43,M,Low,27306.78527221401,Delhi,1,587
CUST003435,79,F,High,141587.39836938167,Ahmedabad,8,837
CUST003436,58,M,High,144885.8436184076,Delhi,41,615
CUST003437,53,M,Medium,40977.25237230752,Pune,162,770
CUST003438,25,M,Medium,79540.12279712825,Bangalore,1,759
CUST003439,25,F,High,129701.59120501293,Delhi,13,627
CUST003440,49,M,High,116427.45581950736,Ahmedabad,2,780
CUST003441,47,F,Medium,55581.104334902135,Ahmedabad,13,739
CUST003442,35,Other,Low,30370.362652194257,Bangalore,18,850
CUST003443,47,M,Medium,52984.98895913778,Pune,91,715
CUST003444,68,F,High,123588.14695875839,Hyderabad,3,691
CUST003445,55,M,High,86508.61935113539,Ahmedabad,54,658
CUST003446,27,M,Very High,367392.9110191336,Ahmedabad,18,560
CUST003447,43,F,High,99274.13950969109,Hyderabad,60,674
CUST003448,32,F,Medium,40705.39316209385,Kolkata,25,677
CUST003449,39,F,Medium,62108.230646515105,Hyderabad,1,720
CUST003450,38,F,High,120491.34290968874,Bangalore,105,586
CUST003451,37,M,High,109859.83032980752,Bangalore,3,680
CUST003452,26,M,Medium,42891.449302012676,Mumbai,32,746
CUST003453,43,F,Low,37866.859056083835,Ahmedabad,75,754
CUST003454,36,M,Very High,364000.7825297611,Delhi,2,551
CUST003455,18,M,Medium,44628.53198275878,Chennai,29,756
CUST003456,75,F,Medium,60437.22306376591,Chennai,62,680
CUST003457,61,M,Medium,59890.17263793886,Delhi,154,685
CUST003458,39,M,High,84228.13081550489,Chennai,46,510
CUST003459,45,F,Low,32137.19407205895,Chennai,11,819
CUST003460,27,F,High,136582.8479245095,Pune,43,714
CUST003461,70,F,Medium,69960.32216993913,Chennai,44,577
CUST003462,73,F,Low,24059.388283283668,Kolkata,43,730
CUST003463,47,M,Medium,74491.70118216846,Ahmedabad,69,727
CUST003464,60,F,High,103977.95159615457,Ahmedabad,3,797
CUST003465,47,F,Very High,481277.93240217946,Ahmedabad,4,675
CUST003466,24,M,High,85022.35749579997,Bangalore,36,700
CUST003467,38,M,Very High,320173.04098194494,Bangalore,110,648
CUST003468,46,F,Low,31942.487543550982,Bangalore,22,747
CUST003469,38,F,Low,24953.001969492096,Delhi,116,637
CUST003470,41,F,Medium,70855.2075488091,Hyderabad,100,628
CUST003471,43,F,Medium,65075.82719242868,Kolkata,83,694
CUST003472,43,F,High,81267.66061015689,Kolkata,86,601
CUST003473,45,Other,High,122585.80134873651,Chennai,82,828
CUST003474,29,F,Very High,322017.3820464562,Ahmedabad,61,850
CUST003475,34,M,Medium,47841.16806814031,Mumbai,42,663
CUST003476,25,F,Medium,79829.92908238119,Bangalore,1,589
CUST003477,59,M,Medium,75886.4877931046,Pune,5,726
CUST003478,18,F,Low,25850.15390058127,Kolkata,5,661
CUST003479,62,F,Medium,61642.83683194465,Kolkata,1,793
CUST003480,65,F,Medium,52660.08559641163,Mumbai,4,637
CUST003481,40,F,Medium,71019.83006544312,Chennai,90,743
CUST003482,18,M,Medium,77213.25732785821,Kolkata,39,709
CUST003483,39,M,Low,27176.572138287673,Ahmedabad,13,645
CUST003484,44,M,Medium,72223.3699657451,Kolkata,56,719
CUST003485,29,F,Medium,59936.30170852819,Hyderabad,24,770
CUST003486,37,F,Low,27931.571226231546,Mumbai,5,706
CUST003487,67,F,Medium,77536.8740839508,Pune,77,707
CUST003488,54,M,Medium,60416.187548761256,Pune,14,630
CUST003489,31,F,Medium,58696.42001029859,Chennai,43,791
CUST003490,21,F,Low,33448.68803924686,Chennai,12,783
CUST003491,40,M,Medium,50449.36804073138,Bangalore,24,667
CUST003492,41,F,High,102735.5009551821,Hyderabad,60,690
CUST003493,52,F,Medium,77281.83344954491,Chennai,6,813
CUST003494,36,F,High,127497.08918058596,Ahmedabad,136,609
CUST003495,52,M,Medium,73065.48591084022,Hyderabad,2,748
CUST003496,74,F,Medium,50844.470477417184,Bangalore,27,655
CUST003497,57,M,High,118065.31329509104,Ahmedabad,89,842
CUST003498,44,Other,Medium,78855.85067957992,Pune,104,705
CUST003499,42,M,High,102309.27293197523,Mumbai,9,800
CUST003500,39,M,Medium,46419.059052681674,Kolkata,5,639
CUST003501,62,F,Medium,60435.44032898656,Kolkata,46,600
CUST003502,35,M,High,107147.47621074133,Delhi,1,681
CUST003503,45,F,Low,23191.54465573427,Delhi,23,721
CUST003504,45,F,Medium,75542.05530813472,Delhi,57,659
CUST003505,37,F,Low,39814.47821107556,Kolkata,29,760
CUST003506,24,Other,Medium,62743.28722759991,Hyderabad,7,683
CUST003507,49,M,Low,35493.53536746908,Ahmedabad,24,533
CUST003508,44,F,Medium,74361.53478185198,Delhi,91,744
CUST003509,52,M,High,129068.74042152788,Mumbai,34,629
CUST003510,36,M,High,83090.92343782118,Chennai,46,671
CUST003511,63,F,Medium,46305.369268672715,Ahmedabad,14,824
CUST003512,31,M,Very High,174846.21690298527,Hyderabad,7,841
CUST003513,70,F,Medium,40395.18426568226,Kolkata,10,653
CUST003514,18,F,Medium,52239.85635028946,Mumbai,27,746
CUST003515,51,F,High,107464.91723370919,Pune,11,655
CUST003516,52,Other,High,96872.0812635148,Kolkata,28,677
CUST003517,33,M,High,84522.32536604247,Hyderabad,44,651
CUST003518,51,F,Low,30597.261816733553,Hyderabad,47,562
CUST003519,64,F,Medium,50932.77279828567,Hyderabad,6,707
CUST003520,18,F,High,135722.60084044936,Bangalore,49,723
CUST003521,52,M,Medium,40322.10486501125,Chennai,40,646
CUST003522,18,F,High,138976.8935901327,Ahmedabad,1,787
CUST003523,30,M,Medium,78190.14715783828,Delhi,2,665
CUST003524,69,M,High,130129.45442074987,Bangalore,37,649
CUST003525,36,F,Medium,69345.76261050266,Chennai,17,742
CUST003526,27,F,Medium,77342.49246410932,Kolkata,5,576
CUST003527,42,F,Low,24181.425706006983,Delhi,1,772
CUST003528,76,F,High,149619.58977460035,Pune,6,667
CUST003529,18,F,High,134143.68423649794,Bangalore,113,779
CUST003530,29,M,Low,34531.41416655587,Bangalore,46,803
CUST003531,67,M,High,105276.34052967049,Ahmedabad,27,751
CUST003532,72,M,Medium,61831.09941622442,Mumbai,102,635
CUST003533,43,F,Low,33078.35576546694,Ahmedabad,34,599
CUST003534,26,M,Medium,64813.71445268864,Pune,46,585
CUST003535,76,M,Low,34099.69276955161,Pune,11,788
CUST003536,68,F,Medium,43295.269563136426,Bangalore,32,689
CUST003537,55,M,Medium,54225.937313267874,Hyderabad,5,652
CUST003538,32,M,High,110380.00116168341,Kolkata,18,689
CUST003539,44,F,High,98244.05085124765,Pune,1,786
CUST003540,42,M,Medium,46905.09081076895,Ahmedabad,8,762
CUST003541,49,M,Low,22778.549598257257,Bangalore,2,735
CUST003542,66,M,Very High,278234.1872898048,Hyderabad,17,751
CUST003543,58,F,High,114540.9190393796,Chennai,66,714
CUST003544,28,F,Low,21259.528802933215,Chennai,17,724
CUST003545,65,M,High,146252.06662133848,Ahmedabad,64,717
CUST003546,49,F,Low,35304.86645721517,Pune,38,699
CUST003547,55,M,Medium,69234.07092741867,Hyderabad,25,760
CUST003548,66,F,Medium,46914.42099954908,Mumbai,9,728
CUST003549,28,M,Medium,64152.03072048756,Ahmedabad,91,629
CUST003550,44,F,High,117080.74627660672,Mumbai,2,742
CUST003551,37,F,Medium,79298.75383146775,Chennai,42,719
CUST003552,21,F,Low,34953.43540160316,Kolkata,34,748
CUST003553,50,M,Very High,351516.6593006809,Bangalore,20,691
CUST003554,82,M,Very High,447784.4332645428,Ahmedabad,9,764
CUST003555,18,F,High,90856.59896024966,Pune,20,695
CUST003556,44,M,Medium,40608.66118763909,Pune,74,757
CUST003557,54,F,Low,33804.66666829046,Chennai,65,663
CUST003558,46,F,High,86881.80221660662,Chennai,102,669
CUST003559,43,F,Low,22308.672799670185,Ahmedabad,13,748
CUST003560,25,M,Low,34893.61452849061,Ahmedabad,17,673
CUST003561,48,F,Medium,50821.393765359564,Hyderabad,1,850
CUST003562,33,F,Low,32572.62431137786,Mumbai,103,745
CUST003563,18,F,Low,38348.13852185497,Kolkata,14,701
CUST003564,62,M,Medium,52658.98126551433,Hyderabad,18,765
CUST003565,59,M,Low,24342.883156798376,Chennai,85,661
CUST003566,45,M,Low,22131.257674821034,Delhi,26,773
CUST003567,48,M,Low,22609.24722839452,Bangalore,30,771
CUST003568,61,F,Low,21244.453907576855,Chennai,6,800
CUST003569,48,F,High,86134.96651808181,Ahmedabad,24,664
CUST003570,58,M,High,110240.32121664078,Hyderabad,90,602
CUST003571,40,F,Medium,52834.601800958786,Delhi,29,651
CUST003572,64,M,Medium,68262.43257291992,Delhi,10,677
CUST003573,49,M,Low,37404.833164940035,Chennai,1,833
CUST003574,47,M,Low,35695.464062847685,Kolkata,14,850
CUST003575,25,M,Medium,61225.49026662609,Mumbai,30,727
CUST003576,49,F,Medium,44097.68464930614,Delhi,1,700
CUST003577,32,M,High,129683.70987590874,Pune,33,672
CUST003578,35,F,Medium,54513.14898907494,Ahmedabad,26,765
CUST003579,32,M,Medium,43426.015756616405,Ahmedabad,55,850
CUST003580,29,F,Low,36849.32814425252,Bangalore,1,842
CUST003581,76,M,High,103675.1562027754,Ahmedabad,54,791
CUST003582,64,M,Medium,48729.953300462854,Hyderabad,26,789
CUST003583,73,M,High,141001.64452331903,Hyderabad,16,766
CUST003584,26,M,Medium,76085.3547378802,Hyderabad,121,696
CUST003585,46,M,High,103727.95860340919,Pune,6,641
CUST003586,25,F,Very High,274180.4967484807,Chennai,28,698
CUST003587,34,F,Very High,352869.98465410044,Hyderabad,13,733
CUST003588,31,F,Medium,69337.65975242632,Pune,26,583
CUST003589,63,F,Medium,42525.96807627454,Hyderabad,28,687
CUST003590,39,M,Medium,63733.746287538874,Bangalore,3,633
CUST003591,61,M,Very High,483487.02162425354,Pune,38,781
CUST003592,54,Other,Medium,50483.755887198146,Mumbai,36,656
CUST003593,79,F,Low,38176.54428193868,Kolkata,52,726
CUST003594,22,F,Medium,78006.73363052375,Chennai,3,643
CUST003595,63,F,Low,25383.072819421795,Chennai,12,827
CUST003596,62,M,Medium,70168.07463541403,Hyderabad,37,563
CUST003597,30,M,Medium,49551.0003327824,Bangalore,5,738
CUST003598,60,M,Medium,69504.4464692853,Delhi,40,597
CUST003599,50,M,Low,35948.399425776515,Pune,2,659
CUST003600,41,M,Very High,236521.9962987273,Hyderabad,14,716
CUST003601,32,M,High,130110.86805082645,Pune,67,720
CUST003602,34,F,High,136847.3177204863,Hyderabad,53,718
CUST003603,75,F,Medium,54343.15488427647,Chennai,37,712
CUST003604,45,F,High,91739.19431928088,Chennai,73,648
CUST003605,56,F,Medium,43678.58269270054,Hyderabad,44,686
CUST003606,33,M,Low,31507.634072198838,Chennai,26,702
CUST003607,33,M,Low,39561.96238631426,Bangalore,140,715
CUST003608,61,F,Medium,72918.01280088865,Delhi,42,694
CUST003609,24,M,Low,28716.79277869106,Delhi,33,758
CUST003610,38,M,Very High,337817.3159992355,Pune,18,707
CUST003611,45,M,Low,25590.557708236378,Delhi,83,716
CUST003612,46,M,Medium,46522.63469440254,Pune,12,669
CUST003613,42,F,Medium,59283.24632929093,Hyderabad,1,615
CUST003614,50,M,Medium,58540.06264668741,Kolkata,7,712
CUST003615,55,F,Medium,60877.19811215041,Hyderabad,4,796
CUST003616,56,F,Low,39056.091711278816,Hyderabad,13,735
CUST003617,30,M,High,122272.67101013406,Bangalore,62,634
CUST003618,40,M,Medium,64230.87346489495,Delhi,37,765
CUST003619,62,M,Medium,45120.990514443074,Chennai,6,673
CUST003620,58,M,High,149754.22063237743,Chennai,55,757
CUST003621,24,F,High,134099.1460964268,Mumbai,25,670
CUST003622,50,F,High,141404.23408658034,Mumbai,25,728
CUST003623,18,F,Medium,56572.01647323977,Pune,16,658
CUST003624,45,M,Medium,60085.12383142499,Ahmedabad,71,660
CUST003625,73,F,Medium,60883.35236649106,Kolkata,13,574
CUST003626,30,F,High,93586.61775027236,Pune,3,740
CUST003627,32,F,High,128264.240942887,Chennai,12,729
CUST003628,56,F,Low,38059.53447234913,Delhi,45,734
CUST003629,21,F,Medium,46548.232725536756,Pune,38,722
CUST003630,35,F,High,86042.27914403152,Hyderabad,7,639
CUST003631,53,F,Medium,69528.75622161369,Chennai,4,777
CUST003632,35,M,Medium,50928.07326691928,Kolkata,38,779
CUST003633,41,F,Medium,64954.501664693176,Kolkata,40,636
CUST003634,56,M,Medium,67830.33351968724,Chennai,16,742
CUST003635,51,M,Very High,262668.76725363766,Ahmedabad,66,769
CUST003636,49,Other,Medium,72605.78389703138,Mumbai,137,662
CUST003637,39,F,Low,30999.77964228434,Ahmedabad,8,676
CUST003638,50,M,Low,37379.98815903606,Delhi,30,742
CUST003639,43,M,Low,35265.871051178954,Chennai,1,579
CUST003640,51,M,Medium,74743.02528149815,Hyderabad,44,612
CUST003641,37,F,Medium,40806.45528471576,Hyderabad,19,620
CUST003642,42,F,Low,24870.125214771895,Bangalore,7,556
CUST003643,30,F,High,86300.55583121571,Hyderabad,50,786
CUST003644,44,F,High,110945.81120325444,Chennai,59,540
CUST003645,32,M,Medium,75598.40486461273,Chennai,4,727
CUST003646,28,F,Medium,58701.610490674764,Hyderabad,1,764
CUST003647,48,M,Very High,447399.56560313795,Mumbai,14,676
CUST003648,48,F,Medium,53087.129520772716,Delhi,35,646
CUST003649,56,F,High,103769.90509636767,Kolkata,56,718
CUST003650,38,F,Medium,75822.4692130751,Chennai,28,700
CUST003651,51,M,High,109807.2002558191,Hyderabad,31,780
CUST003652,53,M,High,135283.58414562664,Kolkata,57,489
CUST003653,51,M,High,96565.0483517331,Hyderabad,27,626
CUST003654,32,F,High,146416.05807743449,Chennai,34,744
CUST003655,47,M,Very High,351102.3862856999,Bangalore,26,704
CUST003656,50,M,Medium,70372.94274313608,Delhi,76,760
CUST003657,45,M,Low,21790.31399589771,Chennai,9,720
CUST003658,18,F,Medium,59706.56903322115,Kolkata,11,689
CUST003659,47,M,High,143072.69484138163,Hyderabad,4,675
CUST003660,78,F,High,141392.7040330313,Bangalore,61,850
CUST003661,39,F,Low,20936.27914468455,Pune,19,822
CUST003662,34,F,Low,26073.969382578936,Chennai,15,739
CUST003663,50,M,High,111032.4004535356,Delhi,143,706
CUST003664,49,M,Medium,46890.59257423153,Bangalore,94,743
CUST003665,62,M,Medium,69199.93243959881,Kolkata,128,766
CUST003666,26,M,High,92915.83969190982,Ahmedabad,5,733
CUST003667,55,M,Medium,53865.58777479545,Hyderabad,79,639
CUST003668,53,F,Low,33265.61273715636,Mumbai,14,842
CUST003669,42,M,Low,29641.7868904896,Pune,1,719
CUST003670,50,F,Low,34771.42077269788,Pune,17,850
CUST003671,60,M,Medium,78448.31604891439,Delhi,25,714
CUST003672,58,F,Medium,44661.8675086079,Ahmedabad,4,680
CUST003673,27,F,Medium,68382.70865592244,Bangalore,27,810
CUST003674,57,F,Low,24606.88311264229,Chennai,61,724
CUST003675,44,F,Low,28289.534548151387,Chennai,17,710
CUST003676,46,F,Low,20657.254515902798,Bangalore,15,603
CUST003677,46,F,Very High,197567.58380244463,Chennai,14,752
CUST003678,42,M,Medium,52791.09156195599,Pune,92,660
CUST003679,62,F,High,103939.00637015895,Pune,1,664
CUST003680,43,M,High,142970.9651523467,Pune,21,660
CUST003681,28,M,Medium,69672.5163706606,Bangalore,11,735
CUST003682,39,M,High,148052.80777309288,Delhi,80,577
CUST003683,47,M,Low,31981.430206704812,Pune,3,683
CUST003684,63,M,High,96919.96124639225,Chennai,19,778
CUST003685,54,M,Medium,53106.20119686572,Ahmedabad,18,600
CUST003686,32,M,High,102388.5146304377,Delhi,78,713
CUST003687,82,F,Low,26529.88655326503,Ahmedabad,8,649
CUST003688,48,M,High,127107.49211782709,Hyderabad,37,667
CUST003689,64,F,Low,30616.158561808326,Hyderabad,5,832
CUST003690,42,M,High,106979.6924660651,Hyderabad,110,567
CUST003691,53,F,Medium,45963.590749148665,Hyderabad,32,761
CUST003692,57,F,High,81549.74140595022,Chennai,35,661
CUST003693,63,F,Medium,48753.3871035077,Bangalore,20,657
CUST003694,60,F,Medium,44298.85615874725,Chennai,15,611
CUST003695,58,M,Medium,71417.80123408958,Kolkata,8,760
CUST003696,40,Other,Very High,189374.28523485988,Chennai,33,684
CUST003697,36,F,Low,34484.56474613672,Delhi,111,674
CUST003698,49,F,Very High,284980.5414216289,Bangalore,16,708
CUST003699,58,F,Medium,42935.13558975104,Ahmedabad,77,686
CUST003700,41,M,High,136891.10346021102,Pune,5,539
CUST003701,60,F,Medium,63185.22280946453,Mumbai,99,660
CUST003702,66,M,Medium,49430.46051454292,Mumbai,15,771
CUST003703,31,F,High,142627.68220328676,Pune,17,579
CUST003704,32,M,Medium,41810.33255482206,Bangalore,22,612
CUST003705,42,F,Medium,48072.784327910515,Mumbai,45,665
CUST003706,49,M,Low,35040.938556117224,Bangalore,45,641
CUST003707,37,M,Low,34187.55860619778,Delhi,23,697
CUST003708,65,F,Medium,51570.86774897912,Delhi,26,612
CUST003709,51,F,High,84341.74127469482,Chennai,1,668
CUST003710,45,F,Medium,74323.12288899775,Mumbai,13,696
CUST003711,23,M,Low,26273.952761398054,Pune,15,751
CUST003712,25,M,Medium,47828.53659713061,Bangalore,29,799
CUST003713,49,F,Medium,60642.47289443908,Ahmedabad,29,679
CUST003714,18,Other,Medium,76409.0879712979,Delhi,44,850
CUST003715,60,F,High,83048.26044903627,Chennai,45,685
CUST003716,42,M,High,133606.28616216214,Mumbai,9,766
CUST003717,85,F,Low,31449.464558774176,Mumbai,52,850
CUST003718,79,M,High,109781.43815862719,Mumbai,1,711
CUST003719,42,F,Medium,69763.2177642024,Ahmedabad,45,590
CUST003720,43,M,High,147607.70971091426,Delhi,3,707
CUST003721,59,M,Low,24584.12422325382,Ahmedabad,47,651
CUST003722,70,F,High,90055.31555504838,Delhi,26,678
CUST003723,20,F,Low,38257.63490445394,Mumbai,20,850
CUST003724,18,M,Medium,66758.12309829216,Delhi,42,602
CUST003725,35,M,Low,28759.72043123932,Mumbai,1,724
CUST003726,53,M,Low,31465.19140528566,Hyderabad,9,629
CUST003727,52,F,Low,34912.27810352488,Delhi,34,675
CUST003728,61,M,Low,35460.63797411435,Bangalore,67,759
CUST003729,27,M,Low,38397.88361637929,Delhi,17,725
CUST003730,18,F,High,109878.99522269359,Mumbai,10,681
CUST003731,57,F,Low,25868.2182003879,Bangalore,26,648
CUST003732,32,F,Medium,65586.57067159368,Chennai,35,725
CUST003733,18,F,Low,28314.557985590607,Bangalore,19,836
CUST003734,47,F,Very High,358109.45888214227,Bangalore,75,627
CUST003735,56,F,Very High,296995.0294595825,Delhi,26,850
CUST003736,43,F,Low,23059.915733563488,Kolkata,1,795
CUST003737,38,F,Medium,58777.07006635834,Bangalore,9,809
CUST003738,42,M,Low,33818.35643882066,Bangalore,21,724
CUST003739,39,Other,Very High,429749.33268367744,Pune,43,793
CUST003740,24,M,Medium,59733.051071861875,Mumbai,8,619
CUST003741,34,M,Low,23304.75780420802,Delhi,134,646
CUST003742,52,M,Medium,56587.508385977264,Mumbai,13,761
CUST003743,49,M,Low,35725.878576833966,Delhi,27,723
CUST003744,47,Other,Medium,56514.37082468291,Ahmedabad,1,688
CUST003745,30,F,High,128757.15555229556,Chennai,77,499
CUST003746,42,F,Medium,60288.54726712359,Kolkata,55,665
CUST003747,18,F,Medium,49648.925004375866,Bangalore,7,606
CUST003748,47,F,Low,35923.01016046149,Pune,97,739
CUST003749,66,M,Low,21684.269081413742,Delhi,13,684
CUST003750,22,F,Low,30497.80565510301,Bangalore,42,649
CUST003751,36,F,High,94622.37239703834,Bangalore,61,850
CUST003752,49,M,Low,21341.312570827515,Hyderabad,48,783
CUST003753,63,F,Medium,60117.35748332995,Ahmedabad,89,784
CUST003754,38,M,Medium,59982.486237396944,Ahmedabad,71,850
CUST003755,34,M,Low,34138.01803351442,Mumbai,188,764
CUST003756,18,M,Medium,69790.0277220762,Ahmedabad,7,638
CUST003757,46,M,Medium,69111.65954771587,Ahmedabad,13,628
CUST003758,75,F,Medium,56382.3493166702,Ahmedabad,36,777
CUST003759,49,F,Medium,65267.5914890625,Kolkata,47,535
CUST003760,44,M,Medium,63077.80970575841,Pune,27,693
CUST003761,49,F,Medium,56862.470244676784,Delhi,2,526
CUST003762,44,F,Medium,63888.50776743973,Ahmedabad,66,707
CUST003763,32,M,High,146307.35136943837,Chennai,116,768
CUST003764,57,M,Low,23857.87487362755,Kolkata,18,722
CUST003765,48,Other,Medium,76230.88383142106,Hyderabad,9,775
CUST003766,45,F,Low,21069.110279663968,Mumbai,1,850
CUST003767,30,Other,Low,26167.784258033214,Chennai,9,688
CUST003768,64,M,Medium,51525.80994446113,Chennai,43,850
CUST003769,54,F,High,123845.5575516634,Bangalore,87,717
CUST003770,36,M,High,89185.74662441033,Mumbai,3,775
CUST003771,60,M,Low,37646.95223679507,Hyderabad,29,651
CUST003772,37,F,Medium,73142.05633860166,Delhi,42,829
CUST003773,33,M,Medium,66082.63278741112,Delhi,11,783
CUST003774,33,M,Low,29168.276635843955,Hyderabad,30,817
CUST003775,18,M,High,145306.9229499455,Bangalore,45,704
CUST003776,52,M,High,138152.25883043892,Bangalore,65,599
CUST003777,18,F,Very High,324760.30182843574,Chennai,21,736
CUST003778,26,F,Low,34037.467089086225,Ahmedabad,49,564
CUST003779,18,M,Low,31338.59904359369,Mumbai,12,673
CUST003780,43,M,High,121155.95668717852,Chennai,8,715
CUST003781,42,M,High,103168.32486062299,Ahmedabad,7,850
CUST003782,40,F,High,112345.92232374277,Pune,16,725
CUST003783,29,M,Low,21562.428615794885,Pune,1,711
CUST003784,27,F,Medium,54293.9476665837,Delhi,11,694
CUST003785,51,M,Medium,67833.14061448608,Hyderabad,38,592
CUST003786,36,M,Low,39064.32061012373,Mumbai,37,706
CUST003787,49,F,Medium,78522.56451052081,Hyderabad,2,708
CUST003788,31,F,Medium,62228.914764995665,Mumbai,12,622
CUST003789,47,M,Low,32132.44503619164,Kolkata,30,605
CUST003790,64,F,Medium,47428.8474200387,Delhi,13,661
CUST003791,53,F,Medium,67812.32432374122,Delhi,19,705
CUST003792,38,F,Medium,42826.35170697545,Kolkata,44,663
CUST003793,48,F,High,99927.99800596113,Mumbai,1,615
CUST003794,41,F,Medium,66734.5338914177,Bangalore,11,723
CUST003795,45,Other,Medium,52412.40526173957,Mumbai,5,743
CUST003796,40,M,Very High,167446.40594005902,Delhi,4,709
CUST003797,42,F,Very High,441154.64327283733,Pune,115,654
CUST003798,48,M,Low,26206.600142691263,Hyderabad,17,747
CUST003799,30,M,High,84417.36574010749,Chennai,26,684
CUST003800,29,M,Low,21495.763290057304,Hyderabad,47,604
CUST003801,24,M,Low,25035.175975775073,Delhi,1,782
CUST003802,20,F,Medium,47120.63788886105,Hyderabad,9,728
CUST003803,26,F,Medium,70972.00471120604,Bangalore,64,690
CUST003804,47,F,High,102517.88326669241,Bangalore,71,574
CUST003805,31,M,High,136328.70495278828,Pune,16,640
CUST003806,52,M,Very High,210846.0992381035,Mumbai,16,850
CUST003807,45,F,High,114501.54256808586,Ahmedabad,50,579
CUST003808,18,M,Medium,67521.48534212515,Hyderabad,12,679
CUST003809,54,F,High,125639.35977060985,Hyderabad,4,698
CUST003810,57,F,Very High,360395.293475594,Delhi,10,725
CUST003811,30,F,High,144737.5121351819,Mumbai,17,580
CUST003812,51,F,High,95996.76033947211,Mumbai,1,713
CUST003813,32,F,Very High,322801.7215617369,Hyderabad,23,565
CUST003814,46,M,Low,37679.85100144817,Chennai,48,707
CUST003815,26,F,High,85452.56359166099,Hyderabad,25,647
CUST003816,18,M,High,83912.17877771526,Hyderabad,2,630
CUST003817,39,M,Very High,231655.800645402,Hyderabad,20,766
CUST003818,43,M,Low,32660.42439076037,Bangalore,44,681
CUST003819,39,F,Medium,50395.185057992276,Kolkata,2,737
CUST003820,27,M,High,93316.79186661592,Mumbai,2,740
CUST003821,39,M,Low,29176.04630716584,Kolkata,16,801
CUST003822,49,M,Medium,64543.92275077646,Bangalore,7,603
CUST003823,44,F,Medium,49942.30828066962,Chennai,98,773
CUST003824,47,F,Medium,52027.64746894968,Ahmedabad,31,701
CUST003825,34,F,Medium,64542.372192460556,Delhi,12,669
CUST003826,62,F,Medium,77829.53687957811,Pune,43,608
CUST003827,27,M,Medium,66989.66909752353,Chennai,16,748
CUST003828,52,M,Medium,71316.1657433824,Mumbai,5,626
CUST003829,62,F,Medium,54672.40379021875,Delhi,9,741
CUST003830,52,M,Low,25445.08718768932,Kolkata,37,850
CUST003831,41,M,Low,29085.354864052453,Chennai,1,778
CUST003832,37,M,Low,36142.65657423347,Mumbai,11,811
CUST003833,60,F,Medium,58251.98567162223,Pune,8,642
CUST003834,23,M,High,139270.77861529027,Ahmedabad,8,761
CUST003835,30,F,Low,39775.43961390254,Ahmedabad,41,608
CUST003836,39,M,Low,21440.533314606728,Pune,62,681
CUST003837,63,F,High,83178.71092585925,Chennai,45,839
CUST003838,50,M,Medium,45983.588116534476,Delhi,37,651
CUST003839,30,M,Very High,284529.38650702115,Delhi,89,788
CUST003840,40,M,High,89172.95464018027,Chennai,2,781
CUST003841,35,F,Medium,74826.57910475024,Bangalore,6,785
CUST003842,34,M,Medium,40925.85004108255,Chennai,19,598
CUST003843,59,F,Medium,52631.7086534329,Kolkata,16,742
CUST003844,24,F,Low,23693.892589884108,Chennai,19,687
CUST003845,69,F,Low,38630.78660315064,Chennai,8,787
CUST003846,57,M,Low,33389.62009780056,Bangalore,5,567
CUST003847,61,M,High,143842.1179515962,Hyderabad,25,729
CUST003848,38,M,Medium,78893.14841241573,Delhi,94,718
CUST003849,42,F,Low,29941.964873547382,Kolkata,17,540
CUST003850,23,F,High,96402.33756336184,Mumbai,1,629
CUST003851,37,F,Medium,47749.15144786357,Delhi,44,553
CUST003852,52,F,Medium,48916.754467433624,Delhi,12,641
CUST003853,64,M,Low,34171.86615244006,Hyderabad,10,743
CUST003854,28,M,Medium,41617.82912492003,Delhi,14,715
CUST003855,39,F,Very High,167976.3755614502,Delhi,46,713
CUST003856,42,M,Low,32162.858847663003,Bangalore,61,616
CUST003857,24,M,Medium,65682.28586949626,Bangalore,31,789
CUST003858,53,F,Low,33305.2584864492,Bangalore,14,698
CUST003859,34,M,Low,27437.610091771825,Bangalore,13,702
CUST003860,42,F,Medium,72237.79554856612,Bangalore,4,775
CUST003861,38,F,High,117353.72114086323,Ahmedabad,97,620
CUST003862,33,F,Very High,186912.97050329682,Kolkata,36,718
CUST003863,44,M,Low,35941.986141346904,Mumbai,1,733
CUST003864,41,M,Medium,78122.71145081833,Hyderabad,39,656
CUST003865,39,F,Medium,42401.452520094346,Chennai,21,752
CUST003866,34,M,Medium,55654.0535480232,Pune,129,738
CUST003867,49,M,Medium,59500.64179338991,Kolkata,61,691
CUST003868,69,M,Low,22929.41520156634,Bangalore,6,689
CUST003869,47,M,Medium,74708.35791131508,Hyderabad,45,741
CUST003870,59,M,Medium,51365.98579560176,Chennai,23,763
CUST003871,24,F,High,134810.5977956712,Delhi,7,705
CUST003872,47,M,High,126969.61374198212,Ahmedabad,43,789
CUST003873,28,M,Low,31960.916449340468,Ahmedabad,28,752
CUST003874,22,F,Low,23842.856973931088,Kolkata,1,556
CUST003875,33,Other,Very High,227246.232192817,Delhi,37,587
CUST003876,62,M,Medium,41893.936189862776,Hyderabad,36,794
CUST003877,59,M,High,96849.87008475864,Mumbai,5,680
CUST003878,48,F,Low,26908.872189210284,Mumbai,15,713
CUST003879,22,F,Medium,73325.81215449702,Ahmedabad,31,791
CUST003880,42,F,Medium,54655.70666859221,Hyderabad,5,699
CUST003881,49,F,High,132823.52479359246,Pune,68,702
CUST003882,47,M,Low,28788.84562590975,Pune,1,630
CUST003883,18,F,Low,35697.36623987777,Mumbai,3,729
CUST003884,31,M,Medium,79050.8640174816,Pune,4,746
CUST003885,44,F,High,96788.90906403061,Mumbai,27,653
CUST003886,53,F,Very High,451819.5641873567,Delhi,34,626
CUST003887,18,Other,Very High,367638.4302070211,Pune,18,850
CUST003888,42,M,Very High,436052.9915560292,Mumbai,12,692
CUST003889,47,M,Low,33031.7180453561,Mumbai,59,645
CUST003890,57,F,Low,28478.990145483003,Hyderabad,2,756
CUST003891,55,F,Low,24561.49878883581,Mumbai,11,695
CUST003892,53,F,Medium,42801.4090132466,Pune,1,613
CUST003893,33,M,High,117486.28551225018,Ahmedabad,1,738
CUST003894,18,M,High,149322.8266168806,Ahmedabad,15,631
CUST003895,39,F,Low,34760.83610028413,Pune,7,826
CUST003896,60,M,Medium,53093.821655960666,Kolkata,11,739
CUST003897,65,F,Very High,439521.6800303573,Bangalore,61,677
CUST003898,55,M,Medium,70759.36000705627,Bangalore,6,708
CUST003899,51,F,Low,25632.715867069135,Hyderabad,54,772
CUST003900,50,F,Medium,40572.299591769384,Bangalore,40,714
CUST003901,36,F,Medium,44726.50554135798,Delhi,14,850
CUST003902,43,M,Medium,75092.2476124823,Kolkata,28,790
CUST003903,70,F,Medium,73462.52141219487,Kolkata,21,739
CUST003904,30,M,Low,25904.180017567247,Hyderabad,4,625
CUST003905,69,F,Very High,249818.39919954713,Pune,85,688
CUST003906,40,M,Medium,71714.59948409884,Mumbai,30,738
CUST003907,64,M,Medium,77509.49879581688,Bangalore,76,634
CUST003908,23,M,Very High,422698.03987916,Delhi,62,803
CUST003909,53,M,Low,32111.57354061523,Pune,2,622
CUST003910,33,Other,Low,24853.42700663609,Hyderabad,8,649
CUST003911,23,M,High,116802.35398666825,Pune,5,655
CUST003912,48,F,Medium,49340.47434373059,Hyderabad,63,759
CUST003913,60,Other,High,136560.79940677417,Mumbai,71,635
CUST003914,32,M,Medium,55478.443180709495,Chennai,27,556
CUST003915,22,F,Low,36673.94433988052,Ahmedabad,3,787
CUST003916,43,M,Medium,55264.368719309015,Bangalore,5,664
CUST003917,43,M,Low,36482.98810399783,Delhi,60,614
CUST003918,53,M,High,103332.24706156694,Hyderabad,95,639
CUST003919,59,F,Medium,57605.308184706795,Pune,8,837
CUST003920,44,M,Very High,365420.94676993013,Bangalore,1,647
CUST003921,72,F,High,84920.1329820943,Pune,14,690
CUST003922,48,F,Low,38964.14123630929,Delhi,1,664
CUST003923,39,F,High,120152.40502866622,Kolkata,63,601
CUST003924,20,M,Medium,60312.8005876321,Kolkata,24,640
CUST003925,41,F,High,138757.57797839385,Ahmedabad,36,595
CUST003926,39,F,High,140603.39109277792,Ahmedabad,19,776
CUST003927,59,F,Medium,60890.41618116064,Delhi,15,708
CUST003928,51,F,Medium,77090.49303174549,Ahmedabad,9,850
CUST003929,27,F,Medium,42589.51064305923,Kolkata,52,643
CUST003930,47,M,Medium,44529.0316900487,Hyderabad,42,631
CUST003931,55,M,Low,31935.764600288803,Bangalore,16,822
CUST003932,67,M,Medium,54162.634471743346,Delhi,13,784
CUST003933,58,M,Low,29284.503323783974,Hyderabad,1,730
CUST003934,56,M,Low,26561.58435794333,Bangalore,2,610
CUST003935,45,M,Low,28094.506228898714,Bangalore,35,839
CUST003936,50,M,Medium,72905.85388585198,Hyderabad,26,694
CUST003937,63,Other,Medium,63739.047994172186,Bangalore,20,665
CUST003938,25,M,High,149814.1184498449,Chennai,63,791
CUST003939,39,F,Medium,71475.16791283851,Delhi,25,698
CUST003940,33,F,Medium,50946.650164073064,Delhi,17,606
CUST003941,50,F,Medium,50573.804709067845,Bangalore,6,703
CUST003942,63,F,High,103512.8789081905,Hyderabad,61,637
CUST003943,36,M,Medium,73730.37922590971,Mumbai,30,459
CUST003944,18,M,Very High,159550.67772769797,Ahmedabad,3,629
CUST003945,38,M,Very High,230563.44760494021,Kolkata,37,657
CUST003946,58,M,High,143344.28942409868,Bangalore,19,607
CUST003947,53,F,Very High,373963.7526291382,Mumbai,60,746
CUST003948,51,F,Medium,49073.883820042254,Bangalore,90,637
CUST003949,40,M,Medium,48765.79872930321,Mumbai,33,738
CUST003950,25,M,High,140383.26712316013,Bangalore,47,601
CUST003951,52,M,High,142563.02557939326,Hyderabad,2,772
CUST003952,32,M,High,97929.17636734807,Kolkata,29,597
CUST003953,77,F,High,109435.72506535726,Pune,50,512
CUST003954,53,M,Very High,442108.508519911,Pune,24,798
CUST003955,36,F,Medium,70840.29754439542,Mumbai,32,631
CUST003956,35,M,High,136974.12745962592,Ahmedabad,82,840
CUST003957,43,M,High,116287.87335515782,Ahmedabad,7,745
CUST003958,41,F,High,143808.43338136212,Chennai,3,763
CUST003959,61,F,Medium,53038.06175817741,Hyderabad,42,783
CUST003960,47,Other,High,90967.04940432626,Kolkata,62,709
CUST003961,34,F,Very High,398056.31639770267,Bangalore,68,709
CUST003962,73,M,Low,30787.088320137926,Mumbai,36,802
CUST003963,45,M,Medium,74183.43075237924,Ahmedabad,64,708
CUST003964,56,F,Medium,43246.3699649886,Kolkata,43,641
CUST003965,35,F,Very High,445292.3412033234,Delhi,3,746
CUST003966,50,F,Medium,51731.78612835289,Ahmedabad,51,530
CUST003967,49,M,Low,33097.11334336366,Hyderabad,7,805
CUST003968,18,Other,Medium,41605.15156313023,Mumbai,9,807
CUST003969,75,M,High,122670.69074125205,Hyderabad,18,795
CUST003970,64,F,Low,34345.43378374672,Mumbai,13,792
CUST003971,39,F,Medium,54750.008580224814,Pune,13,693
CUST003972,28,M,Very High,225393.7468417491,Delhi,6,691
CUST003973,50,F,High,117634.14736224816,Chennai,12,601
CUST003974,46,M,Low,36663.816088712934,Delhi,1,839
CUST003975,50,Other,Very High,263241.57540382777,Bangalore,23,661
CUST003976,47,M,High,97672.85082648956,Hyderabad,52,727
CUST003977,52,F,Low,25578.706172753755,Chennai,71,720
CUST003978,66,M,Low,38982.643058333284,Hyderabad,61,592
CUST003979,53,F,Low,27185.538315291193,Kolkata,19,560
CUST003980,29,F,High,80252.2967921801,Mumbai,47,700
CUST003981,65,M,Low,35633.62415919239,Bangalore,12,663
CUST003982,69,M,Low,33985.4959067078,Bangalore,2,692
CUST003983,85,F,High,88999.77852220782,Hyderabad,40,785
CUST003984,28,M,Medium,79396.16996539649,Pune,37,717
CUST003985,48,F,High,122564.35997135779,Bangalore,58,760
CUST003986,18,M,High,115054.5643658421,Ahmedabad,34,735
CUST003987,53,F,Low,27644.385352457823,Hyderabad,6,674
CUST003988,36,M,High,142907.09288945465,Mumbai,69,619
CUST003989,73,M,Low,24879.269628371265,Mumbai,35,721
CUST003990,33,M,Medium,51430.756008796074,Hyderabad,59,706
CUST003991,19,M,Medium,44896.432267462675,Delhi,53,773
CUST003992,37,M,Low,35182.3819116852,Delhi,12,687
CUST003993,18,F,Very High,358442.24814204866,Mumbai,2,676
CUST003994,56,F,Medium,64362.646770179934,Chennai,6,681
CUST003995,18,F,Low,24369.408620389273,Ahmedabad,3,626
CUST003996,45,F,Very High,377908.93619447935,Delhi,10,815
CUST003997,18,M,Medium,70618.33788987456,Hyderabad,22,791
CUST003998,40,F,High,105052.19715079825,Mumbai,85,602
CUST003999,69,M,Medium,72053.88575846849,Bangalore,74,764
CUST004000,50,F,High,104415.34119724146,Bangalore,45,552
CUST004001,32,M,Low,35162.76923018575,Pune,1,778
CUST004002,44,M,Medium,41349.20429830876,Ahmedabad,15,644
CUST004003,45,M,Medium,62046.58405894611,Delhi,41,728
CUST004004,52,F,Low,39390.53121279774,Chennai,4,545
CUST004005,24,M,High,148687.12204776733,Kolkata,58,604
CUST004006,53,F,Medium,51270.103133669625,Delhi,88,737
CUST004007,18,M,Medium,57655.963643214214,Chennai,15,643
CUST004008,35,F,Low,21259.55815973266,Delhi,44,632
CUST004009,37,F,High,141133.89153232198,Bangalore,5,811
CUST004010,54,M,High,119800.05071981499,Chennai,42,850
CUST004011,45,F,Medium,55404.02715762068,Bangalore,1,774
CUST004012,23,F,Medium,44510.82233956612,Ahmedabad,5,612
CUST004013,30,F,Low,38935.345709937785,Pune,44,841
CUST004014,47,F,Medium,61208.76191283975,Hyderabad,44,575
CUST004015,43,F,Low,25658.55858165808,Hyderabad,36,675
CUST004016,36,F,Medium,54008.60520526038,Mumbai,23,704
CUST004017,37,M,Medium,50827.88723688591,Bangalore,40,850
CUST004018,55,F,Very High,360633.4330999432,Bangalore,53,773
CUST004019,37,M,Medium,77198.5430312204,Pune,122,662
CUST004020,43,M,High,139968.5662328595,Mumbai,79,624
CUST004021,77,F,Medium,58415.2350170391,Ahmedabad,56,780
CUST004022,23,M,Very High,439274.77680535277,Hyderabad,42,657
CUST004023,18,M,Medium,56924.21925105319,Hyderabad,30,717
CUST004024,56,F,Medium,50092.28563034552,Chennai,4,590
CUST004025,34,F,High,148839.05806864996,Chennai,6,745
CUST004026,40,F,Low,26077.751359416437,Kolkata,61,739
CUST004027,33,F,Low,26474.484619738167,Pune,58,600
CUST004028,41,F,Low,39793.85735573045,Hyderabad,34,782
CUST004029,68,M,High,89374.92452159584,Kolkata,20,744
CUST004030,57,M,Low,35210.6797601939,Delhi,1,759
CUST004031,57,F,High,145506.89309379086,Bangalore,14,669
CUST004032,23,M,Medium,60471.79977101674,Chennai,19,714
CUST004033,27,F,Low,20050.4352340564,Delhi,23,705
CUST004034,18,F,Medium,55002.35776452425,Chennai,95,688
CUST004035,32,M,Low,22231.379847696542,Mumbai,4,713
CUST004036,59,F,Medium,56647.50643734783,Bangalore,26,800
CUST004037,52,F,High,135301.87331495993,Kolkata,16,785
CUST004038,41,M,Medium,57548.46195535202,Ahmedabad,166,605
CUST004039,44,Other,Low,28638.50242691845,Kolkata,71,778
CUST004040,34,F,High,118975.26338431926,Ahmedabad,20,795
CUST004041,48,M,High,120718.34093233761,Ahmedabad,240,687
CUST004042,56,F,High,139940.741615928,Chennai,25,740
CUST004043,20,F,High,101584.88074602661,Hyderabad,6,739
CUST004044,49,F,Low,36433.42528736032,Pune,29,632
CUST004045,58,F,High,119615.36240844331,Kolkata,9,669
CUST004046,38,F,Medium,52021.18198868588,Mumbai,36,760
CUST004047,55,M,Low,25902.52088012154,Mumbai,99,660
CUST004048,85,F,High,105279.6261974007,Hyderabad,55,778
CUST004049,43,F,Very High,367942.63491699146,Mumbai,11,804
CUST004050,50,M,High,96156.82119519645,Pune,12,791
CUST004051,33,M,Low,38406.67123344535,Bangalore,2,850
CUST004052,47,Other,Medium,62996.50336711602,Chennai,12,692
CUST004053,51,F,Medium,76800.63107984027,Mumbai,3,714
CUST004054,47,F,High,83248.30510054083,Bangalore,24,725
CUST004055,29,F,Low,26852.22740922947,Hyderabad,44,695
CUST004056,48,F,High,81596.53624813362,Chennai,50,743
CUST004057,66,F,Medium,50890.072603918794,Hyderabad,2,563
CUST004058,51,F,High,140340.45305880118,Chennai,14,716
CUST004059,59,M,Very High,162813.4005447703,Pune,12,589
CUST004060,41,F,Medium,57445.8839966298,Mumbai,3,622
CUST004061,56,F,Medium,44702.68281892911,Mumbai,16,758
CUST004062,49,F,High,109178.84614822574,Chennai,12,684
CUST004063,30,F,Medium,73554.0633705751,Bangalore,36,755
CUST004064,49,F,High,123614.97233817633,Bangalore,77,682
CUST004065,30,M,Medium,69470.25381325693,Bangalore,21,788
CUST004066,35,M,Low,26982.08230899162,Delhi,49,680
CUST004067,47,M,High,146107.8386507099,Kolkata,5,543
CUST004068,49,M,Low,34185.24187559,Kolkata,81,718
CUST004069,27,Other,Very High,297629.5867495858,Kolkata,5,526
CUST004070,60,M,Medium,57058.5920090822,Bangalore,7,583
CUST004071,53,M,High,144307.89245603082,Mumbai,4,629
CUST004072,34,F,Medium,63056.187737415676,Pune,13,619
CUST004073,21,F,Medium,68255.16839612168,Delhi,28,656
CUST004074,42,M,Medium,56681.40898052683,Ahmedabad,159,616
CUST004075,38,F,High,95658.49353352998,Ahmedabad,56,587
CUST004076,46,F,Medium,68942.37167977674,Bangalore,17,823
CUST004077,39,M,High,122547.66404989714,Mumbai,30,645
CUST004078,18,M,Medium,60053.71521699117,Delhi,35,521
CUST004079,39,F,High,123681.46579961246,Mumbai,62,671
CUST004080,40,F,High,94579.99102449635,Chennai,48,610
CUST004081,54,F,Low,35878.774130639125,Mumbai,30,629
CUST004082,34,M,Medium,77926.51220081223,Delhi,39,756
CUST004083,70,M,Medium,75644.12576670811,Bangalore,49,664
CUST004084,18,F,Medium,52857.42981228069,Kolkata,5,607
CUST004085,64,M,Medium,56240.23093128303,Delhi,8,735
CUST004086,41,M,High,136588.16098582928,Bangalore,41,791
CUST004087,57,F,Low,31902.342616492075,Bangalore,68,742
CUST004088,46,M,High,118354.01105736545,Pune,18,503
CUST004089,62,F,Very High,474324.6886367058,Hyderabad,140,610
CUST004090,39,F,Medium,61440.99843908203,Ahmedabad,8,703
CUST004091,28,M,Medium,60597.547183492396,Pune,19,680
CUST004092,66,F,Low,20840.371825327195,Chennai,17,673
CUST004093,43,M,High,84859.18710130964,Hyderabad,95,621
CUST004094,48,F,Medium,40296.81231522601,Kolkata,12,587
CUST004095,63,M,Medium,76529.76903134535,Delhi,22,850
CUST004096,29,M,Very High,292935.3310061952,Hyderabad,7,702
CUST004097,53,F,Medium,58742.4550453365,Kolkata,26,751
CUST004098,36,M,High,139177.08633147232,Bangalore,70,700
CUST004099,43,F,Medium,64369.85241503111,Delhi,13,703
CUST004100,46,M,Low,32190.031927811622,Hyderabad,59,695
CUST004101,22,M,High,100757.41005483687,Mumbai,87,610
CUST004102,33,F,Low,36678.16747849039,Kolkata,2,578
CUST004103,65,M,High,91608.09832276456,Kolkata,50,730
CUST004104,58,M,Low,21062.991843458956,Chennai,10,715
CUST004105,44,F,High,93412.23502629726,Ahmedabad,6,775
CUST004106,48,F,Low,25354.744375491293,Mumbai,33,758
CUST004107,40,F,Medium,51292.44231416827,Delhi,44,635
CUST004108,65,Other,Medium,66820.54394475071,Hyderabad,18,790
CUST004109,41,M,Medium,48712.983493145744,Bangalore,1,761
CUST004110,48,F,Medium,67066.33217979938,Hyderabad,86,755
CUST004111,62,M,Medium,43645.28692935199,Ahmedabad,47,850
CUST004112,33,F,Medium,45888.09844391636,Pune,11,850
CUST004113,68,M,Medium,60352.8579396398,Ahmedabad,24,755
CUST004114,22,Other,Medium,76875.83210306571,Delhi,1,745
CUST004115,69,F,Medium,74382.70355244455,Delhi,14,786
CUST004116,39,F,Low,39375.06884885606,Delhi,26,653
CUST004117,41,F,Very High,377667.6728473598,Delhi,26,654
CUST004118,18,F,Medium,67032.59465664368,Pune,8,753
CUST004119,38,F,Low,32500.459978629842,Kolkata,53,631
CUST004120,29,M,Medium,64912.756914327896,Hyderabad,12,747
CUST004121,35,M,High,90298.42415473092,Mumbai,31,712
CUST004122,42,M,Low,30874.779123278575,Bangalore,11,631
CUST004123,59,M,High,107024.7553416208,Bangalore,19,702
CUST004124,48,F,Medium,57701.488631091735,Chennai,8,804
CUST004125,49,F,Low,30472.011461184746,Kolkata,36,706
CUST004126,28,F,High,88987.73202615761,Delhi,19,706
CUST004127,31,Other,Medium,54379.509354084796,Ahmedabad,1,726
CUST004128,71,F,Medium,42537.98243506414,Delhi,1,736
CUST004129,33,M,High,148576.76912956795,Delhi,22,673
CUST004130,69,M,Medium,44741.12115280505,Ahmedabad,7,728
CUST004131,41,M,High,98096.73169814682,Kolkata,31,616
CUST004132,45,M,Medium,75651.71706813588,Mumbai,18,636
CUST004133,61,F,High,113789.70323673994,Delhi,38,646
CUST004134,64,F,High,89494.60410644412,Chennai,109,737
CUST004135,43,F,Low,27684.610760786978,Chennai,27,712
CUST004136,39,F,High,88110.759593397,Mumbai,55,689
CUST004137,44,F,Medium,48008.63988338007,Kolkata,50,755
CUST004138,50,M,Low,21040.5969389969,Delhi,91,730
CUST004139,58,F,Medium,57529.099781963996,Pune,8,676
CUST004140,45,M,Low,36132.722434505195,Hyderabad,63,617
CUST004141,54,M,High,121017.84250899267,Hyderabad,84,634
CUST004142,69,M,Medium,64253.81221938447,Bangalore,17,582
CUST004143,50,F,Very High,220204.4105291341,Mumbai,13,711
CUST004144,49,M,Low,26877.87686504733,Hyderabad,109,631
CUST004145,22,M,Medium,73809.68415363328,Bangalore,35,660
CUST004146,18,F,Low,21757.123686530293,Chennai,17,689
CUST004147,50,F,Medium,74317.22614674135,Bangalore,56,783
CUST004148,43,M,High,113858.301838535,Delhi,13,774
CUST004149,37,M,High,138600.3201927582,Delhi,6,695
CUST004150,48,F,High,102260.44935760803,Chennai,28,801
CUST004151,44,M,High,103719.00661081146,Mumbai,30,539
CUST004152,61,F,Low,35032.097366462855,Kolkata,62,850
CUST004153,46,F,Medium,71399.84693568881,Ahmedabad,21,755
CUST004154,33,M,High,96075.12745931027,Ahmedabad,60,708
CUST004155,59,M,Medium,78914.85299287623,Delhi,13,628
CUST004156,41,M,Low,21689.80208489658,Ahmedabad,30,664
CUST004157,52,M,Medium,42740.118524085236,Delhi,8,748
CUST004158,37,M,Medium,63820.16861144411,Bangalore,17,750
CUST004159,35,F,Medium,68909.63071086486,Bangalore,70,753
CUST004160,46,M,High,147262.02904574818,Bangalore,8,641
CUST004161,45,F,Medium,56197.831231954464,Hyderabad,59,625
CUST004162,52,F,Low,20505.82817979266,Pune,11,715
CUST004163,40,M,Low,32057.92678892814,Chennai,1,761
CUST004164,18,M,High,100278.72144191404,Mumbai,4,700
CUST004165,38,M,Very High,301531.4924183908,Bangalore,49,818
CUST004166,56,M,High,114192.86375749548,Mumbai,10,702
CUST004167,40,F,Medium,42580.50442952135,Pune,38,699
CUST004168,41,M,Very High,320093.624597436,Bangalore,43,753
CUST004169,59,F,High,109842.37667630202,Delhi,15,797
CUST004170,34,M,High,129878.09857006153,Pune,23,592
CUST004171,21,M,High,125196.61378486412,Mumbai,18,610
CUST004172,42,F,Medium,47408.62872602244,Hyderabad,105,674
CUST004173,37,F,Medium,48245.556728415875,Bangalore,13,850
CUST004174,30,M,Low,25020.123575487465,Kolkata,7,679
CUST004175,42,M,Medium,47158.017611887095,Chennai,16,690
CUST004176,52,F,High,126004.92397679269,Delhi,39,749
CUST004177,44,M,High,149610.11254401895,Pune,43,778
CUST004178,49,M,High,125647.58383611556,Pune,92,713
CUST004179,72,F,Medium,64267.26184765165,Bangalore,76,793
CUST004180,39,F,Low,28198.558667021447,Pune,12,604
CUST004181,49,F,Low,26251.605177195215,Mumbai,21,638
CUST004182,37,F,Medium,76442.95027625916,Ahmedabad,49,792
CUST004183,32,F,Medium,78760.07496568613,Bangalore,89,700
CUST004184,36,F,Medium,59871.04702350911,Delhi,14,599
CUST004185,37,F,Low,25804.00991013115,Chennai,21,594
CUST004186,50,F,Very High,419542.7726844187,Chennai,82,635
CUST004187,80,F,Medium,45298.27163467514,Chennai,15,700
CUST004188,34,M,High,133591.17663505772,Kolkata,23,737
CUST004189,38,M,Medium,72757.93497245354,Ahmedabad,84,673
CUST004190,44,F,Low,22498.078892543348,Delhi,58,730
CUST004191,50,F,High,148380.30281575947,Kolkata,10,665
CUST004192,48,M,High,148985.86032719348,Kolkata,14,797
CUST004193,64,F,Medium,77468.77917309405,Pune,15,850
CUST004194,18,M,Medium,59841.39237625057,Bangalore,87,668
CUST004195,18,F,Low,24921.482845536568,Delhi,240,738
CUST004196,37,F,High,120740.64966173391,Delhi,53,731
CUST004197,61,F,Very High,296976.8434650025,Pune,23,711
CUST004198,21,M,Low,24118.97289434394,Bangalore,1,752
CUST004199,18,F,Medium,56947.0563847139,Hyderabad,43,738
CUST004200,53,M,Very High,382361.4424871567,Kolkata,17,662
CUST004201,48,M,Medium,42836.53243143964,Chennai,36,805
CUST004202,28,M,High,103339.26010122115,Ahmedabad,33,716
CUST004203,30,F,Medium,40711.79560051301,Mumbai,23,669
CUST004204,30,M,Medium,69979.82021846702,Ahmedabad,104,850
CUST004205,46,M,Medium,65627.65070466803,Kolkata,1,690
CUST004206,35,F,Medium,42506.885388078634,Mumbai,44,720
CUST004207,52,F,Low,39294.75119203936,Bangalore,18,714
CUST004208,18,F,High,81583.50899889704,Ahmedabad,45,689
CUST004209,32,F,High,121297.2452533262,Mumbai,40,735
CUST004210,28,M,High,134345.72232593392,Hyderabad,1,632
CUST004211,41,F,Medium,71515.85252178891,Delhi,12,747
CUST004212,36,F,Low,20685.702711864076,Chennai,7,559
CUST004213,56,M,Low,38128.30265280879,Mumbai,6,596
CUST004214,18,M,High,144291.61703489855,Mumbai,46,846
CUST004215,45,M,Medium,62455.61492617491,Ahmedabad,9,599
CUST004216,53,M,Medium,59283.327955485845,Bangalore,23,543
CUST004217,72,F,Low,20897.349261251995,Bangalore,10,601
CUST004218,37,F,Low,31239.082850197374,Pune,31,839
CUST004219,49,F,Medium,56375.16327080923,Delhi,45,556
CUST004220,18,F,High,134096.44851860593,Chennai,14,623
CUST004221,18,M,Very High,291359.24841013073,Pune,33,583
CUST004222,57,F,High,127850.65833272968,Pune,62,678
CUST004223,44,M,Very High,185492.8511831358,Mumbai,3,665
CUST004224,62,Other,Very High,196533.29476808844,Delhi,44,661
CUST004225,24,M,Medium,45588.407625966334,Ahmedabad,14,848
CUST004226,52,F,Low,20910.50999599487,Ahmedabad,4,604
CUST004227,73,M,High,117893.02014888627,Ahmedabad,28,691
CUST004228,51,M,Low,35879.354520872716,Chennai,9,727
CUST004229,49,M,Medium,64416.44814774665,Delhi,62,621
CUST004230,45,F,Low,31499.097711057126,Mumbai,1,738
CUST004231,21,F,Medium,67224.95713610946,Ahmedabad,3,668
CUST004232,65,M,Medium,53585.81292288059,Bangalore,26,729
CUST004233,35,F,Low,27239.08143296458,Bangalore,32,691
CUST004234,52,F,Medium,52570.803928836904,Bangalore,47,535
CUST004235,21,F,High,129847.62529975029,Hyderabad,10,804
CUST004236,27,F,Medium,46465.61342683097,Delhi,66,850
CUST004237,66,M,High,80911.7696219047,Ahmedabad,110,685
CUST004238,39,M,Low,31923.928934449847,Mumbai,24,628
CUST004239,66,F,Low,38847.627294684105,Delhi,51,820
CUST004240,43,F,Medium,64376.316679852185,Bangalore,26,850
CUST004241,18,Other,Medium,71316.8661176358,Kolkata,2,686
CUST004242,58,F,High,127095.34966262212,Kolkata,14,682
CUST004243,36,M,High,114820.56574661113,Ahmedabad,3,693
CUST004244,55,F,High,130287.46812486922,Delhi,161,566
CUST004245,45,M,Very High,438436.44334932766,Ahmedabad,9,676
CUST004246,21,Other,Medium,48989.26576686792,Chennai,36,837
CUST004247,47,M,Low,26722.60960966291,Kolkata,12,686
CUST004248,77,F,Medium,48949.029300131355,Kolkata,38,616
CUST004249,52,F,Low,29043.45911180882,Delhi,8,739
CUST004250,44,M,Medium,75402.5820366667,Pune,55,646
CUST004251,61,M,Low,26904.142016706646,Hyderabad,4,694
CUST004252,48,F,Medium,54978.67556522213,Hyderabad,81,598
CUST004253,48,F,Low,37207.34469343863,Bangalore,66,617
CUST004254,28,M,Low,30307.486614893503,Ahmedabad,40,759
CUST004255,48,F,High,117481.42997532041,Mumbai,2,709
CUST004256,60,F,Medium,74432.04813328851,Pune,8,637
CUST004257,32,M,High,114336.87159178313,Ahmedabad,70,709
CUST004258,66,M,High,127709.02742405767,Chennai,4,651
CUST004259,43,F,Low,21712.893317481215,Ahmedabad,6,637
CUST004260,31,F,Medium,47145.268525075415,Pune,28,793
CUST004261,59,F,Low,28087.52401432491,Ahmedabad,11,762
CUST004262,40,F,High,114638.73474739124,Mumbai,9,698
CUST004263,56,M,High,147601.35908653605,Mumbai,30,711
CUST004264,40,M,Low,39413.032660955796,Chennai,16,699
CUST004265,44,M,Medium,74047.88349915047,Hyderabad,5,738
CUST004266,52,M,Very High,260459.5923499511,Pune,27,636
CUST004267,49,F,Medium,78561.13163329758,Ahmedabad,17,769
CUST004268,18,F,High,128253.86052733488,Kolkata,47,728
CUST004269,28,M,Medium,55717.605112696016,Bangalore,3,678
CUST004270,58,M,Low,34033.498339695325,Delhi,34,660
CUST004271,43,F,High,81156.59108505686,Hyderabad,20,767
CUST004272,37,F,High,90230.82775919494,Bangalore,18,687
CUST004273,24,F,High,138077.99980894575,Kolkata,9,644
CUST004274,28,F,Medium,65822.94547492685,Hyderabad,1,669
CUST004275,18,F,Medium,54567.788051675365,Pune,67,761
CUST004276,43,F,High,115046.66481559031,Chennai,14,571
CUST004277,36,M,Medium,76205.68598583067,Mumbai,41,671
CUST004278,30,M,Medium,65263.12437916346,Chennai,106,785
CUST004279,43,M,High,107870.44987540311,Kolkata,29,686
CUST004280,50,F,Medium,44813.0662959014,Delhi,18,721
CUST004281,76,F,Medium,51749.87206502244,Ahmedabad,11,786
CUST004282,22,F,High,148483.81629576083,Chennai,97,771
CUST004283,62,M,Very High,303077.07199812215,Kolkata,41,664
CUST004284,59,M,Medium,58873.57855379443,Mumbai,39,689
CUST004285,33,M,Medium,59943.92129588062,Hyderabad,19,772
CUST004286,48,M,High,141887.28160637477,Bangalore,67,775
CUST004287,38,F,High,122274.97990697168,Kolkata,45,692
CUST004288,47,F,High,128557.39255163455,Kolkata,11,695
CUST004289,67,Other,Medium,55576.54170196416,Pune,32,721
CUST004290,54,F,Medium,41163.50474355897,Delhi,20,809
CUST004291,52,F,Medium,77238.91656971377,Hyderabad,1,785
CUST004292,38,F,High,146438.93766414846,Kolkata,59,755
CUST004293,22,M,High,146440.71373436358,Kolkata,4,613
CUST004294,41,F,Low,38873.74173293433,Bangalore,25,678
CUST004295,63,F,Medium,72609.67764278244,Ahmedabad,14,682
CUST004296,22,F,Medium,67383.84200465307,Mumbai,15,813
CUST004297,29,M,Very High,445578.47139355,Chennai,23,680
CUST004298,46,M,High,122038.23673007253,Pune,209,800
CUST004299,30,M,Medium,45374.78455568095,Hyderabad,18,654
CUST004300,33,F,Low,27824.36330082842,Bangalore,7,660
CUST004301,38,M,Medium,78851.7964789175,Bangalore,34,738
CUST004302,24,F,Low,27022.756271913127,Chennai,9,825
CUST004303,30,F,High,140747.95396119586,Hyderabad,4,683
CUST004304,55,M,High,86524.80295424088,Hyderabad,1,494
CUST004305,25,F,Medium,53367.353695018784,Pune,1,574
CUST004306,21,F,Medium,54038.13298909518,Mumbai,20,723
CUST004307,35,M,High,83612.17801762861,Hyderabad,20,582
CUST004308,55,F,Medium,44763.7732074702,Pune,7,630
CUST004309,42,M,Low,23863.30422243542,Kolkata,55,700
CUST004310,38,M,Very High,443235.4567835395,Chennai,4,504
CUST004311,45,F,High,84438.13929578644,Hyderabad,88,669
CUST004312,18,F,High,100909.0630941071,Ahmedabad,31,606
CUST004313,52,Other,Low,20203.50005178535,Ahmedabad,1,580
CUST004314,50,F,Low,33912.5549080605,Mumbai,118,635
CUST004315,38,F,Low,32406.061800867596,Bangalore,13,614
CUST004316,60,F,Low,32899.64524106283,Kolkata,21,737
CUST004317,28,F,High,106206.79493002332,Hyderabad,12,795
CUST004318,61,F,Low,24165.35642535138,Chennai,46,670
CUST004319,47,M,High,130422.41493002234,Hyderabad,23,652
CUST004320,39,F,Medium,72444.7149096278,Pune,5,666
CUST004321,44,M,Medium,45544.05992392807,Delhi,3,611
CUST004322,43,F,Very High,320390.2997780975,Ahmedabad,46,596
CUST004323,63,M,Low,24974.31363957725,Mumbai,9,568
CUST004324,28,F,Medium,46724.27444824535,Bangalore,5,593
CUST004325,33,M,Medium,69373.01253979997,Delhi,24,830
CUST004326,60,M,Low,30761.93870945674,Chennai,58,644
CUST004327,36,F,Medium,48647.41329514671,Hyderabad,11,464
CUST004328,58,M,Medium,52400.000448461804,Mumbai,11,653
CUST004329,70,F,High,147665.75699294196,Kolkata,64,572
CUST004330,38,M,High,139407.56952959896,Pune,5,704
CUST004331,55,M,Medium,75197.86971492512,Pune,34,696
CUST004332,27,M,Low,29200.24194161416,Hyderabad,111,704
CUST004333,56,F,Medium,64952.290556835,Ahmedabad,66,696
CUST004334,47,M,Low,27535.35480408823,Hyderabad,2,670
CUST004335,52,F,Medium,43108.47902755562,Hyderabad,13,583
CUST004336,35,M,High,108074.85174597478,Kolkata,5,694
CUST004337,20,M,Low,31879.615064142894,Hyderabad,107,781
CUST004338,52,M,High,100100.0989537692,Mumbai,153,845
CUST004339,18,M,Very High,446782.70115459553,Kolkata,9,680
CUST004340,40,F,High,90577.0111422219,Kolkata,39,689
CUST004341,59,F,Medium,54685.16357747679,Ahmedabad,66,740
CUST004342,47,F,Medium,44996.15621296812,Delhi,9,819
CUST004343,74,M,Very High,291691.24689482886,Chennai,7,661
CUST004344,60,M,Medium,41586.452198970816,Kolkata,1,755
CUST004345,35,M,High,99078.45765431518,Delhi,19,634
CUST004346,45,F,Low,28014.705102273674,Mumbai,82,726
CUST004347,44,M,Low,29563.307265533833,Chennai,83,777
CUST004348,21,F,High,118058.74509325993,Kolkata,4,596
CUST004349,30,M,High,99249.37908529432,Bangalore,8,657
CUST004350,36,M,High,116612.89342304107,Delhi,18,776
CUST004351,18,M,Very High,328151.61754672095,Mumbai,54,749
CUST004352,45,M,Low,26323.561017524167,Mumbai,34,782
CUST004353,41,F,Low,36604.00661312956,Mumbai,25,767
CUST004354,19,M,Very High,340974.39430774783,Pune,32,672
CUST004355,51,F,Low,26645.3943749309,Chennai,3,850
CUST004356,55,M,High,146313.69584565435,Ahmedabad,23,710
CUST004357,48,F,Medium,73804.49652284644,Hyderabad,174,455
CUST004358,40,M,Low,39651.75623103602,Bangalore,3,677
CUST004359,53,F,Medium,67689.35498581683,Chennai,26,662
CUST004360,55,F,Medium,55128.916220241874,Chennai,12,763
CUST004361,49,Other,High,99660.24666753087,Ahmedabad,27,663
CUST004362,32,M,High,126432.24905721366,Ahmedabad,30,787
CUST004363,49,F,Medium,79232.66329981215,Kolkata,31,744
CUST004364,62,M,Medium,65068.60320415395,Pune,68,619
CUST004365,36,M,Medium,75264.59763959353,Delhi,17,688
CUST004366,76,M,Low,26582.06862095537,Bangalore,26,637
CUST004367,37,M,Medium,56278.151298970224,Mumbai,1,714
CUST004368,45,Other,Low,38125.50479178707,Chennai,56,637
CUST004369,34,M,Low,35137.334039156376,Bangalore,10,705
CUST004370,48,F,Medium,79256.41281471623,Delhi,61,678
CUST004371,18,F,Medium,70990.56838928968,Hyderabad,11,687
CUST004372,36,F,Low,28970.314144364635,Bangalore,1,850
CUST004373,28,F,Medium,61242.72079289453,Pune,6,671
CUST004374,47,M,Medium,76020.61969852546,Pune,152,545
CUST004375,59,F,Low,31032.93472196096,Mumbai,13,781
CUST004376,54,M,Very High,239389.08095755582,Pune,4,780
CUST004377,18,F,Low,28712.39625539899,Chennai,4,541
CUST004378,75,F,High,116142.11921943826,Hyderabad,13,643
CUST004379,49,Other,Low,21934.39667102259,Ahmedabad,1,734
CUST004380,33,M,High,132063.3871977023,Delhi,25,741
CUST004381,47,M,Low,22187.07866709946,Mumbai,8,699
CUST004382,47,M,High,108344.2399358164,Ahmedabad,26,701
CUST004383,34,M,Medium,72184.89766161618,Hyderabad,5,624
CUST004384,47,M,High,112729.92531293078,Kolkata,20,508
CUST004385,35,F,Medium,73680.62078874031,Kolkata,32,850
CUST004386,38,M,Low,26837.626441122302,Delhi,2,622
CUST004387,34,F,High,147034.54057989048,Mumbai,18,714
CUST004388,23,F,Low,24189.36863610471,Pune,12,687
CUST004389,47,F,Very High,163392.45074625546,Chennai,9,771
CUST004390,53,M,Low,37448.53085980837,Delhi,33,709
CUST004391,52,M,Medium,70088.10863801633,Pune,31,712
CUST004392,57,M,High,96238.8685947161,Hyderabad,35,489
CUST004393,49,M,Medium,79389.66428546695,Mumbai,6,633
CUST004394,37,F,Low,30045.602585370558,Kolkata,12,759
CUST004395,57,M,High,146574.58081009146,Kolkata,8,752
CUST004396,24,F,High,115352.01399708996,Bangalore,27,623
CUST004397,31,F,Very High,315156.10536995187,Mumbai,22,573
CUST004398,30,F,Medium,57965.5414857786,Hyderabad,14,710
CUST004399,61,M,Medium,53395.01104531801,Hyderabad,55,467
CUST004400,59,M,Medium,61348.05988706207,Bangalore,3,608
CUST004401,52,F,Medium,58102.18647794271,Pune,132,840
CUST004402,61,F,High,82572.28136364878,Hyderabad,4,815
CUST004403,31,M,Medium,50417.4093369401,Pune,53,738
CUST004404,50,M,Medium,48524.91200422234,Pune,16,724
CUST004405,43,M,Medium,74697.42409284266,Mumbai,72,543
CUST004406,57,F,High,121920.89840587889,Pune,2,640
CUST004407,43,M,Very High,417289.0851574046,Kolkata,16,676
CUST004408,39,F,High,146977.82264244964,Delhi,14,642
CUST004409,53,M,Medium,65761.5709010564,Kolkata,179,671
CUST004410,58,F,High,148782.6993983321,Pune,152,803
CUST004411,34,F,Medium,52470.562066085186,Ahmedabad,7,656
CUST004412,44,F,Low,23725.343646257876,Kolkata,35,672
CUST004413,29,M,Low,28066.19775985823,Mumbai,27,759
CUST004414,18,M,Low,29415.98829871616,Pune,6,586
CUST004415,48,M,Medium,75814.46171410341,Ahmedabad,6,632
CUST004416,54,F,High,119195.83073256735,Hyderabad,163,640
CUST004417,48,F,Medium,51687.23997672068,Bangalore,21,704
CUST004418,18,F,Medium,69705.37131470084,Bangalore,4,672
CUST004419,39,M,Very High,327041.1779986748,Chennai,8,674
CUST004420,18,F,High,91349.23616926192,Bangalore,11,646
CUST004421,65,M,High,120377.38513138765,Bangalore,25,614
CUST004422,28,F,Medium,76455.78147229136,Hyderabad,14,748
CUST004423,63,M,Low,36852.4523495164,Delhi,21,672
CUST004424,59,F,Low,31736.19945270662,Delhi,6,749
CUST004425,31,M,Low,27541.663477699763,Hyderabad,14,611
CUST004426,28,M,Medium,43479.15004256845,Bangalore,2,646
CUST004427,50,F,Medium,58785.956933264955,Mumbai,79,682
CUST004428,32,M,Low,35041.58875059158,Kolkata,7,689
CUST004429,46,F,Low,27205.47439466021,Pune,50,760
CUST004430,37,F,Low,24708.936511033287,Kolkata,15,665
CUST004431,18,F,Medium,77255.18877083814,Ahmedabad,23,759
CUST004432,18,M,Medium,72862.2280183197,Delhi,12,729
CUST004433,48,F,Medium,65531.02477680579,Ahmedabad,42,691
CUST004434,36,F,Medium,45471.33375682078,Hyderabad,67,623
CUST004435,36,M,Medium,45796.353616246925,Ahmedabad,12,760
CUST004436,55,F,Low,22064.39182911558,Mumbai,9,625
CUST004437,62,M,Low,32325.93333785486,Bangalore,41,698
CUST004438,40,M,High,88089.39575313352,Hyderabad,7,695
CUST004439,39,M,Very High,444919.51960192155,Ahmedabad,36,683
CUST004440,52,M,Medium,79718.60007277288,Delhi,3,668
CUST004441,24,M,Very High,278221.8646480328,Pune,34,634
CUST004442,48,F,Medium,58146.79387868389,Mumbai,25,570
CUST004443,53,F,Low,34233.343539713576,Mumbai,4,812
CUST004444,55,M,Very High,478003.552214018,Delhi,37,660
CUST004445,18,F,Low,37881.8754711277,Mumbai,21,689
CUST004446,33,F,High,84031.4280124894,Kolkata,8,689
CUST004447,31,F,Medium,46762.8721022706,Pune,15,787
CUST004448,46,F,Medium,70183.88794231169,Delhi,24,850
CUST004449,52,F,Medium,67555.7243212979,Kolkata,3,712
CUST004450,67,M,Medium,45328.74376160493,Hyderabad,113,687
CUST004451,37,M,Medium,60082.58328006271,Chennai,39,610
CUST004452,37,M,Medium,71232.58524341183,Pune,3,584
CUST004453,62,F,Medium,48751.22729050775,Bangalore,62,558
CUST004454,49,M,Very High,454950.6725071332,Hyderabad,14,636
CUST004455,64,F,High,83708.02423742577,Kolkata,32,532
CUST004456,49,M,Medium,71287.80340272296,Bangalore,11,786
CUST004457,27,F,Low,32316.377995797404,Bangalore,47,733
CUST004458,25,M,High,102063.95426580444,Kolkata,46,679
CUST004459,21,M,Low,34418.65096683823,Kolkata,28,788
CUST004460,54,M,Low,35647.31590302319,Pune,9,614
CUST004461,62,M,Medium,77355.95885215877,Delhi,10,634
CUST004462,72,M,High,105744.22705079845,Chennai,17,545
CUST004463,57,F,Low,33720.3347195991,Pune,5,761
CUST004464,62,M,Low,32052.325538693818,Kolkata,14,635
CUST004465,36,M,Medium,61008.242778283544,Bangalore,41,701
CUST004466,27,F,Medium,75616.65896620152,Bangalore,63,780
CUST004467,57,M,Medium,40126.69256553601,Hyderabad,14,809
CUST004468,51,F,Medium,51284.46424414391,Chennai,9,697
CUST004469,46,Other,Medium,61531.0895817932,Chennai,64,730
CUST004470,50,M,Low,23565.86523273105,Ahmedabad,79,627
CUST004471,49,M,Low,38157.33067465517,Ahmedabad,18,834
CUST004472,64,M,High,125331.65823291108,Bangalore,1,686
CUST004473,64,F,High,113451.8096242393,Chennai,42,706
CUST004474,53,F,Low,36294.03518133309,Hyderabad,55,667
CUST004475,57,F,Low,29017.72382930208,Delhi,1,795
CUST004476,52,F,Low,31173.060238600192,Bangalore,32,715
CUST004477,38,M,Medium,40110.03982215684,Mumbai,31,760
CUST004478,56,F,High,105599.03711365515,Bangalore,17,728
CUST004479,24,F,Medium,45551.61889403879,Bangalore,49,682
CUST004480,60,F,High,128278.20764636037,Delhi,20,774
CUST004481,27,F,High,113531.88712830137,Kolkata,40,727
CUST004482,49,F,Very High,255615.14503758078,Ahmedabad,26,623
CUST004483,32,M,Low,29356.646787434845,Kolkata,10,620
CUST004484,53,M,Low,24192.597759026925,Mumbai,33,711
CUST004485,44,F,Low,38501.732649722806,Ahmedabad,48,772
CUST004486,21,M,High,83778.08427856391,Mumbai,131,831
CUST004487,51,F,High,140579.19247072842,Mumbai,17,557
CUST004488,36,M,Medium,60454.35154933404,Ahmedabad,2,702
CUST004489,58,F,Low,32378.929922776348,Kolkata,159,739
CUST004490,45,F,Medium,52104.22483634815,Pune,35,723
CUST004491,50,M,Medium,78667.90467177285,Delhi,105,780
CUST004492,30,F,Medium,51274.03834077959,Chennai,3,752
CUST004493,36,F,Medium,63555.11988561218,Mumbai,15,621
CUST004494,38,F,Low,39868.33410214257,Ahmedabad,5,618
CUST004495,57,M,High,141676.6077468412,Chennai,64,724
CUST004496,70,M,Medium,61453.193011444244,Hyderabad,76,779
CUST004497,32,M,Medium,79614.98091868848,Ahmedabad,25,711
CUST004498,61,M,Low,34027.39723465229,Delhi,7,573
CUST004499,18,F,High,94609.02912992665,Chennai,4,616
CUST004500,27,Other,Medium,56223.84841743226,Kolkata,31,755
CUST004501,30,F,Very High,267072.6669040428,Pune,25,672
CUST004502,24,F,Medium,53760.54833084757,Kolkata,42,709
CUST004503,21,F,Very High,416159.7537759532,Mumbai,13,785
CUST004504,51,M,High,120898.40490909555,Pune,18,603
CUST004505,41,F,Medium,41523.70846358114,Mumbai,1,666
CUST004506,50,M,Very High,457106.9692778416,Pune,33,658
CUST004507,55,F,Medium,51871.84561920658,Chennai,19,728
CUST004508,48,M,Medium,79882.99507652575,Kolkata,90,761
CUST004509,54,M,Low,39083.81460669571,Chennai,36,581
CUST004510,43,F,Medium,77621.2286672786,Hyderabad,18,699
CUST004511,27,F,High,136778.93228447816,Ahmedabad,11,769
CUST004512,60,F,High,95442.93321784798,Delhi,84,551
CUST004513,36,F,Low,30652.65488057564,Kolkata,1,694
CUST004514,30,M,Medium,48972.10507299898,Bangalore,14,602
CUST004515,42,F,Low,25193.509111778985,Kolkata,103,648
CUST004516,31,M,High,122766.62386053942,Hyderabad,38,499
CUST004517,38,F,Low,20816.670907061267,Kolkata,27,811
CUST004518,50,F,Very High,489310.4983872477,Hyderabad,8,671
CUST004519,50,M,Low,38373.46345155929,Kolkata,64,635
CUST004520,31,F,Medium,55230.70288630879,Hyderabad,8,726
CUST004521,37,F,High,116079.57136048391,Pune,10,616
CUST004522,61,M,Medium,58644.77677071036,Mumbai,7,609
CUST004523,52,F,Low,37643.99557234939,Chennai,6,820
CUST004524,76,F,Medium,67544.07505264445,Ahmedabad,110,844
CUST004525,62,F,Low,25562.224948487128,Kolkata,33,652
CUST004526,62,M,Very High,306394.4390628539,Delhi,36,785
CUST004527,24,M,Medium,57158.63902747055,Mumbai,111,728
CUST004528,56,F,Medium,78373.40673135675,Hyderabad,9,586
CUST004529,44,M,Medium,47012.43642058559,Delhi,1,625
CUST004530,36,Other,Low,21791.52674588858,Mumbai,32,824
CUST004531,47,M,High,141643.3182513183,Ahmedabad,25,585
CUST004532,59,F,Very High,463840.0963270548,Bangalore,23,850
CUST004533,52,F,High,141021.73615385153,Kolkata,2,654
CUST004534,31,M,Medium,60439.07662502225,Kolkata,21,826
CUST004535,56,M,Medium,66389.77713077841,Hyderabad,12,675
CUST004536,35,F,Low,31267.26095121968,Mumbai,11,763
CUST004537,48,F,High,84861.34782380806,Ahmedabad,9,811
CUST004538,40,M,Medium,63833.395876028895,Mumbai,14,811
CUST004539,41,F,Medium,40544.565890244034,Hyderabad,15,653
CUST004540,56,M,Very High,263745.59334498015,Bangalore,13,631
CUST004541,29,M,Low,38645.851517463336,Kolkata,138,693
CUST004542,74,F,Low,26080.90539271615,Chennai,97,595
CUST004543,18,M,Low,38796.53285288496,Bangalore,30,719
CUST004544,36,F,Low,25002.679142984885,Hyderabad,142,634
CUST004545,50,M,Low,26291.24480923065,Chennai,170,786
CUST004546,53,M,Medium,65136.29985754214,Mumbai,15,654
CUST004547,43,M,Medium,70465.07891157179,Pune,21,560
CUST004548,44,F,Low,30027.755360097683,Ahmedabad,115,812
CUST004549,51,F,High,141748.0981035909,Pune,33,714
CUST004550,41,F,Low,20804.808432212383,Ahmedabad,8,702
CUST004551,65,M,High,144553.63870440592,Bangalore,42,787
CUST004552,57,M,Medium,47852.31199581632,Pune,8,769
CUST004553,58,F,Medium,75369.54980338624,Bangalore,14,639
CUST004554,30,M,Very High,290302.1128202332,Pune,9,664
CUST004555,43,F,Low,36655.14111742075,Ahmedabad,10,610
CUST004556,40,M,Medium,66866.6219921478,Kolkata,1,582
CUST004557,29,F,High,92315.91427347835,Pune,76,746
CUST004558,50,M,Medium,76721.90279525793,Ahmedabad,12,731
CUST004559,36,F,Medium,49820.69561953838,Kolkata,3,760
CUST004560,54,M,Medium,49765.60474779997,Chennai,3,802
CUST004561,28,M,High,136992.52276461665,Mumbai,29,761
CUST004562,70,M,High,87411.12789007647,Bangalore,178,769
CUST004563,31,M,Low,24440.718127409207,Chennai,5,533
CUST004564,48,M,Low,30073.551468421247,Bangalore,3,675
CUST004565,56,F,Medium,73219.08114746498,Pune,20,777
CUST004566,36,F,Low,22949.67949474535,Kolkata,29,606
CUST004567,57,F,Medium,61906.72938049385,Mumbai,12,707
CUST004568,26,F,Low,34224.81183605879,Pune,12,741
CUST004569,66,F,Low,37211.904494319024,Mumbai,19,735
CUST004570,45,M,Low,38711.311204044396,Delhi,13,729
CUST004571,36,M,Very High,424623.97006412636,Chennai,88,747
CUST004572,40,M,Low,33056.56796444004,Kolkata,1,714
CUST004573,57,F,Low,28672.401706255318,Kolkata,9,582
CUST004574,36,M,Low,22242.203083768392,Kolkata,59,740
CUST004575,33,M,Very High,398408.0173839324,Pune,64,722
CUST004576,41,F,High,149491.61131328408,Hyderabad,4,584
CUST004577,27,M,High,131573.241631247,Bangalore,131,810
CUST004578,72,F,Low,20334.221874754527,Mumbai,42,742
CUST004579,36,F,High,114738.1984629287,Bangalore,11,589
CUST004580,57,M,Medium,64585.86529931615,Bangalore,21,634
CUST004581,48,M,Medium,67586.96804411372,Hyderabad,12,654
CUST004582,30,F,Medium,68789.03342402834,Mumbai,5,654
CUST004583,44,F,High,119067.59088515668,Delhi,12,723
CUST004584,56,M,High,95635.22329139682,Kolkata,31,621
CUST004585,42,F,High,145954.04630335828,Chennai,62,790
CUST004586,62,F,Very High,393833.26368228166,Bangalore,16,783
CUST004587,60,M,Low,24736.80073738819,Hyderabad,15,749
CUST004588,58,M,Medium,52892.873290810916,Hyderabad,22,703
CUST004589,38,F,Low,38438.55341260739,Chennai,37,774
CUST004590,28,M,High,142123.9630695135,Chennai,50,677
CUST004591,35,F,Low,28102.928767161793,Pune,14,642
CUST004592,47,M,High,82681.50553940157,Ahmedabad,31,795
CUST004593,53,F,Medium,41939.89475575753,Mumbai,17,725
CUST004594,18,F,Medium,51356.73163673556,Bangalore,45,645
CUST004595,44,F,Low,32582.44438677999,Bangalore,6,666
CUST004596,47,M,Medium,63367.78541338247,Chennai,10,641
CUST004597,40,M,High,124367.94508607598,Ahmedabad,19,850
CUST004598,64,F,Low,34345.659438642135,Kolkata,79,700
CUST004599,51,M,Medium,40761.290143709535,Pune,30,712
CUST004600,64,M,Low,22101.711903448857,Delhi,121,757
CUST004601,41,F,Medium,54379.338073088504,Bangalore,3,602
CUST004602,59,M,Low,23097.199950431634,Hyderabad,22,787
CUST004603,69,M,Medium,43012.80170178217,Kolkata,19,651
CUST004604,64,M,High,124867.50771981323,Chennai,33,846
CUST004605,28,F,Medium,72613.45909964397,Bangalore,60,674
CUST004606,41,F,Medium,70105.0662973713,Mumbai,66,783
CUST004607,39,M,Medium,72681.59114436716,Chennai,39,500
CUST004608,52,M,Low,33317.13088115754,Hyderabad,36,605
CUST004609,55,M,Medium,69413.81287256809,Mumbai,107,676
CUST004610,32,F,Medium,50871.150968332055,Pune,17,537
CUST004611,46,M,Low,39860.16072568329,Chennai,64,748
CUST004612,18,F,High,92821.5958145721,Chennai,91,725
CUST004613,66,M,Medium,48579.7549755753,Bangalore,24,620
CUST004614,37,Other,High,100224.52822710929,Mumbai,47,698
CUST004615,45,M,Very High,491366.3505373026,Ahmedabad,17,764
CUST004616,40,F,Low,39765.77178707812,Pune,6,531
CUST004617,62,M,Medium,71795.7499882599,Ahmedabad,31,598
CUST004618,18,M,Medium,65162.30394238535,Chennai,7,673
CUST004619,44,F,Low,30401.25150369227,Kolkata,22,701
CUST004620,43,F,High,147943.4591980792,Ahmedabad,74,695
CUST004621,38,M,High,128693.59620007733,Hyderabad,3,771
CUST004622,70,F,Medium,77789.2051330412,Mumbai,1,738
CUST004623,31,F,Medium,52662.031979104955,Kolkata,33,755
CUST004624,56,F,Low,26675.495845391313,Bangalore,14,588
CUST004625,50,M,Medium,74188.98376473742,Delhi,19,711
CUST004626,63,F,High,90489.8444409706,Pune,18,675
CUST004627,34,F,Medium,77837.11445184302,Chennai,3,816
CUST004628,34,M,Medium,60298.9741865363,Delhi,1,713
CUST004629,61,F,High,144848.97150085884,Chennai,82,646
CUST004630,51,M,Medium,53471.71154903252,Ahmedabad,8,768
CUST004631,21,M,Medium,68638.35616557588,Kolkata,19,745
CUST004632,36,F,Medium,59315.00487890759,Bangalore,128,634
CUST004633,50,F,Medium,65072.14520981892,Ahmedabad,63,672
CUST004634,57,M,High,115306.07451974065,Bangalore,4,673
CUST004635,34,M,High,147698.0932159953,Ahmedabad,25,798
CUST004636,18,F,Low,33842.10795627834,Bangalore,47,716
CUST004637,52,M,Very High,237961.63901921042,Bangalore,43,758
CUST004638,26,F,Medium,76387.07687620338,Mumbai,51,660
CUST004639,18,F,High,100582.0816708573,Ahmedabad,22,726
CUST004640,18,M,High,106012.35695105995,Mumbai,6,804
CUST004641,57,F,Medium,44084.94792080853,Chennai,22,671
CUST004642,46,F,High,142997.65638573334,Mumbai,37,709
CUST004643,41,M,Low,25722.24046455726,Chennai,33,590
CUST004644,65,F,Low,25178.352358627646,Pune,2,638
CUST004645,54,F,High,144418.38185964676,Mumbai,2,673
CUST004646,69,F,High,136386.88036835234,Mumbai,120,615
CUST004647,24,F,High,89875.5245063562,Mumbai,5,805
CUST004648,44,M,Medium,70772.98015614723,Pune,12,632
CUST004649,20,M,Medium,76521.32392215163,Hyderabad,52,762
CUST004650,41,M,Medium,43140.44872842976,Pune,18,714
CUST004651,41,M,Very High,438825.24821660056,Bangalore,7,702
CUST004652,54,M,Medium,61896.802074922234,Pune,22,818
CUST004653,45,F,High,126843.82145651605,Hyderabad,30,519
CUST004654,54,F,Medium,59714.17355619748,Mumbai,21,684
CUST004655,55,F,Medium,67912.12339621114,Mumbai,90,613
CUST004656,77,F,Medium,41363.91446667013,Hyderabad,12,543
CUST004657,40,F,Very High,416947.3531281493,Ahmedabad,38,604
CUST004658,30,F,Medium,41333.74791435833,Kolkata,4,701
CUST004659,48,F,Very High,309354.9467115702,Chennai,17,641
CUST004660,32,M,Low,23019.299862605898,Bangalore,48,771
CUST004661,67,F,Medium,72942.97109405228,Pune,9,682
CUST004662,40,F,High,101956.2636422968,Chennai,32,674
CUST004663,36,M,High,111786.54812230327,Ahmedabad,5,674
CUST004664,37,F,Very High,300062.75945440907,Kolkata,3,692
CUST004665,55,F,Low,35450.03931369413,Bangalore,26,666
CUST004666,42,M,Low,29622.88719591951,Delhi,40,631
CUST004667,35,F,Medium,71558.33340041385,Bangalore,4,779
CUST004668,69,M,Low,21470.165536053504,Pune,89,650
CUST004669,32,M,Very High,217057.8887660483,Chennai,9,669
CUST004670,45,F,Low,31030.684992927214,Bangalore,4,734
CUST004671,54,F,Medium,77883.53299010781,Delhi,8,725
CUST004672,20,F,Low,21495.156934435607,Delhi,6,628
CUST004673,52,F,Medium,41723.368646274575,Mumbai,3,760
CUST004674,29,M,Medium,46262.026997114226,Pune,57,743
CUST004675,57,F,Low,32823.062577203134,Delhi,24,714
CUST004676,30,F,Medium,55959.71666680989,Hyderabad,17,665
CUST004677,55,Other,Medium,73022.09517670746,Chennai,108,667
CUST004678,61,M,Very High,175176.60301847802,Hyderabad,16,683
CUST004679,57,F,Low,23928.281736294022,Kolkata,6,601
CUST004680,48,F,Medium,52001.056218595826,Hyderabad,11,696
CUST004681,41,F,Very High,369355.5303410748,Chennai,9,771
CUST004682,36,F,High,127962.08832110831,Ahmedabad,24,770
CUST004683,67,M,Very High,193471.15288732084,Kolkata,12,669
CUST004684,34,F,Very High,480331.64814710885,Hyderabad,26,785
CUST004685,29,F,Medium,53641.76540760836,Ahmedabad,39,850
CUST004686,54,M,High,129921.81341001982,Hyderabad,54,674
CUST004687,33,F,Low,30484.154378953976,Pune,44,755
CUST004688,30,F,Medium,48910.32454188426,Kolkata,8,518
CUST004689,23,M,High,139235.98261807876,Hyderabad,4,599
CUST004690,37,F,Medium,72729.5211276772,Delhi,28,707
CUST004691,43,M,High,107725.0297741683,Ahmedabad,7,619
CUST004692,48,M,High,121202.53099856988,Chennai,3,850
CUST004693,59,F,Medium,50313.02783743759,Chennai,26,747
CUST004694,52,M,High,128289.6140122411,Chennai,14,777
CUST004695,42,M,Medium,52361.07250481726,Hyderabad,50,697
CUST004696,42,M,Low,36881.574687644694,Delhi,13,619
CUST004697,52,M,High,95216.9572994092,Chennai,138,658
CUST004698,64,F,Medium,40592.13691273856,Bangalore,51,720
CUST004699,46,F,High,98795.5629377543,Chennai,2,648
CUST004700,37,F,Medium,47642.09945837947,Mumbai,25,753
CUST004701,30,F,Medium,60331.45758899697,Bangalore,29,756
CUST004702,23,M,High,94259.23041596034,Chennai,42,700
CUST004703,54,F,Medium,70527.5948287798,Hyderabad,24,553
CUST004704,53,F,Medium,49654.82552016016,Ahmedabad,23,837
CUST004705,53,F,Low,34139.36359825311,Chennai,16,682
CUST004706,43,F,High,120492.96461096068,Delhi,11,850
CUST004707,66,F,Low,39724.99712943769,Delhi,105,752
CUST004708,37,F,High,149993.06839064622,Chennai,13,683
CUST004709,59,M,Medium,74781.0433326932,Pune,2,735
CUST004710,44,F,Medium,70399.33477195005,Hyderabad,6,538
CUST004711,35,M,Very High,285259.7449002008,Hyderabad,70,782
CUST004712,53,M,Low,35065.534542626076,Hyderabad,31,850
CUST004713,51,M,Medium,78267.02148317962,Chennai,54,532
CUST004714,50,M,High,81636.4302776811,Ahmedabad,59,677
CUST004715,46,M,High,117654.02901384172,Chennai,62,691
CUST004716,44,M,Medium,48719.93217553738,Mumbai,28,770
CUST004717,80,F,Medium,62315.052634754014,Delhi,7,850
CUST004718,62,F,High,112651.29628312238,Pune,5,730
CUST004719,55,Other,High,120303.80070865991,Bangalore,30,850
CUST004720,46,M,High,118567.3554993107,Bangalore,16,713
CUST004721,60,F,Medium,78404.28156674249,Ahmedabad,29,736
CUST004722,52,F,Very High,343265.13812715764,Delhi,24,726
CUST004723,45,M,Medium,73849.28352499468,Kolkata,33,797
CUST004724,40,F,Low,26396.40573601693,Mumbai,1,666
CUST004725,43,F,Medium,57524.02755164196,Delhi,1,765
CUST004726,18,M,Low,29408.269520896196,Mumbai,46,601
CUST004727,48,F,Low,25574.560866707594,Kolkata,7,677
CUST004728,37,F,Medium,55191.61045911821,Mumbai,38,649
CUST004729,68,M,Low,31970.261589335503,Hyderabad,28,707
CUST004730,45,M,High,120613.14343131726,Delhi,144,674
CUST004731,27,M,Low,32728.70689146961,Bangalore,64,790
CUST004732,44,M,Low,27036.35830840282,Chennai,19,629
CUST004733,29,F,Low,26316.62990306114,Kolkata,34,561
CUST004734,52,F,Low,32232.357655083262,Kolkata,4,591
CUST004735,49,M,Medium,45314.469937101,Chennai,17,779
CUST004736,59,F,Medium,50121.2617412856,Delhi,47,622
CUST004737,33,M,Very High,164744.7079335483,Pune,35,731
CUST004738,45,M,High,85082.75968172561,Chennai,23,676
CUST004739,24,M,High,97036.82954824262,Mumbai,6,765
CUST004740,55,F,Low,20390.58560593838,Chennai,58,681
CUST004741,52,M,Medium,49816.42368349846,Mumbai,11,850
CUST004742,52,M,Low,33099.52646124052,Mumbai,61,850
CUST004743,45,M,High,84277.49549282531,Bangalore,34,674
CUST004744,51,F,Low,28734.733555892817,Chennai,16,663
CUST004745,69,Other,Medium,76524.35147678197,Pune,1,850
CUST004746,40,M,Low,35825.69657850802,Bangalore,9,613
CUST004747,47,M,Low,26108.750045897144,Pune,79,695
CUST004748,28,F,Very High,473681.91771707643,Chennai,61,701
CUST004749,31,F,High,103075.25477234073,Pune,30,699
CUST004750,46,M,High,85076.08474362937,Mumbai,22,560
CUST004751,61,F,Medium,79762.23827072454,Pune,37,739
CUST004752,41,F,High,140901.57690324204,Chennai,22,622
CUST004753,41,M,Medium,58637.3113320437,Kolkata,37,814
CUST004754,38,F,Very High,383231.78346734133,Kolkata,13,583
CUST004755,36,F,Medium,66849.12311426681,Bangalore,65,704
CUST004756,49,F,Medium,47779.28922921841,Ahmedabad,43,522
CUST004757,22,M,High,94003.40432075426,Hyderabad,14,527
CUST004758,64,M,Medium,58783.228134073026,Kolkata,63,632
CUST004759,35,M,High,143810.11980963885,Pune,24,644
CUST004760,55,M,Very High,153497.82120049978,Bangalore,6,817
CUST004761,25,F,Medium,71300.22543797437,Pune,2,696
CUST004762,55,F,Medium,42301.07134858616,Hyderabad,43,803
CUST004763,55,F,Medium,59128.884595324715,Delhi,72,669
CUST004764,50,Other,High,124651.09831514335,Bangalore,59,748
CUST004765,30,M,Medium,67470.37068329859,Kolkata,38,641
CUST004766,48,F,Low,21169.58527231823,Kolkata,5,636
CUST004767,27,F,Medium,56744.14469535873,Chennai,3,554
CUST004768,41,M,Low,31676.745210046494,Hyderabad,15,726
CUST004769,60,F,High,84623.18761142048,Kolkata,69,720
CUST004770,56,M,Medium,45403.78226381239,Chennai,117,762
CUST004771,45,F,Medium,66545.95958016154,Hyderabad,9,717
CUST004772,30,F,High,116514.67376134562,Bangalore,51,850
CUST004773,54,M,Low,23236.57322536581,Bangalore,30,714
CUST004774,45,F,Low,30704.78673829467,Chennai,1,779
CUST004775,18,F,Medium,76507.69493777663,Bangalore,28,674
CUST004776,56,M,Low,20311.75169550728,Chennai,59,627
CUST004777,44,M,Medium,65705.35093943418,Mumbai,11,757
CUST004778,63,M,Very High,175777.65211186968,Pune,81,692
CUST004779,28,F,High,80451.46100752905,Hyderabad,9,766
CUST004780,18,F,High,90545.81420624437,Chennai,2,728
CUST004781,49,F,Very High,298017.3211488718,Hyderabad,6,636
CUST004782,49,F,Medium,72093.75995927812,Ahmedabad,65,785
CUST004783,19,F,Medium,51271.419864182346,Mumbai,19,630
CUST004784,30,M,Low,32513.464247775173,Hyderabad,57,750
CUST004785,85,F,High,108780.96465687147,Chennai,27,802
CUST004786,40,M,High,96403.22543762055,Pune,23,669
CUST004787,55,M,Low,30284.942285657173,Pune,59,792
CUST004788,35,F,Medium,71898.57961490493,Bangalore,19,731
CUST004789,18,M,Medium,73299.69480224577,Pune,58,768
CUST004790,42,F,Medium,73860.78127508947,Pune,3,633
CUST004791,41,F,High,103699.04687884856,Ahmedabad,36,717
CUST004792,39,M,Medium,71738.24258863012,Hyderabad,43,587
CUST004793,43,M,Very High,224262.45928811777,Hyderabad,82,836
CUST004794,48,F,Medium,69537.00404971532,Kolkata,9,538
CUST004795,42,F,High,146386.90983908315,Kolkata,33,671
CUST004796,26,M,Very High,154810.34214183502,Mumbai,20,625
CUST004797,52,M,Very High,304127.3759125793,Delhi,17,753
CUST004798,18,F,Low,32955.41976828009,Pune,4,850
CUST004799,18,F,Low,34035.51540975106,Bangalore,5,752
CUST004800,56,M,Medium,47043.51033076809,Pune,65,850
CUST004801,52,M,Medium,78887.3310095437,Chennai,49,589
CUST004802,44,F,Medium,64610.614718838915,Mumbai,17,595
CUST004803,24,F,Very High,207519.21042989372,Chennai,63,628
CUST004804,34,Other,Low,20410.450234250307,Chennai,3,709
CUST004805,41,F,Medium,71330.56795159105,Hyderabad,35,617
CUST004806,21,F,Low,21594.09478890918,Mumbai,72,639
CUST004807,33,M,High,89873.56447491655,Mumbai,65,749
CUST004808,54,F,Very High,351190.5093994917,Kolkata,16,600
CUST004809,66,M,Medium,64140.22013798479,Ahmedabad,49,609
CUST004810,38,F,Low,33737.74237184797,Bangalore,20,668
CUST004811,56,M,High,107545.98088645346,Delhi,66,675
CUST004812,18,M,High,134172.9068276776,Chennai,27,780
CUST004813,54,F,Medium,78974.34398463555,Pune,52,627
CUST004814,32,F,High,98976.6460155918,Bangalore,2,642
CUST004815,49,M,Very High,396060.0157882811,Pune,32,746
CUST004816,41,F,Medium,77138.74609580627,Kolkata,28,764
CUST004817,64,M,Medium,67451.47050468171,Ahmedabad,33,814
CUST004818,31,M,Medium,67244.37994577037,Ahmedabad,42,737
CUST004819,54,F,Medium,48950.90276340826,Bangalore,90,710
CUST004820,40,M,Medium,61405.20801278771,Chennai,55,746
CUST004821,42,F,Medium,62500.913744183206,Hyderabad,8,678
CUST004822,42,M,Low,34002.591249119054,Hyderabad,62,678
CUST004823,32,F,Medium,79872.8579958473,Chennai,4,558
CUST004824,44,F,Low,20672.876450875243,Kolkata,35,771
CUST004825,44,M,Medium,42609.30645069947,Kolkata,77,716
CUST004826,48,M,Medium,43118.00277723675,Mumbai,3,762
CUST004827,46,F,Medium,69719.16537955827,Delhi,68,474
CUST004828,56,F,Medium,45454.1518044303,Pune,57,696
CUST004829,58,M,Medium,64898.07497961381,Hyderabad,25,631
CUST004830,29,F,High,102726.82145254209,Delhi,13,820
CUST004831,58,M,Medium,58292.798248428444,Bangalore,18,749
CUST004832,27,M,Very High,225482.1059360949,Pune,124,718
CUST004833,53,F,Medium,74644.26245218169,Pune,8,665
CUST004834,54,M,Medium,63446.012966521055,Pune,31,731
CUST004835,18,F,Low,38891.265271645054,Bangalore,3,625
CUST004836,46,F,High,120221.73747930306,Chennai,8,692
CUST004837,37,F,High,88673.56214178627,Ahmedabad,51,653
CUST004838,33,F,Very High,209804.6518434664,Ahmedabad,12,850
CUST004839,65,F,Very High,496175.89172874653,Chennai,153,817
CUST004840,35,F,Medium,69022.60789323472,Chennai,25,785
CUST004841,32,F,Medium,41971.15000116359,Pune,26,580
CUST004842,46,Other,Medium,68151.2402013866,Kolkata,1,769
CUST004843,55,F,Medium,56486.92187238447,Hyderabad,112,715
CUST004844,42,M,Low,26144.16773646381,Delhi,6,797
CUST004845,62,F,High,90784.2555611374,Ahmedabad,27,725
CUST004846,52,F,Very High,443966.38409479795,Bangalore,18,699
CUST004847,18,F,Medium,42553.65515956403,Delhi,19,718
CUST004848,37,F,Medium,51593.418495185615,Ahmedabad,37,555
CUST004849,36,F,Low,26127.657876514088,Hyderabad,39,638
CUST004850,52,Other,High,91263.36987744502,Pune,6,729
CUST004851,18,M,Medium,60327.39533147481,Delhi,24,791
CUST004852,83,F,Very High,154095.9193838124,Pune,56,655
CUST004853,52,M,High,101068.28607872863,Delhi,21,696
CUST004854,47,F,Medium,77345.17776132256,Kolkata,6,571
CUST004855,62,F,Medium,52421.18277368023,Ahmedabad,13,816
CUST004856,80,M,Low,27209.187742135033,Chennai,8,789
CUST004857,58,M,Very High,315607.76688192505,Kolkata,4,752
CUST004858,59,F,Medium,62467.73499405899,Kolkata,17,732
CUST004859,46,M,Very High,433048.0256872604,Pune,28,824
CUST004860,42,M,Medium,47612.8489262407,Delhi,2,635
CUST004861,37,F,High,141022.24640347902,Delhi,33,626
CUST004862,32,M,Low,35150.987142877784,Kolkata,178,784
CUST004863,34,F,Medium,68906.0133864622,Delhi,119,779
CUST004864,24,F,High,86076.32016002446,Kolkata,63,604
CUST004865,43,M,High,81514.84829822092,Mumbai,11,657
CUST004866,19,M,High,121580.88906356588,Ahmedabad,1,835
CUST004867,47,F,Low,37262.679250463225,Kolkata,64,732
CUST004868,44,F,Very High,354554.51244922256,Bangalore,2,762
CUST004869,47,F,Very High,224632.2029059358,Bangalore,8,607
CUST004870,37,F,Low,21810.397958984264,Delhi,28,752
CUST004871,85,F,Very High,394858.7584862072,Kolkata,7,586
CUST004872,65,M,Medium,68870.81109271238,Kolkata,64,541
CUST004873,26,M,High,92077.21904809761,Chennai,54,758
CUST004874,48,M,Medium,41127.61261986145,Ahmedabad,50,814
CUST004875,35,M,Very High,292899.2296281189,Pune,60,679
CUST004876,29,F,Low,31654.37404266044,Chennai,8,656
CUST004877,24,F,Medium,68240.09638268765,Chennai,46,836
CUST004878,51,M,Medium,72397.8003661161,Kolkata,15,684
CUST004879,34,F,Medium,64421.49709226929,Ahmedabad,39,694
CUST004880,59,M,Medium,44435.2243439394,Kolkata,4,835
CUST004881,59,M,Low,33651.633442848295,Bangalore,44,671
CUST004882,65,F,High,148892.36500264175,Hyderabad,128,647
CUST004883,32,M,Very High,466954.60460909136,Delhi,1,765
CUST004884,52,M,High,141016.8236488659,Bangalore,3,643
CUST004885,54,M,High,101151.91073508386,Chennai,4,688
CUST004886,37,M,Medium,70031.52705816002,Bangalore,20,594
CUST004887,33,F,Medium,74044.13783860582,Bangalore,12,714
CUST004888,69,F,Medium,67133.04818525052,Bangalore,59,705
CUST004889,48,M,Low,25011.23513135961,Ahmedabad,23,777
CUST004890,54,M,Very High,483841.89015623543,Chennai,23,768
CUST004891,32,F,Low,29016.388229173517,Hyderabad,45,744
CUST004892,26,F,Very High,195431.9455330578,Mumbai,16,731
CUST004893,36,M,Low,22195.55790114784,Delhi,15,694
CUST004894,43,M,High,125326.3291109332,Delhi,50,748
CUST004895,29,F,Low,28754.192928334785,Pune,54,611
CUST004896,44,F,Low,21889.67750357927,Bangalore,1,512
CUST004897,19,M,High,131825.52005092663,Hyderabad,5,792
CUST004898,28,F,Medium,71973.00669034479,Chennai,8,753
CUST004899,55,M,High,130779.0941550516,Mumbai,15,689
CUST004900,54,F,Medium,48090.435107360514,Mumbai,12,785
CUST004901,39,F,Low,33795.509119921386,Bangalore,39,641
CUST004902,29,F,Very High,153752.9810130348,Bangalore,63,643
CUST004903,29,M,Medium,52204.48558713637,Chennai,7,632
CUST004904,39,M,High,107917.50719852807,Pune,29,745
CUST004905,54,M,Medium,73409.87795542006,Chennai,16,573
CUST004906,58,F,Medium,55615.77492277617,Ahmedabad,25,638
CUST004907,37,M,Medium,40450.77784757593,Kolkata,34,723
CUST004908,27,M,Low,27046.92823656019,Chennai,80,603
CUST004909,49,M,Medium,59956.96393437149,Bangalore,7,647
CUST004910,32,F,Medium,77960.19146691094,Hyderabad,3,523
CUST004911,37,M,Medium,77641.37215158179,Bangalore,35,748
CUST004912,64,M,High,92661.18267549881,Pune,18,644
CUST004913,57,M,High,92960.25792176161,Bangalore,6,612
CUST004914,47,F,Low,23267.62912929101,Mumbai,4,596
CUST004915,25,F,Medium,71556.87729656413,Ahmedabad,29,666
CUST004916,48,F,Medium,40240.88161473625,Chennai,12,573
CUST004917,60,F,Low,22543.543963837546,Delhi,214,850
CUST004918,39,F,Low,30759.19263288198,Chennai,18,509
CUST004919,65,M,Low,24951.24133773531,Kolkata,8,663
CUST004920,64,F,Very High,182324.76038374173,Hyderabad,35,708
CUST004921,69,M,High,105191.46086336841,Hyderabad,10,637
CUST004922,49,M,Low,25484.152101204894,Chennai,24,716
CUST004923,53,F,Low,30222.08613028569,Chennai,23,636
CUST004924,66,M,High,148546.35156811372,Bangalore,21,822
CUST004925,51,M,Medium,44972.185472596735,Delhi,57,610
CUST004926,37,M,High,106090.8693383866,Pune,8,511
CUST004927,38,F,Very High,476194.75625536614,Bangalore,84,596
CUST004928,48,M,Medium,75074.9217397529,Ahmedabad,56,730
CUST004929,25,F,Low,27885.420695685614,Mumbai,14,690
CUST004930,42,F,High,128926.72851638155,Ahmedabad,7,760
CUST004931,61,F,Very High,180749.95475347096,Mumbai,11,740
CUST004932,18,M,Medium,68501.64222174461,Ahmedabad,14,649
CUST004933,68,F,High,148100.0410639319,Hyderabad,29,660
CUST004934,61,M,Medium,61499.52611336767,Hyderabad,1,669
CUST004935,38,M,Medium,59939.60908137657,Delhi,88,850
CUST004936,53,M,High,93112.30337913372,Hyderabad,3,755
CUST004937,45,F,Very High,371825.86961755215,Kolkata,11,850
CUST004938,63,M,Medium,63617.4912311566,Ahmedabad,4,767
CUST004939,59,M,High,125635.31416330254,Mumbai,10,694
CUST004940,23,M,Low,20521.665733694437,Delhi,65,618
CUST004941,53,M,Low,30974.46976698147,Mumbai,34,716
CUST004942,41,F,Medium,63797.39373989492,Chennai,9,695
CUST004943,46,F,Low,24150.602708256043,Chennai,73,692
CUST004944,34,F,Medium,48333.31429954144,Delhi,58,683
CUST004945,71,M,Medium,51048.726740437996,Bangalore,50,535
CUST004946,60,M,High,129820.51142090664,Kolkata,67,800
CUST004947,33,Other,High,122438.62444726602,Pune,34,695
CUST004948,24,M,Medium,73830.50584471218,Kolkata,25,586
CUST004949,39,F,Low,25913.171436861965,Ahmedabad,16,738
CUST004950,51,M,Medium,76482.72239553274,Pune,9,631
CUST004951,48,F,Very High,410297.15669417544,Hyderabad,29,744
CUST004952,63,M,Medium,55800.466800547874,Pune,79,770
CUST004953,56,M,Low,21905.24131250912,Delhi,32,781
CUST004954,59,F,Low,25139.67324974965,Kolkata,90,687
CUST004955,49,F,Medium,78270.72868859401,Pune,15,666
CUST004956,24,M,Low,26207.267517681586,Hyderabad,42,649
CUST004957,42,F,High,103093.06721043451,Mumbai,37,642
CUST004958,60,F,High,93271.22517684019,Pune,39,698
CUST004959,44,M,Medium,72274.02404555061,Bangalore,37,683
CUST004960,52,M,Medium,51025.76920969109,Hyderabad,9,633
CUST004961,40,M,Low,26605.164967377113,Chennai,5,608
CUST004962,29,M,Very High,295021.83795106935,Pune,138,691
CUST004963,43,F,Medium,57349.13119098439,Chennai,1,665
CUST004964,49,M,High,108793.85532905153,Mumbai,22,608
CUST004965,35,M,Medium,60149.74781498915,Delhi,19,766
CUST004966,41,M,Medium,72580.51518465613,Hyderabad,16,841
CUST004967,30,F,Medium,72771.40162968088,Pune,54,777
CUST004968,61,M,Medium,71932.52535053388,Pune,49,642
CUST004969,40,M,Medium,44044.9935646595,Mumbai,84,695
CUST004970,66,M,Medium,71987.15213099256,Pune,18,823
CUST004971,67,F,Medium,44810.07093946307,Chennai,29,606
CUST004972,43,M,Low,22494.475401045158,Pune,80,762
CUST004973,29,F,Medium,77914.51086539844,Ahmedabad,183,584
CUST004974,18,M,Medium,72775.91378822166,Pune,125,834
CUST004975,22,M,Medium,62096.41867472035,Chennai,45,665
CUST004976,24,F,Very High,456239.57156725175,Chennai,5,850
CUST004977,65,M,Low,39787.29285103726,Bangalore,1,838
CUST004978,46,F,Low,32212.84133263555,Bangalore,62,691
CUST004979,50,F,Low,32257.96873963036,Chennai,66,642
CUST004980,18,F,Medium,70177.08116639711,Kolkata,49,715
CUST004981,27,F,Medium,49285.55809461331,Delhi,11,685
CUST004982,58,M,High,91698.74030631596,Bangalore,36,667
CUST004983,49,M,Low,35191.61500030145,Hyderabad,13,567
CUST004984,42,F,Medium,53796.19179976409,Bangalore,21,658
CUST004985,53,F,High,89454.92494141537,Hyderabad,17,611
CUST004986,69,F,Very High,260207.2040712124,Bangalore,88,744
CUST004987,41,M,Very High,275522.9037561014,Chennai,9,779
CUST004988,46,M,High,147565.93616539834,Pune,31,759
CUST004989,47,F,Very High,394285.8988807731,Hyderabad,16,727
CUST004990,80,M,Low,30617.12634799468,Ahmedabad,39,631
CUST004991,18,M,Low,39377.4627736521,Pune,29,716
CUST004992,55,M,Low,38062.79480948362,Pune,92,763
CUST004993,43,F,High,115840.05996299119,Delhi,3,653
CUST004994,53,M,Very High,466987.8723819432,Bangalore,8,709
CUST004995,35,F,Low,28086.09316125313,Bangalore,52,688
CUST004996,44,M,Medium,49216.82661426499,Chennai,16,832
CUST004997,55,F,High,96287.47237754596,Hyderabad,6,768
CUST004998,85,F,Very High,381810.43355474435,Kolkata,25,748
CUST004999,57,M,Medium,60042.812828291084,Chennai,38,562
CUST005000,32,F,Very High,380632.7964519063,Pune,1,713
