timestamp,cpu_utilization,memory_usage,db_connection_pool_usage,network_throughput_mbps,application_error_rate,neft_success_rate,imps_success_rate,rtgs_success_rate,avg_transaction_processing_time_ms,auth_success_rate,transaction_volume_per_hour,service_uptime
2025-10-20 00:00:00,42.82,36.96,25.62,168.08,0,99.46,99.2,99.71,108.99,99.47,4664,100.0
2025-10-20 00:01:00,36.99,33.99,25.53,179.73,2,98.45,98.28,99.29,100.0,98.96,4570,100.0
2025-10-20 00:02:00,40.99,33.33,34.22,167.39,0,99.8,99.93,99.81,102.1,98.6,4368,100.0
2025-10-20 00:03:00,37.98,32.66,30.48,146.32,3,98.08,99.09,99.18,100.0,99.28,4878,100.0
2025-10-20 00:04:00,44.44,33.69,26.14,155.62,1,97.09,99.66,99.36,135.61,99.04,3281,100.0
2025-10-20 00:05:00,43.9,34.11,42.62,231.63,1,99.26,99.41,99.73,149.89,98.57,3716,100.0
2025-10-20 00:06:00,34.13,33.73,27.0,215.42,3,98.85,99.52,99.56,100.0,98.99,4045,100.0
2025-10-20 00:07:00,40.38,33.98,25.26,158.64,2,99.63,98.5,99.41,113.97,98.73,3153,100.0
2025-10-20 00:08:00,43.49,37.24,33.86,233.1,2,98.16,99.61,99.9,127.6,98.61,3455,100.0
2025-10-20 00:09:00,38.77,37.53,38.71,148.19,2,96.48,98.68,99.94,100.0,99.02,4406,100.0
2025-10-20 00:10:00,44.88,34.7,32.2,181.38,1,98.44,99.01,99.05,139.97,99.41,3479,100.0
2025-10-20 00:11:00,36.37,35.88,41.64,173.83,2,98.91,98.74,99.63,100.0,99.04,3180,100.0
2025-10-20 00:12:00,36.37,32.87,33.32,215.29,0,98.05,98.45,99.65,100.0,99.19,3773,100.0
2025-10-20 00:13:00,45.29,34.52,29.74,165.96,4,98.22,99.06,99.24,136.63,99.4,4800,100.0
2025-10-20 00:14:00,37.05,36.28,38.5,231.51,2,96.65,99.8,99.61,100.0,98.6,4327,100.0
2025-10-20 00:15:00,36.24,34.86,34.17,225.14,2,96.95,98.65,99.75,100.0,99.35,4315,100.0
2025-10-20 00:16:00,37.81,33.94,26.01,242.96,4,98.31,98.99,99.2,100.0,98.78,3048,100.0
2025-10-20 00:17:00,41.6,34.17,40.96,246.12,2,99.71,98.86,99.97,134.55,99.35,3588,100.0
2025-10-20 00:18:00,39.21,34.8,34.18,248.84,2,98.46,99.98,99.14,100.0,99.38,4481,100.0
2025-10-20 00:19:00,41.63,36.96,28.85,177.65,5,99.19,99.3,99.7,128.11,99.39,3675,100.0
2025-10-20 00:20:00,40.01,32.64,30.54,200.4,2,96.15,99.65,99.36,100.0,99.02,4539,100.0
2025-10-20 00:21:00,36.92,36.56,23.47,153.98,3,99.9,99.03,99.32,100.0,98.77,3877,100.0
2025-10-20 00:22:00,35.96,33.36,26.23,201.06,2,99.82,99.48,99.55,100.0,98.92,3495,100.0
2025-10-20 00:23:00,40.22,38.79,23.95,169.91,0,96.16,99.71,99.7,101.18,98.6,3983,100.0
2025-10-20 00:24:00,38.04,34.42,33.02,207.03,0,97.5,99.25,99.5,100.0,99.16,3325,100.0
2025-10-20 00:25:00,35.6,36.78,22.43,208.05,3,97.83,99.09,99.94,100.0,99.46,4810,100.0
2025-10-20 00:26:00,35.99,35.12,39.18,153.73,2,98.79,99.26,99.88,100.0,99.3,3564,100.0
2025-10-20 00:27:00,36.15,37.04,37.51,245.94,2,97.36,99.86,99.86,100.0,99.25,4509,100.0
2025-10-20 00:28:00,39.51,39.35,31.09,157.61,1,97.28,99.9,99.95,100.0,99.13,3896,100.0
2025-10-20 00:29:00,37.95,34.99,35.47,225.34,2,97.98,98.12,99.55,100.0,99.39,3701,100.0
2025-10-20 00:30:00,36.63,33.97,36.63,160.35,2,96.34,99.97,99.37,100.0,99.31,4894,100.0
2025-10-20 00:31:00,46.22,38.54,30.88,165.14,4,97.97,98.02,99.47,144.43,98.62,3235,100.0
2025-10-20 00:32:00,42.1,39.73,30.77,184.93,3,99.88,98.09,99.89,122.16,99.49,3147,100.0
2025-10-20 00:33:00,41.31,39.39,33.23,216.79,3,99.6,98.09,99.28,131.11,99.39,3911,100.0
2025-10-20 00:34:00,35.43,34.69,27.61,201.1,0,99.9,99.97,99.7,100.0,98.81,4627,100.0
2025-10-20 00:35:00,42.63,34.56,41.0,236.17,6,96.11,98.75,99.81,145.8,96.65,4188,100.0
2025-10-20 00:36:00,43.76,38.29,31.71,193.19,1,99.46,99.63,100.0,157.49,99.06,4537,100.0
2025-10-20 00:37:00,44.36,38.03,26.86,194.62,0,99.82,99.21,99.23,150.48,99.12,3716,100.0
2025-10-20 00:38:00,40.54,37.88,32.74,236.88,3,96.54,98.06,99.76,110.17,99.2,3425,100.0
2025-10-20 00:39:00,35.62,32.53,28.26,205.25,3,98.06,99.57,99.4,100.0,99.36,4899,100.0
2025-10-20 00:40:00,37.89,37.6,30.15,174.36,2,96.52,98.26,99.15,100.0,99.14,3363,100.0
2025-10-20 00:41:00,38.4,38.34,31.42,216.48,1,96.16,98.34,99.28,100.0,98.59,3241,100.0
2025-10-20 00:42:00,37.21,34.94,34.37,146.76,2,99.49,99.84,99.06,100.0,99.31,4496,100.0
2025-10-20 00:43:00,36.65,34.11,29.22,197.49,2,98.99,98.07,99.25,100.0,99.4,4023,100.0
2025-10-20 00:44:00,38.5,35.47,25.88,172.06,1,97.29,98.42,99.33,100.0,99.39,4187,100.0
2025-10-20 00:45:00,41.87,37.79,32.05,159.09,3,96.51,98.57,99.36,124.54,99.07,3712,100.0
2025-10-20 00:46:00,37.4,33.63,25.08,174.73,1,97.14,98.35,99.9,100.0,99.02,3820,100.0
2025-10-20 00:47:00,44.95,33.77,30.08,247.58,3,98.67,99.86,99.56,152.38,98.78,4538,100.0
2025-10-20 00:48:00,38.69,35.62,26.28,158.66,2,96.62,98.96,99.53,100.0,98.84,3268,100.0
2025-10-20 00:49:00,34.63,38.19,27.45,225.98,2,98.38,98.94,99.41,100.0,99.43,4661,100.0
2025-10-20 00:50:00,36.98,33.53,36.99,208.3,1,99.18,98.4,99.16,100.0,99.31,4330,100.0
2025-10-20 00:51:00,40.32,35.22,39.63,189.69,2,97.85,98.6,99.75,103.31,98.73,4799,100.0
2025-10-20 00:52:00,44.89,37.37,25.17,248.13,2,99.18,99.24,99.53,164.7,99.29,3303,100.0
2025-10-20 00:53:00,35.91,32.83,34.67,142.3,3,99.29,98.22,99.85,100.0,98.9,4594,100.0
2025-10-20 00:54:00,41.8,37.0,34.4,217.26,2,96.73,99.82,99.58,113.99,98.96,4894,100.0
2025-10-20 00:55:00,35.98,36.1,31.57,208.38,0,99.49,99.86,99.57,100.0,99.42,4414,100.0
2025-10-20 00:56:00,41.32,35.73,36.98,244.69,2,99.94,99.68,99.12,130.01,99.37,4037,100.0
2025-10-20 00:57:00,39.77,34.54,21.96,177.82,1,97.33,98.8,99.54,114.52,98.85,3693,100.0
2025-10-20 00:58:00,36.91,35.46,24.48,165.96,3,98.32,99.26,99.01,100.0,98.68,4922,100.0
2025-10-20 00:59:00,38.16,36.74,25.38,258.03,2,99.0,98.42,99.9,100.0,98.69,3073,100.0
2025-10-20 01:00:00,38.23,39.58,33.64,215.29,2,96.62,98.36,99.86,100.11,98.87,3541,100.0
2025-10-20 01:01:00,40.33,34.62,21.4,160.08,2,96.89,98.46,99.67,100.0,98.6,4599,100.0
2025-10-20 01:02:00,37.88,33.97,27.36,224.73,4,97.17,99.79,99.01,100.0,98.71,3053,100.0
2025-10-20 01:03:00,35.76,35.71,29.38,234.0,2,97.52,99.18,99.27,100.0,98.91,4104,100.0
2025-10-20 01:04:00,42.73,36.27,23.05,228.08,4,97.07,99.08,99.63,117.63,98.64,4669,100.0
2025-10-20 01:05:00,44.3,35.75,24.89,174.51,0,99.66,98.24,99.58,133.95,99.05,4302,100.0
2025-10-20 01:06:00,34.64,33.47,39.53,235.04,3,99.66,98.84,99.38,100.0,98.55,3332,100.0
2025-10-20 01:07:00,42.91,33.89,34.59,177.17,1,97.42,99.44,99.3,131.73,98.98,4327,100.0
2025-10-20 01:08:00,37.24,33.26,27.34,209.98,0,97.99,99.19,99.33,100.0,98.61,3150,100.0
2025-10-20 01:09:00,42.46,36.11,35.95,194.38,3,97.09,99.18,99.36,108.27,99.42,3273,100.0
2025-10-20 01:10:00,36.78,36.2,39.38,222.85,4,97.96,98.44,99.99,100.0,98.54,4411,100.0
2025-10-20 01:11:00,44.87,34.55,33.98,244.65,0,98.79,98.59,99.92,167.57,99.44,3948,100.0
2025-10-20 01:12:00,38.22,37.99,22.77,209.77,1,96.31,99.39,99.34,100.0,98.57,3630,100.0
2025-10-20 01:13:00,40.42,37.77,28.4,212.74,2,96.1,99.74,99.02,119.23,99.03,4878,100.0
2025-10-20 01:14:00,40.24,36.8,35.77,243.48,3,98.95,98.48,99.11,100.0,98.79,3592,100.0
2025-10-20 01:15:00,36.65,32.74,21.67,245.36,2,96.87,99.9,99.79,100.0,98.92,4758,100.0
2025-10-20 01:16:00,41.08,33.97,41.77,172.92,4,96.71,98.44,99.19,122.03,98.85,3115,100.0
2025-10-20 01:17:00,45.37,38.81,41.23,252.86,1,99.03,99.39,99.15,166.29,98.72,3447,100.0
2025-10-20 01:18:00,43.16,35.32,41.91,188.35,0,99.55,99.91,99.86,143.96,99.16,4101,100.0
2025-10-20 01:19:00,36.81,36.15,30.39,180.66,2,96.88,99.37,99.08,100.0,99.0,3961,100.0
2025-10-20 01:20:00,39.68,37.97,34.52,182.73,8,98.47,99.51,99.16,112.07,97.37,3058,100.0
2025-10-20 01:21:00,43.6,34.03,29.05,226.07,1,99.33,99.01,99.01,127.49,99.12,4962,100.0
2025-10-20 01:22:00,39.98,35.22,36.24,153.9,4,99.73,98.21,99.94,107.32,98.57,3601,100.0
2025-10-20 01:23:00,42.83,33.96,34.39,188.32,1,99.49,99.95,99.97,138.27,98.63,4516,100.0
2025-10-20 01:24:00,42.57,37.0,30.79,176.71,3,99.18,99.39,99.22,109.03,99.18,4309,100.0
2025-10-20 01:25:00,35.7,37.18,22.99,183.06,3,97.1,99.97,99.41,100.0,98.73,3426,100.0
2025-10-20 01:26:00,38.76,38.24,31.54,247.19,2,99.08,99.69,99.76,100.0,98.63,3065,100.0
2025-10-20 01:27:00,43.98,36.53,37.7,197.01,0,96.5,99.37,99.43,127.81,98.99,3128,100.0
2025-10-20 01:28:00,41.38,33.67,29.51,143.21,0,97.57,98.96,99.6,105.51,99.19,4720,100.0
2025-10-20 01:29:00,43.36,33.66,32.17,163.32,2,98.0,99.24,99.7,136.02,98.51,3652,100.0
2025-10-20 01:30:00,37.63,32.54,22.7,185.31,0,98.27,99.38,99.8,100.0,98.67,3209,100.0
2025-10-20 01:31:00,41.4,37.27,22.67,243.81,0,98.17,99.42,99.87,122.58,99.3,3678,100.0
2025-10-20 01:32:00,43.29,35.8,34.99,203.21,1,96.24,98.49,99.16,147.75,98.72,4951,100.0
2025-10-20 01:33:00,39.32,34.81,38.74,220.62,3,99.99,99.95,99.65,100.0,99.18,3144,100.0
2025-10-20 01:34:00,43.36,38.27,31.6,190.05,2,99.47,99.16,99.44,142.64,98.99,4746,100.0
2025-10-20 01:35:00,43.9,35.45,27.43,208.68,2,98.53,99.47,99.13,147.6,99.41,3359,100.0
2025-10-20 01:36:00,40.25,34.73,39.74,196.15,2,96.65,98.78,99.97,100.0,99.16,3650,100.0
2025-10-20 01:37:00,42.44,33.57,41.1,193.92,1,96.68,99.04,99.34,137.59,98.93,3497,100.0
2025-10-20 01:38:00,38.17,35.13,24.23,231.14,4,99.47,98.41,99.11,100.0,98.56,4062,100.0
2025-10-20 01:39:00,45.22,33.87,25.29,199.47,3,96.59,99.97,99.97,132.36,99.45,4278,100.0
2025-10-20 01:40:00,40.02,35.83,35.2,163.3,0,97.23,99.41,99.2,107.16,99.47,3187,100.0
2025-10-20 01:41:00,42.81,36.48,40.45,173.14,5,99.48,99.14,99.03,145.36,99.19,4353,100.0
2025-10-20 01:42:00,39.58,37.39,24.77,218.98,1,99.91,98.81,99.87,107.07,99.07,4476,100.0
2025-10-20 01:43:00,42.64,34.57,27.4,211.04,5,98.18,98.01,99.32,121.08,98.9,4390,100.0
2025-10-20 01:44:00,36.38,34.5,25.55,152.36,3,97.52,99.73,99.52,100.0,98.53,3682,100.0
2025-10-20 01:45:00,36.65,33.78,31.45,192.59,5,96.78,98.02,99.65,100.0,98.74,4854,100.0
2025-10-20 01:46:00,39.1,33.98,26.94,176.96,2,98.44,99.43,99.27,100.0,98.62,3362,100.0
2025-10-20 01:47:00,41.53,33.88,32.22,219.5,0,98.27,98.51,99.96,114.65,99.31,4100,100.0
2025-10-20 01:48:00,44.64,36.7,38.51,239.05,1,98.44,98.82,99.84,162.39,98.85,3473,100.0
2025-10-20 01:49:00,42.38,34.33,38.02,190.23,1,98.5,98.9,99.59,110.48,99.24,4725,100.0
2025-10-20 01:50:00,35.05,36.71,33.96,203.74,1,98.38,98.99,99.99,100.0,99.2,3808,100.0
2025-10-20 01:51:00,39.15,37.21,35.72,248.48,0,96.42,99.45,99.58,100.0,98.58,3171,100.0
2025-10-20 01:52:00,37.45,32.59,31.28,151.26,2,99.52,99.3,99.53,100.0,98.83,4338,100.0
2025-10-20 01:53:00,44.23,36.44,32.44,219.51,1,98.25,99.92,99.18,149.9,98.7,4071,100.0
2025-10-20 01:54:00,42.45,35.0,35.19,228.99,2,96.61,99.98,99.93,126.1,99.34,4041,100.0
2025-10-20 01:55:00,40.33,32.86,36.2,158.25,3,97.21,98.53,99.36,100.0,99.44,4107,100.0
2025-10-20 01:56:00,38.62,35.97,31.47,237.7,3,99.72,98.23,99.82,100.0,99.38,4736,100.0
2025-10-20 01:57:00,41.46,36.54,26.49,150.09,1,98.78,98.69,99.98,120.22,99.32,3265,100.0
2025-10-20 01:58:00,45.11,35.9,34.52,202.19,1,96.27,98.05,99.14,169.65,99.05,4931,100.0
2025-10-20 01:59:00,39.02,34.65,31.82,192.45,0,98.56,98.43,99.62,100.0,98.65,3122,100.0
2025-10-20 02:00:00,35.37,38.81,22.94,218.44,2,96.49,98.61,99.1,100.0,98.56,4018,100.0
2025-10-20 02:01:00,46.46,39.0,35.8,188.08,3,99.55,98.9,99.19,159.29,98.91,4655,100.0
2025-10-20 02:02:00,35.99,36.16,32.51,156.31,2,98.14,98.43,99.01,100.0,99.48,4603,100.0
2025-10-20 02:03:00,45.36,36.5,24.96,208.61,2,97.95,98.3,99.32,163.07,98.98,3751,100.0
2025-10-20 02:04:00,41.98,37.7,40.23,224.32,2,97.02,99.68,99.04,135.82,98.96,4274,100.0
2025-10-20 02:05:00,39.32,36.66,32.46,200.01,0,98.07,98.3,99.74,100.0,99.18,3083,100.0
2025-10-20 02:06:00,35.96,33.61,22.48,246.83,2,97.4,99.55,99.66,100.0,98.67,3196,100.0
2025-10-20 02:07:00,41.15,37.25,26.85,149.82,0,99.87,98.59,99.77,116.47,98.88,3411,100.0
2025-10-20 02:08:00,43.03,37.07,32.89,155.6,4,98.33,99.5,99.81,136.53,98.63,3676,100.0
2025-10-20 02:09:00,43.36,33.65,28.52,188.58,3,96.49,98.39,99.89,139.38,98.79,4631,100.0
2025-10-20 02:10:00,42.38,35.64,38.67,222.01,2,98.18,99.97,99.94,105.56,98.66,3263,100.0
2025-10-20 02:11:00,42.54,38.12,26.55,202.0,4,97.19,99.13,99.69,140.36,99.14,4522,100.0
2025-10-20 02:12:00,34.95,34.38,36.39,248.49,0,97.61,99.6,99.2,100.0,99.23,4231,100.0
2025-10-20 02:13:00,35.66,34.21,36.45,199.3,0,99.04,98.07,99.75,100.0,99.46,3735,100.0
2025-10-20 02:14:00,37.17,37.59,41.04,182.39,4,97.65,99.39,99.0,100.0,98.86,4588,100.0
2025-10-20 02:15:00,35.49,36.2,31.18,212.05,0,98.32,99.12,99.56,100.0,99.18,4609,100.0
2025-10-20 02:16:00,40.76,34.05,23.95,187.32,4,96.59,98.66,99.43,100.0,98.72,4196,100.0
2025-10-20 02:17:00,41.81,38.58,40.11,211.5,3,97.64,99.68,99.38,120.93,99.09,3368,100.0
2025-10-20 02:18:00,33.85,32.09,37.22,170.25,3,97.72,99.75,99.84,100.0,99.3,3916,100.0
2025-10-20 02:19:00,38.66,32.92,22.44,216.92,3,96.64,99.22,99.14,100.0,99.16,4913,100.0
2025-10-20 02:20:00,36.49,37.71,26.01,172.31,3,97.95,98.07,99.06,100.0,98.64,4064,100.0
2025-10-20 02:21:00,38.22,34.41,39.1,147.72,4,97.68,98.52,99.73,101.44,98.76,4308,100.0
2025-10-20 02:22:00,39.93,39.05,34.46,186.42,0,96.6,98.45,99.25,113.35,99.06,4046,100.0
2025-10-20 02:23:00,34.79,37.14,35.1,149.98,2,97.83,98.97,99.17,100.0,99.35,4338,100.0
2025-10-20 02:24:00,39.15,34.5,20.88,189.44,2,99.15,98.4,99.26,100.0,98.83,4513,100.0
2025-10-20 02:25:00,39.18,33.47,38.55,232.91,2,99.94,99.54,99.03,100.0,98.96,4818,100.0
2025-10-20 02:26:00,35.87,36.81,38.26,187.14,3,97.15,99.59,99.58,100.0,99.3,3791,100.0
2025-10-20 02:27:00,47.34,38.59,28.35,235.56,4,99.93,98.28,99.2,160.81,99.39,4308,100.0
2025-10-20 02:28:00,40.95,33.35,39.45,229.36,4,98.54,98.33,99.88,106.63,98.66,3025,100.0
2025-10-20 02:29:00,39.43,35.29,35.22,233.21,0,98.93,98.37,99.86,107.11,99.04,4420,100.0
2025-10-20 02:30:00,42.91,35.53,28.85,197.9,2,98.85,99.65,99.1,118.72,98.64,3695,100.0
2025-10-20 02:31:00,37.55,36.03,33.07,202.32,4,96.51,99.35,99.33,100.0,98.57,3349,100.0
2025-10-20 02:32:00,42.97,34.37,34.46,217.4,2,96.13,98.61,99.65,147.22,99.37,4532,100.0
2025-10-20 02:33:00,43.41,37.38,27.73,243.34,2,97.79,98.92,99.86,135.95,98.88,4953,100.0
2025-10-20 02:34:00,35.23,37.3,40.17,177.07,5,99.85,99.45,99.3,100.0,98.78,4745,100.0
2025-10-20 02:35:00,35.18,36.52,31.87,154.94,1,97.88,98.6,99.6,100.0,98.8,4486,100.0
2025-10-20 02:36:00,41.36,38.68,26.13,160.04,2,98.33,99.99,99.86,114.46,98.56,4662,100.0
2025-10-20 02:37:00,41.89,34.36,24.78,245.46,5,97.27,98.87,99.77,122.97,99.39,3886,100.0
2025-10-20 02:38:00,42.53,38.43,28.36,209.3,0,97.54,98.98,99.65,143.31,99.1,4487,100.0
2025-10-20 02:39:00,41.38,37.79,24.73,182.01,2,96.56,98.55,99.97,107.03,98.98,3392,100.0
2025-10-20 02:40:00,35.57,34.97,20.61,143.24,1,96.43,98.68,99.8,100.0,99.01,3586,100.0
2025-10-20 02:41:00,45.08,35.95,24.5,215.51,0,97.38,99.01,99.87,150.52,99.2,4985,100.0
2025-10-20 02:42:00,38.55,35.23,29.82,238.77,2,99.3,99.91,99.82,100.0,99.14,3102,100.0
2025-10-20 02:43:00,36.92,32.87,33.42,215.39,0,97.54,98.91,99.37,100.0,98.92,4502,100.0
2025-10-20 02:44:00,42.2,37.46,29.75,211.93,0,98.54,99.83,99.61,136.92,99.22,3241,100.0
2025-10-20 02:45:00,43.86,33.27,32.51,163.37,0,97.69,98.59,99.49,141.65,98.54,3246,100.0
2025-10-20 02:46:00,40.33,35.44,36.95,209.45,2,97.23,99.58,99.45,115.26,99.32,4715,100.0
2025-10-20 02:47:00,44.9,36.14,29.11,211.88,3,97.5,98.33,99.43,134.69,99.39,3691,100.0
2025-10-20 02:48:00,39.72,34.41,31.5,187.67,3,99.95,98.91,99.69,100.0,98.99,3055,100.0
2025-10-20 02:49:00,41.45,39.83,31.08,160.88,0,97.55,98.32,99.02,124.75,98.96,3578,100.0
2025-10-20 02:50:00,43.79,36.55,38.44,247.93,2,97.54,98.68,99.54,124.07,99.05,4083,100.0
2025-10-20 02:51:00,42.85,38.17,31.04,181.38,1,96.23,98.68,99.27,147.14,99.06,3694,100.0
2025-10-20 02:52:00,38.37,35.95,30.71,184.81,5,97.58,98.08,99.48,100.0,98.73,4928,100.0
2025-10-20 02:53:00,44.33,37.51,32.91,238.19,0,99.16,98.25,99.79,134.37,99.38,4888,100.0
2025-10-20 02:54:00,44.69,35.81,39.15,208.25,1,96.81,99.52,99.39,147.3,98.99,4154,100.0
2025-10-20 02:55:00,42.48,38.0,28.98,226.89,3,96.44,99.71,99.44,138.71,99.39,3124,100.0
2025-10-20 02:56:00,39.97,36.66,40.39,151.24,4,97.2,98.72,99.8,100.0,98.71,4914,100.0
2025-10-20 02:57:00,36.09,39.74,36.54,237.86,1,98.95,99.67,99.74,100.0,99.25,4537,100.0
2025-10-20 02:58:00,44.65,37.57,24.96,204.71,0,97.63,98.81,99.07,140.43,98.61,4616,100.0
2025-10-20 02:59:00,45.19,33.97,41.81,205.8,1,98.0,99.59,99.71,133.86,98.57,3805,100.0
2025-10-20 03:00:00,36.81,37.07,39.59,185.52,3,98.56,99.96,99.6,100.0,99.15,3245,100.0
2025-10-20 03:01:00,43.12,35.45,30.22,204.77,1,98.73,98.48,99.71,144.13,99.3,4105,100.0
2025-10-20 03:02:00,41.6,33.76,30.78,172.65,0,98.52,98.11,99.75,108.68,98.5,4022,100.0
2025-10-20 03:03:00,35.53,34.71,36.2,156.6,1,96.99,99.48,99.32,100.0,98.86,3540,100.0
2025-10-20 03:04:00,42.41,37.99,30.2,238.61,2,98.75,98.99,99.39,129.44,99.2,3008,100.0
2025-10-20 03:05:00,37.54,37.93,36.2,250.98,4,99.13,99.29,99.05,100.0,99.46,4000,100.0
2025-10-20 03:06:00,35.64,34.13,27.95,148.02,4,98.63,98.94,99.88,100.0,99.18,4215,100.0
2025-10-20 03:07:00,35.66,32.1,32.74,212.38,2,98.85,98.4,99.89,100.0,98.87,3116,100.0
2025-10-20 03:08:00,37.72,38.04,22.33,188.11,1,96.5,98.83,99.49,100.0,99.03,4190,100.0
2025-10-20 03:09:00,34.1,35.03,40.27,196.89,3,98.09,99.95,99.13,100.0,99.27,4614,100.0
2025-10-20 03:10:00,34.82,34.49,37.11,200.03,1,96.01,98.6,99.65,100.0,99.35,3047,100.0
2025-10-20 03:11:00,43.41,37.27,37.03,192.93,1,96.26,98.46,99.25,133.48,99.25,3947,100.0
2025-10-20 03:12:00,44.65,33.47,29.33,172.64,1,98.49,99.56,99.58,132.36,99.31,4271,100.0
2025-10-20 03:13:00,39.11,37.22,27.43,185.67,2,99.56,99.42,99.06,100.0,98.51,4261,100.0
2025-10-20 03:14:00,43.49,35.36,25.75,194.61,1,97.1,99.61,99.46,136.77,98.93,3087,100.0
2025-10-20 03:15:00,36.5,35.56,26.03,154.22,5,96.79,99.9,99.99,100.0,99.48,4139,100.0
2025-10-20 03:16:00,40.51,33.12,34.02,246.0,3,99.84,99.04,99.98,115.41,98.66,3953,100.0
2025-10-20 03:17:00,40.57,33.27,33.19,208.57,1,99.09,99.0,99.01,100.0,98.86,4852,100.0
2025-10-20 03:18:00,37.85,35.4,39.59,226.03,0,97.71,98.06,99.48,100.0,98.62,3577,100.0
2025-10-20 03:19:00,37.71,37.57,40.6,148.14,2,99.02,99.84,99.95,100.0,98.86,4575,100.0
2025-10-20 03:20:00,38.99,37.24,27.21,171.19,1,98.02,98.44,99.04,100.0,98.68,4733,100.0
2025-10-20 03:21:00,36.25,37.52,32.05,185.76,3,97.41,99.79,99.95,100.0,98.92,4560,100.0
2025-10-20 03:22:00,36.69,36.28,25.36,181.35,2,96.28,99.88,99.51,100.0,99.31,4671,100.0
2025-10-20 03:23:00,34.85,34.56,33.95,198.11,1,98.16,98.56,99.43,100.0,98.63,4531,100.0
2025-10-20 03:24:00,44.06,33.85,27.41,177.02,1,98.92,99.93,99.22,147.07,99.24,4696,100.0
2025-10-20 03:25:00,39.26,34.84,28.54,221.43,2,99.61,99.61,99.98,102.77,98.89,4181,100.0
2025-10-20 03:26:00,39.85,36.81,24.75,225.07,2,97.06,99.2,99.3,107.04,99.26,3205,100.0
2025-10-20 03:27:00,40.37,36.22,29.61,244.44,5,98.92,99.72,99.27,115.95,98.7,3690,100.0
2025-10-20 03:28:00,42.71,36.7,41.38,201.82,1,99.14,99.47,99.38,108.11,99.34,3022,100.0
2025-10-20 03:29:00,42.82,39.41,31.53,177.39,4,98.02,99.44,99.86,115.33,99.3,4105,100.0
2025-10-20 03:30:00,42.66,33.2,27.2,174.02,3,98.5,99.14,99.83,142.81,98.51,4348,100.0
2025-10-20 03:31:00,35.24,36.08,27.47,179.28,2,98.93,98.81,99.07,100.0,98.79,3865,100.0
2025-10-20 03:32:00,34.45,34.41,39.77,208.59,2,97.67,99.5,99.1,100.0,98.78,3864,100.0
2025-10-20 03:33:00,46.04,34.33,33.61,174.12,1,97.61,99.48,99.7,157.3,98.85,3795,100.0
2025-10-20 03:34:00,39.0,33.99,26.92,211.53,2,96.3,99.9,99.3,100.0,99.1,4247,100.0
2025-10-20 03:35:00,40.82,34.11,21.64,243.19,2,98.44,98.63,99.27,112.13,99.37,4893,100.0
2025-10-20 03:36:00,40.66,37.05,35.39,189.74,0,98.33,98.51,99.45,124.91,98.9,4679,100.0
2025-10-20 03:37:00,37.16,37.24,41.82,161.57,0,97.73,98.19,99.75,100.0,98.93,3517,100.0
2025-10-20 03:38:00,36.77,37.79,35.94,222.16,2,96.8,99.75,99.74,100.0,98.75,3428,100.0
2025-10-20 03:39:00,37.22,34.12,22.76,193.43,3,99.81,99.68,99.81,100.0,99.43,4088,100.0
2025-10-20 03:40:00,42.91,37.79,32.91,159.26,3,97.08,98.74,99.9,135.77,99.29,3908,100.0
2025-10-20 03:41:00,40.06,33.56,34.87,186.57,3,99.3,98.58,99.44,100.0,98.8,4005,100.0
2025-10-20 03:42:00,44.26,33.62,37.27,190.9,2,96.64,98.14,99.19,149.14,99.38,4628,100.0
2025-10-20 03:43:00,41.16,33.15,27.09,177.53,1,98.14,98.71,99.35,124.76,99.29,3615,100.0
2025-10-20 03:44:00,38.91,37.79,38.38,154.53,2,96.78,99.72,99.68,102.62,99.36,4496,100.0
2025-10-20 03:45:00,38.03,35.64,23.84,210.55,1,96.92,98.24,99.17,100.0,99.22,4464,100.0
2025-10-20 03:46:00,34.59,32.18,24.07,232.86,1,96.42,98.44,99.52,100.0,98.75,3115,100.0
2025-10-20 03:47:00,38.97,34.45,26.45,246.26,3,98.16,99.39,99.7,100.0,99.0,3823,100.0
2025-10-20 03:48:00,40.65,33.94,34.44,163.36,1,98.77,98.41,99.39,122.36,98.7,4015,100.0
2025-10-20 03:49:00,40.12,33.8,38.78,161.53,3,97.01,98.02,99.72,102.6,99.34,4642,100.0
2025-10-20 03:50:00,38.28,37.71,30.97,168.08,3,97.55,99.61,99.9,100.0,98.57,4754,100.0
2025-10-20 03:51:00,40.12,37.17,42.58,162.77,1,97.5,99.61,99.43,121.06,99.06,3642,100.0
2025-10-20 03:52:00,38.09,32.94,28.76,193.25,3,96.87,99.32,99.48,100.0,99.3,4545,100.0
2025-10-20 03:53:00,39.29,32.51,36.14,202.42,4,98.68,99.24,99.74,100.0,98.69,4780,100.0
2025-10-20 03:54:00,42.94,36.85,35.44,240.69,2,97.9,99.43,99.27,117.52,98.81,3483,100.0
2025-10-20 03:55:00,37.37,35.71,40.37,201.8,1,98.78,98.77,99.82,100.0,99.3,3543,100.0
2025-10-20 03:56:00,43.3,36.0,27.4,171.49,1,96.87,99.19,99.26,139.47,99.31,4556,100.0
2025-10-20 03:57:00,43.5,34.79,24.66,224.35,2,97.04,98.07,99.88,124.72,99.06,3077,100.0
2025-10-20 03:58:00,42.74,37.4,27.27,233.92,4,96.27,98.19,100.0,120.5,99.25,4613,100.0
2025-10-20 03:59:00,44.74,39.86,27.99,159.86,1,96.09,98.72,99.78,150.1,98.81,4308,100.0
2025-10-20 04:00:00,43.25,33.7,39.36,215.06,4,99.96,99.51,99.44,140.75,98.89,3457,100.0
2025-10-20 04:01:00,42.3,39.57,41.91,190.84,1,99.98,99.96,99.65,135.15,99.22,4186,100.0
2025-10-20 04:02:00,41.68,37.02,29.4,243.84,1,98.76,99.39,99.65,107.83,98.66,4271,100.0
2025-10-20 04:03:00,40.34,33.59,35.45,192.25,2,96.08,99.56,99.61,111.38,99.34,4605,100.0
2025-10-20 04:04:00,39.93,35.44,25.12,207.48,3,97.42,98.1,99.03,100.0,98.58,4213,100.0
2025-10-20 04:05:00,44.37,38.72,35.74,173.91,3,97.15,99.61,100.0,124.88,99.4,4245,100.0
2025-10-20 04:06:00,43.44,33.35,28.67,156.53,4,97.54,98.14,99.21,123.58,98.97,3537,100.0
2025-10-20 04:07:00,36.46,34.35,25.4,249.58,3,99.19,98.65,99.3,100.0,98.63,3512,100.0
2025-10-20 04:08:00,36.99,35.29,39.55,171.54,2,96.33,98.97,99.3,100.0,99.3,3274,100.0
2025-10-20 04:09:00,39.67,35.18,23.74,206.71,1,96.33,98.92,99.31,109.58,98.56,3837,100.0
2025-10-20 04:10:00,42.48,38.31,39.28,244.91,4,97.49,98.39,99.49,134.48,98.99,3966,100.0
2025-10-20 04:11:00,43.06,34.93,38.87,189.07,2,96.5,98.39,99.95,117.63,99.07,4158,100.0
2025-10-20 04:12:00,39.52,37.98,31.66,227.26,1,96.74,98.56,99.22,100.0,99.33,3571,100.0
2025-10-20 04:13:00,44.11,38.7,33.27,163.5,2,96.35,99.11,99.85,152.96,98.68,4345,100.0
2025-10-20 04:14:00,43.06,33.99,26.58,146.65,4,97.83,98.7,99.09,130.03,99.42,3080,100.0
2025-10-20 04:15:00,37.24,33.74,26.09,237.46,3,97.95,98.86,99.6,100.0,99.27,3795,100.0
2025-10-20 04:16:00,34.92,33.94,28.42,199.13,4,96.14,99.1,99.44,100.0,98.66,3049,100.0
2025-10-20 04:17:00,39.87,34.71,23.38,224.37,0,98.43,98.56,99.17,100.0,99.3,3784,100.0
2025-10-20 04:18:00,42.19,34.02,35.01,203.9,2,96.08,99.65,99.52,132.93,98.73,3690,100.0
2025-10-20 04:19:00,35.66,39.04,35.72,245.11,2,97.27,99.7,99.95,100.0,99.24,3554,100.0
2025-10-20 04:20:00,45.78,35.53,29.68,162.27,1,97.37,99.67,99.94,145.2,98.87,4857,100.0
2025-10-20 04:21:00,37.09,34.66,26.73,216.88,2,98.01,98.49,99.47,100.0,99.25,4507,100.0
2025-10-20 04:22:00,44.04,38.19,23.98,155.01,2,97.61,99.77,99.9,156.76,98.81,4382,100.0
2025-10-20 04:23:00,37.88,34.27,25.86,185.04,2,98.94,99.06,99.29,100.0,98.8,4192,100.0
2025-10-20 04:24:00,34.96,35.37,38.84,178.35,6,97.6,98.65,99.01,100.0,97.3,3208,100.0
2025-10-20 04:25:00,40.53,35.61,24.14,246.87,1,98.38,99.48,99.03,111.65,99.03,3206,100.0
2025-10-20 04:26:00,38.22,38.82,38.63,249.65,2,97.39,98.1,99.05,100.0,98.96,3453,100.0
2025-10-20 04:27:00,39.9,33.59,32.31,179.71,3,97.45,99.61,99.33,100.0,98.58,3933,100.0
2025-10-20 04:28:00,38.45,36.21,39.4,238.53,2,99.73,98.24,99.93,100.0,99.03,3065,100.0
2025-10-20 04:29:00,39.69,35.4,25.16,215.32,3,97.67,98.23,99.61,114.45,99.16,3153,100.0
2025-10-20 04:30:00,39.75,38.54,39.01,214.76,1,96.42,98.71,99.41,104.5,99.16,3140,100.0
2025-10-20 04:31:00,36.9,32.55,23.09,222.48,0,97.68,98.34,99.88,100.0,98.73,4004,100.0
2025-10-20 04:32:00,44.7,38.76,35.06,214.75,3,97.71,99.46,99.82,132.82,99.33,4080,100.0
2025-10-20 04:33:00,43.19,35.4,29.32,240.23,2,98.06,98.62,99.57,124.92,98.54,3543,100.0
2025-10-20 04:34:00,42.19,35.0,35.33,230.07,3,99.96,98.05,99.6,128.27,99.19,3240,100.0
2025-10-20 04:35:00,44.8,34.4,34.87,174.37,2,96.64,98.34,99.42,158.34,99.4,3168,100.0
2025-10-20 04:36:00,34.33,36.34,33.21,162.1,1,99.34,99.95,99.14,100.0,99.37,4852,100.0
2025-10-20 04:37:00,38.97,33.14,22.56,206.27,1,98.33,98.02,99.79,100.0,98.54,4176,100.0
2025-10-20 04:38:00,40.79,34.91,36.53,178.87,3,97.7,99.66,99.81,100.0,98.73,4634,100.0
2025-10-20 04:39:00,44.23,33.52,30.93,183.37,1,96.84,99.5,99.05,142.0,98.94,3668,100.0
2025-10-20 04:40:00,37.29,36.94,38.78,229.38,1,97.07,98.72,99.41,100.0,98.56,3069,100.0
2025-10-20 04:41:00,36.55,35.41,23.5,202.3,3,96.92,98.82,99.24,100.0,99.33,4346,100.0
2025-10-20 04:42:00,36.19,37.15,28.83,215.25,1,99.97,98.31,99.99,100.0,99.29,4318,100.0
2025-10-20 04:43:00,41.96,39.08,28.97,202.68,2,97.32,99.13,99.85,107.67,99.43,4378,100.0
2025-10-20 04:44:00,43.02,33.26,38.59,155.13,3,99.06,98.51,99.87,114.29,98.63,4958,100.0
2025-10-20 04:45:00,43.02,39.04,29.77,224.04,4,97.1,99.54,99.23,137.87,98.73,4250,100.0
2025-10-20 04:46:00,34.79,33.18,33.31,230.9,0,98.94,98.68,99.48,100.0,98.83,3930,100.0
2025-10-20 04:47:00,35.85,34.02,27.88,156.33,3,97.18,99.33,99.97,100.0,99.39,4153,100.0
2025-10-20 04:48:00,35.71,33.55,34.03,184.16,2,98.86,98.59,99.53,100.0,99.4,4584,100.0
2025-10-20 04:49:00,44.63,39.23,43.79,193.92,0,97.09,98.44,99.66,151.67,99.09,3032,100.0
2025-10-20 04:50:00,40.75,35.66,27.95,158.93,0,99.33,99.84,99.65,100.0,98.9,4457,100.0
2025-10-20 04:51:00,43.97,34.59,23.17,227.08,1,96.05,99.08,99.85,158.01,99.07,4028,100.0
2025-10-20 04:52:00,38.9,36.72,29.87,174.53,0,97.26,98.19,99.18,108.48,98.94,4063,100.0
2025-10-20 04:53:00,42.89,38.34,32.81,227.04,1,97.61,99.35,99.68,121.55,98.63,4264,100.0
2025-10-20 04:54:00,42.15,37.37,37.29,238.37,3,96.1,98.57,99.44,126.19,99.35,3392,100.0
2025-10-20 04:55:00,35.23,38.01,23.14,192.72,2,96.23,98.21,99.59,100.0,98.73,4275,100.0
2025-10-20 04:56:00,39.49,36.32,36.24,249.65,3,98.56,98.93,99.19,103.01,99.06,3717,100.0
2025-10-20 04:57:00,44.09,33.11,28.3,155.59,3,97.58,99.51,99.45,137.43,99.43,3501,100.0
2025-10-20 04:58:00,44.91,35.43,23.46,185.02,1,98.63,100.0,99.45,143.3,98.9,3230,100.0
2025-10-20 04:59:00,42.85,34.75,28.77,211.07,2,99.25,99.88,99.65,146.72,98.65,3954,100.0
2025-10-20 05:00:00,40.47,36.12,25.99,196.43,1,96.84,98.12,99.55,108.46,99.37,4153,100.0
2025-10-20 05:01:00,40.26,39.17,34.61,166.96,3,96.57,98.3,99.43,106.45,98.58,4879,100.0
2025-10-20 05:02:00,43.79,33.86,32.04,215.54,4,99.5,99.94,99.18,146.78,98.54,3810,100.0
2025-10-20 05:03:00,41.65,37.6,42.21,224.67,3,99.93,98.17,99.81,107.73,98.63,3879,100.0
2025-10-20 05:04:00,34.28,35.65,38.78,182.0,1,96.19,99.64,99.83,100.0,98.85,4599,100.0
2025-10-20 05:05:00,42.08,39.1,36.16,236.09,3,98.42,98.44,99.63,123.63,98.68,3119,100.0
2025-10-20 05:06:00,41.63,35.41,36.73,165.01,1,96.74,98.4,99.39,100.0,98.9,4023,100.0
2025-10-20 05:07:00,40.39,35.71,39.34,167.3,1,96.28,99.15,99.57,118.99,99.06,4919,100.0
2025-10-20 05:08:00,37.56,40.25,40.95,190.18,0,96.68,98.25,99.12,100.0,98.75,3716,100.0
2025-10-20 05:09:00,45.49,37.55,41.58,167.24,2,96.02,99.34,99.64,151.35,98.99,3830,100.0
2025-10-20 05:10:00,42.4,34.97,29.97,174.24,0,96.72,99.6,99.68,125.85,98.98,4844,100.0
2025-10-20 05:11:00,36.23,35.06,29.51,230.78,4,97.6,98.82,99.98,100.0,99.3,3668,100.0
2025-10-20 05:12:00,40.23,37.58,37.53,233.87,0,98.77,98.28,99.42,104.24,98.9,4039,100.0
2025-10-20 05:13:00,46.56,35.01,37.11,197.6,0,96.63,99.9,99.88,181.93,99.49,3416,100.0
2025-10-20 05:14:00,41.21,36.54,30.52,216.22,1,97.89,99.11,99.57,100.47,99.24,3050,100.0
2025-10-20 05:15:00,37.38,36.8,32.11,170.27,5,96.53,98.52,99.42,100.0,99.01,3576,100.0
2025-10-20 05:16:00,37.85,37.41,22.48,208.47,2,96.37,99.25,99.55,100.0,99.02,4793,100.0
2025-10-20 05:17:00,36.74,32.96,39.01,206.57,5,98.29,98.36,99.27,100.0,98.75,3612,100.0
2025-10-20 05:18:00,41.39,38.29,25.76,169.4,1,96.86,98.57,99.4,126.37,98.51,4298,100.0
2025-10-20 05:19:00,43.02,38.79,41.99,158.67,2,98.26,99.33,99.68,147.47,99.5,4440,100.0
2025-10-20 05:20:00,36.14,34.87,40.6,178.87,1,99.44,99.0,99.67,100.0,99.26,4520,100.0
2025-10-20 05:21:00,37.76,35.19,25.83,245.84,4,98.77,99.93,99.39,100.0,99.17,4458,100.0
2025-10-20 05:22:00,38.67,33.84,29.18,207.66,2,97.08,98.4,99.78,103.09,98.87,4502,100.0
2025-10-20 05:23:00,44.32,38.34,26.01,247.39,1,96.25,98.97,99.11,133.16,98.82,4617,100.0
2025-10-20 05:24:00,43.21,37.86,36.92,162.78,4,98.58,99.02,99.12,124.58,99.3,4722,100.0
2025-10-20 05:25:00,37.09,39.25,29.29,219.82,5,98.82,99.48,99.68,100.0,99.37,3337,100.0
2025-10-20 05:26:00,39.83,38.15,29.74,167.19,2,98.88,99.02,99.6,100.0,99.33,4659,100.0
2025-10-20 05:27:00,41.94,33.52,38.63,216.35,4,97.63,99.77,99.05,137.89,99.18,4262,100.0
2025-10-20 05:28:00,43.5,34.1,36.59,184.73,1,98.18,99.95,99.37,129.33,98.84,4041,100.0
2025-10-20 05:29:00,38.57,37.65,31.27,196.59,2,96.29,99.33,99.6,100.0,98.92,4570,100.0
2025-10-20 05:30:00,42.0,35.9,31.67,178.22,2,98.38,99.99,99.44,136.8,98.85,3109,100.0
2025-10-20 05:31:00,36.56,35.15,25.91,147.6,3,96.48,98.14,99.72,100.0,98.93,3238,100.0
2025-10-20 05:32:00,36.57,35.1,34.2,150.18,0,99.98,98.47,99.05,100.0,98.54,3783,100.0
2025-10-20 05:33:00,43.2,35.18,31.06,218.45,3,99.11,98.92,99.99,131.35,99.49,4509,100.0
2025-10-20 05:34:00,45.17,38.33,24.2,221.88,1,97.61,98.47,99.82,145.19,99.33,3001,100.0
2025-10-20 05:35:00,36.45,33.23,25.05,148.69,1,97.17,98.83,99.38,100.0,99.41,3985,100.0
2025-10-20 05:36:00,43.81,32.82,27.23,176.2,1,99.13,98.24,99.63,123.07,98.57,4818,100.0
2025-10-20 05:37:00,36.59,37.69,32.58,156.23,3,99.42,98.03,99.51,100.0,99.43,4818,100.0
2025-10-20 05:38:00,37.25,34.78,29.23,201.26,1,96.67,98.62,99.5,100.0,99.24,4291,100.0
2025-10-20 05:39:00,35.67,35.61,22.86,183.28,1,97.1,99.91,99.95,100.0,98.54,3358,100.0
2025-10-20 05:40:00,36.97,38.0,24.73,250.91,2,98.51,98.38,99.15,100.0,99.42,4774,100.0
2025-10-20 05:41:00,41.12,37.75,23.25,182.81,2,96.59,99.19,99.81,106.49,98.63,3393,100.0
2025-10-20 05:42:00,40.65,36.02,35.14,182.34,2,99.2,98.36,99.11,121.81,98.84,4367,100.0
2025-10-20 05:43:00,34.23,36.37,27.3,150.45,2,96.32,98.29,99.3,100.0,99.41,3012,100.0
2025-10-20 05:44:00,37.02,37.76,24.17,241.28,2,99.54,99.11,99.53,100.0,98.67,4832,100.0
2025-10-20 05:45:00,38.23,35.2,37.15,183.66,4,97.03,98.93,99.23,100.0,99.42,3847,100.0
2025-10-20 05:46:00,39.75,36.16,29.33,242.44,3,97.73,99.7,99.36,109.22,99.44,4246,100.0
2025-10-20 05:47:00,42.31,37.75,38.8,189.0,0,97.61,99.35,99.45,133.1,98.86,4269,100.0
2025-10-20 05:48:00,41.04,34.66,28.42,227.79,1,99.87,99.43,99.96,107.51,98.98,4795,100.0
2025-10-20 05:49:00,39.51,36.69,26.31,190.99,0,96.82,98.0,99.04,114.23,98.74,4326,100.0
2025-10-20 05:50:00,36.71,37.5,34.19,224.03,4,96.27,99.79,99.12,100.0,99.32,4194,100.0
2025-10-20 05:51:00,40.15,36.75,40.31,190.08,1,99.11,99.7,99.18,100.0,98.67,4413,100.0
2025-10-20 05:52:00,39.15,35.91,25.01,193.13,4,98.88,99.86,99.53,100.0,98.55,4452,100.0
2025-10-20 05:53:00,36.78,35.24,33.22,209.29,1,97.52,99.23,99.97,100.0,99.42,4524,100.0
2025-10-20 05:54:00,40.39,35.78,32.77,192.61,2,96.79,99.61,99.19,100.0,98.94,4316,100.0
2025-10-20 05:55:00,39.76,34.95,33.54,186.6,4,96.15,98.95,99.34,114.39,98.51,4105,100.0
2025-10-20 05:56:00,35.75,38.76,32.25,210.89,1,97.72,98.15,99.11,100.0,98.74,3389,100.0
2025-10-20 05:57:00,41.75,38.89,24.94,216.2,0,96.15,98.11,99.83,102.26,98.55,3875,100.0
2025-10-20 05:58:00,38.74,32.88,30.5,205.36,2,96.43,98.73,99.1,100.0,99.47,4940,100.0
2025-10-20 05:59:00,44.35,37.13,36.71,182.0,3,97.13,98.64,99.92,125.72,98.99,4825,100.0
2025-10-20 06:00:00,38.42,35.75,39.97,210.56,1,96.06,99.93,99.38,100.0,98.58,4366,100.0
2025-10-20 06:01:00,46.53,38.11,26.73,219.19,5,96.53,98.62,99.2,181.65,99.26,4352,100.0
2025-10-20 06:02:00,41.65,35.16,25.6,207.09,0,97.3,98.94,99.15,135.89,98.71,3260,100.0
2025-10-20 06:03:00,36.46,37.18,29.93,203.66,0,96.14,98.89,99.82,100.0,98.59,4076,100.0
2025-10-20 06:04:00,43.09,33.65,40.5,224.11,4,97.33,99.4,99.77,148.07,98.7,4595,100.0
2025-10-20 06:05:00,43.15,33.95,30.5,182.08,4,97.51,99.6,99.43,146.24,98.68,4895,100.0
2025-10-20 06:06:00,41.89,34.86,33.49,191.08,2,97.2,98.95,99.17,113.05,98.9,3114,100.0
2025-10-20 06:07:00,39.74,37.49,23.94,204.31,3,98.02,98.01,99.69,103.84,98.54,3736,100.0
2025-10-20 06:08:00,39.96,38.42,36.29,207.93,4,99.87,99.39,99.08,114.15,98.98,3137,100.0
2025-10-20 06:09:00,40.84,35.76,39.89,172.09,2,99.89,99.03,99.29,107.13,99.36,3609,100.0
2025-10-20 06:10:00,37.68,37.46,31.14,171.26,1,99.76,98.69,99.99,100.0,98.68,4782,100.0
2025-10-20 06:11:00,39.36,37.07,41.43,153.79,0,98.88,98.56,99.18,100.0,98.52,4548,100.0
2025-10-20 06:12:00,40.96,35.5,22.44,227.86,0,99.05,99.79,99.43,111.03,98.98,3778,100.0
2025-10-20 06:13:00,42.77,37.53,27.61,205.97,4,99.84,98.29,99.58,118.97,98.78,3809,100.0
2025-10-20 06:14:00,35.75,35.04,31.42,171.91,1,97.21,99.93,99.94,100.0,99.07,4819,100.0
2025-10-20 06:15:00,35.21,37.98,41.12,159.88,2,96.06,98.52,99.45,100.0,99.23,4990,100.0
2025-10-20 06:16:00,40.66,35.68,25.71,249.37,3,98.18,99.39,99.52,126.19,99.11,3741,100.0
2025-10-20 06:17:00,40.92,32.67,27.89,175.68,3,98.31,98.68,99.81,100.0,98.72,4009,100.0
2025-10-20 06:18:00,39.62,38.93,33.59,237.16,1,99.47,99.17,99.72,100.0,98.59,3915,100.0
2025-10-20 06:19:00,41.14,39.85,29.08,257.65,2,99.58,99.93,99.44,104.25,99.03,4375,100.0
2025-10-20 06:20:00,36.46,34.0,30.67,190.05,2,96.77,98.62,99.97,100.0,98.94,4153,100.0
2025-10-20 06:21:00,43.93,33.77,34.73,217.1,1,98.71,98.13,99.6,148.92,98.71,4683,100.0
2025-10-20 06:22:00,34.85,37.61,21.97,162.49,2,96.5,98.58,99.24,100.0,98.91,4408,100.0
2025-10-20 06:23:00,36.97,35.04,29.61,246.6,3,97.27,98.53,99.51,100.0,99.36,4689,100.0
2025-10-20 06:24:00,39.52,34.41,37.43,157.96,1,98.77,99.53,99.3,107.69,98.79,3892,100.0
2025-10-20 06:25:00,41.22,36.37,40.7,167.29,3,99.01,99.14,99.27,111.23,98.83,4158,100.0
2025-10-20 06:26:00,41.49,36.24,23.19,174.14,2,98.02,98.65,99.26,113.43,98.63,4855,100.0
2025-10-20 06:27:00,44.63,37.96,25.08,232.36,2,98.58,99.67,99.58,152.18,98.96,4057,100.0
2025-10-20 06:28:00,35.91,35.68,27.95,205.03,0,98.77,99.59,99.16,100.0,98.65,4754,100.0
2025-10-20 06:29:00,39.96,35.56,23.81,213.34,3,96.45,98.1,99.26,100.0,98.76,3770,100.0
2025-10-20 06:30:00,43.5,37.37,24.4,224.32,2,99.99,98.53,99.28,152.18,98.52,4393,100.0
2025-10-20 06:31:00,42.84,38.46,42.07,250.49,0,99.29,99.29,99.65,113.52,99.15,4964,100.0
2025-10-20 06:32:00,35.27,35.08,38.4,219.52,1,97.71,98.94,99.93,100.0,98.81,4050,100.0
2025-10-20 06:33:00,36.51,39.47,30.05,202.02,3,97.07,98.63,99.13,100.0,98.54,4195,100.0
2025-10-20 06:34:00,33.99,35.69,36.64,165.56,3,98.2,98.38,99.1,100.0,99.32,4520,100.0
2025-10-20 06:35:00,33.26,36.39,28.53,173.09,1,99.03,99.16,99.19,100.0,98.68,3114,100.0
2025-10-20 06:36:00,36.32,34.16,34.61,237.7,1,98.39,98.55,99.03,100.0,99.13,4161,100.0
2025-10-20 06:37:00,42.71,37.27,26.41,186.73,0,96.52,99.35,99.86,145.64,99.13,3368,100.0
2025-10-20 06:38:00,44.68,38.62,40.56,164.96,3,97.26,99.92,99.03,150.01,98.67,4424,100.0
2025-10-20 06:39:00,38.0,35.34,33.13,247.7,1,99.04,99.0,99.91,100.0,99.15,3465,100.0
2025-10-20 06:40:00,41.41,37.88,28.66,197.16,2,97.18,98.71,99.56,104.18,99.42,3531,100.0
2025-10-20 06:41:00,43.08,32.96,34.25,236.28,2,99.78,99.35,99.3,118.28,98.8,3186,100.0
2025-10-20 06:42:00,37.77,34.8,36.23,176.51,0,96.67,99.85,99.82,100.0,99.16,4074,100.0
2025-10-20 06:43:00,41.42,36.83,34.22,174.84,0,97.82,99.78,99.57,127.47,99.49,3327,100.0
2025-10-20 06:44:00,45.89,39.73,36.82,179.81,1,99.12,99.82,99.38,164.13,98.93,3875,100.0
2025-10-20 06:45:00,39.3,38.47,41.92,250.07,2,97.01,98.13,99.27,109.52,99.13,4442,100.0
2025-10-20 06:46:00,36.15,35.91,35.41,168.97,2,97.62,99.19,99.11,100.0,99.41,3539,100.0
2025-10-20 06:47:00,42.23,38.27,25.26,171.69,5,99.91,99.93,99.16,114.28,98.6,3543,100.0
2025-10-20 06:48:00,35.44,34.72,41.18,210.72,1,99.94,99.64,99.28,100.0,98.56,3240,100.0
2025-10-20 06:49:00,41.97,39.45,33.1,240.12,3,97.44,99.27,99.07,114.19,99.03,4992,100.0
2025-10-20 06:50:00,40.67,38.79,35.25,245.39,3,96.58,98.19,99.02,121.6,98.74,3423,100.0
2025-10-20 06:51:00,42.25,34.84,32.01,165.71,5,96.03,98.04,99.59,120.74,99.02,3014,100.0
2025-10-20 06:52:00,41.08,38.63,28.32,239.59,1,96.95,99.26,99.83,107.44,98.76,4734,100.0
2025-10-20 06:53:00,41.11,35.25,31.17,167.49,3,97.94,99.13,99.92,123.09,98.95,4437,100.0
2025-10-20 06:54:00,36.69,35.61,26.68,240.32,3,98.17,98.26,99.38,100.0,99.12,3893,100.0
2025-10-20 06:55:00,45.42,36.3,27.93,203.82,4,99.94,99.33,99.29,157.61,98.61,4931,100.0
2025-10-20 06:56:00,37.93,37.67,38.02,219.74,2,97.32,98.5,99.99,100.0,99.23,4369,100.0
2025-10-20 06:57:00,36.07,33.64,26.57,185.84,1,99.52,99.93,99.34,100.0,98.51,4360,100.0
2025-10-20 06:58:00,36.3,37.52,34.03,153.02,2,99.08,99.62,99.4,100.0,98.91,4543,100.0
2025-10-20 06:59:00,40.11,38.59,40.43,160.1,3,99.22,99.7,99.29,119.19,98.55,3299,100.0
2025-10-20 07:00:00,43.84,34.89,43.6,166.4,1,98.27,99.86,99.67,151.31,98.51,4084,100.0
2025-10-20 07:01:00,40.78,36.88,24.63,224.36,3,98.59,98.34,99.87,112.32,98.66,4924,100.0
2025-10-20 07:02:00,40.48,33.93,37.28,227.83,4,98.19,99.09,99.09,101.49,99.35,4712,100.0
2025-10-20 07:03:00,36.03,33.57,27.29,237.65,0,98.88,98.2,99.62,100.0,99.29,3467,100.0
2025-10-20 07:04:00,40.87,37.29,23.27,230.31,1,97.71,98.32,99.7,119.02,98.61,4012,100.0
2025-10-20 07:05:00,43.82,39.12,32.94,248.37,3,97.89,98.98,99.85,151.43,98.9,3666,100.0
2025-10-20 07:06:00,40.14,39.83,34.48,197.18,0,96.96,99.9,99.31,100.0,98.96,3614,100.0
2025-10-20 07:07:00,35.05,34.71,32.58,203.64,3,97.03,98.49,99.46,100.0,98.71,4418,100.0
2025-10-20 07:08:00,42.7,34.99,33.22,170.21,1,99.41,98.4,99.87,121.12,99.22,3638,100.0
2025-10-20 07:09:00,43.72,33.51,25.23,197.62,0,96.78,99.89,99.98,132.28,99.42,4089,100.0
2025-10-20 07:10:00,42.51,39.63,28.22,221.82,0,96.45,98.01,100.0,137.22,99.29,4019,100.0
2025-10-20 07:11:00,36.95,33.12,26.64,182.34,2,96.07,98.2,99.41,100.0,99.14,4603,100.0
2025-10-20 07:12:00,33.91,36.62,35.48,155.92,4,98.16,98.1,99.06,100.0,98.53,4486,100.0
2025-10-20 07:13:00,41.7,33.42,38.19,162.83,1,97.49,98.51,99.49,113.33,99.49,3111,100.0
2025-10-20 07:14:00,42.83,35.67,32.01,203.49,1,97.28,99.19,99.21,112.95,99.47,3043,100.0
2025-10-20 07:15:00,43.18,37.84,28.1,164.32,1,98.57,99.57,99.94,139.46,98.66,3486,100.0
2025-10-20 07:16:00,35.3,36.9,29.63,239.88,1,99.79,98.52,99.34,100.0,98.55,3993,100.0
2025-10-20 07:17:00,36.73,35.78,29.51,229.78,1,97.47,98.75,99.15,100.0,99.21,3380,100.0
2025-10-20 07:18:00,40.47,33.12,40.91,224.01,3,96.7,98.76,99.84,110.47,99.15,4733,100.0
2025-10-20 07:19:00,43.67,38.31,23.62,203.04,3,99.19,99.44,99.09,135.2,98.67,3674,100.0
2025-10-20 07:20:00,40.45,36.68,35.22,233.37,1,99.41,98.31,99.97,118.18,99.0,4962,100.0
2025-10-20 07:21:00,35.73,34.63,34.52,183.77,1,98.2,99.18,99.65,100.0,98.86,4687,100.0
2025-10-20 07:22:00,41.12,37.94,36.76,173.2,4,96.57,98.78,99.95,103.94,99.37,4762,100.0
2025-10-20 07:23:00,38.05,33.16,36.03,178.87,3,97.53,98.89,99.38,100.0,99.03,4617,100.0
2025-10-20 07:24:00,42.1,34.91,27.94,245.29,3,98.47,99.02,99.55,115.35,98.58,3386,100.0
2025-10-20 07:25:00,42.29,33.79,29.11,144.17,0,98.87,99.08,99.51,112.6,99.24,3336,100.0
2025-10-20 07:26:00,37.69,34.36,34.73,214.24,2,97.09,99.96,99.6,100.0,98.51,4036,100.0
2025-10-20 07:27:00,34.02,35.4,39.06,240.04,4,97.86,98.48,99.47,100.0,99.08,3713,100.0
2025-10-20 07:28:00,43.32,36.99,28.78,243.62,2,98.97,99.66,99.97,148.75,99.1,4060,100.0
2025-10-20 07:29:00,34.02,33.53,29.93,206.54,2,98.26,98.18,99.41,100.0,99.19,4981,100.0
2025-10-20 07:30:00,38.28,35.63,39.12,218.35,3,99.55,98.66,99.31,100.0,99.44,3095,100.0
2025-10-20 07:31:00,36.72,36.79,28.12,160.91,3,98.02,99.98,99.47,100.0,98.76,3872,100.0
2025-10-20 07:32:00,40.14,36.75,40.05,234.3,3,96.46,98.25,99.53,100.0,98.52,4445,100.0
2025-10-20 07:33:00,36.21,37.24,33.67,251.33,1,98.21,99.68,100.0,100.0,98.82,4813,100.0
2025-10-20 07:34:00,39.51,33.59,29.4,178.78,4,98.15,98.14,99.93,105.75,99.16,4647,100.0
2025-10-20 07:35:00,40.27,37.91,35.07,236.42,1,98.11,98.25,99.59,101.96,99.12,3020,100.0
2025-10-20 07:36:00,44.47,35.27,30.45,221.27,2,96.87,99.93,99.13,139.52,98.53,3443,100.0
2025-10-20 07:37:00,41.4,33.15,22.2,190.42,0,96.34,99.62,99.77,130.61,99.35,4366,100.0
2025-10-20 07:38:00,40.48,34.69,39.3,224.68,2,96.85,99.59,99.19,100.0,99.5,3049,100.0
2025-10-20 07:39:00,43.81,35.53,39.29,207.73,2,96.3,98.5,99.67,153.59,98.96,4213,100.0
2025-10-20 07:40:00,45.19,35.0,32.41,161.2,2,97.77,98.67,99.52,155.34,98.51,4522,100.0
2025-10-20 07:41:00,41.6,34.8,22.53,222.85,2,96.74,99.15,99.15,110.26,99.2,4120,100.0
2025-10-20 07:42:00,39.32,32.06,22.27,231.62,0,98.83,99.84,99.27,100.0,99.07,4763,100.0
2025-10-20 07:43:00,42.57,36.05,21.88,207.65,2,96.76,99.58,99.45,117.73,98.88,4708,100.0
2025-10-20 07:44:00,35.33,33.88,39.57,203.93,2,99.23,99.05,99.12,100.0,99.04,4873,100.0
2025-10-20 07:45:00,39.01,38.91,38.21,179.41,0,96.41,99.46,99.2,100.0,99.0,4450,100.0
2025-10-20 07:46:00,39.63,36.08,38.14,166.04,4,96.55,99.33,99.52,101.83,98.84,4813,100.0
2025-10-20 07:47:00,39.94,32.82,30.07,220.99,3,97.64,99.8,99.9,106.88,99.36,3177,100.0
2025-10-20 07:48:00,36.38,34.14,29.96,173.11,1,97.18,99.14,99.44,100.0,99.25,4787,100.0
2025-10-20 07:49:00,43.38,35.6,37.7,169.28,0,97.38,99.62,99.25,116.37,98.63,4717,100.0
2025-10-20 07:50:00,39.22,35.16,33.77,166.64,3,97.49,98.7,99.54,100.0,99.29,3435,100.0
2025-10-20 07:51:00,42.49,38.36,33.96,227.71,3,98.28,99.49,99.38,117.06,98.96,4635,100.0
2025-10-20 07:52:00,41.69,38.48,24.05,173.61,4,97.75,98.46,99.29,127.83,98.58,4655,100.0
2025-10-20 07:53:00,40.04,37.15,24.55,187.53,0,99.85,99.61,99.46,100.0,99.43,3689,100.0
2025-10-20 07:54:00,44.66,33.19,26.99,244.96,1,98.28,99.72,99.48,166.39,99.18,3148,100.0
2025-10-20 07:55:00,43.73,34.55,26.55,199.8,1,96.01,98.9,99.84,140.19,99.5,3573,100.0
2025-10-20 07:56:00,35.87,34.13,37.09,236.72,3,96.45,99.74,99.64,100.0,98.93,3574,100.0
2025-10-20 07:57:00,41.87,35.35,41.29,152.98,2,97.26,99.46,99.87,136.25,99.31,4701,100.0
2025-10-20 07:58:00,39.31,36.35,29.61,203.11,2,96.39,99.05,99.06,100.0,98.72,3928,100.0
2025-10-20 07:59:00,39.53,37.95,36.99,193.62,1,99.1,98.1,99.01,107.12,98.98,3261,100.0
2025-10-20 08:00:00,40.25,36.45,41.94,248.74,2,96.85,99.35,99.41,119.8,98.59,4023,100.0
2025-10-20 08:01:00,44.92,38.98,25.87,190.36,1,99.87,99.83,99.17,134.1,98.59,4818,100.0
2025-10-20 08:02:00,39.13,36.33,23.08,170.9,3,97.31,99.26,99.28,107.72,99.13,3143,100.0
2025-10-20 08:03:00,42.79,37.77,22.25,196.74,1,96.72,99.16,99.96,128.03,98.58,4240,100.0
2025-10-20 08:04:00,40.26,34.84,26.73,231.42,2,97.29,98.93,99.94,119.83,98.71,3716,100.0
2025-10-20 08:05:00,36.09,35.75,30.8,238.04,4,96.01,98.64,99.42,100.0,98.7,3075,100.0
2025-10-20 08:06:00,34.21,33.4,36.72,228.58,3,96.86,98.58,99.17,100.0,99.41,4230,100.0
2025-10-20 08:07:00,39.91,39.2,23.76,174.99,2,97.61,99.3,99.7,104.65,98.82,3187,100.0
2025-10-20 08:08:00,43.44,35.07,27.31,221.45,2,99.47,99.35,99.05,137.05,99.26,3273,100.0
2025-10-20 08:09:00,37.08,38.14,22.2,224.26,2,99.28,98.72,99.54,100.0,99.2,4911,100.0
2025-10-20 08:10:00,42.15,35.06,25.58,150.72,3,96.8,99.2,99.06,118.06,99.05,3872,100.0
2025-10-20 08:11:00,43.23,38.53,38.17,157.61,1,99.74,99.67,99.84,124.45,98.93,3941,100.0
2025-10-20 08:12:00,44.06,36.31,35.11,240.02,2,96.75,99.66,99.77,134.61,98.88,4067,100.0
2025-10-20 08:13:00,34.86,34.34,26.02,174.34,2,98.02,99.73,99.24,100.0,98.86,4495,100.0
2025-10-20 08:14:00,45.91,38.74,35.39,205.91,0,99.94,98.77,99.15,165.78,98.78,4171,100.0
2025-10-20 08:15:00,41.08,35.83,38.93,177.55,3,97.58,99.29,99.15,128.09,98.88,4459,100.0
2025-10-20 08:16:00,41.33,39.37,32.73,204.32,0,99.21,98.49,99.9,129.71,99.44,4040,100.0
2025-10-20 08:17:00,41.73,37.64,24.58,209.92,0,97.99,98.31,99.18,111.95,98.93,4246,100.0
2025-10-20 08:18:00,36.83,36.45,34.76,205.71,3,97.94,99.3,99.02,100.0,99.12,3619,100.0
2025-10-20 08:19:00,35.06,32.94,39.66,214.91,0,97.43,99.18,99.84,100.0,98.74,4779,100.0
2025-10-20 08:20:00,37.73,33.49,22.68,175.04,4,96.77,99.03,99.91,100.0,98.57,4385,100.0
2025-10-20 08:21:00,41.18,38.79,24.91,205.7,3,97.11,98.65,99.95,103.09,98.96,4342,100.0
2025-10-20 08:22:00,42.34,38.16,34.48,216.65,0,99.78,98.27,99.77,113.94,99.43,4439,100.0
2025-10-20 08:23:00,41.29,33.38,29.61,205.53,1,99.85,99.78,99.27,125.79,99.02,3923,100.0
2025-10-20 08:24:00,43.06,36.04,35.34,223.73,1,99.44,98.92,99.26,120.26,98.98,4773,100.0
2025-10-20 08:25:00,37.04,36.19,22.19,188.89,3,96.93,98.82,99.78,100.0,98.73,4844,100.0
2025-10-20 08:26:00,38.29,35.33,31.47,189.99,1,99.25,99.08,99.13,100.0,99.43,4894,100.0
2025-10-20 08:27:00,40.02,34.81,33.7,167.93,2,97.63,98.77,99.79,100.0,98.67,3534,100.0
2025-10-20 08:28:00,39.94,35.51,35.11,237.86,3,97.21,99.79,99.97,113.73,98.61,4894,100.0
2025-10-20 08:29:00,39.26,33.08,30.88,154.76,2,98.45,99.74,99.66,100.0,99.32,4811,100.0
2025-10-20 08:30:00,37.93,33.35,35.46,236.71,1,99.41,99.83,99.27,100.0,98.82,4104,100.0
2025-10-20 08:31:00,34.47,32.49,35.37,189.27,1,98.68,98.0,99.81,100.0,98.69,3772,100.0
2025-10-20 08:32:00,36.0,37.13,32.62,141.3,2,96.38,99.52,99.61,100.0,98.55,3280,100.0
2025-10-20 08:33:00,40.99,34.07,31.85,203.34,4,96.42,98.99,99.16,129.08,98.66,3974,100.0
2025-10-20 08:34:00,37.68,36.63,28.89,245.73,0,99.65,99.67,99.3,100.0,98.53,4933,100.0
2025-10-20 08:35:00,38.91,33.8,27.9,149.86,1,98.62,98.89,99.95,100.0,99.03,3964,100.0
2025-10-20 08:36:00,36.55,33.99,36.37,166.96,1,99.45,99.88,99.52,100.0,98.73,3099,100.0
2025-10-20 08:37:00,37.87,37.06,32.86,245.32,2,98.05,98.54,99.45,100.0,99.21,4881,100.0
2025-10-20 08:38:00,39.68,36.05,25.08,224.62,4,97.82,99.08,99.85,100.0,98.87,3986,100.0
2025-10-20 08:39:00,40.69,34.05,39.91,216.89,1,98.42,98.24,99.08,107.94,98.9,4177,100.0
2025-10-20 08:40:00,36.61,38.82,33.08,218.04,1,99.9,98.57,99.42,100.0,98.52,4620,100.0
2025-10-20 08:41:00,39.52,34.04,22.39,162.04,3,98.76,99.14,99.4,100.0,98.72,4339,100.0
2025-10-20 08:42:00,38.01,33.43,37.05,191.24,2,96.34,99.43,99.2,100.0,98.89,3831,100.0
2025-10-20 08:43:00,41.56,36.61,25.88,190.29,2,97.84,98.39,99.21,100.0,99.4,3421,100.0
2025-10-20 08:44:00,35.52,36.27,22.75,159.67,3,97.02,99.3,99.12,100.0,98.94,3535,100.0
2025-10-20 08:45:00,40.11,37.53,41.05,206.14,1,97.03,98.96,99.37,117.68,98.87,3746,100.0
2025-10-20 08:46:00,42.61,37.51,29.78,237.29,0,99.48,99.03,99.4,125.97,99.17,3025,100.0
2025-10-20 08:47:00,43.33,35.39,28.48,161.92,2,98.71,98.84,99.96,137.32,99.31,3218,100.0
2025-10-20 08:48:00,39.04,36.93,21.91,149.0,2,98.17,99.67,99.13,100.0,99.06,4892,100.0
2025-10-20 08:49:00,38.11,34.18,33.09,237.84,2,96.45,99.22,99.82,100.0,98.74,4573,100.0
2025-10-20 08:50:00,39.9,36.24,36.41,184.7,3,97.04,98.17,99.12,100.0,99.0,4680,100.0
2025-10-20 08:51:00,41.48,37.33,28.48,187.78,1,96.24,99.18,99.99,101.44,98.55,4559,100.0
2025-10-20 08:52:00,42.74,39.2,30.88,219.71,2,96.75,99.02,99.53,139.85,99.24,4327,100.0
2025-10-20 08:53:00,35.61,36.93,31.48,236.77,1,99.28,98.08,99.37,100.0,98.65,4492,100.0
2025-10-20 08:54:00,45.82,38.47,37.09,197.7,0,96.48,99.07,99.68,154.9,99.23,4043,100.0
2025-10-20 08:55:00,36.36,34.62,39.42,225.61,1,99.96,98.42,99.01,100.0,98.78,4336,100.0
2025-10-20 08:56:00,44.35,35.15,35.71,170.33,2,97.25,98.36,99.9,139.36,98.75,3896,100.0
2025-10-20 08:57:00,36.97,36.54,40.19,187.62,2,98.76,99.03,99.65,100.0,98.94,4802,100.0
2025-10-20 08:58:00,40.96,34.9,41.6,216.36,0,97.31,99.25,99.06,100.0,98.95,3665,100.0
2025-10-20 08:59:00,41.04,35.82,26.95,227.21,1,97.28,99.18,99.07,100.0,98.57,4624,100.0
2025-10-20 09:00:00,72.98,64.63,56.36,368.33,0,98.49,99.56,99.5,424.14,98.78,7285,100.0
2025-10-20 09:01:00,72.75,65.84,53.66,381.06,4,99.0,99.93,99.07,409.59,99.44,7059,100.0
2025-10-20 09:02:00,65.57,64.33,60.58,329.34,2,99.52,98.51,99.59,373.15,99.18,6828,100.0
2025-10-20 09:03:00,74.28,63.85,53.93,411.61,3,96.12,99.11,99.76,444.33,99.34,6066,100.0
2025-10-20 09:04:00,68.18,59.46,63.79,315.84,5,98.99,99.81,99.14,365.6,98.92,7867,100.0
2025-10-20 09:05:00,69.77,62.67,48.17,296.79,1,98.54,99.83,99.21,404.28,98.58,7207,100.0
2025-10-20 09:06:00,68.52,63.16,58.5,319.68,3,98.75,98.26,99.43,375.11,99.25,6524,100.0
2025-10-20 09:07:00,73.09,64.81,49.2,357.75,0,97.57,99.43,99.66,435.9,98.78,6756,100.0
2025-10-20 09:08:00,70.34,64.48,51.28,333.95,1,97.36,99.61,99.9,404.14,98.96,6061,100.0
2025-10-20 09:09:00,73.24,59.67,64.35,346.18,2,98.33,99.1,99.22,429.6,99.15,7454,100.0
2025-10-20 09:10:00,67.15,59.86,47.97,396.19,1,96.43,99.44,99.85,361.74,98.52,6446,100.0
2025-10-20 09:11:00,64.95,60.16,54.01,319.91,1,99.76,99.81,99.57,343.67,98.88,6823,100.0
2025-10-20 09:12:00,73.2,65.39,52.36,354.25,0,96.8,98.83,99.21,447.1,98.66,6911,100.0
2025-10-20 09:13:00,72.77,65.43,55.37,395.47,2,97.86,99.64,99.61,440.97,98.99,6236,100.0
2025-10-20 09:14:00,68.94,63.71,55.4,345.96,1,96.79,98.11,99.2,369.76,99.13,6632,100.0
2025-10-20 09:15:00,75.4,61.66,53.59,339.13,0,99.36,98.06,99.94,469.69,99.04,7087,100.0
2025-10-20 09:16:00,70.31,59.4,45.92,339.91,2,99.29,98.42,99.39,395.77,98.9,6300,100.0
2025-10-20 09:17:00,71.62,66.0,56.41,356.97,3,99.54,99.15,99.22,406.94,99.3,6088,100.0
2025-10-20 09:18:00,69.47,64.94,53.8,351.47,0,96.01,98.49,99.68,379.51,98.61,6821,100.0
2025-10-20 09:19:00,72.76,65.24,50.85,314.38,5,99.29,99.54,99.6,421.12,98.76,6243,100.0
2025-10-20 09:20:00,71.23,64.83,55.91,377.29,2,96.56,99.25,99.73,429.59,98.78,7900,100.0
2025-10-20 09:21:00,65.93,63.84,47.44,390.89,3,96.15,99.76,99.31,344.5,98.97,7196,100.0
2025-10-20 09:22:00,73.87,65.84,58.66,315.77,2,99.69,99.51,99.73,447.1,98.7,6422,100.0
2025-10-20 09:23:00,71.43,60.98,54.32,375.92,5,97.1,98.63,99.12,405.19,98.71,6910,100.0
2025-10-20 09:24:00,66.92,66.25,58.33,341.17,2,96.16,99.68,99.45,374.63,98.72,7354,100.0
2025-10-20 09:25:00,73.85,63.69,59.48,351.27,4,96.92,98.81,99.83,427.61,99.02,7612,100.0
2025-10-20 09:26:00,68.77,61.64,63.21,316.49,2,99.89,99.96,99.27,369.38,99.21,6901,100.0
2025-10-20 09:27:00,64.65,63.23,45.27,380.23,1,96.7,99.92,99.69,358.55,98.9,6672,100.0
2025-10-20 09:28:00,70.4,63.7,51.03,394.29,2,97.92,98.67,99.45,406.86,98.94,6829,100.0
2025-10-20 09:29:00,70.74,62.93,61.08,317.08,2,97.94,98.63,99.14,395.99,98.61,7366,100.0
2025-10-20 09:30:00,72.69,60.61,64.08,388.25,3,99.62,98.17,99.19,424.56,99.08,7632,100.0
2025-10-20 09:31:00,75.02,62.44,47.09,380.82,1,97.98,99.48,99.77,450.22,98.81,7947,100.0
2025-10-20 09:32:00,66.83,63.66,49.87,312.32,2,96.47,99.31,99.28,348.35,98.63,7867,100.0
2025-10-20 09:33:00,75.4,62.7,63.29,369.49,3,97.58,99.93,99.54,445.53,98.62,7407,100.0
2025-10-20 09:34:00,73.23,59.17,50.79,385.69,1,98.14,99.65,99.1,449.97,99.3,6362,100.0
2025-10-20 09:35:00,73.6,63.42,55.52,385.71,1,97.68,98.96,99.38,430.49,98.55,7371,100.0
2025-10-20 09:36:00,71.81,63.81,54.38,323.12,2,98.92,98.08,99.09,398.42,98.65,6137,100.0
2025-10-20 09:37:00,74.68,61.52,48.7,322.69,4,97.34,98.41,99.38,439.44,99.18,6579,100.0
2025-10-20 09:38:00,66.21,61.92,64.04,334.23,2,96.23,98.61,99.16,349.11,99.26,6031,100.0
2025-10-20 09:39:00,70.7,62.37,56.26,356.9,1,98.93,99.74,99.19,390.93,99.4,6699,100.0
2025-10-20 09:40:00,64.19,61.99,54.44,309.98,3,98.19,99.41,99.79,347.11,98.65,7420,100.0
2025-10-20 09:41:00,72.53,60.71,54.99,337.07,2,99.65,99.6,99.92,444.42,98.51,7245,100.0
2025-10-20 09:42:00,68.58,66.69,59.34,384.68,0,96.73,99.52,99.02,398.51,98.51,7314,100.0
2025-10-20 09:43:00,68.39,63.48,59.66,332.96,0,96.28,99.18,99.52,393.62,99.01,6844,100.0
2025-10-20 09:44:00,68.01,65.6,63.12,331.2,3,96.3,99.02,99.97,387.8,98.57,6378,100.0
2025-10-20 09:45:00,72.64,64.99,58.28,364.07,0,99.31,99.58,99.26,434.73,98.71,6080,100.0
2025-10-20 09:46:00,67.85,62.11,55.64,345.03,1,98.42,98.79,99.3,393.16,99.25,7715,100.0
2025-10-20 09:47:00,69.46,60.42,59.43,318.15,1,99.3,98.25,99.9,409.15,98.96,7488,100.0
2025-10-20 09:48:00,70.54,65.63,56.47,400.19,4,96.72,98.94,99.97,415.48,99.31,6065,100.0
2025-10-20 09:49:00,70.16,64.24,63.08,307.33,2,97.27,98.56,99.53,383.65,98.66,7625,100.0
2025-10-20 09:50:00,69.17,62.83,60.91,342.91,2,96.63,98.87,99.4,401.43,99.08,6776,100.0
2025-10-20 09:51:00,66.2,60.98,57.01,339.83,1,98.65,99.71,99.26,361.7,99.48,6666,100.0
2025-10-20 09:52:00,70.25,59.93,64.37,367.52,4,99.83,99.0,99.93,405.84,99.04,6908,100.0
2025-10-20 09:53:00,67.28,60.16,51.02,351.91,3,97.81,98.27,99.05,383.82,99.07,7521,100.0
2025-10-20 09:54:00,67.77,61.54,46.46,314.2,1,99.94,98.62,99.13,365.66,99.09,6128,100.0
2025-10-20 09:55:00,72.49,64.92,49.8,339.33,0,98.56,98.83,99.27,413.17,99.15,6832,100.0
2025-10-20 09:56:00,71.2,65.57,48.9,381.33,1,98.78,98.88,99.94,397.7,99.14,6763,100.0
2025-10-20 09:57:00,73.63,61.28,64.31,385.47,3,97.75,99.04,99.29,416.93,98.72,6563,100.0
2025-10-20 09:58:00,72.48,63.29,46.45,358.74,2,96.99,99.86,99.93,433.61,99.27,6182,100.0
2025-10-20 09:59:00,69.92,61.23,49.41,379.96,0,97.87,99.88,99.19,418.36,99.49,7111,100.0
2025-10-20 10:00:00,68.73,61.47,51.1,394.64,1,96.0,99.19,99.92,378.81,98.69,7303,100.0
2025-10-20 10:01:00,71.2,63.43,51.46,320.59,5,96.63,98.85,99.54,392.91,98.94,7562,100.0
2025-10-20 10:02:00,75.17,60.91,58.21,384.1,2,99.55,98.94,99.88,455.12,99.17,7608,100.0
2025-10-20 10:03:00,73.02,63.46,57.7,387.45,2,99.66,98.18,99.65,426.73,98.91,7359,100.0
2025-10-20 10:04:00,72.87,65.08,49.56,390.48,5,97.79,98.55,99.39,424.19,98.79,6537,100.0
2025-10-20 10:05:00,72.93,59.91,58.87,313.88,1,97.08,99.54,99.89,418.16,98.96,6940,100.0
2025-10-20 10:06:00,70.48,64.28,63.29,302.68,4,97.39,99.04,99.66,401.5,99.21,7722,100.0
2025-10-20 10:07:00,67.04,63.08,54.65,371.21,3,99.64,99.99,99.11,359.71,99.45,7916,100.0
2025-10-20 10:08:00,73.49,60.13,58.1,327.76,3,96.89,98.07,99.41,426.52,99.31,7600,100.0
2025-10-20 10:09:00,68.23,62.64,56.75,376.04,1,97.06,99.07,99.45,379.95,98.59,7437,100.0
2025-10-20 10:10:00,68.51,60.9,57.06,334.05,2,96.62,99.76,99.43,381.56,98.54,6995,100.0
2025-10-20 10:11:00,69.96,62.91,59.56,314.82,3,97.99,98.43,99.06,392.58,98.64,7419,100.0
2025-10-20 10:12:00,63.94,63.98,48.37,354.86,2,96.35,98.45,99.19,336.52,99.16,6527,100.0
2025-10-20 10:13:00,65.23,63.2,58.22,396.83,4,97.29,98.47,99.26,352.47,99.24,7006,100.0
2025-10-20 10:14:00,73.21,61.85,59.43,343.42,5,97.25,99.51,99.22,427.65,99.37,7448,100.0
2025-10-20 10:15:00,68.75,61.07,52.83,326.95,1,97.01,98.91,99.39,406.74,98.89,6159,100.0
2025-10-20 10:16:00,71.17,62.65,54.82,306.29,2,96.42,98.25,99.1,416.13,98.7,6502,100.0
2025-10-20 10:17:00,65.92,65.14,62.28,318.98,1,97.97,98.04,99.67,360.13,99.4,6328,100.0
2025-10-20 10:18:00,66.84,62.82,49.98,328.33,2,99.79,98.25,99.97,357.66,99.27,6677,100.0
2025-10-20 10:19:00,67.03,65.59,52.77,368.87,2,98.93,98.18,99.67,386.1,98.56,6281,100.0
2025-10-20 10:20:00,68.54,60.45,55.64,310.17,2,97.92,99.98,99.69,399.05,98.91,7535,100.0
2025-10-20 10:21:00,67.12,62.02,51.78,348.77,4,97.43,99.15,99.34,354.55,99.49,6254,100.0
2025-10-20 10:22:00,69.3,63.11,52.25,339.35,4,98.01,99.17,99.92,374.97,99.07,7707,100.0
2025-10-20 10:23:00,66.09,64.26,45.05,366.59,3,99.68,98.94,99.03,368.47,98.98,6248,100.0
2025-10-20 10:24:00,71.97,66.34,65.13,371.12,0,98.78,98.84,99.57,425.66,98.85,7834,100.0
2025-10-20 10:25:00,67.5,64.9,47.25,398.29,0,96.38,98.67,99.37,363.61,99.09,6885,100.0
2025-10-20 10:26:00,73.08,64.12,60.47,369.7,1,97.09,99.66,99.98,430.57,98.51,6280,100.0
2025-10-20 10:27:00,68.16,63.43,47.44,394.05,4,98.51,99.28,99.63,383.78,99.49,7464,100.0
2025-10-20 10:28:00,67.59,60.83,56.1,353.6,3,96.15,99.23,99.83,362.24,99.09,7187,100.0
2025-10-20 10:29:00,66.97,60.98,65.93,341.0,1,98.67,99.22,99.64,353.19,99.39,6778,100.0
2025-10-20 10:30:00,68.51,64.89,64.2,328.4,4,97.1,99.65,99.01,387.71,98.84,6645,100.0
2025-10-20 10:31:00,69.52,63.66,56.26,375.69,2,96.05,99.11,99.66,398.9,99.24,7142,100.0
2025-10-20 10:32:00,64.24,61.41,55.53,325.11,3,98.59,99.27,99.55,322.89,99.2,6752,100.0
2025-10-20 10:33:00,75.09,65.41,58.42,328.55,1,97.91,98.59,99.51,437.54,99.48,6215,100.0
2025-10-20 10:34:00,71.13,65.11,54.58,338.96,3,97.47,98.17,99.05,401.44,98.57,6207,100.0
2025-10-20 10:35:00,73.33,60.38,59.38,328.25,2,98.07,98.76,99.56,417.87,99.5,6851,100.0
2025-10-20 10:36:00,69.95,65.99,56.4,378.53,0,99.38,99.47,99.21,385.34,98.82,7952,100.0
2025-10-20 10:37:00,66.62,62.03,45.65,334.98,4,96.16,98.63,99.58,384.22,99.36,6456,100.0
2025-10-20 10:38:00,73.57,64.63,60.85,336.01,2,98.02,98.06,99.13,451.19,99.25,6845,100.0
2025-10-20 10:39:00,69.56,61.76,60.2,375.36,2,97.35,98.94,99.33,405.8,98.83,6276,100.0
2025-10-20 10:40:00,67.53,63.88,54.93,308.46,4,96.34,99.87,99.38,378.37,99.29,6648,100.0
2025-10-20 10:41:00,72.1,60.77,51.77,314.18,2,99.77,99.06,99.54,419.49,98.83,6951,100.0
2025-10-20 10:42:00,74.54,65.29,63.94,347.58,4,98.4,99.42,99.95,435.14,99.25,7041,100.0
2025-10-20 10:43:00,67.72,64.68,57.08,366.26,2,97.62,98.4,99.96,377.65,99.23,6822,100.0
2025-10-20 10:44:00,67.98,62.43,55.75,344.14,0,97.98,98.34,99.13,397.08,99.1,7318,100.0
2025-10-20 10:45:00,67.28,64.15,57.02,368.22,4,97.08,98.57,99.27,387.0,98.53,6152,100.0
2025-10-20 10:46:00,66.46,64.15,56.41,296.31,2,98.7,99.4,99.72,373.79,98.5,7907,100.0
2025-10-20 10:47:00,72.5,64.94,45.67,390.17,2,98.96,99.92,99.68,427.81,99.45,6885,100.0
2025-10-20 10:48:00,73.74,60.02,55.44,365.77,4,97.61,98.05,99.33,438.92,99.41,7693,100.0
2025-10-20 10:49:00,68.73,62.4,60.24,365.47,3,99.56,98.77,99.74,386.31,98.62,7855,100.0
2025-10-20 10:50:00,70.36,61.38,49.7,358.05,3,98.82,98.99,99.91,403.15,98.95,6398,100.0
2025-10-20 10:51:00,67.75,60.01,58.34,323.2,2,96.97,98.34,99.77,362.65,98.95,7013,100.0
2025-10-20 10:52:00,74.13,61.03,52.95,333.12,1,97.24,99.04,99.66,436.53,99.22,6672,100.0
2025-10-20 10:53:00,69.34,64.32,47.91,315.16,3,99.39,99.46,99.61,406.2,98.9,6443,100.0
2025-10-20 10:54:00,73.33,65.6,67.92,404.94,3,97.06,98.99,99.85,433.47,99.25,6277,100.0
2025-10-20 10:55:00,68.25,64.93,50.02,338.76,1,98.83,98.74,99.56,366.48,99.31,6739,100.0
2025-10-20 10:56:00,68.41,66.29,59.64,349.43,2,96.83,98.68,99.81,391.9,99.27,6882,100.0
2025-10-20 10:57:00,73.03,62.97,51.09,367.59,3,98.17,99.69,99.76,412.62,99.5,7504,100.0
2025-10-20 10:58:00,73.94,60.96,53.33,389.51,1,99.15,99.67,99.16,453.55,99.19,7040,100.0
2025-10-20 10:59:00,74.2,63.19,50.78,332.99,4,99.12,98.38,99.05,456.98,98.58,6493,100.0
2025-10-20 11:00:00,72.99,61.21,45.47,326.2,2,99.51,99.82,99.27,428.4,99.05,7898,100.0
2025-10-20 11:01:00,76.65,62.66,62.21,346.13,0,96.04,98.92,99.49,447.42,99.19,6588,100.0
2025-10-20 11:02:00,64.88,61.1,48.85,344.51,1,96.63,99.34,99.75,333.19,98.97,6141,100.0
2025-10-20 11:03:00,71.52,61.99,57.09,354.44,3,99.8,99.55,99.29,428.98,98.93,7657,100.0
2025-10-20 11:04:00,71.55,61.4,51.49,327.34,2,98.86,98.34,99.1,405.03,98.88,6951,100.0
2025-10-20 11:05:00,65.92,66.18,60.8,334.7,2,96.59,98.38,99.86,349.46,98.88,7742,100.0
2025-10-20 11:06:00,70.6,59.19,59.48,342.52,5,97.86,99.38,99.88,394.28,99.42,7630,100.0
2025-10-20 11:07:00,76.06,66.24,52.87,316.97,0,97.16,99.23,99.8,476.6,99.12,6011,100.0
2025-10-20 11:08:00,65.46,62.11,49.61,364.82,2,99.82,98.43,99.52,364.01,99.06,7858,100.0
2025-10-20 11:09:00,66.5,61.07,45.49,349.51,1,98.18,99.06,99.08,372.95,99.12,6378,100.0
2025-10-20 11:10:00,72.08,63.71,54.23,369.95,2,97.84,99.78,99.09,440.33,99.45,6156,100.0
2025-10-20 11:11:00,74.09,61.99,62.65,340.6,3,98.37,98.37,99.35,434.79,98.97,6668,100.0
2025-10-20 11:12:00,74.51,60.67,64.89,373.17,3,98.02,99.39,99.59,458.43,98.57,7381,100.0
2025-10-20 11:13:00,69.82,61.89,52.29,359.5,4,96.25,98.1,99.38,391.72,99.22,7485,100.0
2025-10-20 11:14:00,66.81,61.08,65.24,382.24,1,97.42,99.58,99.51,353.2,99.24,6793,100.0
2025-10-20 11:15:00,65.91,60.96,54.23,325.71,1,96.08,99.54,99.17,340.84,99.15,7547,100.0
2025-10-20 11:16:00,67.03,64.4,59.97,324.49,1,99.93,99.72,99.69,387.8,99.22,6380,100.0
2025-10-20 11:17:00,70.79,61.45,55.16,380.98,1,98.38,99.74,99.05,403.28,98.66,7390,100.0
2025-10-20 11:18:00,68.17,61.42,65.03,303.38,1,97.93,99.0,99.32,366.96,98.88,7344,100.0
2025-10-20 11:19:00,72.09,62.64,57.07,316.41,1,97.0,98.45,99.52,423.43,99.44,6391,100.0
2025-10-20 11:20:00,71.7,62.36,52.35,309.43,2,96.88,99.41,99.78,415.25,99.2,6775,100.0
2025-10-20 11:21:00,67.09,62.76,58.09,397.27,0,98.03,98.66,99.51,351.87,98.81,7639,100.0
2025-10-20 11:22:00,65.98,60.38,51.79,374.19,4,98.21,98.46,99.74,361.1,99.31,7561,100.0
2025-10-20 11:23:00,69.19,65.83,64.05,344.83,1,97.8,98.7,99.55,379.47,99.36,6515,100.0
2025-10-20 11:24:00,69.88,61.21,51.33,316.43,4,96.55,99.93,99.82,386.97,98.69,6251,100.0
2025-10-20 11:25:00,64.84,63.33,53.85,370.56,3,97.25,99.28,99.01,329.7,99.35,7368,100.0
2025-10-20 11:26:00,73.82,62.51,47.61,397.74,1,97.97,99.54,99.22,428.94,98.74,7983,100.0
2025-10-20 11:27:00,65.86,62.62,63.39,309.12,4,99.04,99.97,99.18,369.25,98.84,6351,100.0
2025-10-20 11:28:00,71.01,64.25,67.27,346.72,2,98.78,99.88,99.54,420.84,98.59,6422,100.0
2025-10-20 11:29:00,69.66,59.85,50.69,349.92,0,97.06,99.03,99.57,413.6,99.15,6829,100.0
2025-10-20 11:30:00,71.41,63.1,61.45,372.15,3,99.31,98.5,99.78,432.4,99.2,7192,100.0
2025-10-20 11:31:00,69.32,61.98,52.78,362.23,2,97.98,99.58,99.48,394.69,99.27,7322,100.0
2025-10-20 11:32:00,67.52,66.64,49.27,305.95,3,99.44,99.98,99.29,383.58,98.62,6813,100.0
2025-10-20 11:33:00,73.28,62.05,57.62,349.36,2,98.3,99.73,99.48,415.89,99.06,6664,100.0
2025-10-20 11:34:00,70.41,65.74,62.31,370.27,0,97.71,98.39,99.91,391.08,98.79,7033,100.0
2025-10-20 11:35:00,67.44,61.12,57.79,307.94,0,97.49,99.44,99.55,371.34,99.07,6730,100.0
2025-10-20 11:36:00,73.76,61.65,52.64,375.31,0,99.25,99.44,99.73,421.61,99.22,7359,100.0
2025-10-20 11:37:00,73.63,60.49,46.78,338.9,1,99.67,98.78,99.84,416.3,98.67,6060,100.0
2025-10-20 11:38:00,66.61,64.12,55.67,397.06,0,96.85,98.06,99.43,357.23,99.37,7209,100.0
2025-10-20 11:39:00,70.87,62.99,47.57,343.15,4,96.91,98.01,99.3,393.05,98.97,7354,100.0
2025-10-20 11:40:00,74.75,60.59,46.6,367.93,1,97.32,98.54,99.51,445.07,99.01,7345,100.0
2025-10-20 11:41:00,69.41,61.91,49.87,337.65,3,98.35,99.14,99.48,396.13,98.99,7130,100.0
2025-10-20 11:42:00,71.9,60.37,46.74,394.65,1,97.77,98.37,99.49,432.25,99.45,7268,100.0
2025-10-20 11:43:00,68.87,63.87,52.57,392.62,3,96.13,99.63,99.45,381.67,98.97,7637,100.0
2025-10-20 11:44:00,67.4,60.99,48.18,354.03,2,98.58,99.53,99.76,389.41,99.23,7855,100.0
2025-10-20 11:45:00,67.84,62.65,45.8,298.27,1,97.04,98.35,99.03,394.78,98.51,7472,100.0
2025-10-20 11:46:00,72.02,60.26,66.0,389.29,4,98.25,98.2,99.92,405.86,98.72,7116,100.0
2025-10-20 11:47:00,73.41,64.29,51.41,303.93,5,98.1,98.95,99.45,445.09,99.03,6633,100.0
2025-10-20 11:48:00,65.04,62.84,58.18,368.0,5,99.93,98.55,99.2,348.06,98.56,7956,100.0
2025-10-20 11:49:00,71.33,63.68,59.56,351.93,0,98.45,99.43,99.42,423.58,98.73,6442,100.0
2025-10-20 11:50:00,73.07,64.67,53.25,356.9,2,99.89,99.24,99.98,424.19,99.2,6445,100.0
2025-10-20 11:51:00,66.55,62.27,51.33,311.45,1,98.82,98.98,99.09,352.35,98.6,7225,100.0
2025-10-20 11:52:00,65.43,61.66,64.03,372.96,0,99.28,98.99,99.85,358.29,99.18,7987,100.0
2025-10-20 11:53:00,66.97,63.48,54.85,302.18,0,96.48,99.3,99.57,371.85,98.53,6938,100.0
2025-10-20 11:54:00,71.08,64.55,61.51,351.07,3,97.12,98.11,99.8,407.45,98.73,6463,100.0
2025-10-20 11:55:00,74.73,65.54,57.79,365.18,3,97.67,98.69,99.5,445.59,99.02,6279,100.0
2025-10-20 11:56:00,65.22,59.17,59.63,334.62,4,97.5,99.28,99.49,366.15,99.37,6341,100.0
2025-10-20 11:57:00,66.45,63.84,52.11,302.27,3,99.05,98.4,99.23,365.3,98.67,6610,100.0
2025-10-20 11:58:00,66.14,64.05,48.44,298.3,3,98.28,99.81,99.78,366.34,98.82,7083,100.0
2025-10-20 11:59:00,65.44,63.72,60.03,394.12,1,98.18,99.41,99.79,342.11,98.76,7025,100.0
2025-10-20 12:00:00,70.6,65.44,58.48,381.62,2,98.18,98.43,99.48,398.73,98.77,7933,100.0
2025-10-20 12:01:00,66.2,64.42,65.28,299.96,2,97.61,99.87,99.01,365.47,99.0,7746,100.0
2025-10-20 12:02:00,72.05,64.2,65.1,383.55,0,97.88,98.8,99.31,418.55,98.88,6864,100.0
2025-10-20 12:03:00,74.22,60.1,63.87,345.17,3,97.64,98.75,99.93,455.38,98.61,6216,100.0
2025-10-20 12:04:00,70.3,60.2,55.56,296.28,2,99.91,99.75,99.36,384.84,99.35,7822,100.0
2025-10-20 12:05:00,73.05,60.65,65.8,325.06,4,99.91,98.56,99.95,412.61,99.21,7064,100.0
2025-10-20 12:06:00,70.53,60.0,55.53,317.67,1,96.8,98.48,99.41,394.57,98.99,7744,100.0
2025-10-20 12:07:00,72.0,63.39,47.66,368.79,1,97.0,98.83,99.35,434.33,98.63,7131,100.0
2025-10-20 12:08:00,74.49,62.93,56.2,394.92,3,96.43,99.64,99.44,427.76,99.29,6753,100.0
2025-10-20 12:09:00,65.24,63.23,62.84,384.97,2,97.52,99.64,99.37,356.48,99.11,6730,100.0
2025-10-20 12:10:00,69.66,65.99,55.88,317.88,5,99.45,99.79,99.19,381.77,99.48,7736,100.0
2025-10-20 12:11:00,74.85,66.01,57.75,369.24,1,98.98,99.01,99.65,448.64,98.99,6343,100.0
2025-10-20 12:12:00,66.19,65.27,48.3,323.11,2,99.17,99.57,99.24,353.48,99.44,7651,100.0
2025-10-20 12:13:00,71.48,60.12,53.87,353.46,1,98.4,98.65,99.78,428.45,98.82,7677,100.0
2025-10-20 12:14:00,73.65,61.85,51.31,347.91,2,99.04,99.71,99.97,427.13,99.22,6788,100.0
2025-10-20 12:15:00,73.96,64.5,68.06,383.82,5,97.48,98.04,99.52,439.77,99.03,7948,100.0
2025-10-20 12:16:00,67.51,63.97,55.38,351.73,2,98.86,98.87,99.29,357.09,98.99,6710,100.0
2025-10-20 12:17:00,65.63,62.75,59.5,315.03,0,99.4,98.02,99.94,361.36,98.82,6492,100.0
2025-10-20 12:18:00,66.98,63.41,58.11,331.36,0,96.15,98.05,99.74,362.49,99.3,6863,100.0
2025-10-20 12:19:00,68.53,62.32,59.26,322.33,0,98.22,98.65,99.44,391.13,98.99,7240,100.0
2025-10-20 12:20:00,73.73,64.46,61.24,395.69,3,96.28,99.78,99.03,447.2,99.26,7906,100.0
2025-10-20 12:21:00,65.85,63.81,54.86,334.6,0,98.25,98.96,99.1,362.99,99.24,7534,100.0
2025-10-20 12:22:00,74.34,65.05,51.74,314.99,2,98.33,99.5,99.51,427.62,99.36,6619,100.0
2025-10-20 12:23:00,75.55,61.34,66.01,313.3,1,98.82,99.7,99.43,472.68,99.09,7260,100.0
2025-10-20 12:24:00,68.07,65.08,63.54,395.26,1,99.29,98.82,99.99,379.55,99.05,7059,100.0
2025-10-20 12:25:00,69.03,61.06,64.72,384.32,1,98.5,98.82,99.25,404.67,99.2,7095,100.0
2025-10-20 12:26:00,68.95,60.57,49.38,362.19,2,98.59,99.74,99.75,404.26,99.04,7503,100.0
2025-10-20 12:27:00,66.61,62.25,54.0,352.19,2,96.69,98.72,99.29,370.71,99.4,7924,100.0
2025-10-20 12:28:00,71.24,61.99,57.49,360.47,2,97.46,99.92,99.44,422.65,99.25,6531,100.0
2025-10-20 12:29:00,71.17,65.7,55.95,396.77,1,99.57,99.7,99.99,418.87,99.44,7653,100.0
2025-10-20 12:30:00,69.06,65.78,54.88,355.05,2,96.19,99.76,99.44,394.13,98.64,6006,100.0
2025-10-20 12:31:00,68.62,65.1,49.15,396.71,1,96.73,98.03,99.77,401.18,99.11,6376,100.0
2025-10-20 12:32:00,74.34,61.33,60.43,342.92,2,99.19,98.49,99.73,426.13,99.46,6386,100.0
2025-10-20 12:33:00,72.01,63.49,63.54,338.69,2,97.77,98.33,99.98,403.92,99.09,7252,100.0
2025-10-20 12:34:00,68.2,64.86,53.79,404.22,2,97.14,98.39,99.01,371.72,99.18,6462,100.0
2025-10-20 12:35:00,70.57,65.69,60.35,341.86,2,98.54,98.73,99.85,415.95,99.11,6728,100.0
2025-10-20 12:36:00,70.51,61.84,50.55,319.79,2,97.81,99.16,99.88,419.85,98.95,6030,100.0
2025-10-20 12:37:00,68.58,63.13,56.47,361.72,1,96.73,99.5,99.34,394.22,98.55,6815,100.0
2025-10-20 12:38:00,71.97,63.04,56.76,330.42,3,97.73,98.4,99.21,399.89,98.8,7497,100.0
2025-10-20 12:39:00,73.68,61.77,65.92,353.95,3,96.88,98.02,99.72,430.61,99.29,6677,100.0
2025-10-20 12:40:00,66.5,61.87,53.94,333.7,1,97.4,99.67,99.07,382.69,99.49,6177,100.0
2025-10-20 12:41:00,68.11,62.39,61.73,360.6,2,99.33,99.41,99.58,396.74,99.2,6403,100.0
2025-10-20 12:42:00,65.32,65.55,48.34,368.56,1,99.7,99.7,99.52,342.31,98.62,6726,100.0
2025-10-20 12:43:00,64.77,60.95,62.54,343.55,4,99.47,98.58,99.13,361.86,99.09,7778,100.0
2025-10-20 12:44:00,68.9,63.0,49.26,343.91,1,99.26,99.21,99.95,382.62,98.61,7013,100.0
2025-10-20 12:45:00,65.88,65.83,46.79,375.44,2,98.49,99.17,99.28,375.17,98.8,6899,100.0
2025-10-20 12:46:00,73.39,61.55,46.69,334.09,3,97.14,99.64,99.08,448.16,98.59,7668,100.0
2025-10-20 12:47:00,68.71,63.75,49.16,307.12,1,97.25,99.03,99.59,398.69,99.16,7217,100.0
2025-10-20 12:48:00,68.4,64.5,49.86,296.87,1,99.56,99.72,99.08,368.3,99.0,7218,100.0
2025-10-20 12:49:00,65.25,62.43,55.4,320.01,0,99.0,98.43,99.83,349.36,99.08,7745,100.0
2025-10-20 12:50:00,66.75,64.4,54.32,317.51,2,96.08,99.24,99.66,359.94,98.82,6678,100.0
2025-10-20 12:51:00,72.76,61.07,65.54,327.06,2,96.89,98.16,99.87,441.98,98.9,7404,100.0
2025-10-20 12:52:00,69.29,64.0,56.85,341.11,2,98.31,99.31,99.19,388.57,99.45,6493,100.0
2025-10-20 12:53:00,71.87,64.58,55.15,394.68,3,98.37,99.76,99.36,410.68,98.71,6075,100.0
2025-10-20 12:54:00,72.29,65.95,56.75,392.77,3,98.26,99.07,99.14,426.58,98.81,6104,100.0
2025-10-20 12:55:00,75.76,64.8,64.81,373.97,2,99.84,98.51,99.87,474.57,99.17,7862,100.0
2025-10-20 12:56:00,72.56,60.65,64.67,351.1,2,97.88,99.66,99.02,416.5,98.5,6831,100.0
2025-10-20 12:57:00,72.16,64.7,64.78,360.25,3,98.78,99.85,99.71,416.37,99.21,6080,100.0
2025-10-20 12:58:00,65.26,59.08,47.26,358.43,5,98.87,99.51,99.09,367.06,99.31,6066,100.0
2025-10-20 12:59:00,64.2,59.02,50.99,342.4,2,97.47,98.09,99.3,343.29,98.91,6547,100.0
2025-10-20 13:00:00,75.17,62.13,53.84,362.84,4,98.59,99.91,99.79,433.29,98.83,6941,100.0
2025-10-20 13:01:00,67.91,64.02,62.29,371.94,4,98.94,98.21,99.79,380.35,98.79,7311,100.0
2025-10-20 13:02:00,64.12,61.71,56.2,381.72,4,96.82,98.74,99.63,321.89,99.22,7671,100.0
2025-10-20 13:03:00,69.57,63.12,63.6,380.46,1,98.72,99.13,99.16,388.1,99.4,7376,100.0
2025-10-20 13:04:00,68.1,64.9,62.72,300.41,2,99.33,98.62,99.94,368.22,99.16,7344,100.0
2025-10-20 13:05:00,69.55,63.47,64.72,386.31,2,96.83,98.97,99.09,409.2,99.22,7887,100.0
2025-10-20 13:06:00,70.91,63.87,65.9,366.01,0,98.9,99.81,99.8,412.41,99.17,7980,100.0
2025-10-20 13:07:00,66.06,64.12,51.83,364.8,1,96.83,99.24,99.13,351.26,99.34,6654,100.0
2025-10-20 13:08:00,67.98,62.87,58.84,379.07,4,97.54,98.28,99.71,386.23,98.54,7673,100.0
2025-10-20 13:09:00,67.47,62.58,59.34,342.85,1,97.61,99.53,99.92,371.22,98.92,7405,100.0
2025-10-20 13:10:00,72.49,61.71,59.95,325.64,3,97.12,98.46,99.87,411.73,98.93,6374,100.0
2025-10-20 13:11:00,72.45,62.64,52.74,334.7,5,99.81,98.05,99.38,440.35,98.77,6546,100.0
2025-10-20 13:12:00,70.26,65.02,64.78,371.81,2,96.6,98.18,99.56,387.17,98.64,6600,100.0
2025-10-20 13:13:00,66.27,62.47,60.79,368.41,1,99.86,98.02,99.88,350.71,99.45,6684,100.0
2025-10-20 13:14:00,72.64,63.23,58.84,381.89,0,96.04,98.92,99.13,432.97,98.71,6865,100.0
2025-10-20 13:15:00,66.47,62.91,47.81,299.77,0,99.82,98.28,99.71,347.41,98.61,7017,100.0
2025-10-20 13:16:00,75.08,65.15,58.67,348.63,3,96.93,98.09,99.95,443.3,98.94,6229,100.0
2025-10-20 13:17:00,73.32,60.13,62.63,313.78,2,98.26,98.63,99.18,447.57,98.9,6797,100.0
2025-10-20 13:18:00,73.32,61.88,64.63,392.64,1,99.45,98.79,99.0,424.13,99.1,7598,100.0
2025-10-20 13:19:00,65.21,59.82,63.32,369.49,4,96.98,99.46,99.42,371.34,98.85,7843,100.0
2025-10-20 13:20:00,73.87,62.47,60.58,345.16,1,97.7,99.51,99.61,446.23,98.78,6962,100.0
2025-10-20 13:21:00,66.81,65.93,67.17,347.53,0,96.68,99.31,99.61,379.65,98.75,7527,100.0
2025-10-20 13:22:00,69.34,60.05,53.94,382.55,3,98.32,99.01,99.4,378.19,98.92,6145,100.0
2025-10-20 13:23:00,67.17,63.38,53.29,398.47,3,97.04,99.88,99.53,384.96,98.87,6200,100.0
2025-10-20 13:24:00,69.89,64.84,53.9,374.82,5,98.18,98.45,99.44,398.24,99.33,7792,100.0
2025-10-20 13:25:00,69.03,60.02,63.12,316.87,1,97.6,99.97,99.1,387.29,98.81,7810,100.0
2025-10-20 13:26:00,65.45,63.49,52.36,365.39,0,96.53,99.37,99.21,368.78,98.56,6430,100.0
2025-10-20 13:27:00,75.5,62.98,60.57,320.83,3,98.41,98.78,99.56,458.05,98.67,6805,100.0
2025-10-20 13:28:00,71.55,62.1,63.74,324.04,3,96.21,98.8,99.27,435.43,98.81,7768,100.0
2025-10-20 13:29:00,70.08,60.78,55.19,375.63,2,97.34,98.08,99.6,414.98,98.88,7480,100.0
2025-10-20 13:30:00,64.99,63.19,61.67,361.5,0,96.86,98.14,99.57,360.19,98.61,7676,100.0
2025-10-20 13:31:00,72.01,65.23,66.88,315.64,1,97.57,99.7,99.91,420.36,99.09,7416,100.0
2025-10-20 13:32:00,69.42,62.48,56.1,394.09,2,98.9,99.62,99.68,398.51,99.06,7721,100.0
2025-10-20 13:33:00,74.59,61.77,64.35,348.29,2,99.23,98.53,99.0,445.76,98.6,7508,100.0
2025-10-20 13:34:00,65.44,61.4,61.2,313.01,4,97.0,99.79,99.72,360.0,99.16,6828,100.0
2025-10-20 13:35:00,63.74,63.43,57.87,338.76,2,99.49,99.59,99.51,322.64,98.72,7312,100.0
2025-10-20 13:36:00,75.6,65.66,54.66,384.39,1,96.13,98.77,99.9,445.6,98.71,7939,100.0
2025-10-20 13:37:00,64.87,64.43,52.05,301.86,1,98.21,98.55,99.07,330.72,98.62,6142,100.0
2025-10-20 13:38:00,68.34,62.44,64.49,390.63,3,98.45,99.25,99.48,379.42,99.49,7642,100.0
2025-10-20 13:39:00,70.96,65.57,53.0,318.07,2,99.26,98.72,99.58,392.56,98.67,7779,100.0
2025-10-20 13:40:00,75.52,62.63,52.51,388.52,5,99.33,99.38,99.02,448.72,98.64,6465,100.0
2025-10-20 13:41:00,74.18,60.32,50.53,331.61,2,96.66,98.47,99.5,432.69,99.45,6927,100.0
2025-10-20 13:42:00,68.36,63.97,51.66,357.42,3,97.86,99.85,99.9,367.17,98.63,6991,100.0
2025-10-20 13:43:00,65.93,61.97,48.84,362.94,5,98.76,98.82,99.21,355.45,98.58,7390,100.0
2025-10-20 13:44:00,65.37,64.56,55.03,353.04,2,98.98,98.25,99.1,362.16,98.71,6613,100.0
2025-10-20 13:45:00,68.66,61.87,59.08,356.86,2,97.29,98.88,99.31,405.96,99.31,6329,100.0
2025-10-20 13:46:00,69.87,64.8,60.27,319.25,4,98.04,99.39,99.11,401.32,98.75,6863,100.0
2025-10-20 13:47:00,71.03,61.31,46.74,299.49,0,96.03,98.22,99.24,399.18,99.49,6612,100.0
2025-10-20 13:48:00,73.71,64.17,52.05,356.81,6,98.57,99.64,99.01,456.78,96.68,6940,100.0
2025-10-20 13:49:00,72.66,60.55,54.47,307.94,1,97.45,98.75,99.99,446.37,98.61,7451,100.0
2025-10-20 13:50:00,69.67,63.05,49.95,373.23,3,99.16,99.64,99.29,390.29,99.44,6329,100.0
2025-10-20 13:51:00,64.79,62.25,61.39,374.0,2,98.35,99.56,99.09,334.79,98.51,7187,100.0
2025-10-20 13:52:00,75.15,60.63,64.39,383.06,2,99.56,99.76,99.76,454.05,98.62,7063,100.0
2025-10-20 13:53:00,69.32,65.32,61.91,394.81,0,99.24,99.88,99.79,378.39,98.58,6041,100.0
2025-10-20 13:54:00,76.29,63.46,54.06,369.56,6,96.87,98.34,99.0,471.66,96.61,6487,100.0
2025-10-20 13:55:00,69.39,64.42,55.37,374.54,0,96.5,99.0,99.34,385.76,98.57,7791,100.0
2025-10-20 13:56:00,64.93,65.31,58.9,338.13,4,96.04,99.85,99.6,337.4,99.42,7829,100.0
2025-10-20 13:57:00,75.26,65.52,66.32,326.3,3,99.92,98.59,99.87,432.75,98.52,6931,100.0
2025-10-20 13:58:00,71.43,61.05,50.03,342.69,2,96.37,98.97,99.09,399.49,98.74,7719,100.0
2025-10-20 13:59:00,73.18,64.16,51.61,321.9,3,96.2,99.39,99.83,445.62,99.18,7908,100.0
2025-10-20 14:00:00,75.55,65.73,53.06,323.97,3,97.03,99.5,99.09,448.3,98.89,7245,100.0
2025-10-20 14:01:00,66.6,65.18,54.97,391.82,1,96.57,98.01,99.53,350.33,98.89,7178,100.0
2025-10-20 14:02:00,71.95,65.08,47.21,311.56,1,99.91,98.01,99.87,411.76,99.44,6633,100.0
2025-10-20 14:03:00,70.99,60.07,50.29,374.6,4,99.92,99.92,99.33,425.34,99.35,6421,100.0
2025-10-20 14:04:00,72.71,60.56,46.76,336.74,4,99.0,99.13,99.45,419.49,99.0,6677,100.0
2025-10-20 14:05:00,72.76,63.41,63.73,355.31,2,96.83,99.25,99.36,441.38,98.95,7452,100.0
2025-10-20 14:06:00,74.62,64.69,48.99,326.72,3,98.04,99.62,99.44,431.17,99.06,7904,100.0
2025-10-20 14:07:00,72.11,62.86,58.11,388.95,3,97.29,98.93,99.42,407.04,99.46,6808,100.0
2025-10-20 14:08:00,70.27,59.99,61.08,357.06,1,96.84,98.15,99.29,407.83,99.07,7224,100.0
2025-10-20 14:09:00,70.74,61.82,51.14,314.95,2,96.71,99.75,99.74,413.78,98.91,6523,100.0
2025-10-20 14:10:00,73.41,62.4,55.35,322.7,0,98.89,98.54,99.82,453.92,98.58,6946,100.0
2025-10-20 14:11:00,72.55,64.38,60.73,332.56,3,99.69,98.54,99.99,432.34,98.96,7226,100.0
2025-10-20 14:12:00,65.2,59.98,52.01,371.59,1,99.41,99.2,99.96,358.77,98.68,6947,100.0
2025-10-20 14:13:00,70.54,59.46,45.35,308.21,1,97.95,98.28,99.67,409.23,98.79,6027,100.0
2025-10-20 14:14:00,66.36,62.12,58.38,353.8,1,98.46,99.72,99.75,365.7,98.86,6730,100.0
2025-10-20 14:15:00,73.08,59.7,65.04,362.85,1,98.42,98.97,99.11,421.89,99.39,7099,100.0
2025-10-20 14:16:00,71.42,63.67,57.56,347.4,2,99.77,99.18,99.31,412.15,99.31,6323,100.0
2025-10-20 14:17:00,67.78,63.97,52.16,378.52,0,99.05,98.14,99.01,393.74,99.08,6703,100.0
2025-10-20 14:18:00,70.68,66.39,66.25,366.44,3,97.31,98.15,99.07,394.61,98.99,7569,100.0
2025-10-20 14:19:00,68.51,61.0,46.3,348.31,3,96.85,98.95,99.97,395.98,99.4,6667,100.0
2025-10-20 14:20:00,74.54,63.89,61.41,376.81,3,98.24,99.07,99.82,464.66,98.91,7526,100.0
2025-10-20 14:21:00,65.78,64.5,53.21,302.84,2,99.7,98.16,99.93,366.06,98.83,6781,100.0
2025-10-20 14:22:00,72.34,62.8,56.38,402.11,1,97.17,99.53,99.76,415.12,98.58,6022,100.0
2025-10-20 14:23:00,70.76,63.58,67.25,354.4,2,98.4,98.19,99.38,425.36,99.09,6689,100.0
2025-10-20 14:24:00,68.49,63.59,65.92,320.98,3,97.26,99.37,99.22,381.66,98.69,6016,100.0
2025-10-20 14:25:00,74.93,62.76,65.62,315.18,1,99.16,99.57,99.11,465.78,98.69,7225,100.0
2025-10-20 14:26:00,65.93,61.04,55.89,378.72,1,97.29,98.68,99.66,358.02,99.31,6311,100.0
2025-10-20 14:27:00,73.25,60.65,50.23,367.38,2,98.15,98.42,99.81,443.46,98.65,6927,100.0
2025-10-20 14:28:00,70.65,59.79,57.49,311.85,2,99.36,98.1,99.4,401.29,98.78,7823,100.0
2025-10-20 14:29:00,73.66,61.25,61.45,358.49,3,97.96,98.91,99.21,446.84,98.95,7917,100.0
2025-10-20 14:30:00,75.27,64.63,64.29,387.07,2,98.14,98.46,99.74,453.84,98.91,6537,100.0
2025-10-20 14:31:00,73.85,59.58,45.74,316.07,4,99.89,98.29,99.1,423.04,99.07,7561,100.0
2025-10-20 14:32:00,69.51,61.03,55.49,368.75,3,98.58,99.97,99.05,410.6,99.06,6504,100.0
2025-10-20 14:33:00,74.5,62.86,52.59,317.91,2,99.65,98.46,99.12,425.26,99.01,7996,100.0
2025-10-20 14:34:00,72.68,63.87,45.22,376.24,1,96.91,98.94,99.42,418.35,98.67,7524,100.0
2025-10-20 14:35:00,76.01,65.5,53.03,330.02,1,98.21,99.21,99.71,467.3,98.79,6660,100.0
2025-10-20 14:36:00,66.02,61.42,50.33,303.3,3,98.96,98.42,99.39,342.76,98.73,7585,100.0
2025-10-20 14:37:00,74.38,62.24,54.05,320.1,0,99.97,99.31,99.54,454.4,99.34,7613,100.0
2025-10-20 14:38:00,73.62,63.09,63.93,314.13,3,98.07,99.59,99.43,434.95,99.49,6850,100.0
2025-10-20 14:39:00,72.54,61.45,64.34,372.31,1,98.37,98.03,99.0,430.04,98.69,6383,100.0
2025-10-20 14:40:00,67.68,60.56,57.15,363.9,2,96.31,98.85,99.95,365.5,98.76,6201,100.0
2025-10-20 14:41:00,71.21,64.2,59.01,386.89,1,97.16,99.32,99.61,413.36,99.18,7274,100.0
2025-10-20 14:42:00,73.0,61.66,59.78,391.31,3,98.33,98.26,99.97,442.5,98.61,6243,100.0
2025-10-20 14:43:00,71.91,62.8,47.67,359.0,1,99.21,99.83,99.76,432.02,98.72,6527,100.0
2025-10-20 14:44:00,75.14,64.79,64.29,367.15,2,96.13,99.39,99.44,453.45,99.06,6554,100.0
2025-10-20 14:45:00,69.04,62.28,53.05,378.46,5,96.14,98.52,99.28,406.74,99.15,6163,100.0
2025-10-20 14:46:00,74.97,66.68,51.41,337.86,1,99.66,99.15,99.74,449.34,98.53,6128,100.0
2025-10-20 14:47:00,71.14,64.88,51.07,376.01,3,98.71,99.53,99.99,405.24,98.91,6331,100.0
2025-10-20 14:48:00,74.81,62.85,50.24,331.73,1,96.93,99.47,99.01,449.72,99.29,6532,100.0
2025-10-20 14:49:00,70.05,63.27,58.11,339.66,3,96.41,98.14,99.09,403.79,98.55,6673,100.0
2025-10-20 14:50:00,71.81,63.85,50.09,368.76,2,98.09,99.84,99.64,405.01,99.18,6854,100.0
2025-10-20 14:51:00,71.93,65.17,57.31,386.47,2,99.34,99.87,99.14,418.83,98.76,7509,100.0
2025-10-20 14:52:00,73.07,60.56,61.24,342.19,1,96.67,99.32,99.55,415.58,98.61,6144,100.0
2025-10-20 14:53:00,72.87,64.6,47.6,358.19,0,99.61,99.81,99.7,445.75,99.31,7657,100.0
2025-10-20 14:54:00,65.41,60.63,56.8,308.41,1,96.93,99.18,99.92,363.98,99.17,7165,100.0
2025-10-20 14:55:00,70.52,61.6,64.53,328.04,0,99.0,98.35,99.37,386.29,98.64,6346,100.0
2025-10-20 14:56:00,73.53,62.36,63.65,322.13,1,98.48,98.84,99.61,445.75,99.05,7255,100.0
2025-10-20 14:57:00,73.9,61.46,52.73,369.52,1,97.5,98.94,99.42,426.15,99.42,7524,100.0
2025-10-20 14:58:00,75.98,62.32,53.01,364.3,1,99.94,98.91,99.36,451.49,98.67,7583,100.0
2025-10-20 14:59:00,74.35,62.33,64.84,381.34,3,96.23,99.39,99.05,456.15,99.32,6474,100.0
2025-10-20 15:00:00,70.75,61.56,57.64,328.71,0,96.01,98.2,99.79,425.98,98.93,7025,100.0
2025-10-20 15:01:00,64.44,61.79,46.87,351.0,3,97.5,98.22,99.35,331.38,98.87,6835,100.0
2025-10-20 15:02:00,75.21,63.17,50.86,332.16,3,97.8,98.56,99.94,467.43,98.58,7033,100.0
2025-10-20 15:03:00,65.95,61.49,62.24,346.27,1,99.2,99.25,99.47,348.24,98.83,7919,100.0
2025-10-20 15:04:00,67.74,62.82,50.33,305.49,4,96.3,99.92,99.44,382.3,99.17,7093,100.0
2025-10-20 15:05:00,67.55,64.91,62.58,357.8,1,96.34,98.68,99.31,393.68,99.28,7319,100.0
2025-10-20 15:06:00,73.51,61.3,46.87,343.02,2,99.55,98.54,99.04,449.03,99.36,7192,100.0
2025-10-20 15:07:00,70.81,64.93,61.79,389.35,3,99.4,99.0,99.39,412.64,98.56,7012,100.0
2025-10-20 15:08:00,68.95,65.4,54.26,334.28,3,97.81,99.63,99.53,383.07,99.16,7435,100.0
2025-10-20 15:09:00,70.98,60.64,49.8,330.54,2,99.02,98.53,99.31,410.95,98.72,7768,100.0
2025-10-20 15:10:00,73.38,63.61,51.73,341.51,5,96.11,99.65,99.2,416.25,98.74,6852,100.0
2025-10-20 15:11:00,71.47,63.12,49.92,346.14,5,96.14,98.34,99.73,402.04,99.01,6186,100.0
2025-10-20 15:12:00,73.85,65.5,45.89,345.27,0,99.63,99.04,99.07,422.94,98.88,7880,100.0
2025-10-20 15:13:00,72.54,65.67,53.94,307.4,1,99.79,98.74,99.01,433.02,99.48,7931,100.0
2025-10-20 15:14:00,70.29,63.55,60.42,316.27,4,99.91,99.16,99.87,421.02,99.18,7097,100.0
2025-10-20 15:15:00,64.64,59.95,49.63,316.65,1,97.44,98.84,99.1,328.14,99.17,7074,100.0
2025-10-20 15:16:00,75.33,64.1,60.87,405.62,3,98.24,99.96,99.52,470.39,98.91,7997,100.0
2025-10-20 15:17:00,69.94,59.61,56.88,323.2,0,99.28,98.55,99.8,390.93,98.69,7947,100.0
2025-10-20 15:18:00,72.32,64.28,65.52,373.56,2,98.18,99.9,99.63,435.9,99.15,7678,100.0
2025-10-20 15:19:00,72.78,60.39,47.72,340.06,2,97.37,99.94,99.69,423.81,98.69,6712,100.0
2025-10-20 15:20:00,66.6,61.47,49.57,375.17,5,96.89,99.05,99.09,363.43,99.08,7044,100.0
2025-10-20 15:21:00,66.31,61.75,63.17,310.59,1,96.27,99.1,99.1,343.97,98.67,7129,100.0
2025-10-20 15:22:00,70.74,60.39,57.32,336.47,3,99.54,98.13,99.95,398.65,98.88,6183,100.0
2025-10-20 15:23:00,66.77,64.84,65.53,364.3,3,96.01,98.7,99.24,350.18,98.68,6248,100.0
2025-10-20 15:24:00,72.78,62.36,54.73,316.87,1,98.25,99.39,99.53,425.21,98.89,7683,100.0
2025-10-20 15:25:00,68.14,65.12,62.1,346.67,2,96.18,98.22,99.19,381.6,99.35,6471,100.0
2025-10-20 15:26:00,70.06,62.88,62.37,396.46,2,96.02,99.02,99.56,413.6,99.0,7832,100.0
2025-10-20 15:27:00,71.08,64.89,48.77,384.53,1,96.76,99.85,99.03,409.31,98.81,7330,100.0
2025-10-20 15:28:00,68.85,65.57,61.26,387.61,1,97.65,99.43,99.11,379.28,98.55,6864,100.0
2025-10-20 15:29:00,74.3,60.92,60.53,398.39,4,96.4,98.3,99.7,452.05,99.17,6672,100.0
2025-10-20 15:30:00,70.13,64.59,55.12,335.34,1,97.06,98.19,99.35,382.78,98.69,7493,100.0
2025-10-20 15:31:00,67.05,63.1,59.13,352.09,1,98.95,99.92,99.86,357.2,98.83,6344,100.0
2025-10-20 15:32:00,69.74,64.41,61.39,349.97,2,98.48,98.47,99.56,415.66,99.38,6809,100.0
2025-10-20 15:33:00,68.66,61.97,57.4,315.17,1,97.3,98.44,99.97,395.73,98.85,6185,100.0
2025-10-20 15:34:00,68.88,63.9,56.83,355.94,4,97.84,98.37,99.64,388.77,98.6,6395,100.0
2025-10-20 15:35:00,69.88,65.39,57.42,368.59,2,98.64,98.1,99.49,390.67,98.83,7921,100.0
2025-10-20 15:36:00,69.54,64.76,53.77,371.57,2,97.43,99.67,99.04,387.7,99.18,7130,100.0
2025-10-20 15:37:00,68.42,62.53,49.01,338.34,2,99.47,99.29,99.02,393.15,98.54,7994,100.0
2025-10-20 15:38:00,67.19,62.0,52.74,335.3,2,99.38,99.62,99.48,385.98,98.75,6035,100.0
2025-10-20 15:39:00,71.9,63.28,58.06,393.5,3,96.64,99.47,99.43,416.88,98.81,7214,100.0
2025-10-20 15:40:00,67.2,60.73,53.07,325.44,1,96.71,99.1,99.48,353.87,98.51,7976,100.0
2025-10-20 15:41:00,70.43,61.33,54.25,320.88,3,99.36,98.24,99.21,385.83,98.64,7834,100.0
2025-10-20 15:42:00,73.79,64.67,60.29,389.31,2,99.48,99.59,99.35,448.88,98.76,6657,100.0
2025-10-20 15:43:00,66.0,65.55,51.74,351.67,2,99.11,99.71,99.44,355.14,99.25,7825,100.0
2025-10-20 15:44:00,73.09,61.73,56.74,379.2,2,99.57,98.34,99.42,444.25,98.52,6224,100.0
2025-10-20 15:45:00,75.64,62.24,66.25,321.94,3,98.12,99.69,99.23,454.13,98.66,7191,100.0
2025-10-20 15:46:00,68.92,59.57,47.05,364.63,3,98.47,98.19,99.78,408.85,99.03,7365,100.0
2025-10-20 15:47:00,66.18,61.73,61.93,310.79,1,98.85,98.75,99.93,345.6,98.87,7417,100.0
2025-10-20 15:48:00,67.31,60.84,49.09,396.36,3,97.98,99.89,99.75,382.37,98.55,7099,100.0
2025-10-20 15:49:00,68.49,64.68,49.97,321.09,1,96.52,99.71,99.56,399.37,99.33,6564,100.0
2025-10-20 15:50:00,73.32,61.8,53.04,326.11,1,97.5,99.6,99.83,425.37,98.97,7747,100.0
2025-10-20 15:51:00,65.62,65.41,50.48,368.33,3,97.39,99.08,99.81,344.88,99.3,6799,100.0
2025-10-20 15:52:00,66.5,63.53,47.87,338.58,2,97.72,98.45,99.46,383.1,99.35,6290,100.0
2025-10-20 15:53:00,64.59,65.07,55.83,350.25,2,99.87,99.34,99.15,331.24,98.7,7533,100.0
2025-10-20 15:54:00,73.77,64.95,54.7,338.91,1,96.21,99.88,99.19,425.62,98.97,6983,100.0
2025-10-20 15:55:00,63.71,59.78,52.09,360.98,1,98.23,99.78,99.33,322.41,98.99,7493,100.0
2025-10-20 15:56:00,65.0,60.07,55.48,328.91,3,97.99,98.08,99.89,369.89,98.68,6240,100.0
2025-10-20 15:57:00,65.49,63.26,58.29,380.09,4,97.9,99.29,99.56,360.7,99.11,7438,100.0
2025-10-20 15:58:00,72.12,62.93,51.14,301.67,3,97.58,98.4,99.07,432.15,98.75,7217,100.0
2025-10-20 15:59:00,74.09,64.48,65.74,355.43,3,96.1,98.18,99.29,459.76,99.06,6746,100.0
2025-10-20 16:00:00,68.03,65.56,62.87,383.77,2,98.29,99.97,99.29,392.11,98.99,6079,100.0
2025-10-20 16:01:00,73.61,61.75,59.61,313.48,2,96.52,99.89,99.71,445.79,99.0,6949,100.0
2025-10-20 16:02:00,67.62,65.97,62.08,342.04,1,96.49,98.38,99.21,378.44,99.29,6628,100.0
2025-10-20 16:03:00,64.88,62.07,60.0,317.36,5,96.85,98.68,99.32,367.11,99.29,7448,100.0
2025-10-20 16:04:00,73.35,61.37,47.26,363.89,1,97.28,99.99,99.68,442.74,98.71,6157,100.0
2025-10-20 16:05:00,68.12,61.76,51.04,321.02,3,97.86,98.03,99.48,363.41,99.48,7581,100.0
2025-10-20 16:06:00,70.05,63.9,48.94,352.46,6,99.16,99.39,100.0,381.08,96.86,6562,100.0
2025-10-20 16:07:00,67.6,61.32,60.16,308.37,2,97.01,99.26,99.76,391.08,99.35,7929,100.0
2025-10-20 16:08:00,73.92,66.0,47.07,400.78,2,97.58,98.54,99.29,424.16,99.31,6018,100.0
2025-10-20 16:09:00,68.29,61.17,57.95,326.26,1,98.61,98.24,99.18,372.81,99.47,6794,100.0
2025-10-20 16:10:00,68.47,59.37,45.26,339.69,1,98.75,99.99,99.4,389.66,99.46,7663,100.0
2025-10-20 16:11:00,70.19,64.84,49.11,353.96,1,97.71,98.26,99.7,400.11,99.03,6292,100.0
2025-10-20 16:12:00,75.1,60.76,51.96,388.19,0,99.5,99.05,99.41,443.37,98.8,6611,100.0
2025-10-20 16:13:00,72.78,63.54,58.32,374.52,2,99.13,98.62,99.64,443.07,98.9,6133,100.0
2025-10-20 16:14:00,69.57,64.09,53.56,335.85,1,97.01,99.84,99.67,376.22,98.7,7365,100.0
2025-10-20 16:15:00,72.87,65.21,52.07,394.22,3,99.85,98.25,99.25,441.23,99.12,7676,100.0
2025-10-20 16:16:00,71.88,58.46,60.78,311.37,1,98.32,99.78,99.47,428.62,99.3,7472,100.0
2025-10-20 16:17:00,74.55,62.91,49.76,306.28,1,98.23,98.37,99.04,426.97,99.33,7182,100.0
2025-10-20 16:18:00,66.49,66.48,59.12,322.3,4,97.12,98.19,99.21,354.48,99.42,6156,100.0
2025-10-20 16:19:00,68.99,62.98,63.69,398.35,5,97.61,99.29,99.35,380.83,99.08,7867,100.0
2025-10-20 16:20:00,69.01,63.51,62.47,371.76,1,97.33,98.02,99.2,374.63,99.34,6517,100.0
2025-10-20 16:21:00,67.95,65.83,53.68,301.46,1,96.41,98.15,99.59,367.04,98.86,7724,100.0
2025-10-20 16:22:00,70.79,63.0,61.82,311.35,0,98.61,98.97,99.79,424.52,98.89,7192,100.0
2025-10-20 16:23:00,69.86,65.78,62.47,390.44,2,96.83,99.89,99.02,417.22,98.65,7638,100.0
2025-10-20 16:24:00,66.3,62.86,52.09,361.38,0,96.26,98.2,99.42,375.54,99.39,6489,100.0
2025-10-20 16:25:00,69.43,63.63,50.47,334.35,1,96.1,98.31,99.63,377.29,98.69,6675,100.0
2025-10-20 16:26:00,70.55,62.65,49.29,378.84,4,99.86,99.03,99.47,415.71,99.38,7928,100.0
2025-10-20 16:27:00,69.81,65.96,51.78,362.37,1,99.73,98.29,99.63,401.8,98.62,6651,100.0
2025-10-20 16:28:00,71.69,64.85,48.98,312.12,2,96.08,99.08,99.96,412.57,98.92,7937,100.0
2025-10-20 16:29:00,72.21,64.51,57.52,398.78,4,97.21,99.57,99.3,424.62,98.75,7633,100.0
2025-10-20 16:30:00,69.19,60.77,51.24,329.02,0,99.94,98.06,99.66,386.78,99.15,6712,100.0
2025-10-20 16:31:00,72.14,64.68,60.21,313.41,2,97.66,98.87,99.47,429.59,98.81,6630,100.0
2025-10-20 16:32:00,70.85,62.22,60.27,354.58,3,97.16,98.28,99.16,414.04,99.37,6818,100.0
2025-10-20 16:33:00,66.3,64.24,62.25,386.08,2,96.43,98.19,99.71,345.79,99.0,6945,100.0
2025-10-20 16:34:00,67.47,62.69,62.25,306.86,5,96.31,98.52,99.09,367.29,99.38,6694,100.0
2025-10-20 16:35:00,70.23,62.31,54.79,395.01,2,96.24,98.98,99.81,386.24,98.57,6307,100.0
2025-10-20 16:36:00,71.43,63.4,64.55,380.58,6,96.21,99.92,99.28,429.26,96.89,6238,100.0
2025-10-20 16:37:00,66.73,61.63,51.92,353.47,4,98.16,99.04,99.01,347.35,98.6,6203,100.0
2025-10-20 16:38:00,73.0,64.86,64.57,389.19,2,99.22,99.78,99.85,427.36,99.26,6195,100.0
2025-10-20 16:39:00,66.06,65.01,55.16,402.83,0,99.42,98.96,99.83,373.27,99.42,6595,100.0
2025-10-20 16:40:00,73.15,62.74,62.45,372.31,2,99.59,98.61,99.5,428.41,98.67,6716,100.0
2025-10-20 16:41:00,66.13,60.62,48.94,344.88,5,97.8,99.38,99.07,375.65,99.28,6490,100.0
2025-10-20 16:42:00,73.84,60.56,56.73,374.02,1,96.34,98.36,99.48,444.59,98.65,6370,100.0
2025-10-20 16:43:00,67.82,62.01,51.31,343.39,4,96.2,99.76,99.08,364.13,98.52,7256,100.0
2025-10-20 16:44:00,74.09,62.63,53.65,330.78,1,96.53,98.23,99.24,433.16,99.46,7156,100.0
2025-10-20 16:45:00,74.91,62.26,55.19,332.64,1,99.78,99.97,99.04,435.15,98.92,6372,100.0
2025-10-20 16:46:00,68.65,60.95,52.13,304.88,3,99.37,99.9,99.79,392.92,99.36,6151,100.0
2025-10-20 16:47:00,69.29,65.68,61.06,394.54,7,98.69,98.61,99.04,410.37,97.09,6596,100.0
2025-10-20 16:48:00,73.63,65.09,59.17,337.94,1,99.33,98.17,99.63,436.48,99.03,7853,100.0
2025-10-20 16:49:00,65.03,64.43,46.76,302.39,1,99.16,99.06,99.03,331.94,99.11,7612,100.0
2025-10-20 16:50:00,74.77,64.99,52.26,370.15,4,99.8,99.08,99.67,431.65,98.88,7538,100.0
2025-10-20 16:51:00,70.05,58.73,54.92,298.75,2,99.43,99.84,99.35,409.31,98.94,7310,100.0
2025-10-20 16:52:00,67.97,59.91,61.34,328.48,3,99.83,99.77,99.17,378.59,99.47,6744,100.0
2025-10-20 16:53:00,67.57,60.31,47.14,368.28,4,99.94,98.68,99.31,391.89,99.09,6429,100.0
2025-10-20 16:54:00,74.67,66.23,51.77,323.91,0,98.25,98.03,99.41,429.67,98.91,6079,100.0
2025-10-20 16:55:00,70.96,59.47,50.18,375.06,2,98.86,98.78,99.77,407.45,98.85,6902,100.0
2025-10-20 16:56:00,65.9,63.45,47.06,348.85,5,96.41,98.46,99.39,345.8,98.99,6942,100.0
2025-10-20 16:57:00,74.81,62.79,61.96,395.43,2,97.39,98.8,99.36,461.17,98.95,7047,100.0
2025-10-20 16:58:00,68.06,64.83,52.34,394.48,1,98.39,98.37,99.28,377.26,98.85,7049,100.0
2025-10-20 16:59:00,70.93,63.35,59.02,330.43,0,99.04,99.7,99.26,405.57,99.0,7066,100.0
2025-10-20 17:00:00,71.89,60.13,55.04,381.14,1,99.94,99.78,99.77,415.35,98.68,7882,100.0
2025-10-20 17:01:00,70.44,65.2,52.96,334.1,2,96.88,98.96,99.04,402.87,98.92,7558,100.0
2025-10-20 17:02:00,66.25,64.67,66.25,383.67,5,99.96,98.31,99.25,346.04,98.77,7535,100.0
2025-10-20 17:03:00,72.3,63.75,57.39,345.24,4,98.14,99.77,99.25,418.23,99.28,6985,100.0
2025-10-20 17:04:00,68.38,65.1,54.98,350.06,1,98.62,98.24,99.88,395.0,98.69,7388,100.0
2025-10-20 17:05:00,71.81,61.7,52.25,344.82,5,99.15,98.67,99.88,422.71,99.32,7092,100.0
2025-10-20 17:06:00,68.93,64.35,55.74,384.73,2,99.94,99.68,99.79,382.56,99.04,6274,100.0
2025-10-20 17:07:00,68.9,59.76,55.58,357.45,3,99.17,98.34,99.04,376.43,99.27,6810,100.0
2025-10-20 17:08:00,65.29,64.35,48.28,379.3,1,99.05,99.91,99.37,366.12,98.69,7614,100.0
2025-10-20 17:09:00,72.65,61.97,53.13,318.57,1,98.58,99.99,99.01,428.17,99.07,7828,100.0
2025-10-20 17:10:00,72.8,63.93,50.21,356.3,0,98.2,98.61,99.53,413.41,99.43,7789,100.0
2025-10-20 17:11:00,67.32,62.38,58.69,311.69,1,99.66,99.71,99.58,374.06,99.43,7864,100.0
2025-10-20 17:12:00,70.89,60.47,47.72,391.2,4,97.71,98.23,99.43,407.21,99.05,6211,100.0
2025-10-20 17:13:00,74.0,60.78,49.05,348.09,3,98.44,99.45,99.03,442.79,99.38,6034,100.0
2025-10-20 17:14:00,69.25,63.29,66.35,323.53,0,99.44,99.74,99.47,393.07,99.34,7477,100.0
2025-10-20 17:15:00,67.49,59.98,55.43,385.09,6,98.15,98.17,99.93,373.14,96.86,7259,100.0
2025-10-20 17:16:00,72.29,60.93,48.66,335.27,4,96.28,99.12,99.29,436.07,99.17,7941,100.0
2025-10-20 17:17:00,68.19,63.4,56.67,327.15,2,97.45,98.03,99.52,375.35,98.5,6615,100.0
2025-10-20 17:18:00,65.59,62.5,59.12,359.36,4,98.81,98.87,99.42,366.28,98.67,6677,100.0
2025-10-20 17:19:00,65.72,61.02,49.09,350.35,4,97.6,99.67,99.73,367.2,98.7,6936,100.0
2025-10-20 17:20:00,71.85,63.54,62.86,328.52,1,98.76,99.46,99.04,425.5,98.91,6248,100.0
2025-10-20 17:21:00,70.34,62.02,55.45,344.12,3,99.72,99.37,99.03,416.12,98.7,7158,100.0
2025-10-20 17:22:00,71.45,60.79,45.06,382.45,3,99.16,98.15,99.07,416.04,98.66,6015,100.0
2025-10-20 17:23:00,68.21,60.06,48.19,302.61,2,97.81,99.01,99.03,364.92,98.76,7087,100.0
2025-10-20 17:24:00,69.57,61.19,62.26,339.61,5,98.05,98.53,99.94,393.99,98.63,6865,100.0
2025-10-20 17:25:00,67.75,64.12,58.7,341.15,0,99.77,99.55,99.84,372.13,99.26,6970,100.0
2025-10-20 17:26:00,68.13,60.59,65.65,303.34,2,98.29,98.3,99.78,374.64,99.09,7431,100.0
2025-10-20 17:27:00,73.64,64.83,57.91,337.58,3,97.54,99.55,99.43,429.68,98.91,7205,100.0
2025-10-20 17:28:00,67.08,60.98,46.85,355.88,1,98.78,99.48,99.26,364.61,99.49,6748,100.0
2025-10-20 17:29:00,72.64,62.74,61.9,377.07,4,97.59,99.52,99.65,413.53,98.55,7365,100.0
2025-10-20 17:30:00,72.47,63.37,47.66,318.55,1,98.26,99.01,99.2,407.35,98.67,7968,100.0
2025-10-20 17:31:00,68.02,63.95,61.3,342.8,2,97.09,99.66,99.08,391.08,98.6,7762,100.0
2025-10-20 17:32:00,70.91,62.97,59.94,399.92,0,99.68,99.22,99.81,404.43,98.97,7737,100.0
2025-10-20 17:33:00,67.84,62.23,45.09,309.31,3,97.78,98.71,99.5,393.2,99.28,6167,100.0
2025-10-20 17:34:00,72.37,60.79,59.34,323.28,1,96.61,98.18,99.24,407.67,99.19,6058,100.0
2025-10-20 17:35:00,72.16,61.58,65.89,398.25,2,99.73,99.05,99.04,415.35,98.58,6785,100.0
2025-10-20 17:36:00,68.48,60.45,50.54,308.21,1,98.38,98.69,99.23,390.35,98.96,6800,100.0
2025-10-20 17:37:00,72.96,64.47,54.1,366.06,1,97.86,98.12,99.19,432.02,99.37,7765,100.0
2025-10-20 17:38:00,70.7,60.78,61.17,373.75,1,96.87,99.65,99.67,422.73,98.56,7193,100.0
2025-10-20 17:39:00,69.97,59.68,55.55,357.36,1,98.56,98.94,99.86,393.42,98.77,7969,100.0
2025-10-20 17:40:00,64.9,61.36,51.01,380.05,6,99.05,99.88,99.11,357.18,97.35,7908,100.0
2025-10-20 17:41:00,67.37,63.22,59.87,326.05,2,97.77,99.06,99.45,373.44,98.8,6317,100.0
2025-10-20 17:42:00,68.08,61.69,62.37,337.44,3,98.09,98.16,99.12,367.81,99.27,7027,100.0
2025-10-20 17:43:00,65.5,64.34,54.87,353.07,1,99.92,98.15,99.28,344.74,98.75,6757,100.0
2025-10-20 17:44:00,71.57,63.28,54.89,320.21,3,96.54,98.18,99.91,417.15,99.36,6116,100.0
2025-10-20 17:45:00,68.85,62.18,61.8,302.71,1,99.46,99.88,99.99,406.91,98.51,6095,100.0
2025-10-20 17:46:00,72.89,65.05,49.33,359.94,2,97.83,98.75,99.58,426.48,98.52,7987,100.0
2025-10-20 17:47:00,69.49,62.13,64.15,310.85,2,99.2,98.54,99.03,395.56,98.7,7515,100.0
2025-10-20 17:48:00,73.47,61.56,62.64,367.36,4,97.19,98.37,99.62,424.03,98.58,6001,100.0
2025-10-20 17:49:00,71.3,62.33,61.26,338.58,2,97.42,99.93,99.94,426.88,99.42,6898,100.0
2025-10-20 17:50:00,73.63,66.6,62.0,408.14,4,99.14,99.8,99.22,441.35,98.89,7979,100.0
2025-10-20 17:51:00,70.04,61.56,53.89,366.64,0,98.41,99.86,99.85,383.11,99.49,7397,100.0
2025-10-20 17:52:00,65.56,61.66,61.49,360.34,2,99.57,98.45,99.55,361.4,98.67,7952,100.0
2025-10-20 17:53:00,69.54,60.09,64.41,356.94,3,97.07,98.94,99.08,403.68,98.89,6545,100.0
2025-10-20 17:54:00,70.28,61.1,58.09,299.42,3,99.06,99.2,99.93,398.77,98.82,7774,100.0
2025-10-20 17:55:00,66.63,61.67,48.79,390.01,0,99.45,98.9,99.0,362.39,98.69,7248,100.0
2025-10-20 17:56:00,65.26,63.83,62.7,371.33,3,96.05,99.69,99.94,358.87,98.73,6503,100.0
2025-10-20 17:57:00,71.68,66.9,51.01,392.69,3,97.46,99.6,99.53,424.22,99.12,6305,100.0
2025-10-20 17:58:00,73.94,61.22,60.29,326.55,1,98.99,99.11,99.88,431.69,99.19,7505,100.0
2025-10-20 17:59:00,66.95,62.73,56.09,337.74,2,98.84,99.87,99.57,373.95,98.57,7728,100.0
2025-10-20 18:00:00,45.59,37.17,37.3,198.54,0,99.19,98.07,99.7,136.85,99.36,3315,100.0
2025-10-20 18:01:00,38.65,35.46,29.66,176.6,2,97.44,99.13,99.24,106.02,99.0,3388,100.0
2025-10-20 18:02:00,36.33,37.91,34.07,172.5,2,99.31,99.28,99.9,100.0,99.24,4672,100.0
2025-10-20 18:03:00,35.48,37.6,34.2,156.6,1,98.94,99.09,99.95,100.0,99.11,3423,100.0
2025-10-20 18:04:00,43.7,39.0,40.55,165.13,2,96.76,99.11,99.41,132.64,99.31,3815,100.0
2025-10-20 18:05:00,36.02,33.92,39.88,249.85,4,99.06,98.76,99.48,100.0,98.79,4556,100.0
2025-10-20 18:06:00,39.96,33.75,23.45,188.98,2,99.96,98.73,99.85,101.01,98.63,4595,100.0
2025-10-20 18:07:00,42.64,36.57,32.83,161.46,2,97.05,99.8,99.28,132.57,99.03,4192,100.0
2025-10-20 18:08:00,33.8,36.2,35.24,208.65,2,99.23,98.98,99.31,100.0,98.56,3697,100.0
2025-10-20 18:09:00,42.34,37.98,39.23,238.45,2,99.19,98.43,99.27,112.71,99.01,3643,100.0
2025-10-20 18:10:00,43.58,36.3,39.41,168.78,1,97.85,99.32,99.79,145.83,99.44,3796,100.0
2025-10-20 18:11:00,35.88,35.41,23.03,172.94,1,96.44,98.06,99.66,100.0,99.21,4320,100.0
2025-10-20 18:12:00,35.95,37.8,36.59,168.43,4,96.84,99.57,99.69,100.0,99.05,4127,100.0
2025-10-20 18:13:00,41.72,34.14,28.42,233.98,2,100.0,98.87,99.43,130.91,99.31,4462,100.0
2025-10-20 18:14:00,39.11,36.77,37.7,150.95,3,97.63,98.05,99.57,100.0,99.33,4505,100.0
2025-10-20 18:15:00,39.19,35.27,39.53,176.78,4,96.57,98.05,99.24,102.88,98.74,4458,100.0
2025-10-20 18:16:00,44.22,34.01,28.92,177.05,0,97.96,98.76,99.69,154.9,99.04,3064,100.0
2025-10-20 18:17:00,39.74,32.25,32.88,211.26,3,97.22,99.17,99.91,100.0,99.32,3018,100.0
2025-10-20 18:18:00,45.04,34.26,27.38,244.07,1,98.12,98.17,99.29,151.22,99.35,4415,100.0
2025-10-20 18:19:00,41.89,36.48,28.64,165.27,1,96.84,98.86,99.42,100.66,99.09,4099,100.0
2025-10-20 18:20:00,40.35,34.43,38.69,163.8,1,97.92,99.45,99.39,100.0,99.26,4568,100.0
2025-10-20 18:21:00,43.45,34.68,31.35,182.44,2,97.71,98.81,99.71,151.23,99.17,3943,100.0
2025-10-20 18:22:00,36.22,34.04,23.38,198.77,2,99.64,99.67,99.67,100.0,98.62,3032,100.0
2025-10-20 18:23:00,37.29,35.67,34.26,162.51,1,98.53,99.23,99.55,100.0,98.87,3193,100.0
2025-10-20 18:24:00,45.11,37.12,40.65,215.82,0,99.99,98.2,99.68,141.18,98.89,4291,100.0
2025-10-20 18:25:00,39.15,34.34,28.48,183.09,3,99.24,98.31,99.21,100.0,99.38,3263,100.0
2025-10-20 18:26:00,37.75,36.4,31.02,193.41,0,96.56,99.64,99.89,100.0,98.61,3106,100.0
2025-10-20 18:27:00,40.02,36.5,28.4,212.67,2,96.77,98.14,99.87,111.95,99.07,3167,100.0
2025-10-20 18:28:00,39.67,33.84,22.52,218.38,1,96.51,99.61,99.57,112.74,99.0,4882,100.0
2025-10-20 18:29:00,42.87,35.67,39.62,177.04,1,98.36,99.44,99.77,114.65,98.94,3353,100.0
2025-10-20 18:30:00,43.09,33.67,26.87,230.32,1,97.98,98.17,99.99,134.41,98.76,4127,100.0
2025-10-20 18:31:00,36.22,38.14,40.96,239.7,1,96.14,99.3,99.53,100.0,99.41,3335,100.0
2025-10-20 18:32:00,34.82,36.01,24.1,208.82,3,98.0,99.71,99.59,100.0,98.9,4360,100.0
2025-10-20 18:33:00,43.94,33.27,23.46,182.66,1,96.89,98.39,99.13,156.74,98.64,3408,100.0
2025-10-20 18:34:00,36.81,38.59,30.93,180.09,5,97.7,98.03,99.88,100.0,99.36,3658,100.0
2025-10-20 18:35:00,39.35,33.74,29.21,242.2,0,97.63,98.06,99.37,100.0,98.75,4755,100.0
2025-10-20 18:36:00,39.22,32.6,25.52,196.26,2,99.09,99.9,99.12,100.0,98.82,3302,100.0
2025-10-20 18:37:00,42.63,37.2,31.22,201.41,0,98.22,99.58,99.57,116.92,99.17,3722,100.0
2025-10-20 18:38:00,37.99,36.7,38.85,146.41,4,99.34,98.36,99.16,100.0,99.37,4784,100.0
2025-10-20 18:39:00,44.41,38.38,31.6,262.85,2,98.43,98.79,99.96,146.94,99.44,3015,100.0
2025-10-20 18:40:00,44.13,39.69,23.76,158.41,1,99.9,98.44,99.47,123.71,99.02,3759,100.0
2025-10-20 18:41:00,36.01,35.43,30.39,251.8,1,99.95,99.58,99.99,100.0,98.99,4392,100.0
2025-10-20 18:42:00,42.94,35.92,35.91,223.85,2,96.84,99.73,99.42,139.46,99.05,3763,100.0
2025-10-20 18:43:00,42.13,35.78,28.85,156.13,1,99.45,98.72,99.64,138.22,98.65,4133,100.0
2025-10-20 18:44:00,41.03,37.32,37.92,237.95,3,96.1,98.73,99.13,100.0,98.78,3106,100.0
2025-10-20 18:45:00,42.67,34.04,26.85,163.24,0,97.07,99.14,99.96,141.76,99.38,3352,100.0
2025-10-20 18:46:00,42.47,33.19,32.82,173.23,4,99.48,99.29,99.95,115.99,99.1,4380,100.0
2025-10-20 18:47:00,38.76,38.15,41.42,198.51,3,96.18,99.08,99.02,100.0,98.83,3944,100.0
2025-10-20 18:48:00,36.97,34.78,41.63,230.88,3,96.94,99.66,99.68,100.0,98.88,4013,100.0
2025-10-20 18:49:00,39.17,37.5,28.5,235.28,4,96.82,98.95,99.43,100.0,99.44,3224,100.0
2025-10-20 18:50:00,42.58,37.77,30.21,153.6,5,98.26,98.6,99.58,123.4,98.8,3134,100.0
2025-10-20 18:51:00,37.31,34.03,32.63,209.1,2,99.34,98.95,99.99,100.0,99.15,3100,100.0
2025-10-20 18:52:00,45.37,39.69,28.59,212.26,2,99.42,99.82,99.45,144.91,98.64,4367,100.0
2025-10-20 18:53:00,38.53,38.77,35.83,216.63,1,99.73,99.26,99.99,100.0,99.21,3112,100.0
2025-10-20 18:54:00,44.08,38.59,27.82,254.03,1,99.75,98.58,99.69,134.36,99.47,3203,100.0
2025-10-20 18:55:00,40.62,36.05,29.17,217.78,0,98.87,99.96,99.8,120.64,98.86,3649,100.0
2025-10-20 18:56:00,43.84,33.4,39.44,155.27,1,96.15,99.44,99.28,146.95,99.06,3217,100.0
2025-10-20 18:57:00,44.34,35.73,36.71,200.22,2,98.17,98.88,99.39,150.35,99.19,3091,100.0
2025-10-20 18:58:00,35.01,33.7,22.07,244.82,1,96.08,99.44,99.44,100.0,99.42,4198,100.0
2025-10-20 18:59:00,35.12,36.38,39.36,199.25,2,98.94,99.86,99.63,100.0,98.67,3423,100.0
2025-10-20 19:00:00,40.04,33.77,36.52,224.28,1,98.59,99.99,99.62,100.0,98.52,3640,100.0
2025-10-20 19:01:00,37.09,37.98,39.03,176.51,1,99.63,99.01,99.66,100.0,99.13,3771,100.0
2025-10-20 19:02:00,42.11,35.66,26.19,192.86,3,96.97,98.39,99.5,118.29,99.23,3484,100.0
2025-10-20 19:03:00,39.51,37.23,38.78,238.73,3,96.03,99.41,99.94,100.0,99.14,4492,100.0
2025-10-20 19:04:00,44.91,35.22,29.2,205.33,1,98.93,99.5,99.75,142.89,99.02,3719,100.0
2025-10-20 19:05:00,35.76,36.82,25.08,161.0,1,99.84,99.03,99.98,100.0,99.08,3698,100.0
2025-10-20 19:06:00,37.19,37.84,29.08,149.63,2,97.73,98.11,99.59,100.0,98.91,3840,100.0
2025-10-20 19:07:00,36.9,34.97,26.11,203.25,2,98.4,99.05,99.52,100.0,98.71,3081,100.0
2025-10-20 19:08:00,34.0,33.63,27.01,205.82,1,97.93,98.92,99.97,100.0,99.45,4163,100.0
2025-10-20 19:09:00,44.26,36.56,32.38,244.46,2,97.98,99.8,99.32,148.7,99.21,4557,100.0
2025-10-20 19:10:00,42.65,35.15,34.55,174.41,2,98.86,99.04,99.68,117.3,99.1,3887,100.0
2025-10-20 19:11:00,42.29,35.74,37.63,237.21,1,98.64,99.39,99.7,130.23,98.89,3789,100.0
2025-10-20 19:12:00,41.25,33.06,40.08,229.31,4,96.09,99.57,99.07,132.09,99.17,4506,100.0
2025-10-20 19:13:00,36.98,36.68,22.38,231.38,1,96.9,98.14,99.48,100.0,99.23,3475,100.0
2025-10-20 19:14:00,38.66,35.88,39.13,171.99,0,97.31,98.85,99.54,100.0,99.29,3078,100.0
2025-10-20 19:15:00,37.42,33.87,33.05,237.11,3,96.66,98.79,99.32,100.0,98.93,3676,100.0
2025-10-20 19:16:00,43.49,34.53,35.91,209.34,1,97.48,99.18,99.35,123.52,98.62,4759,100.0
2025-10-20 19:17:00,38.71,36.23,31.12,233.81,4,96.71,99.57,99.84,100.0,99.05,4263,100.0
2025-10-20 19:18:00,37.95,40.16,38.87,222.43,1,97.64,99.32,99.63,100.0,99.11,4627,100.0
2025-10-20 19:19:00,34.63,35.23,36.54,201.47,3,97.96,98.18,99.16,100.0,98.66,4927,100.0
2025-10-20 19:20:00,41.24,36.09,38.16,211.98,0,99.05,99.49,99.51,128.56,99.41,4047,100.0
2025-10-20 19:21:00,41.5,39.29,28.39,184.55,2,96.42,99.96,99.73,128.99,98.55,4009,100.0
2025-10-20 19:22:00,42.07,38.21,29.89,236.87,1,96.17,98.73,99.38,132.89,99.15,3873,100.0
2025-10-20 19:23:00,43.38,34.71,27.46,221.97,4,99.85,98.43,99.55,137.83,99.5,3402,100.0
2025-10-20 19:24:00,38.12,32.79,20.82,196.57,1,97.3,98.1,99.95,100.0,99.31,3846,100.0
2025-10-20 19:25:00,44.36,36.14,33.8,200.79,2,96.58,99.21,99.49,127.4,98.9,4029,100.0
2025-10-20 19:26:00,42.54,35.53,39.96,204.59,4,97.3,98.06,99.02,121.19,99.44,4742,100.0
2025-10-20 19:27:00,39.62,36.02,21.62,169.08,0,99.02,98.29,99.87,101.93,98.73,3315,100.0
2025-10-20 19:28:00,42.98,35.69,34.54,185.04,4,97.37,98.06,99.4,146.98,99.13,3167,100.0
2025-10-20 19:29:00,44.1,34.8,27.13,180.97,3,97.27,99.56,99.18,152.33,99.16,4366,100.0
2025-10-20 19:30:00,37.87,39.67,25.19,175.25,2,99.68,99.95,99.61,100.0,99.24,3656,100.0
2025-10-20 19:31:00,39.7,38.32,40.88,241.56,1,97.19,98.88,99.31,100.0,99.12,4525,100.0
2025-10-20 19:32:00,36.11,33.88,38.57,207.24,1,97.02,99.28,99.86,100.0,99.0,4090,100.0
2025-10-20 19:33:00,43.92,36.67,32.93,243.45,3,99.37,98.22,99.79,126.51,99.31,4224,100.0
2025-10-20 19:34:00,41.7,36.71,30.42,239.33,2,99.69,98.35,99.53,129.13,98.72,4054,100.0
2025-10-20 19:35:00,36.02,36.52,31.9,228.66,4,98.59,99.82,99.42,100.0,98.89,3870,100.0
2025-10-20 19:36:00,39.94,36.53,29.25,211.3,3,99.88,99.41,99.34,100.0,98.64,3335,100.0
2025-10-20 19:37:00,34.66,37.81,32.02,216.01,7,98.73,99.37,99.91,100.0,97.08,3024,100.0
2025-10-20 19:38:00,39.75,37.55,25.66,200.38,1,98.04,98.16,99.59,100.0,98.61,4099,100.0
2025-10-20 19:39:00,40.73,33.04,33.29,232.94,1,98.37,99.34,99.04,121.54,99.41,4700,100.0
2025-10-20 19:40:00,41.88,37.48,38.68,218.99,1,99.59,98.03,99.7,137.01,99.21,4987,100.0
2025-10-20 19:41:00,42.6,33.75,39.27,182.09,2,97.73,98.76,99.63,138.54,98.8,3427,100.0
2025-10-20 19:42:00,45.24,34.02,40.29,208.25,1,97.73,98.45,99.25,152.57,99.31,4487,100.0
2025-10-20 19:43:00,42.11,37.14,31.75,253.29,2,98.45,99.05,99.01,134.35,99.2,4323,100.0
2025-10-20 19:44:00,44.16,38.03,27.52,164.75,2,99.87,98.73,99.06,157.52,98.54,4905,100.0
2025-10-20 19:45:00,41.05,38.2,25.39,151.07,2,99.83,99.65,99.66,100.0,99.23,4454,100.0
2025-10-20 19:46:00,37.43,35.17,24.02,233.33,2,96.16,98.33,99.45,100.0,98.76,4751,100.0
2025-10-20 19:47:00,40.02,37.28,22.58,185.85,1,96.48,99.74,99.94,100.0,98.85,4916,100.0
2025-10-20 19:48:00,44.95,39.04,31.66,167.43,3,99.06,99.48,99.66,162.62,99.19,4068,100.0
2025-10-20 19:49:00,36.7,36.96,30.8,176.13,3,98.6,98.49,99.9,100.0,99.16,4582,100.0
2025-10-20 19:50:00,43.92,35.08,22.57,181.74,3,97.89,99.1,99.09,134.33,98.82,4072,100.0
2025-10-20 19:51:00,41.48,37.12,24.6,230.63,5,97.52,99.87,99.72,131.92,99.3,4218,100.0
2025-10-20 19:52:00,44.34,34.65,23.52,219.01,2,97.88,98.04,99.79,136.07,99.35,4605,100.0
2025-10-20 19:53:00,40.97,34.47,31.68,191.26,3,96.42,98.28,99.98,113.21,99.01,4046,100.0
2025-10-20 19:54:00,36.55,36.97,34.12,244.92,1,98.29,98.18,99.2,100.0,99.01,3169,100.0
2025-10-20 19:55:00,38.78,37.91,35.48,153.18,2,96.13,99.62,99.56,100.0,99.46,4495,100.0
2025-10-20 19:56:00,40.14,36.39,28.03,205.0,1,97.5,99.48,99.92,100.0,99.14,3206,100.0
2025-10-20 19:57:00,45.01,37.14,38.58,234.29,2,96.36,99.37,99.96,142.17,99.36,4867,100.0
2025-10-20 19:58:00,37.51,32.6,37.8,230.83,2,99.01,99.45,99.91,100.0,99.33,4491,100.0
2025-10-20 19:59:00,42.07,36.13,40.8,218.89,1,97.16,99.09,99.28,109.51,99.03,3339,100.0
2025-10-20 20:00:00,40.66,33.83,28.42,190.64,3,96.97,99.98,99.95,109.18,99.2,4602,100.0
2025-10-20 20:01:00,43.63,38.27,42.59,216.76,4,97.49,98.29,99.51,134.57,99.5,4222,100.0
2025-10-20 20:02:00,42.67,36.21,35.3,176.22,6,99.89,99.66,99.27,123.81,96.74,3008,100.0
2025-10-20 20:03:00,37.99,33.86,37.51,198.11,4,97.85,98.61,99.22,100.0,98.91,4983,100.0
2025-10-20 20:04:00,39.12,36.19,25.57,193.5,0,98.13,98.2,99.79,100.0,99.22,3837,100.0
2025-10-20 20:05:00,37.95,32.94,31.62,197.15,4,98.49,98.16,99.69,100.0,98.63,4724,100.0
2025-10-20 20:06:00,33.74,35.05,38.89,201.79,1,98.27,99.6,99.53,100.0,99.08,4223,100.0
2025-10-20 20:07:00,43.52,38.49,38.65,222.51,1,99.1,99.91,99.08,136.62,98.81,3450,100.0
2025-10-20 20:08:00,37.58,39.55,40.88,258.98,1,97.71,98.67,99.57,100.0,98.52,4938,100.0
2025-10-20 20:09:00,43.23,37.61,37.34,189.59,3,97.17,99.1,99.32,129.32,98.99,4712,100.0
2025-10-20 20:10:00,35.25,33.78,30.09,213.47,0,96.89,98.76,99.36,100.0,99.29,3648,100.0
2025-10-20 20:11:00,40.39,37.03,27.02,223.75,3,99.53,99.12,99.61,118.95,99.32,4203,100.0
2025-10-20 20:12:00,40.06,33.07,23.39,230.89,0,96.68,99.59,99.0,100.0,99.08,4190,100.0
2025-10-20 20:13:00,44.33,37.2,33.74,230.31,3,97.54,98.01,99.61,124.46,99.0,4608,100.0
2025-10-20 20:14:00,41.17,33.35,34.97,202.55,2,99.96,98.01,99.26,100.0,98.51,4464,100.0
2025-10-20 20:15:00,42.3,38.03,27.5,196.27,3,96.46,99.56,99.72,129.25,98.66,3535,100.0
2025-10-20 20:16:00,35.76,36.69,33.24,198.94,2,99.18,99.93,99.73,100.0,99.15,3434,100.0
2025-10-20 20:17:00,36.3,34.39,21.4,214.48,2,97.92,99.93,99.24,100.0,99.26,3441,100.0
2025-10-20 20:18:00,40.52,35.09,29.32,216.96,3,99.13,98.82,99.98,100.42,99.14,3322,100.0
2025-10-20 20:19:00,44.82,37.23,37.08,156.65,3,97.96,98.22,99.47,137.94,98.85,3325,100.0
2025-10-20 20:20:00,39.03,36.26,34.63,242.49,1,99.9,98.74,99.02,100.0,98.53,4979,100.0
2025-10-20 20:21:00,38.62,39.16,42.74,214.12,0,96.33,98.96,99.41,100.0,98.94,4868,100.0
2025-10-20 20:22:00,45.87,35.31,28.5,170.24,1,97.28,98.85,99.98,144.93,99.04,3197,100.0
2025-10-20 20:23:00,38.53,36.42,41.27,190.83,0,97.55,98.29,99.23,100.0,98.57,3929,100.0
2025-10-20 20:24:00,33.86,37.91,28.01,221.2,2,97.37,98.04,99.36,100.0,99.19,3290,100.0
2025-10-20 20:25:00,42.78,39.75,37.87,174.19,2,98.1,99.7,99.93,144.95,98.51,4843,100.0
2025-10-20 20:26:00,38.27,33.8,37.91,160.19,2,98.44,99.36,99.51,100.0,98.67,4705,100.0
2025-10-20 20:27:00,38.47,36.96,25.58,214.87,5,98.24,99.19,99.41,100.0,98.69,4109,100.0
2025-10-20 20:28:00,44.34,36.43,35.36,191.92,4,99.4,99.9,99.36,144.13,99.28,4124,100.0
2025-10-20 20:29:00,45.21,35.94,36.55,230.63,3,96.43,98.79,99.73,168.94,98.75,3710,100.0
2025-10-20 20:30:00,45.07,37.2,34.81,207.69,0,98.92,99.2,99.66,166.66,99.28,4561,100.0
2025-10-20 20:31:00,43.42,38.3,32.78,156.64,2,96.23,98.13,99.73,134.27,98.87,3211,100.0
2025-10-20 20:32:00,36.76,36.24,32.29,181.78,3,96.64,99.56,99.71,100.0,98.62,4676,100.0
2025-10-20 20:33:00,43.92,35.83,36.32,168.2,1,97.57,98.15,99.48,136.1,98.94,3090,100.0
2025-10-20 20:34:00,39.98,38.26,30.68,198.79,2,96.13,99.22,99.95,119.41,98.98,3936,100.0
2025-10-20 20:35:00,40.75,35.81,33.98,233.91,3,97.82,98.92,99.02,100.0,98.99,4645,100.0
2025-10-20 20:36:00,38.63,33.77,41.35,236.38,0,98.88,98.7,99.99,100.0,98.74,4135,100.0
2025-10-20 20:37:00,41.56,32.81,34.4,147.19,1,99.66,98.98,99.45,134.54,99.49,4300,100.0
2025-10-20 20:38:00,40.31,36.1,33.41,151.96,2,98.28,99.14,99.68,100.0,99.13,3561,100.0
2025-10-20 20:39:00,38.99,36.83,35.03,156.48,2,99.41,99.41,99.77,100.0,98.79,4812,100.0
2025-10-20 20:40:00,40.45,33.33,37.37,211.39,2,97.52,99.55,99.42,123.38,99.24,3030,100.0
2025-10-20 20:41:00,43.62,33.47,24.63,222.55,2,97.41,98.69,99.33,125.93,99.11,4800,100.0
2025-10-20 20:42:00,42.44,36.74,39.67,161.84,1,98.46,98.96,99.6,111.64,98.98,4316,100.0
2025-10-20 20:43:00,38.75,36.64,30.44,180.46,1,96.09,99.34,99.85,100.0,98.55,4973,100.0
2025-10-20 20:44:00,38.1,36.99,27.28,204.5,1,97.32,99.45,99.61,100.0,98.66,4281,100.0
2025-10-20 20:45:00,42.76,34.81,33.53,165.18,1,99.07,98.8,99.82,135.92,99.33,3571,100.0
2025-10-20 20:46:00,35.93,35.73,37.65,161.79,2,96.94,98.57,99.11,100.0,98.74,3555,100.0
2025-10-20 20:47:00,44.5,36.19,30.36,224.98,1,97.79,99.22,99.32,155.92,99.47,4886,100.0
2025-10-20 20:48:00,43.7,35.1,25.3,216.35,1,99.52,98.32,99.06,127.81,99.11,3246,100.0
2025-10-20 20:49:00,38.97,36.21,38.23,169.26,2,97.72,98.23,99.71,100.0,98.68,3716,100.0
2025-10-20 20:50:00,35.63,32.15,30.22,186.81,1,97.72,99.58,99.72,100.0,98.51,4932,100.0
2025-10-20 20:51:00,39.11,39.47,27.75,200.64,1,99.37,99.49,99.99,100.0,98.96,3180,100.0
2025-10-20 20:52:00,42.01,35.45,32.96,244.3,1,96.61,99.58,99.06,103.39,98.8,4028,100.0
2025-10-20 20:53:00,39.14,33.33,41.23,245.68,2,96.95,98.52,99.49,100.0,98.79,4615,100.0
2025-10-20 20:54:00,39.04,37.81,30.5,213.36,5,96.59,99.36,99.1,105.25,99.02,3770,100.0
2025-10-20 20:55:00,35.31,35.09,39.81,150.82,3,98.31,98.93,99.17,100.0,99.11,4841,100.0
2025-10-20 20:56:00,38.52,37.72,27.2,237.3,0,99.76,99.12,99.66,100.0,99.28,3333,100.0
2025-10-20 20:57:00,35.24,35.19,38.83,224.26,2,99.36,99.57,99.66,100.0,99.46,4758,100.0
2025-10-20 20:58:00,39.89,35.48,28.59,174.19,2,97.05,99.52,99.53,100.0,98.87,4769,100.0
2025-10-20 20:59:00,44.01,36.03,42.22,164.95,2,97.74,98.72,99.54,151.98,99.34,3802,100.0
2025-10-20 21:00:00,34.35,36.0,22.16,217.73,1,98.16,98.37,99.44,100.0,98.96,3297,100.0
2025-10-20 21:01:00,42.01,33.95,36.55,196.81,3,97.18,99.74,99.02,121.94,99.23,4243,100.0
2025-10-20 21:02:00,42.72,38.53,35.71,194.24,3,97.37,99.86,99.58,114.35,99.16,4981,100.0
2025-10-20 21:03:00,44.16,38.17,27.08,242.22,3,97.9,98.54,99.72,159.85,99.19,4773,100.0
2025-10-20 21:04:00,44.95,38.41,33.68,220.19,4,98.8,99.47,99.66,151.4,99.38,3897,100.0
2025-10-20 21:05:00,35.35,37.87,35.22,233.61,1,99.74,98.3,99.81,100.0,99.21,3262,100.0
2025-10-20 21:06:00,40.0,36.04,31.61,161.97,5,98.67,99.3,99.9,113.27,99.44,4737,100.0
2025-10-20 21:07:00,44.01,33.62,39.24,212.36,1,98.71,98.66,99.47,147.36,99.41,4650,100.0
2025-10-20 21:08:00,35.23,33.61,22.05,236.26,1,97.41,99.09,99.53,100.0,99.45,3550,100.0
2025-10-20 21:09:00,34.21,32.74,32.65,159.0,0,97.52,99.25,99.11,100.0,98.92,3318,100.0
2025-10-20 21:10:00,34.6,35.47,26.09,155.22,7,97.46,98.36,99.69,100.0,96.97,4447,100.0
2025-10-20 21:11:00,39.96,35.6,30.22,200.53,4,99.58,98.68,99.31,108.71,98.8,3105,100.0
2025-10-20 21:12:00,39.7,37.85,36.63,230.5,2,97.28,98.86,99.71,100.0,98.82,4559,100.0
2025-10-20 21:13:00,40.9,36.78,37.42,224.26,4,97.17,99.39,99.92,100.0,98.58,4763,100.0
2025-10-20 21:14:00,38.54,36.79,28.37,236.57,0,96.15,98.42,99.29,100.0,98.57,4511,100.0
2025-10-20 21:15:00,37.07,38.8,29.79,219.19,1,98.3,99.12,99.77,100.0,99.17,3898,100.0
2025-10-20 21:16:00,45.17,38.12,23.15,183.4,4,96.74,98.11,99.57,159.24,98.83,4227,100.0
2025-10-20 21:17:00,36.37,34.24,36.89,191.07,3,97.95,99.47,99.77,100.0,98.73,3385,100.0
2025-10-20 21:18:00,39.72,34.77,37.86,187.6,1,97.26,99.19,99.36,100.0,98.6,3581,100.0
2025-10-20 21:19:00,42.17,34.02,33.78,164.84,1,96.27,99.34,99.46,134.91,98.6,3289,100.0
2025-10-20 21:20:00,39.1,36.24,29.08,163.26,5,98.57,98.31,99.41,100.0,99.28,4370,100.0
2025-10-20 21:21:00,40.95,33.32,28.16,150.48,3,97.9,99.71,99.55,100.0,99.47,4657,100.0
2025-10-20 21:22:00,37.49,36.42,33.07,145.31,2,98.54,98.38,99.17,100.0,98.92,4309,100.0
2025-10-20 21:23:00,39.22,36.75,30.77,174.65,3,99.74,99.59,99.06,112.2,99.19,3320,100.0
2025-10-20 21:24:00,43.57,35.01,27.91,184.58,1,96.42,99.36,99.78,135.75,98.86,3864,100.0
2025-10-20 21:25:00,37.83,37.97,36.31,165.53,2,97.87,99.62,99.77,100.0,99.35,4502,100.0
2025-10-20 21:26:00,42.98,36.95,39.62,151.76,1,98.02,98.31,99.13,110.27,99.13,3718,100.0
2025-10-20 21:27:00,35.14,34.25,24.46,239.59,1,99.36,99.3,99.71,100.0,99.45,3414,100.0
2025-10-20 21:28:00,43.24,34.66,28.11,254.89,3,96.05,99.47,99.73,118.97,99.46,3447,100.0
2025-10-20 21:29:00,40.54,34.41,35.02,192.33,2,99.19,99.14,99.99,108.93,98.56,3101,100.0
2025-10-20 21:30:00,41.08,39.69,42.18,254.3,4,99.85,99.14,99.09,114.68,99.19,3440,100.0
2025-10-20 21:31:00,37.4,35.43,27.94,179.77,0,99.76,99.5,99.0,100.0,99.24,3019,100.0
2025-10-20 21:32:00,40.85,38.66,31.83,171.99,3,97.32,98.88,99.19,106.49,98.66,4118,100.0
2025-10-20 21:33:00,40.02,32.16,37.81,160.44,2,98.0,98.26,99.81,104.91,98.64,3747,100.0
2025-10-20 21:34:00,36.38,35.45,27.14,203.19,4,98.26,98.52,99.61,100.0,98.9,4981,100.0
2025-10-20 21:35:00,45.13,38.48,34.06,202.78,1,99.1,98.91,99.88,137.25,99.01,4293,100.0
2025-10-20 21:36:00,45.89,34.44,25.6,168.02,3,98.51,99.54,99.55,160.52,98.59,3821,100.0
2025-10-20 21:37:00,40.5,35.8,40.06,240.87,3,96.93,98.69,99.07,100.0,98.96,4910,100.0
2025-10-20 21:38:00,37.92,34.62,33.01,220.39,0,96.88,98.91,99.33,100.0,99.01,3320,100.0
2025-10-20 21:39:00,43.65,34.54,36.33,226.54,3,98.71,98.93,99.44,150.76,98.55,4763,100.0
2025-10-20 21:40:00,39.92,35.19,41.9,161.22,5,97.49,98.28,99.88,109.22,99.26,4304,100.0
2025-10-20 21:41:00,41.25,34.79,29.78,169.61,1,98.81,99.38,99.46,100.0,98.81,3640,100.0
2025-10-20 21:42:00,42.63,37.07,25.06,218.61,2,96.63,98.47,99.37,138.04,99.24,4850,100.0
2025-10-20 21:43:00,35.93,33.33,36.33,179.65,2,98.57,98.65,99.63,100.0,98.67,4861,100.0
2025-10-20 21:44:00,37.89,37.23,30.89,231.47,3,96.88,99.22,99.62,100.0,98.99,4919,100.0
2025-10-20 21:45:00,42.39,33.71,26.3,247.85,4,97.18,99.1,99.63,123.1,99.33,4665,100.0
2025-10-20 21:46:00,40.24,35.56,38.99,200.82,1,96.57,99.38,99.34,100.0,99.46,4553,100.0
2025-10-20 21:47:00,43.29,37.05,39.2,227.99,2,99.77,98.8,99.53,117.77,99.04,4222,100.0
2025-10-20 21:48:00,44.83,35.67,38.95,171.2,5,98.89,99.24,99.09,132.79,98.61,4448,100.0
2025-10-20 21:49:00,36.68,36.0,29.4,206.37,3,97.59,99.72,99.33,100.0,99.24,3719,100.0
2025-10-20 21:50:00,41.57,32.93,29.26,182.08,7,98.85,99.07,99.02,105.76,97.42,4852,100.0
2025-10-20 21:51:00,43.89,39.57,39.04,155.55,1,96.38,98.44,99.5,152.84,99.36,4232,100.0
2025-10-20 21:52:00,43.89,35.72,27.54,241.64,2,98.65,99.99,99.03,154.9,98.5,3728,100.0
2025-10-20 21:53:00,37.47,38.13,23.8,209.29,1,99.09,98.43,99.22,100.0,99.09,4319,100.0
2025-10-20 21:54:00,41.98,36.33,32.66,174.5,5,97.25,99.49,99.21,130.98,99.3,4644,100.0
2025-10-20 21:55:00,38.96,33.58,23.23,220.51,2,99.74,99.98,99.43,100.0,99.28,4472,100.0
2025-10-20 21:56:00,45.63,39.54,43.29,209.84,3,99.27,99.97,99.26,138.51,99.32,4240,100.0
2025-10-20 21:57:00,45.32,35.06,24.15,202.87,0,97.05,98.25,99.22,137.47,99.45,3557,100.0
2025-10-20 21:58:00,42.7,37.4,37.03,237.49,4,99.52,99.08,99.91,108.56,98.9,4895,100.0
2025-10-20 21:59:00,37.37,38.55,40.95,237.57,6,99.9,98.11,99.14,100.0,96.88,4565,100.0
2025-10-20 22:00:00,37.06,35.96,22.48,161.52,2,99.17,98.19,99.44,100.0,98.85,4397,100.0
2025-10-20 22:01:00,34.1,36.98,38.39,151.52,2,96.02,98.82,99.63,100.0,99.34,4433,100.0
2025-10-20 22:02:00,45.7,34.53,29.41,202.78,2,98.67,99.29,99.58,141.5,98.98,3712,100.0
2025-10-20 22:03:00,39.09,37.91,30.79,147.27,4,97.86,99.13,100.0,100.0,99.19,3982,100.0
2025-10-20 22:04:00,41.05,39.8,32.25,162.32,1,97.0,98.71,99.74,110.3,98.53,4233,100.0
2025-10-20 22:05:00,38.6,38.15,31.48,218.33,2,99.62,98.07,99.45,100.0,98.6,3821,100.0
2025-10-20 22:06:00,44.76,33.27,36.26,207.62,2,99.58,99.38,99.26,163.64,98.93,4628,100.0
2025-10-20 22:07:00,39.55,38.6,35.4,167.43,1,97.65,98.34,99.02,100.0,99.04,3963,100.0
2025-10-20 22:08:00,40.2,35.99,27.51,229.85,2,96.0,99.73,99.82,100.0,98.87,4322,100.0
2025-10-20 22:09:00,41.53,38.17,24.82,193.04,0,97.56,98.03,99.9,116.39,99.35,3119,100.0
2025-10-20 22:10:00,38.12,37.26,28.98,166.73,0,96.32,99.52,99.44,100.0,99.18,3270,100.0
2025-10-20 22:11:00,35.58,36.9,35.58,183.57,0,96.05,98.58,99.01,100.0,98.92,3242,100.0
2025-10-20 22:12:00,39.14,37.58,26.78,215.25,0,96.01,99.86,99.55,108.5,98.83,3655,100.0
2025-10-20 22:13:00,39.14,37.34,33.45,243.21,0,98.83,98.66,99.18,100.0,99.01,3274,100.0
2025-10-20 22:14:00,38.68,34.6,24.57,148.42,5,96.47,99.83,99.63,100.56,99.4,3895,100.0
2025-10-20 22:15:00,34.17,33.14,22.02,162.31,1,96.67,98.89,99.34,100.0,98.93,4288,100.0
2025-10-20 22:16:00,38.74,39.16,42.06,221.48,0,99.58,99.58,99.75,100.0,99.3,3275,100.0
2025-10-20 22:17:00,37.26,36.49,27.34,216.33,1,98.62,99.85,99.16,100.0,98.84,3919,100.0
2025-10-20 22:18:00,34.37,38.2,33.58,195.48,2,97.44,98.93,99.28,100.0,99.06,4685,100.0
2025-10-20 22:19:00,35.19,32.19,25.59,241.26,5,96.96,99.28,99.38,100.0,98.8,4235,100.0
2025-10-20 22:20:00,36.86,34.59,28.39,242.02,2,98.86,98.22,99.27,100.0,98.77,3593,100.0
2025-10-20 22:21:00,38.84,35.17,28.53,223.54,2,99.21,99.57,99.02,100.0,98.57,4584,100.0
2025-10-20 22:22:00,37.82,36.08,26.14,189.38,1,98.86,99.09,99.83,100.0,99.4,4997,100.0
2025-10-20 22:23:00,44.46,37.87,38.51,208.71,1,98.85,99.97,99.54,135.45,99.18,4958,100.0
2025-10-20 22:24:00,39.89,33.62,21.92,181.06,1,97.72,99.52,99.95,118.32,98.92,4900,100.0
2025-10-20 22:25:00,34.37,36.74,33.87,170.05,1,99.49,98.72,99.63,100.0,98.71,4983,100.0
2025-10-20 22:26:00,39.19,35.34,24.66,219.12,1,97.33,99.13,99.73,100.0,99.03,3277,100.0
2025-10-20 22:27:00,43.64,38.19,35.16,149.21,5,99.81,99.23,99.8,132.65,98.82,3926,100.0
2025-10-20 22:28:00,43.18,32.93,24.63,160.56,2,96.58,99.83,99.88,113.14,99.25,4310,100.0
2025-10-20 22:29:00,41.71,35.24,40.86,149.55,1,97.8,99.84,99.56,100.0,98.91,3832,100.0
2025-10-20 22:30:00,41.45,37.35,37.49,213.97,3,99.99,99.61,99.83,132.55,98.65,3995,100.0
2025-10-20 22:31:00,41.24,35.3,39.22,228.41,4,97.25,98.32,99.9,116.22,99.32,4090,100.0
2025-10-20 22:32:00,38.15,38.34,21.45,245.26,5,96.9,99.89,99.01,100.0,98.58,3572,100.0
2025-10-20 22:33:00,34.74,37.3,32.68,234.51,4,97.94,99.69,99.64,100.0,99.29,3382,100.0
2025-10-20 22:34:00,39.7,36.22,40.82,147.41,0,96.31,98.8,99.82,110.81,99.24,4793,100.0
2025-10-20 22:35:00,38.79,33.95,23.73,238.03,3,99.83,98.13,99.77,100.0,98.54,4485,100.0
2025-10-20 22:36:00,43.29,37.12,38.76,214.18,2,96.05,99.8,99.55,147.66,99.38,3889,100.0
2025-10-20 22:37:00,39.15,34.8,30.06,234.89,1,98.44,99.99,99.6,102.95,99.27,3700,100.0
2025-10-20 22:38:00,41.41,37.48,37.67,234.82,1,97.17,99.02,99.34,116.85,98.55,4019,100.0
2025-10-20 22:39:00,37.87,35.6,29.64,174.39,2,99.7,99.08,99.88,100.0,98.99,3914,100.0
2025-10-20 22:40:00,38.67,37.0,40.74,158.47,2,99.1,98.89,99.03,100.0,99.38,4027,100.0
2025-10-20 22:41:00,40.61,33.83,26.22,172.54,3,97.06,98.77,99.62,103.75,98.89,4129,100.0
2025-10-20 22:42:00,35.06,34.37,23.64,182.69,4,99.54,98.8,99.4,100.0,98.6,4950,100.0
2025-10-20 22:43:00,36.27,34.96,28.27,156.89,1,97.17,99.73,99.34,100.0,99.15,4993,100.0
2025-10-20 22:44:00,43.95,33.5,31.46,170.12,4,96.97,99.78,99.91,136.25,99.16,3331,100.0
2025-10-20 22:45:00,38.42,36.09,28.77,181.09,0,99.22,99.78,99.97,100.0,99.05,3538,100.0
2025-10-20 22:46:00,44.61,33.93,27.56,222.34,3,98.95,99.48,99.61,137.76,99.43,4103,100.0
2025-10-20 22:47:00,44.05,35.15,30.03,243.21,0,98.05,98.96,99.75,131.82,98.72,4852,100.0
2025-10-20 22:48:00,36.01,38.3,24.99,206.45,4,99.52,98.89,99.93,100.0,99.19,3138,100.0
2025-10-20 22:49:00,42.62,35.15,29.19,162.7,1,97.31,99.78,99.37,135.16,98.58,4182,100.0
2025-10-20 22:50:00,43.88,36.04,37.92,171.41,1,97.39,98.45,99.72,138.43,99.25,4030,100.0
2025-10-20 22:51:00,35.85,37.4,38.65,240.27,3,96.66,98.14,99.32,100.0,99.5,3861,100.0
2025-10-20 22:52:00,37.98,34.05,33.86,224.71,3,98.76,99.2,99.05,100.0,98.52,3741,100.0
2025-10-20 22:53:00,43.55,34.86,35.21,184.36,4,99.24,98.37,99.29,122.89,99.17,4372,100.0
2025-10-20 22:54:00,35.01,37.72,31.16,185.73,1,96.53,98.81,99.23,100.0,99.39,4061,100.0
2025-10-20 22:55:00,41.63,38.48,42.83,170.2,2,97.19,98.96,99.69,106.01,99.03,4369,100.0
2025-10-20 22:56:00,44.8,36.65,42.56,163.07,0,97.52,99.2,99.63,147.03,98.62,3340,100.0
2025-10-20 22:57:00,43.37,38.09,35.32,215.64,1,97.71,99.39,99.54,114.4,99.45,4689,100.0
2025-10-20 22:58:00,44.93,34.1,32.75,199.1,2,96.25,98.13,99.04,145.63,99.22,3407,100.0
2025-10-20 22:59:00,40.04,36.05,25.68,202.92,2,98.48,99.96,99.43,100.0,98.96,3152,100.0
2025-10-20 23:00:00,34.28,34.35,20.13,180.51,0,96.1,99.65,99.92,100.0,99.04,3555,100.0
2025-10-20 23:01:00,40.54,36.07,27.98,223.04,0,96.21,99.54,99.67,105.3,98.97,3994,100.0
2025-10-20 23:02:00,37.96,34.65,33.8,210.95,2,98.15,98.91,99.89,100.0,99.4,4418,100.0
2025-10-20 23:03:00,43.51,35.92,40.07,159.84,0,98.32,99.97,99.42,123.62,99.02,4297,100.0
2025-10-20 23:04:00,45.89,39.24,28.97,188.38,2,99.05,98.73,99.88,176.01,98.52,4977,100.0
2025-10-20 23:05:00,41.12,35.38,28.81,196.94,2,98.48,98.55,99.02,113.28,99.08,3853,100.0
2025-10-20 23:06:00,39.2,35.3,22.3,206.15,2,99.45,98.69,99.95,100.0,98.99,4194,100.0
2025-10-20 23:07:00,37.74,37.83,34.8,153.13,2,99.98,99.79,99.29,100.0,98.82,4550,100.0
2025-10-20 23:08:00,42.86,35.84,29.74,242.86,3,97.3,99.86,99.68,141.66,98.77,4087,100.0
2025-10-20 23:09:00,45.31,35.36,25.81,204.08,1,99.55,99.98,99.57,164.1,99.36,4401,100.0
2025-10-20 23:10:00,36.54,32.73,31.72,172.96,1,99.37,99.91,99.72,100.0,99.43,3418,100.0
2025-10-20 23:11:00,43.37,36.46,34.96,178.23,4,97.42,98.87,99.26,120.6,98.64,3732,100.0
2025-10-20 23:12:00,43.73,37.04,35.88,163.62,4,99.4,98.31,99.02,144.92,98.6,3230,100.0
2025-10-20 23:13:00,42.44,34.61,34.56,241.69,1,96.43,98.26,99.06,107.86,98.93,3641,100.0
2025-10-20 23:14:00,43.56,36.72,24.76,224.52,1,99.37,98.68,99.22,150.43,99.4,3677,100.0
2025-10-20 23:15:00,38.94,36.77,37.06,158.29,3,99.8,98.54,99.75,100.0,99.24,4594,100.0
2025-10-20 23:16:00,43.95,35.77,26.18,163.35,4,97.12,98.33,99.48,138.05,99.02,4905,100.0
2025-10-20 23:17:00,40.07,35.91,23.59,244.79,4,96.78,99.38,99.9,100.0,98.59,4476,100.0
2025-10-20 23:18:00,42.74,35.52,39.08,208.89,3,96.97,98.18,99.44,142.96,98.97,4699,100.0
2025-10-20 23:19:00,36.85,33.97,38.49,185.45,3,99.04,98.18,99.49,100.0,99.38,3093,100.0
2025-10-20 23:20:00,36.2,36.99,25.17,182.04,4,98.84,98.46,99.41,100.0,98.64,3639,100.0
2025-10-20 23:21:00,36.6,37.03,35.02,238.13,2,97.28,98.65,99.67,100.0,98.89,3298,100.0
2025-10-20 23:22:00,36.33,37.5,29.92,158.35,2,99.58,98.09,99.2,100.0,99.21,3578,100.0
2025-10-20 23:23:00,35.34,37.94,27.99,168.18,2,99.06,99.14,99.43,100.0,99.47,3458,100.0
2025-10-20 23:24:00,40.04,36.95,36.76,238.51,1,98.56,98.83,99.59,100.0,98.65,3938,100.0
2025-10-20 23:25:00,43.81,39.22,33.76,176.01,2,98.79,99.01,99.24,149.92,98.58,4049,100.0
2025-10-20 23:26:00,41.4,36.97,35.89,187.61,3,99.79,98.39,99.91,100.0,98.81,3576,100.0
2025-10-20 23:27:00,45.74,37.15,44.13,255.25,4,98.81,99.13,99.59,150.67,98.96,3156,100.0
2025-10-20 23:28:00,45.91,39.81,34.49,217.54,1,96.28,98.57,99.67,151.49,98.55,4663,100.0
2025-10-20 23:29:00,37.1,32.63,22.49,170.16,2,99.22,98.35,99.49,100.0,99.15,4202,100.0
2025-10-20 23:30:00,36.81,34.11,27.69,218.44,1,97.84,99.23,99.25,100.0,99.11,4891,100.0
2025-10-20 23:31:00,41.73,37.68,29.32,177.14,5,96.18,98.3,99.38,102.55,99.37,3046,100.0
2025-10-20 23:32:00,43.35,36.29,39.27,242.39,1,96.77,98.45,99.71,115.09,98.55,4216,100.0
2025-10-20 23:33:00,40.86,36.57,28.87,227.77,1,99.19,99.91,99.06,104.2,98.99,3292,100.0
2025-10-20 23:34:00,42.43,36.72,33.56,167.19,1,96.96,98.69,99.83,118.92,99.25,3878,100.0
2025-10-20 23:35:00,43.54,39.37,27.49,239.68,4,96.28,99.07,99.99,144.89,98.83,4654,100.0
2025-10-20 23:36:00,34.38,33.14,38.78,229.84,1,99.17,99.88,99.78,100.0,98.74,4051,100.0
2025-10-20 23:37:00,38.28,38.55,30.68,238.07,2,97.76,99.23,99.07,100.68,99.07,4015,100.0
2025-10-20 23:38:00,40.29,38.61,23.36,161.66,2,97.31,98.81,99.82,106.63,99.5,4573,100.0
2025-10-20 23:39:00,37.8,34.63,28.78,234.63,0,96.92,99.81,99.64,100.0,98.72,4725,100.0
2025-10-20 23:40:00,38.91,37.79,37.13,229.93,3,98.83,99.08,99.85,100.0,99.34,3586,100.0
2025-10-20 23:41:00,42.02,33.59,34.66,224.08,1,98.15,99.67,99.32,110.29,98.78,4898,100.0
2025-10-20 23:42:00,36.99,39.44,34.86,203.6,2,97.14,98.24,99.76,100.0,99.11,3436,100.0
2025-10-20 23:43:00,42.51,38.34,30.15,235.11,2,98.2,99.94,99.98,116.33,98.94,3125,100.0
2025-10-20 23:44:00,39.04,33.82,41.12,203.97,1,97.08,99.2,99.93,104.67,98.96,4652,100.0
2025-10-20 23:45:00,40.26,35.29,42.7,185.55,2,99.04,99.87,99.51,100.0,98.88,3223,100.0
2025-10-20 23:46:00,40.75,36.62,34.5,214.99,3,97.2,98.59,99.36,112.43,98.73,4840,100.0
2025-10-20 23:47:00,40.35,38.22,22.53,182.29,0,97.09,99.72,99.04,100.99,98.62,3833,100.0
2025-10-20 23:48:00,42.76,35.39,41.28,222.88,3,98.83,98.83,99.22,136.52,99.11,4002,100.0
2025-10-20 23:49:00,42.32,35.06,38.95,250.19,2,99.23,99.19,99.55,140.22,99.04,4029,100.0
2025-10-20 23:50:00,42.62,36.03,33.36,175.49,2,96.77,98.54,99.28,133.04,98.72,4353,100.0
2025-10-20 23:51:00,33.49,32.07,29.75,230.07,6,98.17,98.77,99.44,100.0,96.63,3718,100.0
2025-10-20 23:52:00,43.57,35.64,24.37,186.71,0,96.8,98.1,99.44,147.98,99.09,4212,100.0
2025-10-20 23:53:00,36.47,34.66,38.36,156.09,3,97.36,99.5,99.78,100.0,99.47,3168,100.0
2025-10-20 23:54:00,42.38,38.88,30.25,153.29,2,97.95,98.13,99.49,120.85,99.21,4291,100.0
2025-10-20 23:55:00,36.17,33.72,26.33,164.46,4,97.25,99.82,99.97,100.0,98.79,4540,100.0
2025-10-20 23:56:00,43.56,34.02,41.9,250.38,2,98.33,98.84,99.21,132.5,99.16,3141,100.0
2025-10-20 23:57:00,37.83,32.73,36.48,211.54,0,99.86,98.05,99.59,100.0,99.29,3068,100.0
2025-10-20 23:58:00,34.65,35.77,29.38,223.26,2,96.53,98.28,99.05,100.0,99.29,4220,100.0
2025-10-20 23:59:00,43.5,39.15,31.55,199.96,2,96.05,99.19,99.94,139.4,99.28,4345,100.0
2025-10-21 00:00:00,45.06,35.71,30.54,181.47,3,99.44,99.03,99.54,165.04,98.99,4363,100.0
2025-10-21 00:01:00,35.84,34.06,30.07,199.38,6,98.81,98.03,99.15,100.0,97.15,3728,100.0
2025-10-21 00:02:00,42.23,36.08,25.32,183.96,3,99.54,99.21,99.69,117.91,98.53,4861,100.0
2025-10-21 00:03:00,44.49,38.7,40.88,231.53,3,97.56,99.94,99.35,159.64,98.59,3668,100.0
2025-10-21 00:04:00,35.74,33.82,38.31,154.08,1,98.78,99.24,99.64,100.0,98.71,4440,100.0
2025-10-21 00:05:00,42.96,33.72,31.59,174.12,1,98.15,98.43,99.31,148.28,99.35,4759,100.0
2025-10-21 00:06:00,40.98,35.12,32.23,220.44,2,97.47,98.25,99.4,100.0,98.77,3801,100.0
2025-10-21 00:07:00,39.07,35.73,26.79,198.74,2,98.18,98.66,99.95,104.49,99.48,4384,100.0
2025-10-21 00:08:00,40.18,37.8,33.08,230.9,1,99.63,99.51,99.98,112.8,98.95,4062,100.0
2025-10-21 00:09:00,43.2,35.7,26.3,189.53,1,98.98,98.22,99.4,144.16,98.97,4684,100.0
2025-10-21 00:10:00,37.43,33.48,39.79,226.91,2,99.8,99.01,99.47,100.0,98.83,4067,100.0
2025-10-21 00:11:00,39.41,33.13,27.09,170.73,6,96.75,98.81,99.47,109.9,97.06,3584,100.0
2025-10-21 00:12:00,36.66,36.49,40.27,234.47,2,97.88,99.5,99.36,100.0,99.43,4643,100.0
2025-10-21 00:13:00,43.08,35.1,26.6,168.82,1,99.37,99.99,99.37,128.97,99.21,4874,100.0
2025-10-21 00:14:00,42.41,34.19,32.56,230.67,2,99.13,99.23,99.32,132.9,99.28,4867,100.0
2025-10-21 00:15:00,38.0,36.61,33.38,199.16,1,97.13,99.08,99.18,100.0,99.15,3955,100.0
2025-10-21 00:16:00,40.38,32.86,29.11,162.84,2,97.87,98.42,99.93,100.0,99.37,4022,100.0
2025-10-21 00:17:00,42.52,35.81,42.66,184.82,6,97.62,98.67,99.34,135.58,97.08,3076,100.0
2025-10-21 00:18:00,44.6,38.45,40.44,229.25,1,96.9,98.52,99.61,127.62,99.47,4837,100.0
2025-10-21 00:19:00,39.5,36.61,32.01,241.67,2,97.72,99.92,99.18,100.0,99.38,4793,100.0
2025-10-21 00:20:00,41.63,36.4,23.42,209.74,0,97.3,99.86,99.3,133.89,98.75,3629,100.0
2025-10-21 00:21:00,42.37,38.39,33.12,243.65,0,99.69,98.39,99.88,119.75,99.33,4343,100.0
2025-10-21 00:22:00,42.33,33.03,25.63,196.32,1,98.19,99.42,99.86,140.74,99.28,4305,100.0
2025-10-21 00:23:00,38.53,33.07,35.39,245.25,1,97.99,99.23,99.69,100.0,99.06,3446,100.0
2025-10-21 00:24:00,37.52,35.04,40.59,239.48,1,96.19,98.57,99.63,100.0,99.13,4434,100.0
2025-10-21 00:25:00,35.52,33.88,29.52,167.14,0,98.56,99.63,99.75,100.0,99.17,4470,100.0
2025-10-21 00:26:00,37.36,38.45,41.23,226.82,5,97.34,99.71,99.15,100.0,99.01,4852,100.0
2025-10-21 00:27:00,37.78,36.85,31.07,209.72,3,99.64,98.59,99.37,100.0,99.4,3572,100.0
2025-10-21 00:28:00,43.36,34.08,37.69,242.84,0,99.3,99.09,99.67,133.35,99.2,3068,100.0
2025-10-21 00:29:00,42.45,33.07,30.93,164.21,2,97.72,99.55,99.48,136.06,98.57,3383,100.0
2025-10-21 00:30:00,36.39,33.74,25.78,217.34,2,96.79,98.6,99.63,100.0,98.62,4887,100.0
2025-10-21 00:31:00,38.48,37.33,32.56,172.65,4,98.76,98.62,99.84,100.0,98.51,3537,100.0
2025-10-21 00:32:00,37.07,37.61,26.86,220.88,6,99.83,98.05,99.54,100.0,97.06,3932,100.0
2025-10-21 00:33:00,39.37,35.27,39.82,198.29,2,97.88,98.56,99.38,100.0,99.08,4272,100.0
2025-10-21 00:34:00,39.77,32.79,25.71,147.47,0,96.97,98.04,99.25,103.87,98.56,3873,100.0
2025-10-21 00:35:00,43.05,36.93,27.02,237.05,1,99.98,99.74,99.47,137.11,99.17,3388,100.0
2025-10-21 00:36:00,43.97,32.95,37.51,155.04,3,97.67,99.17,99.07,125.13,99.16,4043,100.0
2025-10-21 00:37:00,35.2,35.15,38.84,144.48,1,96.03,98.3,99.42,100.0,98.78,4251,100.0
2025-10-21 00:38:00,38.7,36.7,37.21,227.43,2,98.95,99.9,99.01,100.0,99.15,4403,100.0
2025-10-21 00:39:00,36.28,38.47,33.82,164.02,0,99.13,98.16,99.14,100.0,99.1,4373,100.0
2025-10-21 00:40:00,46.1,35.65,37.42,249.64,2,98.14,99.13,99.7,180.9,98.53,3130,100.0
2025-10-21 00:41:00,35.25,37.06,24.2,209.6,2,99.46,99.17,99.94,100.0,98.62,3341,100.0
2025-10-21 00:42:00,39.21,34.91,25.17,234.42,0,97.16,98.61,99.16,100.0,98.51,3601,100.0
2025-10-21 00:43:00,44.15,34.72,29.02,196.37,2,99.49,99.52,99.72,124.94,98.52,4188,100.0
2025-10-21 00:44:00,37.38,33.73,36.24,223.4,1,97.63,99.17,99.71,100.0,99.11,3221,100.0
2025-10-21 00:45:00,42.88,39.7,41.17,242.44,3,97.0,99.91,99.45,114.0,98.61,4295,100.0
2025-10-21 00:46:00,41.52,37.14,35.63,165.83,1,97.22,98.8,99.84,110.86,98.51,3704,100.0
2025-10-21 00:47:00,39.85,38.59,40.69,167.41,1,99.16,98.01,99.13,100.06,98.75,3184,100.0
2025-10-21 00:48:00,38.76,37.86,23.14,180.52,4,98.85,99.95,99.54,100.0,98.69,4267,100.0
2025-10-21 00:49:00,40.07,36.28,21.68,200.68,1,96.83,98.55,99.71,104.91,99.35,3591,100.0
2025-10-21 00:50:00,39.16,33.73,27.35,246.74,1,96.76,99.61,99.28,100.0,98.91,3867,100.0
2025-10-21 00:51:00,39.47,36.29,38.65,233.72,1,99.2,98.24,99.12,112.64,99.32,4104,100.0
2025-10-21 00:52:00,44.08,35.54,26.88,233.62,1,97.26,98.72,99.97,148.69,99.03,4937,100.0
2025-10-21 00:53:00,45.53,37.2,41.62,197.94,1,98.65,99.0,99.66,162.78,98.52,3108,100.0
2025-10-21 00:54:00,39.95,35.28,32.34,173.39,5,98.73,99.88,99.21,100.0,98.65,4473,100.0
2025-10-21 00:55:00,39.21,33.49,39.64,206.49,1,97.16,98.91,99.34,100.0,99.27,4348,100.0
2025-10-21 00:56:00,43.66,33.6,23.83,206.92,1,98.98,99.29,99.92,123.37,99.25,3167,100.0
2025-10-21 00:57:00,38.8,34.92,27.91,225.17,0,98.08,98.43,99.74,100.0,99.33,4676,100.0
2025-10-21 00:58:00,41.02,32.87,38.68,220.88,2,98.11,98.58,99.97,124.49,99.23,4867,100.0
2025-10-21 00:59:00,38.74,38.61,28.78,224.64,1,97.44,98.04,100.0,100.0,99.04,4581,100.0
2025-10-21 01:00:00,41.0,33.91,37.5,179.58,1,97.64,99.84,99.88,109.36,98.86,3651,100.0
2025-10-21 01:01:00,36.24,35.19,36.67,173.92,1,96.28,99.4,99.52,100.0,98.8,4809,100.0
2025-10-21 01:02:00,43.19,34.3,39.53,222.71,0,96.53,99.27,99.66,141.73,99.22,4319,100.0
2025-10-21 01:03:00,42.37,36.23,26.92,239.78,0,97.47,99.46,99.43,104.71,98.57,4297,100.0
2025-10-21 01:04:00,40.12,34.95,27.19,152.38,1,96.79,98.17,99.72,117.03,99.44,4235,100.0
2025-10-21 01:05:00,36.04,37.83,24.72,219.54,5,99.7,98.36,99.9,100.0,98.63,4653,100.0
2025-10-21 01:06:00,42.45,37.4,29.85,158.64,2,98.4,98.96,99.2,110.16,98.62,4726,100.0
2025-10-21 01:07:00,34.98,38.61,25.64,159.37,1,98.41,99.7,99.05,100.0,98.89,3318,100.0
2025-10-21 01:08:00,39.09,37.49,35.97,196.12,1,99.64,99.69,99.71,103.65,99.04,4350,100.0
2025-10-21 01:09:00,40.66,35.17,33.43,176.01,1,96.49,98.64,99.85,101.83,99.25,3350,100.0
2025-10-21 01:10:00,35.42,35.98,33.18,166.51,2,96.08,99.3,99.05,100.0,99.11,3940,100.0
2025-10-21 01:11:00,39.11,36.3,23.62,242.05,1,98.25,98.27,99.02,100.0,99.15,4167,100.0
2025-10-21 01:12:00,35.96,36.95,33.48,217.51,8,96.2,99.68,99.49,100.0,96.81,3795,100.0
2025-10-21 01:13:00,40.79,37.58,22.54,230.09,2,96.19,98.03,99.48,100.0,98.69,4693,100.0
2025-10-21 01:14:00,38.81,39.42,41.29,211.99,4,97.08,98.13,99.01,100.0,99.38,3479,100.0
2025-10-21 01:15:00,45.73,37.35,27.77,204.84,3,99.79,99.44,99.08,164.1,99.15,3437,100.0
2025-10-21 01:16:00,39.62,32.85,41.1,223.79,1,96.64,99.53,99.06,109.82,99.44,4353,100.0
2025-10-21 01:17:00,37.3,35.29,31.72,211.32,2,99.56,98.16,99.47,100.0,98.56,4410,100.0
2025-10-21 01:18:00,35.65,34.47,29.36,175.97,4,97.14,98.76,99.2,100.0,99.02,4792,100.0
2025-10-21 01:19:00,39.5,38.94,24.11,253.37,5,97.86,99.73,99.78,100.0,99.35,3093,100.0
2025-10-21 01:20:00,37.21,35.47,30.34,198.78,2,99.07,98.8,99.51,100.0,99.41,4415,100.0
2025-10-21 01:21:00,36.08,38.5,42.42,200.4,3,98.63,98.46,99.1,100.0,98.79,3791,100.0
2025-10-21 01:22:00,43.05,33.41,29.03,151.39,1,98.24,99.5,99.2,125.24,98.52,4679,100.0
2025-10-21 01:23:00,43.25,33.72,29.75,247.78,2,98.38,99.96,100.0,143.48,98.9,3988,100.0
2025-10-21 01:24:00,34.68,35.79,41.24,200.11,1,97.42,99.84,100.0,100.0,99.23,4116,100.0
2025-10-21 01:25:00,42.7,37.58,37.93,200.83,1,97.06,99.67,99.9,128.52,98.53,4853,100.0
2025-10-21 01:26:00,40.27,35.05,30.6,235.13,1,96.01,98.63,99.15,100.0,98.51,3454,100.0
2025-10-21 01:27:00,40.0,34.44,35.83,215.23,0,98.38,100.0,99.94,100.0,99.3,3707,100.0
2025-10-21 01:28:00,38.05,36.02,35.06,224.09,1,97.23,98.73,100.0,100.0,99.47,4386,100.0
2025-10-21 01:29:00,38.71,35.08,31.42,189.94,2,99.1,99.71,99.42,100.0,98.56,4058,100.0
2025-10-21 01:30:00,40.88,37.22,23.25,214.74,1,98.61,99.22,99.52,125.89,99.02,4981,100.0
2025-10-21 01:31:00,40.98,34.36,32.29,172.66,3,97.87,98.16,99.68,121.39,99.46,3297,100.0
2025-10-21 01:32:00,46.71,38.63,27.39,206.06,3,99.81,98.12,99.98,181.4,99.16,4469,100.0
2025-10-21 01:33:00,36.92,34.14,25.23,164.7,1,99.44,98.89,99.7,100.0,98.82,3486,100.0
2025-10-21 01:34:00,41.98,35.36,39.47,161.05,5,96.6,99.61,99.46,102.78,99.22,3583,100.0
2025-10-21 01:35:00,34.9,37.97,31.07,175.14,2,98.75,99.53,99.21,100.0,98.59,4493,100.0
2025-10-21 01:36:00,39.02,37.56,22.56,245.95,3,99.43,99.22,99.91,100.0,98.67,4827,100.0
2025-10-21 01:37:00,42.46,37.68,42.36,160.75,1,98.52,99.61,99.97,122.81,99.29,4834,100.0
2025-10-21 01:38:00,39.97,37.99,40.65,208.72,2,99.81,98.27,99.19,100.0,99.09,4207,100.0
2025-10-21 01:39:00,38.71,39.11,41.09,193.14,3,97.66,98.7,99.24,100.0,99.19,4483,100.0
2025-10-21 01:40:00,42.07,32.61,30.97,226.52,4,99.2,99.96,99.71,123.65,98.54,3748,100.0
2025-10-21 01:41:00,41.93,38.74,32.04,252.4,2,97.94,99.61,99.3,103.21,99.02,4057,100.0
2025-10-21 01:42:00,41.94,39.01,40.98,221.87,1,97.54,99.17,99.73,124.8,99.21,3858,100.0
2025-10-21 01:43:00,41.67,33.41,24.64,163.24,1,99.21,98.47,99.47,133.32,99.09,3420,100.0
2025-10-21 01:44:00,39.69,36.84,31.62,189.95,2,97.1,99.58,99.85,113.76,98.66,3607,100.0
2025-10-21 01:45:00,43.39,34.03,21.85,236.0,1,97.79,99.7,99.34,149.56,99.12,4054,100.0
2025-10-21 01:46:00,40.1,34.82,39.07,193.45,3,97.08,99.72,99.6,104.63,99.11,4437,100.0
2025-10-21 01:47:00,37.35,32.62,37.43,159.0,1,97.5,98.13,99.52,100.0,98.67,3743,100.0
2025-10-21 01:48:00,42.93,38.49,41.39,239.33,4,99.82,99.56,99.77,112.52,98.73,4924,100.0
2025-10-21 01:49:00,40.75,35.95,39.54,162.46,2,97.23,98.42,99.17,113.14,99.42,4017,100.0
2025-10-21 01:50:00,42.47,38.21,28.15,174.95,3,98.87,99.92,99.17,144.61,98.89,4446,100.0
2025-10-21 01:51:00,40.23,35.55,35.47,187.12,0,97.96,99.04,99.2,119.75,98.73,3818,100.0
2025-10-21 01:52:00,38.2,36.03,26.62,156.0,3,99.46,98.34,99.93,100.0,98.84,4483,100.0
2025-10-21 01:53:00,42.57,34.32,28.94,187.3,3,96.92,98.53,99.23,132.0,98.62,3774,100.0
2025-10-21 01:54:00,34.2,32.4,23.06,226.31,1,97.56,98.56,99.58,100.0,98.98,3629,100.0
2025-10-21 01:55:00,37.25,38.11,40.47,248.77,0,98.96,99.45,99.95,100.0,99.24,3109,100.0
2025-10-21 01:56:00,41.25,37.1,27.85,195.35,0,97.67,98.72,99.18,128.25,98.65,4271,100.0
2025-10-21 01:57:00,45.17,39.42,39.13,173.96,4,96.34,99.17,99.82,166.17,98.53,4878,100.0
2025-10-21 01:58:00,42.05,33.73,23.08,229.09,1,99.05,99.7,99.59,106.98,98.52,4401,100.0
2025-10-21 01:59:00,40.03,36.55,37.79,191.04,0,99.76,99.09,99.62,117.59,99.43,4144,100.0
2025-10-21 02:00:00,39.74,34.85,38.91,193.96,6,99.37,99.0,99.13,100.0,96.66,4501,100.0
2025-10-21 02:01:00,43.8,35.49,40.63,186.61,3,97.39,99.68,99.04,157.03,99.15,3864,100.0
2025-10-21 02:02:00,39.24,38.23,25.8,217.71,2,97.88,99.96,99.2,100.0,99.08,4130,100.0
2025-10-21 02:03:00,41.46,36.24,22.64,241.54,2,99.08,99.96,99.95,130.55,98.66,4828,100.0
2025-10-21 02:04:00,38.65,35.54,34.83,174.61,0,96.56,98.88,99.28,100.0,98.61,4834,100.0
2025-10-21 02:05:00,44.86,39.13,37.7,165.24,1,99.95,98.67,99.59,159.8,99.42,4511,100.0
2025-10-21 02:06:00,40.66,33.27,39.29,202.43,0,99.68,98.98,99.87,120.92,99.32,3122,100.0
2025-10-21 02:07:00,39.47,39.75,41.98,205.79,1,99.87,98.43,99.19,101.1,98.74,4877,100.0
2025-10-21 02:08:00,33.09,33.31,26.69,221.33,0,99.91,99.25,99.15,100.0,99.04,3469,100.0
2025-10-21 02:09:00,39.46,35.56,36.45,212.59,0,98.11,99.58,99.08,110.17,99.08,4901,100.0
2025-10-21 02:10:00,41.06,33.82,41.7,218.93,0,96.08,98.1,99.61,115.15,99.0,3613,100.0
2025-10-21 02:11:00,42.25,37.55,24.33,187.93,0,99.6,99.45,100.0,114.64,99.38,4206,100.0
2025-10-21 02:12:00,40.89,37.3,25.21,160.06,4,97.54,99.7,99.77,112.44,98.77,4875,100.0
2025-10-21 02:13:00,41.28,38.63,33.35,230.86,3,99.07,99.93,99.34,118.73,99.06,4523,100.0
2025-10-21 02:14:00,43.44,35.09,26.86,194.48,1,98.72,98.79,99.8,115.9,99.17,4299,100.0
2025-10-21 02:15:00,45.42,38.04,38.93,245.49,3,97.7,99.42,99.87,173.19,99.45,3650,100.0
2025-10-21 02:16:00,36.54,37.59,28.28,207.38,2,97.22,98.9,99.36,100.0,99.33,3959,100.0
2025-10-21 02:17:00,43.61,34.95,37.53,171.43,2,97.09,98.8,99.75,118.97,99.16,4432,100.0
2025-10-21 02:18:00,38.0,37.44,42.04,217.18,3,99.66,98.02,99.87,100.0,98.96,4704,100.0
2025-10-21 02:19:00,43.96,38.89,41.53,198.32,2,97.73,99.49,99.5,152.16,99.25,3040,100.0
2025-10-21 02:20:00,38.59,37.18,31.98,233.69,3,96.11,98.17,99.44,100.0,99.48,4084,100.0
2025-10-21 02:21:00,43.63,36.17,30.44,193.55,3,99.08,98.18,99.78,138.78,99.17,3655,100.0
2025-10-21 02:22:00,43.37,34.91,40.49,191.84,1,96.16,99.81,99.82,142.7,99.11,4159,100.0
2025-10-21 02:23:00,44.49,34.31,37.11,205.74,4,98.01,99.42,99.77,124.88,99.01,3470,100.0
2025-10-21 02:24:00,37.35,37.73,25.6,153.43,0,98.02,99.28,99.33,100.0,98.56,4714,100.0
2025-10-21 02:25:00,44.03,39.56,41.59,189.94,2,97.26,98.24,99.45,142.37,98.71,3053,100.0
2025-10-21 02:26:00,34.84,35.27,31.58,231.69,1,96.84,98.62,99.12,100.0,99.48,4029,100.0
2025-10-21 02:27:00,44.32,38.52,40.89,181.06,2,97.39,99.94,99.78,134.46,99.06,3808,100.0
2025-10-21 02:28:00,35.57,35.38,35.35,226.3,1,97.02,98.85,99.9,100.0,98.7,3319,100.0
2025-10-21 02:29:00,39.58,37.46,41.79,227.97,3,99.72,98.79,99.92,100.0,99.22,4471,100.0
2025-10-21 02:30:00,39.68,34.94,27.99,177.28,3,96.32,98.49,99.26,100.0,98.89,4175,100.0
2025-10-21 02:31:00,38.7,34.7,26.69,210.23,2,97.19,98.27,99.47,100.0,98.96,3442,100.0
2025-10-21 02:32:00,33.76,37.28,34.18,153.65,3,99.55,98.49,99.4,100.0,99.27,4832,100.0
2025-10-21 02:33:00,43.7,37.94,41.94,220.75,2,98.54,99.48,99.92,152.4,99.34,4891,100.0
2025-10-21 02:34:00,34.9,36.11,30.5,194.08,2,99.42,99.81,99.5,100.0,99.26,4415,100.0
2025-10-21 02:35:00,38.3,33.63,27.31,163.18,1,98.55,99.91,99.69,100.08,99.28,4455,100.0
2025-10-21 02:36:00,41.72,37.13,29.3,142.2,2,99.22,99.03,99.69,133.8,99.04,4006,100.0
2025-10-21 02:37:00,37.05,34.19,37.08,190.63,1,97.89,98.93,99.65,100.0,98.64,4015,100.0
2025-10-21 02:38:00,43.31,34.52,41.65,216.21,3,97.59,98.77,99.66,116.82,99.24,3085,100.0
2025-10-21 02:39:00,38.57,38.23,25.63,255.49,4,99.4,98.39,99.41,100.0,99.21,3060,100.0
2025-10-21 02:40:00,39.37,38.25,35.83,177.43,1,97.8,98.34,99.33,100.0,98.61,4093,100.0
2025-10-21 02:41:00,41.1,35.3,36.99,155.06,3,98.92,99.3,99.09,118.79,99.22,4986,100.0
2025-10-21 02:42:00,41.24,39.03,43.03,233.38,1,98.91,99.42,99.78,100.0,99.15,3591,100.0
2025-10-21 02:43:00,43.74,35.29,36.81,185.16,0,98.53,98.23,99.66,154.38,99.47,3471,100.0
2025-10-21 02:44:00,43.48,37.33,22.95,188.08,2,98.74,99.2,99.98,152.29,98.93,4447,100.0
2025-10-21 02:45:00,44.41,39.23,24.48,185.77,2,97.98,99.33,99.5,150.71,98.57,4751,100.0
2025-10-21 02:46:00,43.97,33.91,38.11,162.71,1,98.34,98.6,99.64,134.43,99.36,4267,100.0
2025-10-21 02:47:00,37.75,35.46,39.54,191.63,2,97.18,98.95,99.21,100.0,98.56,3607,100.0
2025-10-21 02:48:00,41.08,37.86,23.09,161.55,2,97.62,99.08,99.84,100.0,99.1,4434,100.0
2025-10-21 02:49:00,44.71,37.79,27.46,220.61,4,96.42,99.59,99.25,129.44,98.9,4639,100.0
2025-10-21 02:50:00,35.41,33.94,29.39,160.21,3,98.09,98.37,99.28,100.0,99.24,3189,100.0
2025-10-21 02:51:00,37.16,37.96,29.78,239.87,3,96.64,98.5,99.78,100.0,98.7,4302,100.0
2025-10-21 02:52:00,37.17,33.88,29.0,223.34,2,96.57,98.45,99.27,100.0,98.91,3150,100.0
2025-10-21 02:53:00,42.87,38.01,33.86,160.83,3,99.37,99.08,99.32,127.87,99.01,3801,100.0
2025-10-21 02:54:00,37.52,36.59,35.88,164.55,3,96.49,99.04,99.55,100.0,99.13,3137,100.0
2025-10-21 02:55:00,36.64,36.42,23.42,239.03,1,97.56,98.8,99.76,100.0,99.23,4010,100.0
2025-10-21 02:56:00,42.52,37.78,39.23,252.15,2,97.44,98.82,99.84,125.75,99.23,3038,100.0
2025-10-21 02:57:00,40.16,38.8,27.0,155.73,3,98.68,98.51,99.75,100.0,98.9,4312,100.0
2025-10-21 02:58:00,42.7,35.51,24.92,174.08,3,98.15,99.3,99.71,132.71,99.27,3718,100.0
2025-10-21 02:59:00,37.33,34.63,22.78,187.73,0,97.29,99.26,99.89,100.0,98.75,3268,100.0
2025-10-21 03:00:00,42.09,34.39,38.67,169.5,4,96.89,98.81,99.98,125.25,99.28,3899,100.0
2025-10-21 03:01:00,40.52,35.73,36.26,236.17,2,96.71,99.88,99.32,117.28,99.22,4581,100.0
2025-10-21 03:02:00,44.15,34.13,34.7,228.07,3,97.25,99.36,99.3,151.05,98.96,4195,100.0
2025-10-21 03:03:00,39.76,34.42,26.16,160.75,2,96.26,98.91,99.74,100.0,98.77,3464,100.0
2025-10-21 03:04:00,37.15,36.34,32.85,151.25,3,98.9,99.46,99.22,100.0,98.99,4357,100.0
2025-10-21 03:05:00,35.95,34.17,33.22,179.38,2,97.95,98.01,99.65,100.0,98.84,3188,100.0
2025-10-21 03:06:00,43.66,35.08,22.15,160.43,0,98.36,98.37,99.5,131.44,99.3,3640,100.0
2025-10-21 03:07:00,38.88,36.8,29.97,225.83,3,98.65,99.81,99.18,100.0,99.41,3645,100.0
2025-10-21 03:08:00,35.61,38.19,26.92,151.61,1,99.91,98.22,99.46,100.0,99.25,3236,100.0
2025-10-21 03:09:00,38.3,34.86,33.95,241.83,1,98.25,99.6,99.13,100.0,98.69,4492,100.0
2025-10-21 03:10:00,38.52,35.76,42.34,179.19,2,97.87,99.9,99.42,100.0,98.76,4141,100.0
2025-10-21 03:11:00,45.76,40.26,34.03,225.56,0,97.01,98.56,99.09,148.75,98.82,4937,100.0
2025-10-21 03:12:00,44.08,33.32,30.72,210.69,0,98.87,98.2,99.14,127.16,99.43,4366,100.0
2025-10-21 03:13:00,43.38,37.71,29.69,221.24,1,98.76,98.26,99.19,146.56,99.16,4261,100.0
2025-10-21 03:14:00,40.09,36.08,30.39,237.87,4,96.22,99.15,99.9,112.11,99.29,3319,100.0
2025-10-21 03:15:00,37.16,33.33,26.89,200.81,2,97.15,98.19,99.89,100.0,98.5,4653,100.0
2025-10-21 03:16:00,33.63,31.99,32.72,144.61,2,96.62,99.08,99.08,100.0,99.08,3172,100.0
2025-10-21 03:17:00,43.87,36.57,40.82,243.59,1,96.48,99.98,99.49,128.23,99.27,3528,100.0
2025-10-21 03:18:00,43.6,35.21,30.79,195.09,1,97.81,99.02,99.53,148.76,99.02,3461,100.0
2025-10-21 03:19:00,42.14,38.16,28.9,217.07,1,99.64,99.82,99.58,129.49,99.35,4917,100.0
2025-10-21 03:20:00,42.0,35.57,33.3,243.3,2,98.11,98.21,99.2,136.04,99.0,4517,100.0
2025-10-21 03:21:00,35.18,35.15,35.02,161.0,1,98.61,99.94,99.83,100.0,99.35,4710,100.0
2025-10-21 03:22:00,39.69,38.38,26.27,158.75,1,99.91,99.46,99.33,104.78,99.32,3490,100.0
2025-10-21 03:23:00,45.35,39.81,29.63,167.4,1,96.26,99.45,99.38,168.88,98.75,3906,100.0
2025-10-21 03:24:00,41.12,35.9,40.22,185.4,0,97.78,99.57,99.03,114.65,99.09,4857,100.0
2025-10-21 03:25:00,38.19,34.91,31.13,187.3,5,99.94,98.43,99.71,100.0,99.32,3953,100.0
2025-10-21 03:26:00,36.55,34.89,42.36,223.69,2,97.48,99.0,99.21,100.0,99.01,4171,100.0
2025-10-21 03:27:00,38.13,37.08,40.74,200.99,2,96.38,98.95,99.59,100.0,98.83,4281,100.0
2025-10-21 03:28:00,36.25,34.55,26.85,250.39,0,98.56,99.74,99.67,100.0,99.46,4787,100.0
2025-10-21 03:29:00,39.24,36.36,41.25,247.76,2,97.49,98.33,99.21,100.0,99.01,3462,100.0
2025-10-21 03:30:00,43.18,36.85,28.06,232.91,3,98.72,98.59,99.27,134.74,99.48,3906,100.0
2025-10-21 03:31:00,43.08,37.51,25.78,183.69,2,99.97,99.51,99.44,135.5,98.59,3990,100.0
2025-10-21 03:32:00,42.37,35.34,23.7,202.54,1,96.38,98.41,99.35,125.36,98.79,3552,100.0
2025-10-21 03:33:00,41.63,32.32,29.84,234.96,3,98.58,99.26,99.11,114.78,99.42,3410,100.0
2025-10-21 03:34:00,41.01,36.37,35.08,176.04,0,97.4,99.36,99.7,128.67,98.95,4264,100.0
2025-10-21 03:35:00,38.29,32.33,29.12,193.98,4,96.77,98.28,99.45,100.0,98.95,4976,100.0
2025-10-21 03:36:00,37.34,36.7,28.88,245.18,1,98.35,99.03,99.83,100.0,98.88,4584,100.0
2025-10-21 03:37:00,41.04,35.98,23.35,229.12,4,96.06,99.31,99.49,121.65,99.19,4975,100.0
2025-10-21 03:38:00,35.13,33.81,36.72,140.54,4,97.11,98.1,99.48,100.0,99.22,3743,100.0
2025-10-21 03:39:00,37.38,36.56,41.86,221.45,4,99.44,98.6,99.94,100.0,99.43,4927,100.0
2025-10-21 03:40:00,40.05,36.42,36.05,247.63,2,96.39,99.29,99.18,100.0,99.39,3653,100.0
2025-10-21 03:41:00,40.65,35.37,23.46,186.2,2,97.52,99.57,99.76,118.41,99.45,4591,100.0
2025-10-21 03:42:00,41.31,35.58,29.28,178.48,1,96.25,99.78,99.93,116.52,99.34,3367,100.0
2025-10-21 03:43:00,43.67,35.78,22.99,162.38,1,97.24,98.12,99.24,127.29,99.49,3471,100.0
2025-10-21 03:44:00,44.37,35.9,40.29,187.89,1,98.44,98.73,99.67,133.17,99.2,3694,100.0
2025-10-21 03:45:00,38.48,35.53,34.64,168.46,4,97.81,98.32,99.53,100.0,98.93,3817,100.0
2025-10-21 03:46:00,42.36,34.31,30.02,222.94,2,97.22,99.19,99.33,132.62,99.08,3291,100.0
2025-10-21 03:47:00,38.72,34.79,30.42,204.67,2,99.79,98.69,99.3,100.0,99.31,3756,100.0
2025-10-21 03:48:00,43.18,33.59,39.06,229.99,4,97.84,98.09,99.29,135.24,98.81,4370,100.0
2025-10-21 03:49:00,43.55,35.77,40.33,159.62,3,97.22,99.62,99.83,128.66,99.09,3277,100.0
2025-10-21 03:50:00,36.63,38.72,38.53,247.44,1,96.07,99.45,99.64,100.0,99.29,3598,100.0
2025-10-21 03:51:00,36.35,35.53,23.82,176.31,3,98.9,99.14,99.34,100.0,99.18,4238,100.0
2025-10-21 03:52:00,40.38,39.36,26.78,246.05,1,98.4,98.75,99.82,101.01,99.17,3616,100.0
2025-10-21 03:53:00,38.08,36.07,35.12,220.64,4,96.25,98.62,99.14,100.0,99.02,4150,100.0
2025-10-21 03:54:00,35.55,35.35,31.84,166.62,2,97.58,99.78,99.52,100.0,98.75,3486,100.0
2025-10-21 03:55:00,35.19,37.3,22.93,175.19,0,99.13,98.08,99.31,100.0,98.91,3564,100.0
2025-10-21 03:56:00,45.6,35.74,23.65,157.97,7,97.23,99.01,99.5,160.44,96.69,4311,100.0
2025-10-21 03:57:00,38.91,36.23,26.14,190.18,2,96.9,98.08,99.68,100.0,99.49,4067,100.0
2025-10-21 03:58:00,38.71,38.64,29.12,253.62,2,97.39,99.47,99.66,100.0,98.86,3526,100.0
2025-10-21 03:59:00,39.85,34.11,26.9,164.33,1,99.85,98.31,99.91,100.0,98.88,3462,100.0
2025-10-21 04:00:00,41.1,34.4,41.79,255.15,2,97.29,98.15,99.46,123.72,98.52,4164,100.0
2025-10-21 04:01:00,44.85,35.09,26.71,232.43,1,97.51,98.79,99.87,153.23,98.91,4068,100.0
2025-10-21 04:02:00,35.25,36.75,23.3,154.58,3,99.99,99.06,99.38,100.0,98.69,4024,100.0
2025-10-21 04:03:00,38.29,33.8,24.11,175.61,1,96.61,99.9,99.54,100.0,99.19,3123,100.0
2025-10-21 04:04:00,42.39,38.05,24.64,227.07,1,99.77,99.01,99.97,107.45,98.98,3124,100.0
2025-10-21 04:05:00,42.14,34.1,26.35,180.08,1,99.39,98.26,99.04,117.22,99.48,3220,100.0
2025-10-21 04:06:00,38.38,37.5,26.26,197.31,1,99.08,99.52,99.52,100.97,98.76,3480,100.0
2025-10-21 04:07:00,40.72,36.42,22.52,208.71,3,96.01,99.27,99.75,100.0,98.96,4931,100.0
2025-10-21 04:08:00,36.12,35.61,40.0,205.9,2,98.39,98.32,99.63,100.0,98.52,4079,100.0
2025-10-21 04:09:00,44.17,34.56,40.59,156.0,1,97.09,99.14,99.59,152.69,99.12,4187,100.0
2025-10-21 04:10:00,37.15,33.9,29.9,220.78,0,96.52,98.21,99.59,100.0,98.67,4185,100.0
2025-10-21 04:11:00,43.47,35.64,34.42,164.1,5,98.17,98.17,99.9,146.29,99.47,4216,100.0
2025-10-21 04:12:00,41.06,37.46,36.9,254.25,4,98.56,98.89,99.08,105.67,99.49,3097,100.0
2025-10-21 04:13:00,44.53,39.97,37.54,219.78,2,99.85,98.86,99.67,146.53,98.55,4905,100.0
2025-10-21 04:14:00,44.35,37.08,30.98,208.83,0,98.24,98.15,99.54,145.66,99.37,4450,100.0
2025-10-21 04:15:00,37.88,38.62,33.85,212.56,2,99.1,99.88,99.3,100.0,98.99,3327,100.0
2025-10-21 04:16:00,39.1,34.09,27.23,196.12,1,97.57,99.92,99.76,100.0,99.45,4291,100.0
2025-10-21 04:17:00,40.68,36.65,31.34,178.93,2,99.05,98.72,99.72,109.93,99.46,3770,100.0
2025-10-21 04:18:00,37.25,39.75,25.54,213.34,2,99.64,98.92,99.99,100.0,98.66,3380,100.0
2025-10-21 04:19:00,43.41,34.24,32.86,171.07,3,97.01,98.74,99.07,137.48,99.11,3124,100.0
2025-10-21 04:20:00,36.81,35.2,27.39,183.98,1,98.48,99.01,99.31,100.0,99.05,3954,100.0
2025-10-21 04:21:00,39.94,36.51,39.71,204.23,1,98.12,98.43,99.09,100.63,99.25,3824,100.0
2025-10-21 04:22:00,39.25,34.65,29.53,184.35,1,96.37,99.32,99.55,100.0,98.65,3822,100.0
2025-10-21 04:23:00,44.97,39.89,38.12,166.35,2,96.78,99.55,99.65,154.16,99.17,3473,100.0
2025-10-21 04:24:00,43.42,39.3,29.8,237.33,2,99.79,98.36,99.68,137.31,98.67,3132,100.0
2025-10-21 04:25:00,42.14,33.3,24.87,243.57,2,98.14,99.69,99.73,134.63,98.71,4280,100.0
2025-10-21 04:26:00,39.96,34.14,37.44,248.79,2,96.06,99.39,99.23,113.97,98.97,4061,100.0
2025-10-21 04:27:00,42.81,37.88,35.13,245.21,5,97.09,98.01,99.14,125.69,98.65,4803,100.0
2025-10-21 04:28:00,43.75,39.21,42.67,251.21,1,99.03,98.6,99.81,138.83,99.29,3551,100.0
2025-10-21 04:29:00,39.52,35.96,40.3,173.84,5,96.76,99.73,99.73,100.0,99.12,3895,100.0
2025-10-21 04:30:00,37.93,33.66,31.45,209.58,0,97.61,98.52,99.03,100.0,98.64,3365,100.0
2025-10-21 04:31:00,41.81,34.72,23.72,153.91,2,96.64,98.81,99.56,100.0,99.13,3790,100.0
2025-10-21 04:32:00,39.29,36.83,30.61,224.4,1,98.57,99.37,99.37,107.9,99.34,3350,100.0
2025-10-21 04:33:00,45.47,36.72,37.91,238.56,3,97.03,98.72,99.86,172.28,98.72,4727,100.0
2025-10-21 04:34:00,37.8,39.25,35.3,222.13,2,99.46,99.91,99.13,100.0,99.3,4732,100.0
2025-10-21 04:35:00,40.17,34.69,34.38,177.21,1,96.86,98.97,99.96,115.26,99.44,4612,100.0
2025-10-21 04:36:00,45.34,39.51,36.77,176.68,0,96.59,99.93,99.46,167.57,98.97,4321,100.0
2025-10-21 04:37:00,34.73,34.11,30.21,210.48,1,97.46,99.63,99.1,100.0,98.79,4590,100.0
2025-10-21 04:38:00,46.03,34.39,23.91,235.44,2,96.17,98.38,99.42,173.63,98.98,4172,100.0
2025-10-21 04:39:00,42.74,34.11,35.02,231.19,1,99.92,99.97,99.22,110.07,98.77,3795,100.0
2025-10-21 04:40:00,46.06,36.53,41.06,169.67,0,98.02,98.12,99.39,176.46,98.74,4411,100.0
2025-10-21 04:41:00,37.0,32.5,32.11,228.36,4,98.93,99.0,99.75,100.0,98.63,4139,100.0
2025-10-21 04:42:00,47.09,40.84,34.37,212.06,4,98.13,99.25,99.64,174.27,98.68,3067,100.0
2025-10-21 04:43:00,36.93,34.48,21.79,224.26,2,96.23,98.96,99.19,100.0,98.51,3825,100.0
2025-10-21 04:44:00,35.75,34.68,31.78,167.6,3,96.64,98.55,99.59,100.0,99.34,4433,100.0
2025-10-21 04:45:00,36.68,37.26,24.94,178.89,1,98.47,99.13,99.18,100.0,98.92,3194,100.0
2025-10-21 04:46:00,45.01,36.59,41.2,195.5,3,99.46,98.06,99.44,150.51,99.11,3552,100.0
2025-10-21 04:47:00,38.29,35.17,34.76,222.45,4,96.78,98.63,99.45,100.0,99.28,4702,100.0
2025-10-21 04:48:00,38.47,34.13,36.32,167.49,3,99.13,100.0,99.85,100.0,99.16,3843,100.0
2025-10-21 04:49:00,40.75,36.18,33.07,221.85,1,98.24,98.53,99.38,100.0,98.88,4617,100.0
2025-10-21 04:50:00,39.45,34.56,31.3,189.21,1,98.73,99.7,99.96,100.0,99.03,3087,100.0
2025-10-21 04:51:00,40.01,33.77,38.78,161.5,4,96.96,98.26,99.76,107.77,99.11,3081,100.0
2025-10-21 04:52:00,45.32,37.03,28.76,191.56,1,98.83,98.4,99.16,136.29,99.41,3466,100.0
2025-10-21 04:53:00,39.7,35.63,31.54,227.72,2,97.41,99.96,99.3,100.0,99.02,3301,100.0
2025-10-21 04:54:00,42.39,35.81,35.6,204.14,3,97.07,98.88,99.45,134.84,98.87,3325,100.0
2025-10-21 04:55:00,37.37,34.18,36.49,196.3,6,99.74,99.66,99.99,100.0,97.28,4085,100.0
2025-10-21 04:56:00,43.16,32.75,33.05,183.33,4,97.9,98.82,99.35,115.68,99.04,3603,100.0
2025-10-21 04:57:00,40.31,33.94,29.32,148.74,2,98.16,99.74,99.77,111.13,98.64,4315,100.0
2025-10-21 04:58:00,44.33,34.97,27.25,238.98,1,97.41,99.72,99.03,123.45,98.78,4828,100.0
2025-10-21 04:59:00,45.5,37.23,34.55,190.64,2,97.95,99.27,99.1,155.81,99.08,4484,100.0
2025-10-21 05:00:00,39.92,38.32,25.58,244.72,2,97.2,98.12,99.37,118.46,98.61,4124,100.0
2025-10-21 05:01:00,34.07,36.53,24.95,157.99,2,96.92,98.02,99.97,100.0,99.22,4302,100.0
2025-10-21 05:02:00,36.6,35.62,33.66,207.32,0,96.14,99.6,99.73,100.0,98.63,4785,100.0
2025-10-21 05:03:00,41.62,38.17,26.01,193.43,2,96.51,98.14,99.69,115.98,99.12,4758,100.0
2025-10-21 05:04:00,44.58,35.54,23.98,247.93,0,98.2,98.62,99.5,148.11,98.74,4113,100.0
2025-10-21 05:05:00,44.24,35.86,31.34,185.2,3,96.29,98.24,99.16,143.69,99.47,3714,100.0
2025-10-21 05:06:00,38.72,36.94,41.41,210.2,1,98.51,98.91,99.89,100.0,99.18,3456,100.0
2025-10-21 05:07:00,35.67,33.81,26.16,165.76,0,99.35,98.13,99.89,100.0,98.57,4126,100.0
2025-10-21 05:08:00,36.89,31.83,31.4,180.96,3,99.39,99.84,99.54,100.0,99.42,3378,100.0
2025-10-21 05:09:00,36.56,35.77,37.61,247.7,2,96.24,99.21,99.97,100.0,98.55,3442,100.0
2025-10-21 05:10:00,34.68,37.86,31.55,213.29,0,96.22,99.17,99.89,100.0,99.38,4621,100.0
2025-10-21 05:11:00,34.56,33.31,33.96,188.36,1,97.78,99.82,99.1,100.0,99.04,4396,100.0
2025-10-21 05:12:00,43.51,36.75,26.84,197.84,5,96.29,98.31,99.05,131.09,98.84,4274,100.0
2025-10-21 05:13:00,40.52,36.7,31.6,178.59,1,99.76,98.62,99.51,100.0,98.57,3859,100.0
2025-10-21 05:14:00,39.75,34.01,28.9,236.26,2,96.77,99.91,99.2,109.79,98.87,4971,100.0
2025-10-21 05:15:00,39.6,35.8,35.67,250.75,6,98.48,99.07,99.56,111.61,96.86,3416,100.0
2025-10-21 05:16:00,38.55,37.34,32.91,228.36,2,96.13,99.27,99.95,100.0,99.08,4830,100.0
2025-10-21 05:17:00,34.88,36.62,31.28,183.62,1,99.01,98.01,99.31,100.0,98.88,3614,100.0
2025-10-21 05:18:00,43.91,38.57,30.25,178.67,0,97.92,99.89,99.56,145.76,98.61,3287,100.0
2025-10-21 05:19:00,40.72,39.51,30.29,243.12,0,98.47,99.2,99.86,100.0,98.69,3439,100.0
2025-10-21 05:20:00,40.33,38.09,41.02,204.06,4,97.66,99.36,99.4,100.0,99.22,4648,100.0
2025-10-21 05:21:00,41.75,33.97,40.59,149.81,1,96.19,98.81,99.62,132.76,99.49,4616,100.0
2025-10-21 05:22:00,45.2,37.12,39.47,207.09,3,97.43,99.14,99.91,171.07,98.73,3385,100.0
2025-10-21 05:23:00,41.52,35.3,22.24,183.45,4,96.88,99.05,99.01,114.22,98.84,4349,100.0
2025-10-21 05:24:00,33.76,33.53,33.36,150.69,0,98.59,99.51,99.32,100.0,99.45,4891,100.0
2025-10-21 05:25:00,39.6,39.0,35.4,255.15,4,97.04,98.24,99.43,113.7,99.0,4270,100.0
2025-10-21 05:26:00,37.95,36.53,40.48,162.03,1,96.97,98.75,99.54,100.0,98.73,4555,100.0
2025-10-21 05:27:00,44.95,35.18,36.08,177.42,3,98.39,99.06,99.29,139.99,99.08,4412,100.0
2025-10-21 05:28:00,36.77,33.89,34.53,181.43,2,97.88,99.93,99.35,100.0,98.76,4017,100.0
2025-10-21 05:29:00,40.05,34.62,30.96,175.54,0,96.86,99.4,99.77,100.0,98.91,3074,100.0
2025-10-21 05:30:00,41.81,34.8,27.9,235.43,1,98.66,99.12,99.46,134.09,98.72,4482,100.0
2025-10-21 05:31:00,35.88,36.16,38.71,192.26,2,98.82,99.84,99.58,100.0,98.63,3519,100.0
2025-10-21 05:32:00,35.73,34.36,30.83,197.55,2,96.32,98.12,99.42,100.0,99.25,3446,100.0
2025-10-21 05:33:00,43.43,35.2,29.96,223.25,5,99.35,98.52,99.29,141.42,98.71,3458,100.0
2025-10-21 05:34:00,44.97,37.86,39.64,209.76,0,96.4,99.11,99.33,138.56,98.97,4332,100.0
2025-10-21 05:35:00,37.67,36.93,35.6,217.61,4,99.16,98.83,99.59,100.0,99.49,4600,100.0
2025-10-21 05:36:00,37.26,33.48,39.69,191.62,2,98.61,98.97,99.7,100.0,98.7,3658,100.0
2025-10-21 05:37:00,40.12,39.34,30.06,191.88,4,98.58,98.12,99.7,109.52,98.86,3439,100.0
2025-10-21 05:38:00,41.39,33.09,30.14,231.01,2,97.67,99.86,99.57,130.01,99.4,4888,100.0
2025-10-21 05:39:00,44.77,33.63,41.49,167.82,0,96.22,98.7,99.62,143.77,98.53,3952,100.0
2025-10-21 05:40:00,39.36,35.48,28.68,188.19,2,97.5,98.74,99.97,100.0,99.32,4416,100.0
2025-10-21 05:41:00,34.7,38.7,36.78,216.48,2,96.14,99.67,99.9,100.0,99.29,4482,100.0
2025-10-21 05:42:00,38.92,37.33,38.45,157.96,3,98.1,99.72,99.32,100.0,99.3,3178,100.0
2025-10-21 05:43:00,42.35,33.93,20.78,167.17,0,96.37,99.39,99.21,140.86,99.02,3920,100.0
2025-10-21 05:44:00,41.32,35.12,41.4,201.81,0,98.12,99.29,99.28,125.19,99.17,4300,100.0
2025-10-21 05:45:00,38.6,38.31,26.87,204.71,2,96.18,99.62,99.43,100.0,99.11,4403,100.0
2025-10-21 05:46:00,44.04,36.13,29.26,227.41,1,96.83,98.79,99.86,122.81,98.72,4786,100.0
2025-10-21 05:47:00,35.7,36.39,25.75,207.99,1,98.33,99.37,99.68,100.0,99.0,4038,100.0
2025-10-21 05:48:00,42.97,37.59,26.54,178.16,3,97.01,98.22,99.9,145.4,98.61,4594,100.0
2025-10-21 05:49:00,40.48,35.7,37.79,216.5,1,97.27,98.64,99.33,104.89,98.78,3888,100.0
2025-10-21 05:50:00,42.4,37.95,27.58,189.4,0,96.43,98.53,99.07,128.15,99.5,3201,100.0
2025-10-21 05:51:00,42.44,33.14,34.63,210.47,1,97.26,98.18,99.41,140.89,99.28,4445,100.0
2025-10-21 05:52:00,40.51,34.66,39.77,183.06,0,96.5,99.22,99.61,100.0,99.23,4547,100.0
2025-10-21 05:53:00,44.29,36.58,37.68,225.75,1,97.91,98.04,99.3,141.88,98.61,3252,100.0
2025-10-21 05:54:00,45.06,37.57,33.22,197.04,1,99.17,98.93,99.79,158.76,98.69,4020,100.0
2025-10-21 05:55:00,39.17,35.34,32.58,246.84,2,96.56,98.17,99.26,100.0,99.14,4001,100.0
2025-10-21 05:56:00,40.05,35.89,37.93,160.46,5,96.67,98.65,99.1,113.08,98.8,4951,100.0
2025-10-21 05:57:00,41.81,33.88,31.3,195.6,2,98.75,98.97,99.79,130.69,98.73,3096,100.0
2025-10-21 05:58:00,34.92,33.49,26.92,184.17,2,97.49,99.71,99.5,100.0,99.0,3551,100.0
2025-10-21 05:59:00,36.57,36.89,32.36,208.58,2,99.21,99.07,99.39,100.0,99.11,3299,100.0
2025-10-21 06:00:00,36.72,32.21,23.41,157.25,2,97.66,98.62,99.79,100.0,98.7,3421,100.0
2025-10-21 06:01:00,44.03,35.75,23.88,172.73,1,99.19,98.99,99.63,133.57,99.05,3515,100.0
2025-10-21 06:02:00,37.55,37.49,40.09,167.29,1,97.4,99.22,99.56,100.0,99.3,4946,100.0
2025-10-21 06:03:00,35.49,37.38,31.81,236.98,2,99.53,99.35,99.37,100.0,99.32,4206,100.0
2025-10-21 06:04:00,42.45,34.42,22.97,237.04,1,96.82,99.79,99.22,129.94,99.38,3069,100.0
2025-10-21 06:05:00,41.25,33.94,33.13,177.07,2,99.79,98.03,99.82,100.0,98.89,4644,100.0
2025-10-21 06:06:00,40.37,35.49,35.64,186.1,2,96.8,99.62,99.81,103.6,99.03,4392,100.0
2025-10-21 06:07:00,39.78,35.27,41.58,163.19,4,97.09,99.7,99.39,106.16,98.65,4511,100.0
2025-10-21 06:08:00,38.25,35.91,20.54,205.28,1,99.01,98.61,99.28,100.0,99.18,4857,100.0
2025-10-21 06:09:00,36.77,35.65,23.7,227.65,2,99.38,99.07,99.94,100.0,99.01,4532,100.0
2025-10-21 06:10:00,44.41,34.55,26.67,196.99,3,98.14,98.79,99.91,158.13,98.95,3000,100.0
2025-10-21 06:11:00,44.08,33.8,26.96,165.57,2,99.82,98.46,99.49,159.85,99.33,4457,100.0
2025-10-21 06:12:00,39.05,36.62,34.76,213.83,2,97.83,99.33,99.3,100.0,98.62,3837,100.0
2025-10-21 06:13:00,44.2,34.21,31.96,220.99,0,99.6,98.77,99.87,123.57,98.65,3645,100.0
2025-10-21 06:14:00,36.07,37.56,25.58,237.1,2,98.54,98.31,99.19,100.0,99.49,4782,100.0
2025-10-21 06:15:00,40.51,35.91,41.54,202.62,2,96.39,99.27,99.1,100.0,98.92,4095,100.0
2025-10-21 06:16:00,40.12,36.65,30.69,169.82,2,97.62,98.87,99.98,115.2,99.23,4777,100.0
2025-10-21 06:17:00,42.03,38.18,22.77,194.0,2,97.36,98.64,99.26,114.05,99.01,4709,100.0
2025-10-21 06:18:00,44.54,36.03,29.63,159.3,1,98.96,98.76,99.95,142.21,99.32,3565,100.0
2025-10-21 06:19:00,38.5,36.96,42.47,204.31,4,96.77,99.93,99.96,100.0,98.8,3490,100.0
2025-10-21 06:20:00,38.77,37.68,23.39,183.32,4,96.81,98.98,99.37,100.0,99.28,3029,100.0
2025-10-21 06:21:00,42.6,33.75,24.26,195.82,1,98.22,99.36,99.23,126.53,99.41,4024,100.0
2025-10-21 06:22:00,41.31,33.45,24.2,167.63,1,97.82,98.74,99.89,117.61,99.38,4054,100.0
2025-10-21 06:23:00,34.85,34.99,37.39,164.17,0,97.32,98.78,99.31,100.0,98.75,4364,100.0
2025-10-21 06:24:00,41.92,37.46,28.52,209.92,0,97.73,99.15,99.18,109.43,98.72,3141,100.0
2025-10-21 06:25:00,37.14,37.87,27.74,189.37,6,98.47,99.77,99.62,100.0,96.6,3878,100.0
2025-10-21 06:26:00,42.33,33.14,35.84,243.16,1,96.11,99.78,99.72,107.61,98.55,4609,100.0
2025-10-21 06:27:00,43.34,33.9,28.27,229.21,4,99.77,98.8,99.23,126.46,99.35,3995,100.0
2025-10-21 06:28:00,36.97,33.51,28.25,213.67,5,96.23,98.25,99.45,100.0,98.79,4295,100.0
2025-10-21 06:29:00,36.5,34.78,28.16,156.46,0,96.94,98.12,99.62,100.0,98.84,3774,100.0
2025-10-21 06:30:00,35.64,35.6,34.38,207.22,1,97.71,98.48,99.76,100.0,98.78,3190,100.0
2025-10-21 06:31:00,38.16,34.09,29.07,206.95,2,96.67,98.35,99.19,100.0,98.56,4994,100.0
2025-10-21 06:32:00,41.28,39.17,34.13,196.43,2,97.75,98.7,99.09,100.23,98.69,4387,100.0
2025-10-21 06:33:00,40.45,38.73,37.56,176.13,4,96.23,99.46,99.27,107.39,98.74,4677,100.0
2025-10-21 06:34:00,45.15,40.03,38.85,175.92,4,96.96,99.03,99.75,149.39,99.13,3905,100.0
2025-10-21 06:35:00,40.8,37.71,25.31,218.04,2,96.05,99.59,99.33,102.33,98.84,3997,100.0
2025-10-21 06:36:00,39.93,37.73,37.41,184.69,0,99.58,99.35,99.65,100.0,99.32,4132,100.0
2025-10-21 06:37:00,44.22,39.41,41.89,239.33,0,99.54,98.15,99.85,133.44,99.11,3076,100.0
2025-10-21 06:38:00,38.73,37.62,35.53,148.7,1,98.69,99.94,99.66,100.0,98.86,4953,100.0
2025-10-21 06:39:00,37.51,36.57,30.28,228.16,3,97.11,98.54,99.54,100.0,99.31,3138,100.0
2025-10-21 06:40:00,35.91,35.65,29.72,220.83,2,99.74,98.78,99.47,100.0,98.78,4790,100.0
2025-10-21 06:41:00,37.63,35.95,26.11,226.26,3,98.25,99.2,99.57,100.0,99.17,3939,100.0
2025-10-21 06:42:00,36.34,35.34,25.53,159.06,2,98.65,98.24,99.6,100.0,98.79,4696,100.0
2025-10-21 06:43:00,44.79,36.39,28.0,216.41,2,97.28,98.57,99.86,144.73,98.84,4207,100.0
2025-10-21 06:44:00,39.51,34.94,27.21,151.93,3,98.4,99.71,99.41,112.38,99.4,3416,100.0
2025-10-21 06:45:00,36.87,33.54,25.2,237.19,1,98.37,99.13,99.39,100.0,99.45,3340,100.0
2025-10-21 06:46:00,37.89,34.95,35.74,182.11,3,97.26,99.65,99.08,100.0,98.95,3374,100.0
2025-10-21 06:47:00,35.61,34.66,35.9,228.07,1,96.87,99.51,99.54,100.0,98.71,3560,100.0
2025-10-21 06:48:00,43.39,32.7,40.45,227.9,3,97.36,99.03,99.64,135.57,98.97,3886,100.0
2025-10-21 06:49:00,39.71,35.4,32.55,237.42,4,96.11,100.0,99.03,100.0,98.61,3193,100.0
2025-10-21 06:50:00,42.66,34.38,26.78,173.39,3,99.89,98.23,99.49,122.99,98.6,3536,100.0
2025-10-21 06:51:00,36.66,39.29,35.53,238.37,4,97.32,99.42,99.96,100.0,99.14,3387,100.0
2025-10-21 06:52:00,43.0,32.62,35.25,205.82,0,97.35,98.3,99.6,129.06,98.5,4951,100.0
2025-10-21 06:53:00,38.21,34.33,26.16,164.43,2,99.49,99.28,99.37,100.0,99.25,3455,100.0
2025-10-21 06:54:00,40.6,37.88,42.06,222.24,0,96.98,99.19,99.28,124.34,98.91,3914,100.0
2025-10-21 06:55:00,42.23,36.31,29.86,158.75,4,99.27,99.88,99.39,131.48,98.91,4004,100.0
2025-10-21 06:56:00,36.92,35.76,21.06,201.97,2,98.94,99.29,99.97,100.0,98.78,3054,100.0
2025-10-21 06:57:00,41.71,36.74,22.71,163.06,3,97.54,98.09,99.47,127.24,99.29,3997,100.0
2025-10-21 06:58:00,44.09,34.2,28.16,223.52,3,97.87,99.86,99.77,154.13,98.63,4583,100.0
2025-10-21 06:59:00,38.53,32.54,22.41,213.82,3,98.75,98.38,99.42,100.0,99.37,3912,100.0
2025-10-21 07:00:00,39.72,36.43,36.58,155.96,4,99.66,98.65,99.76,100.0,99.24,3311,100.0
2025-10-21 07:01:00,38.32,34.07,39.92,182.74,3,99.57,98.39,99.74,100.0,98.51,3441,100.0
2025-10-21 07:02:00,41.5,33.14,38.05,182.49,3,98.34,98.29,99.3,119.9,99.23,3078,100.0
2025-10-21 07:03:00,40.04,36.19,23.3,198.71,1,99.04,99.15,99.83,100.0,99.33,3189,100.0
2025-10-21 07:04:00,42.47,36.26,21.21,144.49,1,98.52,99.33,99.94,142.76,99.16,3011,100.0
2025-10-21 07:05:00,38.18,35.77,31.57,208.27,2,97.06,99.67,99.82,100.0,99.23,4344,100.0
2025-10-21 07:06:00,42.46,36.0,23.95,213.35,4,98.4,99.31,99.42,123.61,99.39,4290,100.0
2025-10-21 07:07:00,39.84,33.68,22.02,161.86,3,98.72,98.09,99.78,100.0,98.6,4136,100.0
2025-10-21 07:08:00,42.5,37.92,42.77,193.26,3,99.37,98.1,99.17,109.08,98.58,3051,100.0
2025-10-21 07:09:00,34.29,34.71,25.79,156.33,2,97.67,98.62,99.32,100.0,99.17,4232,100.0
2025-10-21 07:10:00,39.76,34.3,37.14,164.23,3,99.79,98.34,99.26,110.02,99.02,3906,100.0
2025-10-21 07:11:00,42.84,37.16,42.14,212.04,3,98.59,99.94,99.62,123.57,99.19,4318,100.0
2025-10-21 07:12:00,42.41,35.98,37.57,194.98,2,97.72,99.08,99.35,113.77,99.17,3754,100.0
2025-10-21 07:13:00,40.99,37.43,36.9,185.93,4,96.37,98.34,99.37,112.5,99.16,3662,100.0
2025-10-21 07:14:00,42.0,34.31,34.07,206.56,2,98.39,99.05,99.72,101.57,99.06,3243,100.0
2025-10-21 07:15:00,38.33,37.11,25.33,181.79,2,98.31,98.29,99.25,100.0,98.61,4987,100.0
2025-10-21 07:16:00,43.77,39.32,31.04,239.77,2,96.24,99.24,99.58,125.87,99.3,3074,100.0
2025-10-21 07:17:00,42.5,32.74,34.58,155.07,2,98.04,99.83,99.05,137.46,98.57,3253,100.0
2025-10-21 07:18:00,40.19,34.91,31.93,233.48,2,99.68,98.09,99.73,100.0,99.34,4810,100.0
2025-10-21 07:19:00,38.57,33.89,32.2,182.8,2,97.43,99.57,99.64,100.0,99.16,4530,100.0
2025-10-21 07:20:00,33.55,36.73,37.0,212.51,0,98.34,99.64,99.39,100.0,99.09,4652,100.0
2025-10-21 07:21:00,36.0,36.97,35.38,212.81,2,96.94,99.24,99.02,100.0,99.17,3478,100.0
2025-10-21 07:22:00,38.43,36.39,41.02,196.77,1,96.31,98.16,99.78,100.0,98.73,4494,100.0
2025-10-21 07:23:00,39.07,36.26,32.99,194.98,2,99.45,99.77,99.83,105.27,99.07,4292,100.0
2025-10-21 07:24:00,41.95,34.75,39.63,233.27,2,97.18,99.02,99.13,114.93,98.68,3529,100.0
2025-10-21 07:25:00,42.35,38.35,22.75,208.03,0,96.34,99.41,99.74,136.08,98.97,4719,100.0
2025-10-21 07:26:00,35.83,37.4,26.06,162.99,1,96.18,98.21,99.0,100.0,99.06,3419,100.0
2025-10-21 07:27:00,36.65,37.35,31.35,216.44,1,99.88,99.13,99.13,100.0,98.83,3428,100.0
2025-10-21 07:28:00,42.07,33.83,33.27,217.19,4,99.51,98.04,99.29,102.6,99.15,3201,100.0
2025-10-21 07:29:00,42.32,36.03,21.44,215.8,2,99.43,99.46,99.38,116.37,98.98,4734,100.0
2025-10-21 07:30:00,43.22,32.84,39.8,178.45,1,99.61,99.5,99.92,139.55,98.68,3616,100.0
2025-10-21 07:31:00,39.6,36.45,40.27,187.08,2,99.45,98.84,99.73,100.0,98.83,3054,100.0
2025-10-21 07:32:00,36.72,36.13,36.45,165.93,2,97.2,99.93,99.29,100.0,99.04,4341,100.0
2025-10-21 07:33:00,42.56,37.76,23.05,190.94,3,97.59,98.15,99.75,108.19,98.69,3833,100.0
2025-10-21 07:34:00,37.28,35.52,27.03,193.02,1,98.46,98.98,99.72,100.0,99.3,3886,100.0
2025-10-21 07:35:00,38.97,36.32,25.49,183.9,1,97.75,99.2,99.97,104.79,98.78,4014,100.0
2025-10-21 07:36:00,37.15,38.34,38.05,226.05,2,98.07,98.89,99.31,100.0,98.96,3120,100.0
2025-10-21 07:37:00,38.06,34.61,40.06,216.3,4,99.75,99.95,100.0,100.0,99.43,3808,100.0
2025-10-21 07:38:00,37.2,36.75,25.52,192.15,5,99.33,98.53,99.21,100.0,99.19,4343,100.0
2025-10-21 07:39:00,39.36,35.03,32.8,160.5,2,98.54,99.91,99.65,108.97,99.06,4253,100.0
2025-10-21 07:40:00,41.15,34.88,37.81,238.04,1,98.66,98.61,99.27,124.05,99.48,4547,100.0
2025-10-21 07:41:00,41.64,36.71,34.2,203.31,1,99.61,99.51,99.68,134.41,98.78,3162,100.0
2025-10-21 07:42:00,42.15,32.95,32.15,174.49,3,97.55,99.89,99.2,124.67,98.89,4548,100.0
2025-10-21 07:43:00,36.41,35.71,36.09,191.28,0,98.82,99.01,99.01,100.0,99.42,3222,100.0
2025-10-21 07:44:00,37.27,34.31,32.85,236.95,1,98.63,98.66,99.52,100.0,98.72,3999,100.0
2025-10-21 07:45:00,41.87,34.29,23.49,154.45,1,99.22,99.99,99.06,115.97,98.53,3267,100.0
2025-10-21 07:46:00,43.43,34.65,30.96,169.72,0,99.6,98.16,99.96,119.53,99.1,4998,100.0
2025-10-21 07:47:00,34.77,34.33,36.0,145.16,1,96.95,98.32,99.91,100.0,98.54,4175,100.0
2025-10-21 07:48:00,35.14,36.7,32.98,181.15,1,99.11,98.62,99.03,100.0,99.18,4978,100.0
2025-10-21 07:49:00,33.41,33.55,21.52,173.03,2,99.11,98.79,99.81,100.0,98.54,4892,100.0
2025-10-21 07:50:00,43.96,33.61,33.26,233.32,4,98.8,99.71,99.09,123.89,99.14,4907,100.0
2025-10-21 07:51:00,38.89,38.19,40.0,236.47,4,96.53,98.27,99.02,100.0,99.42,4327,100.0
2025-10-21 07:52:00,40.9,34.61,40.7,188.93,2,99.27,98.31,99.98,100.0,99.03,4832,100.0
2025-10-21 07:53:00,43.81,33.91,24.23,219.2,0,97.94,99.59,99.56,125.61,98.99,4842,100.0
2025-10-21 07:54:00,39.83,35.23,28.58,210.66,2,98.94,98.33,99.75,105.23,98.51,3117,100.0
2025-10-21 07:55:00,42.24,35.89,25.7,158.33,2,98.11,99.88,99.62,131.43,98.78,4177,100.0
2025-10-21 07:56:00,35.05,34.09,23.21,187.35,4,96.95,99.84,99.05,100.0,99.12,3882,100.0
2025-10-21 07:57:00,36.34,34.79,38.39,228.35,2,96.07,99.89,99.33,100.0,99.41,4053,100.0
2025-10-21 07:58:00,38.73,37.56,31.91,169.21,0,97.35,99.15,99.04,100.0,99.02,4566,100.0
2025-10-21 07:59:00,35.55,37.88,32.68,188.34,2,97.28,99.05,99.55,100.0,99.16,4268,100.0
2025-10-21 08:00:00,37.74,36.72,24.5,216.58,0,97.34,99.69,99.77,100.0,99.37,4418,100.0
2025-10-21 08:01:00,40.35,39.0,36.05,210.92,2,96.04,98.39,99.11,100.0,99.33,4303,100.0
2025-10-21 08:02:00,40.52,36.43,29.72,238.83,1,97.21,99.43,99.66,100.0,98.61,4321,100.0
2025-10-21 08:03:00,41.22,34.79,38.31,245.11,1,96.02,99.43,99.41,100.0,99.25,4621,100.0
2025-10-21 08:04:00,44.07,37.13,34.75,235.64,4,97.06,98.26,99.82,137.13,98.85,4962,100.0
2025-10-21 08:05:00,42.78,37.71,23.36,231.67,1,97.57,99.02,99.11,129.28,99.32,3755,100.0
2025-10-21 08:06:00,42.89,32.28,29.56,169.74,1,97.65,98.81,99.89,117.49,99.14,3268,100.0
2025-10-21 08:07:00,43.31,35.64,33.3,187.24,1,98.42,99.91,99.36,148.44,98.65,4872,100.0
2025-10-21 08:08:00,38.4,36.39,35.17,191.82,1,97.22,98.69,99.56,100.0,99.21,4434,100.0
2025-10-21 08:09:00,35.83,36.48,20.87,213.99,0,98.92,99.05,99.44,100.0,98.54,3446,100.0
2025-10-21 08:10:00,39.87,35.35,33.43,217.52,3,96.89,98.9,99.7,100.0,99.48,3637,100.0
2025-10-21 08:11:00,40.68,33.38,40.05,230.66,2,98.77,99.64,99.74,123.5,99.36,4989,100.0
2025-10-21 08:12:00,40.79,36.97,32.12,154.55,3,96.08,98.47,99.7,124.4,98.59,4106,100.0
2025-10-21 08:13:00,41.03,33.97,32.47,216.91,3,96.85,98.37,99.36,100.0,98.78,4304,100.0
2025-10-21 08:14:00,37.27,35.96,27.77,188.78,1,97.11,98.28,99.13,100.0,98.88,4054,100.0
2025-10-21 08:15:00,42.55,33.44,27.03,234.26,2,99.03,98.59,99.12,115.78,98.89,3104,100.0
2025-10-21 08:16:00,41.84,34.71,32.51,229.4,0,96.24,98.74,99.19,135.79,99.08,3574,100.0
2025-10-21 08:17:00,41.9,35.14,24.49,172.97,1,97.09,98.42,99.2,126.28,99.33,4431,100.0
2025-10-21 08:18:00,36.25,34.51,30.96,190.58,1,96.6,99.02,99.93,100.0,98.54,4412,100.0
2025-10-21 08:19:00,38.14,34.65,28.72,223.55,3,96.5,99.87,99.64,100.0,99.16,3894,100.0
2025-10-21 08:20:00,40.39,34.53,36.51,207.43,0,98.59,99.27,99.14,100.0,99.09,3277,100.0
2025-10-21 08:21:00,42.72,32.56,23.25,157.59,2,97.15,99.62,99.07,118.44,98.54,3027,100.0
2025-10-21 08:22:00,36.56,37.08,24.13,222.4,2,97.78,98.26,99.91,100.0,99.38,4647,100.0
2025-10-21 08:23:00,35.26,33.84,24.36,230.37,2,96.54,99.63,99.93,100.0,98.51,3661,100.0
2025-10-21 08:24:00,41.35,36.75,28.68,238.25,2,96.0,98.13,99.62,114.12,98.93,4655,100.0
2025-10-21 08:25:00,39.91,35.21,25.09,231.4,1,98.6,98.85,99.81,115.81,99.1,4463,100.0
2025-10-21 08:26:00,42.64,36.05,33.96,240.34,1,98.76,99.65,99.85,132.1,99.33,4401,100.0
2025-10-21 08:27:00,35.21,37.08,24.93,170.36,1,97.29,98.34,99.29,100.0,98.97,4537,100.0
2025-10-21 08:28:00,39.41,37.56,28.0,156.77,4,99.41,99.25,99.81,105.03,98.8,3149,100.0
2025-10-21 08:29:00,37.04,33.76,27.14,197.32,3,97.37,99.36,99.13,100.0,99.41,3708,100.0
2025-10-21 08:30:00,41.13,32.54,24.24,217.09,4,99.87,99.78,99.79,119.07,99.07,3241,100.0
2025-10-21 08:31:00,37.11,38.26,38.52,213.73,1,97.31,98.84,99.49,100.0,98.61,4037,100.0
2025-10-21 08:32:00,44.81,35.95,25.16,204.66,2,99.14,98.55,99.3,130.89,98.79,3185,100.0
2025-10-21 08:33:00,41.09,38.07,38.12,161.44,1,96.42,98.72,99.3,116.29,99.38,3909,100.0
2025-10-21 08:34:00,43.32,33.44,25.21,157.5,3,97.52,99.15,99.62,146.1,99.24,4138,100.0
2025-10-21 08:35:00,42.13,37.8,25.1,172.24,4,97.67,98.76,99.93,112.72,98.97,3374,100.0
2025-10-21 08:36:00,39.19,38.73,41.38,163.06,2,98.4,99.41,99.39,100.0,99.41,4461,100.0
2025-10-21 08:37:00,37.79,36.03,22.62,184.27,2,99.11,98.6,99.58,100.0,98.93,3415,100.0
2025-10-21 08:38:00,34.1,32.37,30.36,163.0,4,99.15,99.51,99.92,100.0,99.33,4811,100.0
2025-10-21 08:39:00,40.83,36.31,42.94,222.28,2,96.71,99.09,99.57,121.33,98.96,4629,100.0
2025-10-21 08:40:00,37.79,35.84,39.85,175.12,2,96.44,99.49,99.26,100.0,99.2,3690,100.0
2025-10-21 08:41:00,37.99,34.1,39.18,173.18,1,98.68,99.39,99.92,100.0,98.79,3910,100.0
2025-10-21 08:42:00,38.68,35.9,40.3,187.38,3,97.3,98.71,99.91,106.74,99.27,3968,100.0
2025-10-21 08:43:00,35.28,37.32,29.97,214.21,3,98.85,98.82,99.71,100.0,98.51,3570,100.0
2025-10-21 08:44:00,41.84,34.1,31.05,172.47,3,99.3,98.19,99.71,111.31,98.62,4091,100.0
2025-10-21 08:45:00,36.85,37.62,22.44,157.78,3,99.37,99.91,99.5,100.0,99.02,3138,100.0
2025-10-21 08:46:00,44.28,33.91,34.11,175.37,2,96.44,99.79,99.84,149.91,98.57,3417,100.0
2025-10-21 08:47:00,43.34,33.54,24.86,203.11,1,98.3,98.75,99.14,134.75,98.89,4469,100.0
2025-10-21 08:48:00,39.62,35.62,26.9,154.3,4,97.59,98.54,99.93,103.44,99.17,3852,100.0
2025-10-21 08:49:00,42.63,36.66,26.84,205.83,1,99.23,98.25,99.51,119.7,98.84,3954,100.0
2025-10-21 08:50:00,37.79,33.95,23.43,154.4,2,99.14,98.26,99.92,100.0,98.53,4925,100.0
2025-10-21 08:51:00,36.9,34.81,26.5,216.94,1,96.42,99.45,99.24,100.0,99.0,4605,100.0
2025-10-21 08:52:00,42.37,33.16,33.37,240.66,1,97.28,98.28,99.95,143.15,98.73,4339,100.0
2025-10-21 08:53:00,42.46,33.68,24.8,146.33,3,96.82,98.82,99.78,129.06,99.01,4183,100.0
2025-10-21 08:54:00,44.87,33.49,32.33,179.31,4,98.07,98.02,99.79,139.08,99.32,3531,100.0
2025-10-21 08:55:00,34.19,33.24,40.79,177.38,0,96.48,98.62,99.04,100.0,98.71,4038,100.0
2025-10-21 08:56:00,40.77,33.21,29.76,179.18,2,98.52,98.32,99.29,100.0,99.04,3922,100.0
2025-10-21 08:57:00,37.21,36.89,22.78,242.01,0,99.09,98.74,99.87,100.0,98.87,3670,100.0
2025-10-21 08:58:00,40.84,34.29,25.84,251.36,1,96.86,98.54,99.51,101.84,98.96,3332,100.0
2025-10-21 08:59:00,37.11,32.55,38.63,164.07,2,97.17,99.39,99.84,100.0,98.74,4362,100.0
2025-10-21 09:00:00,66.47,64.12,56.8,314.03,2,97.41,98.98,99.09,383.02,99.17,6205,100.0
2025-10-21 09:01:00,72.08,61.07,56.79,321.97,3,97.01,98.77,99.15,414.31,99.18,7661,100.0
2025-10-21 09:02:00,72.17,64.48,53.05,296.93,2,98.38,99.18,99.38,431.73,98.93,7353,100.0
2025-10-21 09:03:00,69.45,60.95,57.41,370.07,2,99.95,99.25,99.95,378.62,98.84,6267,100.0
2025-10-21 09:04:00,64.9,62.5,54.76,362.64,1,96.09,99.22,99.42,365.83,99.14,6797,100.0
2025-10-21 09:05:00,67.64,65.44,46.33,332.72,3,99.33,98.41,99.25,364.09,98.66,7906,100.0
2025-10-21 09:06:00,76.21,62.63,47.78,368.2,2,97.82,98.58,99.27,450.96,98.83,6706,100.0
2025-10-21 09:07:00,69.32,66.8,65.89,363.61,5,96.85,99.38,99.21,386.76,98.73,6489,100.0
2025-10-21 09:08:00,65.36,62.95,65.35,311.95,0,97.75,99.13,99.29,345.7,98.92,6628,100.0
2025-10-21 09:09:00,73.9,60.06,50.44,379.6,1,99.9,99.39,99.27,437.26,98.8,6300,100.0
2025-10-21 09:10:00,73.9,62.66,53.6,350.01,3,97.56,99.43,99.16,429.3,98.93,7778,100.0
2025-10-21 09:11:00,69.06,64.54,46.39,337.64,4,98.57,99.9,99.38,403.89,99.42,6983,100.0
2025-10-21 09:12:00,65.82,62.95,49.16,341.94,1,96.12,99.21,99.33,354.96,98.91,6173,100.0
2025-10-21 09:13:00,66.46,66.46,51.78,349.73,2,98.03,99.46,99.7,375.04,98.96,6351,100.0
2025-10-21 09:14:00,73.21,62.02,49.42,407.14,1,99.07,98.82,99.18,430.78,99.07,6905,100.0
2025-10-21 09:15:00,73.69,61.33,58.72,308.71,2,98.36,98.31,99.1,437.78,99.18,6226,100.0
2025-10-21 09:16:00,66.17,61.2,49.37,308.94,4,96.67,98.55,99.24,361.7,98.79,7032,100.0
2025-10-21 09:17:00,71.73,64.69,60.24,320.75,0,98.17,98.4,99.08,418.4,98.83,7512,100.0
2025-10-21 09:18:00,74.8,65.12,58.52,351.03,2,96.25,98.33,99.86,451.47,99.28,7617,100.0
2025-10-21 09:19:00,73.64,63.61,49.95,316.84,2,97.99,99.2,99.03,417.67,99.22,6386,100.0
2025-10-21 09:20:00,75.44,65.48,54.89,364.77,0,97.55,99.47,99.62,453.82,98.68,7606,100.0
2025-10-21 09:21:00,69.78,66.46,60.28,347.5,0,96.93,99.78,99.82,400.77,98.97,7294,100.0
2025-10-21 09:22:00,70.22,66.64,62.19,343.74,2,96.31,99.4,99.87,414.51,99.16,6282,100.0
2025-10-21 09:23:00,65.44,61.69,62.6,393.66,2,96.13,99.09,99.81,345.43,99.4,6472,100.0
2025-10-21 09:24:00,72.68,62.97,55.32,379.25,2,98.55,99.41,99.9,415.79,99.1,6866,100.0
2025-10-21 09:25:00,70.0,61.52,49.86,389.57,3,98.5,99.74,99.84,394.93,99.25,6854,100.0
2025-10-21 09:26:00,72.76,60.55,57.91,355.58,4,99.3,98.24,99.62,442.91,98.6,7699,100.0
2025-10-21 09:27:00,74.22,63.94,53.41,346.69,2,96.33,98.44,99.76,434.26,99.49,7001,100.0
2025-10-21 09:28:00,74.02,60.64,56.22,336.83,3,98.0,99.58,99.44,426.82,98.81,6424,100.0
2025-10-21 09:29:00,66.28,62.28,56.84,307.37,4,96.09,99.67,99.06,351.0,99.04,6356,100.0
2025-10-21 09:30:00,73.04,65.26,50.88,375.3,2,98.82,99.94,99.04,414.14,98.62,6861,100.0
2025-10-21 09:31:00,68.49,65.28,56.06,351.35,2,99.03,99.56,99.01,370.63,98.71,6703,100.0
2025-10-21 09:32:00,74.27,61.9,58.25,341.74,3,96.35,99.25,99.39,429.25,98.62,7117,100.0
2025-10-21 09:33:00,66.78,65.06,52.89,315.09,2,97.93,98.91,99.8,356.43,99.4,7582,100.0
2025-10-21 09:34:00,66.78,61.24,56.12,299.56,1,97.12,98.22,99.26,381.32,99.12,6454,100.0
2025-10-21 09:35:00,73.19,64.41,60.54,382.11,2,96.9,99.11,99.89,435.64,99.42,6713,100.0
2025-10-21 09:36:00,72.73,64.64,51.46,319.47,1,97.87,98.85,99.36,438.55,99.25,7810,100.0
2025-10-21 09:37:00,70.3,64.39,65.19,406.1,2,96.09,99.65,99.84,412.83,98.78,7279,100.0
2025-10-21 09:38:00,68.31,65.1,50.17,355.21,2,99.7,98.2,99.22,393.8,98.87,6331,100.0
2025-10-21 09:39:00,68.13,62.49,45.0,319.67,2,97.13,99.28,99.2,394.44,99.18,6942,100.0
2025-10-21 09:40:00,67.15,63.82,57.27,332.54,2,98.84,99.3,99.44,367.46,98.87,6566,100.0
2025-10-21 09:41:00,66.61,62.18,53.18,358.54,6,98.39,98.26,99.72,370.12,97.01,7386,100.0
2025-10-21 09:42:00,70.12,65.16,64.67,389.78,1,99.65,98.55,99.89,389.1,98.94,7498,100.0
2025-10-21 09:43:00,68.73,60.49,56.9,341.54,2,98.78,98.01,99.55,383.37,98.8,7031,100.0
2025-10-21 09:44:00,73.63,64.53,55.88,340.73,0,97.44,99.7,99.38,434.81,98.77,6548,100.0
2025-10-21 09:45:00,65.71,63.75,55.06,361.07,4,97.42,99.87,99.05,343.24,98.92,7227,100.0
2025-10-21 09:46:00,68.5,62.57,48.5,307.21,2,97.92,99.14,99.56,377.31,98.6,7793,100.0
2025-10-21 09:47:00,73.81,66.29,58.09,389.7,1,99.56,98.61,99.14,421.62,99.22,7407,100.0
2025-10-21 09:48:00,69.0,63.75,58.9,400.5,2,99.06,99.27,99.82,371.15,98.58,6139,100.0
2025-10-21 09:49:00,71.18,63.8,64.37,347.99,0,96.84,98.02,99.78,424.38,99.5,6824,100.0
2025-10-21 09:50:00,66.52,61.09,60.52,369.16,2,99.7,98.4,99.08,358.81,98.69,7053,100.0
2025-10-21 09:51:00,71.96,63.01,59.3,336.95,0,99.9,99.64,99.07,417.58,99.14,6381,100.0
2025-10-21 09:52:00,68.14,61.64,62.23,337.53,2,97.11,99.75,99.69,375.21,98.93,7453,100.0
2025-10-21 09:53:00,69.56,64.65,61.52,366.17,2,97.64,99.06,99.78,401.76,98.93,7948,100.0
2025-10-21 09:54:00,68.24,61.24,58.34,303.09,1,98.73,99.75,99.8,369.69,99.07,6060,100.0
2025-10-21 09:55:00,67.87,64.66,54.9,313.84,1,97.57,98.98,99.35,396.22,99.06,7685,100.0
2025-10-21 09:56:00,70.7,60.56,59.0,339.27,0,97.78,99.47,99.96,402.01,99.04,7702,100.0
2025-10-21 09:57:00,69.53,61.75,52.83,395.86,1,97.86,99.69,99.94,392.33,99.43,6322,100.0
2025-10-21 09:58:00,68.52,63.68,61.18,379.59,4,97.7,98.15,99.35,390.13,98.69,6296,100.0
2025-10-21 09:59:00,67.97,60.22,60.91,326.08,0,98.8,99.69,99.02,369.07,99.45,6770,100.0
2025-10-21 10:00:00,67.07,61.2,47.6,389.11,6,97.55,99.28,99.87,377.16,97.34,6947,100.0
2025-10-21 10:01:00,72.38,66.03,49.28,393.72,3,97.67,99.05,99.02,423.66,98.79,7855,100.0
2025-10-21 10:02:00,74.39,65.34,59.94,358.51,1,96.36,99.57,99.32,450.61,98.86,6928,100.0
2025-10-21 10:03:00,69.69,64.16,49.36,335.56,0,96.3,99.21,99.19,379.26,99.4,7068,100.0
2025-10-21 10:04:00,71.61,63.79,48.81,362.96,3,96.59,99.75,99.21,407.82,99.21,7367,100.0
2025-10-21 10:05:00,71.97,60.32,52.01,307.4,2,96.0,98.12,99.43,437.98,99.39,7988,100.0
2025-10-21 10:06:00,67.5,63.63,48.14,327.19,0,97.9,98.42,99.09,371.44,98.85,7075,100.0
2025-10-21 10:07:00,72.39,60.6,61.72,302.11,4,98.07,98.79,99.48,411.76,99.0,6300,100.0
2025-10-21 10:08:00,66.36,65.77,58.91,334.5,0,98.53,98.75,99.91,345.03,98.54,7898,100.0
2025-10-21 10:09:00,76.15,61.29,61.82,329.66,2,96.96,98.05,99.04,442.7,99.3,6596,100.0
2025-10-21 10:10:00,71.43,63.69,47.72,364.23,0,99.06,98.52,99.67,420.2,99.12,6533,100.0
2025-10-21 10:11:00,67.64,65.15,46.22,317.98,3,98.23,98.13,99.62,388.91,99.49,6059,100.0
2025-10-21 10:12:00,64.15,62.97,47.5,333.11,1,97.97,98.72,99.55,331.04,99.14,7707,100.0
2025-10-21 10:13:00,69.02,64.38,60.75,365.34,2,97.48,99.07,99.02,390.48,99.15,7518,100.0
2025-10-21 10:14:00,65.86,62.22,62.01,343.92,2,97.14,99.41,99.36,346.27,98.87,7707,100.0
2025-10-21 10:15:00,73.65,62.95,65.4,313.8,0,96.51,98.23,99.09,442.91,99.1,7295,100.0
2025-10-21 10:16:00,68.15,64.55,58.68,399.78,1,98.61,99.48,99.28,384.38,98.56,7920,100.0
2025-10-21 10:17:00,66.89,61.0,47.68,346.7,0,98.98,99.8,99.26,374.08,98.54,6773,100.0
2025-10-21 10:18:00,70.46,60.04,62.23,361.57,5,98.86,99.08,99.93,394.19,98.81,6632,100.0
2025-10-21 10:19:00,72.31,60.03,54.36,339.01,0,97.64,99.03,99.07,423.5,99.46,7957,100.0
2025-10-21 10:20:00,69.26,67.03,52.89,352.3,0,97.4,98.14,99.74,395.02,99.07,6573,100.0
2025-10-21 10:21:00,76.09,62.23,55.61,380.66,2,98.15,99.75,99.05,457.9,98.68,6043,100.0
2025-10-21 10:22:00,70.03,61.32,52.87,340.05,3,99.7,99.88,99.04,380.85,98.93,7181,100.0
2025-10-21 10:23:00,68.1,61.79,59.88,361.76,2,97.45,99.37,99.11,379.69,98.67,6082,100.0
2025-10-21 10:24:00,70.41,63.35,48.05,297.82,1,97.38,98.99,99.82,417.61,99.22,6494,100.0
2025-10-21 10:25:00,71.77,61.16,49.86,352.56,1,96.24,99.57,99.86,421.9,98.93,7690,100.0
2025-10-21 10:26:00,68.76,61.61,54.93,331.48,2,99.22,98.29,99.48,397.41,98.99,6722,100.0
2025-10-21 10:27:00,71.36,66.3,67.42,371.15,1,99.52,99.91,99.58,423.72,99.01,6572,100.0
2025-10-21 10:28:00,71.09,64.18,63.42,374.68,1,99.92,99.11,99.94,423.44,99.17,6698,100.0
2025-10-21 10:29:00,69.12,64.67,55.73,385.28,3,97.29,98.83,99.9,385.62,98.79,6703,100.0
2025-10-21 10:30:00,66.7,65.08,50.74,360.95,0,99.91,98.91,99.82,377.78,99.21,7654,100.0
2025-10-21 10:31:00,64.54,62.97,49.85,371.27,2,97.48,98.73,99.12,329.33,98.88,7984,100.0
2025-10-21 10:32:00,71.67,65.45,67.1,368.69,0,97.97,99.99,99.39,420.5,98.61,6282,100.0
2025-10-21 10:33:00,74.86,62.64,53.22,344.28,1,99.28,98.68,99.85,468.26,98.85,6258,100.0
2025-10-21 10:34:00,66.87,61.88,50.51,337.68,0,99.43,99.72,99.41,373.19,99.14,7498,100.0
2025-10-21 10:35:00,69.63,62.63,58.05,367.41,1,97.08,99.1,99.36,397.89,98.91,7673,100.0
2025-10-21 10:36:00,70.88,62.4,54.55,380.65,4,98.45,99.05,99.97,400.13,98.65,6574,100.0
2025-10-21 10:37:00,70.4,60.55,63.43,337.36,2,96.24,98.52,99.49,421.82,98.89,7279,100.0
2025-10-21 10:38:00,69.46,59.96,63.1,372.41,2,98.81,99.65,99.82,385.94,98.76,7042,100.0
2025-10-21 10:39:00,74.59,65.45,53.1,377.52,3,97.37,98.4,99.51,459.59,99.03,6246,100.0
2025-10-21 10:40:00,71.23,63.76,47.94,377.38,5,98.89,98.52,99.58,426.02,98.8,7794,100.0
2025-10-21 10:41:00,69.62,61.35,56.88,332.26,4,99.99,98.29,99.74,381.73,99.34,7192,100.0
2025-10-21 10:42:00,67.13,61.11,57.73,307.13,3,96.19,99.1,99.99,365.03,98.84,6268,100.0
2025-10-21 10:43:00,74.22,65.74,50.5,359.12,4,98.46,99.71,99.9,437.74,98.67,7635,100.0
2025-10-21 10:44:00,70.39,67.01,51.96,333.48,0,99.76,98.91,99.67,411.44,99.37,7329,100.0
2025-10-21 10:45:00,71.08,64.6,61.48,320.88,0,96.3,98.75,99.5,415.4,99.46,6661,100.0
2025-10-21 10:46:00,67.39,63.84,65.53,313.39,1,97.28,99.24,99.84,383.14,98.96,7818,100.0
2025-10-21 10:47:00,69.62,65.72,57.07,397.83,3,98.95,99.48,99.5,376.65,98.76,6646,100.0
2025-10-21 10:48:00,66.24,65.85,49.85,342.42,3,98.73,98.37,99.38,357.53,98.74,7752,100.0
2025-10-21 10:49:00,71.99,61.83,51.05,302.81,2,98.8,98.82,99.32,437.49,98.76,6796,100.0
2025-10-21 10:50:00,65.81,60.79,61.92,369.87,3,96.3,98.66,99.5,340.36,98.59,6526,100.0
2025-10-21 10:51:00,68.05,61.89,47.74,319.47,1,97.3,98.14,99.7,375.93,98.83,6253,100.0
2025-10-21 10:52:00,74.13,64.47,45.58,358.06,1,98.82,98.26,99.44,446.57,99.05,7955,100.0
2025-10-21 10:53:00,72.12,64.09,52.37,297.14,4,97.19,98.34,99.48,433.05,98.84,7812,100.0
2025-10-21 10:54:00,71.07,59.26,59.67,315.28,3,98.6,99.55,99.26,423.77,98.92,6351,100.0
2025-10-21 10:55:00,70.84,63.23,52.91,339.94,1,98.32,99.3,99.34,419.18,98.63,7142,100.0
2025-10-21 10:56:00,68.45,64.91,64.04,375.34,1,99.68,98.87,99.94,380.24,99.45,7851,100.0
2025-10-21 10:57:00,69.84,58.73,52.24,382.28,2,99.34,99.16,99.85,411.44,99.41,6234,100.0
2025-10-21 10:58:00,65.6,61.9,52.99,380.75,2,99.64,98.43,99.63,338.48,98.58,6019,100.0
2025-10-21 10:59:00,71.4,64.33,47.75,332.74,1,96.87,98.85,99.84,404.18,99.5,6710,100.0
2025-10-21 11:00:00,70.87,60.76,57.65,317.66,3,98.43,99.26,99.09,407.33,98.76,6934,100.0
2025-10-21 11:01:00,72.49,60.74,48.19,325.53,2,97.6,98.51,99.64,423.28,99.46,6437,100.0
2025-10-21 11:02:00,74.92,63.69,61.4,338.65,4,99.28,98.05,99.1,455.67,98.79,7902,100.0
2025-10-21 11:03:00,70.09,63.12,60.29,380.41,1,99.09,98.64,99.18,406.18,98.59,7942,100.0
2025-10-21 11:04:00,66.58,60.33,46.78,347.09,0,98.05,98.66,99.34,371.18,98.66,7533,100.0
2025-10-21 11:05:00,70.78,65.46,53.26,398.07,2,98.91,99.63,99.05,410.95,99.3,7122,100.0
2025-10-21 11:06:00,65.78,65.04,47.04,314.62,3,96.57,98.74,99.84,356.5,98.82,7122,100.0
2025-10-21 11:07:00,67.21,62.11,52.26,378.44,4,98.99,99.19,99.9,360.12,99.26,7369,100.0
2025-10-21 11:08:00,75.11,66.16,61.26,309.13,3,96.46,98.1,99.75,440.51,98.52,6794,100.0
2025-10-21 11:09:00,68.62,60.11,45.67,312.87,1,98.22,98.29,99.2,381.89,98.6,6346,100.0
2025-10-21 11:10:00,71.17,59.45,61.88,374.99,3,96.5,98.09,99.94,403.97,99.42,6545,100.0
2025-10-21 11:11:00,72.9,64.54,63.3,343.73,3,98.88,98.6,99.75,411.94,99.02,6244,100.0
2025-10-21 11:12:00,72.37,60.39,61.15,374.28,1,96.91,98.93,99.01,424.92,99.45,6309,100.0
2025-10-21 11:13:00,69.86,65.11,62.33,380.66,4,97.42,98.83,99.33,387.07,99.12,7125,100.0
2025-10-21 11:14:00,72.06,60.37,47.38,357.76,1,97.42,99.54,99.62,415.11,98.69,7263,100.0
2025-10-21 11:15:00,73.79,63.81,62.17,351.73,6,99.48,98.08,99.66,451.83,96.67,7323,100.0
2025-10-21 11:16:00,68.5,63.0,55.83,301.17,0,96.4,98.52,99.25,394.71,99.07,7527,100.0
2025-10-21 11:17:00,66.54,63.54,53.32,389.21,2,98.88,99.08,99.83,365.71,99.04,6103,100.0
2025-10-21 11:18:00,63.98,59.49,63.93,328.54,6,98.56,98.98,99.1,346.94,97.06,7726,100.0
2025-10-21 11:19:00,71.99,64.12,55.72,350.78,1,97.78,99.31,99.43,411.26,98.79,6467,100.0
2025-10-21 11:20:00,70.91,62.08,54.55,314.86,3,99.35,98.51,99.08,390.35,99.11,6623,100.0
2025-10-21 11:21:00,69.08,64.64,50.6,329.07,3,97.59,98.33,99.92,406.63,99.48,6804,100.0
2025-10-21 11:22:00,69.21,64.73,49.21,320.37,2,97.43,100.0,99.38,382.01,99.12,7603,100.0
2025-10-21 11:23:00,66.94,64.65,47.96,358.87,1,97.87,99.85,99.71,386.9,99.16,6014,100.0
2025-10-21 11:24:00,71.88,66.22,49.56,331.88,1,97.01,98.89,99.64,411.2,98.58,7417,100.0
2025-10-21 11:25:00,69.34,63.15,54.85,387.76,3,97.42,99.04,99.53,400.85,98.72,7317,100.0
2025-10-21 11:26:00,70.51,66.47,54.79,314.11,2,96.72,98.03,99.16,400.17,98.61,6395,100.0
2025-10-21 11:27:00,73.74,65.44,63.44,389.56,3,98.87,98.43,99.79,434.54,98.63,6238,100.0
2025-10-21 11:28:00,72.28,60.53,63.52,361.93,6,98.53,99.84,99.93,429.33,96.51,6208,100.0
2025-10-21 11:29:00,72.87,59.98,49.56,319.5,2,96.83,99.53,99.94,410.8,98.63,7284,100.0
2025-10-21 11:30:00,72.77,65.75,50.92,313.59,6,96.43,99.57,99.2,408.84,97.41,7781,100.0
2025-10-21 11:31:00,67.78,65.13,47.56,331.5,2,97.3,98.43,100.0,384.67,98.91,6151,100.0
2025-10-21 11:32:00,74.86,63.0,67.32,352.41,1,98.08,99.87,99.74,451.65,98.66,6298,100.0
2025-10-21 11:33:00,71.2,65.26,62.2,328.48,0,97.54,99.84,99.55,404.81,98.82,6264,100.0
2025-10-21 11:34:00,76.14,64.1,50.8,375.58,1,99.4,99.66,99.47,463.85,99.21,7353,100.0
2025-10-21 11:35:00,65.03,60.63,49.12,374.9,3,99.0,98.88,99.38,343.64,99.46,7543,100.0
2025-10-21 11:36:00,65.23,61.45,57.95,359.0,1,96.85,98.1,99.52,346.2,99.04,7893,100.0
2025-10-21 11:37:00,66.85,60.32,47.95,348.36,3,97.24,98.75,99.61,355.22,99.27,7150,100.0
2025-10-21 11:38:00,74.64,60.13,50.0,344.88,2,98.57,99.75,99.33,459.52,98.88,6505,100.0
2025-10-21 11:39:00,72.36,59.23,63.1,337.06,3,97.99,99.47,99.78,409.91,98.92,6838,100.0
2025-10-21 11:40:00,72.94,61.7,54.52,395.43,0,98.37,99.49,99.76,438.01,99.23,6118,100.0
2025-10-21 11:41:00,69.41,64.0,46.95,296.54,7,99.02,99.34,99.81,405.59,96.65,6467,100.0
2025-10-21 11:42:00,73.89,63.56,58.4,386.6,1,97.93,99.83,99.79,433.55,98.56,7273,100.0
2025-10-21 11:43:00,72.77,63.56,53.93,309.46,2,99.26,99.96,99.66,432.7,98.82,6040,100.0
2025-10-21 11:44:00,66.87,65.57,50.12,353.98,2,99.49,98.89,99.7,374.1,98.62,7245,100.0
2025-10-21 11:45:00,69.22,64.42,62.33,308.64,0,97.18,99.97,99.02,399.08,99.11,7293,100.0
2025-10-21 11:46:00,68.62,60.06,46.81,305.41,2,97.26,98.41,99.41,374.33,99.2,6247,100.0
2025-10-21 11:47:00,73.78,60.01,64.16,379.8,2,96.71,98.5,99.24,430.19,99.08,6056,100.0
2025-10-21 11:48:00,69.68,64.87,54.97,335.65,2,99.84,98.84,99.31,415.8,99.44,7283,100.0
2025-10-21 11:49:00,64.54,64.01,52.07,335.62,1,98.98,98.55,99.94,333.22,98.57,7288,100.0
2025-10-21 11:50:00,74.08,64.99,48.57,352.39,3,98.51,98.41,99.53,451.98,98.75,6786,100.0
2025-10-21 11:51:00,75.13,65.03,58.08,325.3,3,98.65,98.19,99.02,453.23,98.72,6157,100.0
2025-10-21 11:52:00,72.95,63.97,60.58,330.66,2,99.26,99.05,99.23,434.48,99.45,6164,100.0
2025-10-21 11:53:00,67.86,66.39,49.96,312.75,2,98.03,99.83,99.77,397.92,98.98,6168,100.0
2025-10-21 11:54:00,65.87,61.91,48.02,360.33,1,97.85,99.09,99.14,367.01,99.38,6555,100.0
2025-10-21 11:55:00,66.21,64.12,49.08,301.15,2,99.93,98.58,99.9,349.21,99.32,7004,100.0
2025-10-21 11:56:00,74.11,61.12,60.7,345.44,2,96.71,98.94,99.93,434.76,99.13,6024,100.0
2025-10-21 11:57:00,71.77,63.37,59.97,388.78,1,99.98,98.31,99.72,426.75,99.18,6454,100.0
2025-10-21 11:58:00,67.51,64.46,56.5,341.91,3,99.8,99.31,99.96,359.38,99.35,6670,100.0
2025-10-21 11:59:00,71.99,64.3,50.32,335.31,1,99.02,98.22,99.91,410.96,99.08,6234,100.0
2025-10-21 12:00:00,69.23,59.52,63.13,297.56,3,98.43,99.07,99.16,381.82,98.57,6132,100.0
2025-10-21 12:01:00,63.6,60.17,58.05,323.93,1,98.3,98.68,99.68,345.65,99.08,6552,100.0
2025-10-21 12:02:00,72.36,63.34,54.19,388.18,2,98.17,99.72,99.87,427.75,98.89,7300,100.0
2025-10-21 12:03:00,72.68,62.51,55.58,368.35,2,96.5,99.71,99.83,422.35,99.08,7811,100.0
2025-10-21 12:04:00,67.13,64.41,48.06,389.57,1,98.44,99.55,99.55,353.69,99.21,6766,100.0
2025-10-21 12:05:00,68.25,65.99,57.86,371.33,5,98.82,99.6,99.38,380.83,99.47,6064,100.0
2025-10-21 12:06:00,64.84,65.26,51.55,324.89,3,99.17,99.56,99.09,331.59,98.81,6071,100.0
2025-10-21 12:07:00,67.91,60.8,55.04,319.39,2,98.6,99.35,99.83,394.06,99.2,7374,100.0
2025-10-21 12:08:00,67.98,60.44,49.33,374.67,1,96.61,99.36,99.73,374.28,99.28,6479,100.0
2025-10-21 12:09:00,72.59,64.88,66.05,326.6,0,97.05,98.25,99.17,419.28,98.91,7807,100.0
2025-10-21 12:10:00,74.5,64.67,61.98,344.79,3,99.05,99.15,99.81,427.98,99.12,6495,100.0
2025-10-21 12:11:00,74.2,60.78,63.03,309.67,0,96.94,98.67,99.63,427.23,98.94,6408,100.0
2025-10-21 12:12:00,75.44,66.19,65.21,312.82,5,98.54,98.85,99.43,456.25,98.86,7585,100.0
2025-10-21 12:13:00,69.9,63.06,49.19,389.79,1,99.0,98.35,99.06,400.12,99.05,6377,100.0
2025-10-21 12:14:00,68.31,61.28,66.32,332.55,2,97.55,99.92,99.43,386.51,99.44,7978,100.0
2025-10-21 12:15:00,65.86,64.89,53.48,358.69,2,98.29,99.09,99.19,360.26,99.47,7428,100.0
2025-10-21 12:16:00,71.61,61.45,57.8,322.37,3,97.69,98.57,99.79,420.78,98.56,7677,100.0
2025-10-21 12:17:00,66.83,65.85,53.49,361.45,0,97.38,99.6,99.48,384.5,99.08,7857,100.0
2025-10-21 12:18:00,70.62,64.98,50.4,386.0,2,99.06,98.62,99.81,406.55,98.77,7905,100.0
2025-10-21 12:19:00,73.0,66.18,53.64,366.67,2,97.17,99.82,99.42,448.43,98.71,7994,100.0
2025-10-21 12:20:00,69.98,66.2,57.92,373.15,0,98.53,99.76,99.18,409.31,98.53,7852,100.0
2025-10-21 12:21:00,75.55,62.67,48.86,369.47,0,97.93,98.54,99.47,436.25,98.55,6031,100.0
2025-10-21 12:22:00,68.37,64.66,64.72,332.91,2,97.5,99.02,99.73,375.15,99.48,7369,100.0
2025-10-21 12:23:00,70.78,62.12,51.68,359.02,3,98.38,98.04,99.4,418.37,98.9,7671,100.0
2025-10-21 12:24:00,66.52,62.33,46.26,360.61,5,99.49,99.31,99.29,384.67,99.45,7148,100.0
2025-10-21 12:25:00,73.74,61.8,54.62,319.91,2,98.69,98.24,99.06,432.75,98.91,6639,100.0
2025-10-21 12:26:00,65.82,61.81,63.28,318.36,1,97.42,98.64,99.94,355.3,99.19,7204,100.0
2025-10-21 12:27:00,65.18,64.72,51.69,298.35,1,96.37,99.24,99.35,357.02,98.51,7964,100.0
2025-10-21 12:28:00,72.64,61.39,48.72,317.69,1,98.7,98.84,99.54,408.34,99.36,6341,100.0
2025-10-21 12:29:00,67.6,59.68,47.73,361.55,4,97.8,98.5,99.1,377.88,98.81,7048,100.0
2025-10-21 12:30:00,75.5,62.31,63.35,389.8,3,98.5,99.41,99.74,443.26,99.35,6841,100.0
2025-10-21 12:31:00,66.73,62.93,62.83,394.54,1,96.54,98.15,99.1,362.61,98.84,6227,100.0
2025-10-21 12:32:00,73.24,62.43,54.48,333.13,2,99.35,99.8,99.47,421.98,99.45,7470,100.0
2025-10-21 12:33:00,72.31,65.15,48.43,311.3,1,97.68,98.31,99.85,426.22,98.87,6139,100.0
2025-10-21 12:34:00,71.48,64.1,55.93,310.21,2,97.88,99.85,99.3,431.05,98.55,6167,100.0
2025-10-21 12:35:00,72.21,61.31,52.56,314.76,1,98.95,99.4,99.95,431.09,99.19,7388,100.0
2025-10-21 12:36:00,67.65,64.18,50.22,389.43,2,97.25,99.93,99.98,383.14,98.61,6526,100.0
2025-10-21 12:37:00,70.82,65.61,50.36,313.77,0,98.03,99.77,99.04,396.69,99.19,7651,100.0
2025-10-21 12:38:00,66.87,62.81,66.27,401.74,4,98.68,99.92,99.7,380.82,98.92,6192,100.0
2025-10-21 12:39:00,67.3,66.36,56.48,304.28,4,98.46,99.99,99.03,386.72,98.74,6787,100.0
2025-10-21 12:40:00,70.85,63.29,63.16,308.91,0,96.09,99.38,99.53,423.52,99.0,6443,100.0
2025-10-21 12:41:00,72.8,61.57,64.46,323.76,1,96.2,98.07,99.5,416.56,98.51,6592,100.0
2025-10-21 12:42:00,63.93,61.66,57.79,355.45,1,98.0,99.78,99.47,327.17,98.59,7887,100.0
2025-10-21 12:43:00,71.91,61.49,51.39,386.93,1,98.85,98.79,99.04,408.23,99.4,7046,100.0
2025-10-21 12:44:00,74.67,65.63,55.89,332.99,4,97.34,99.37,99.25,444.27,99.46,7251,100.0
2025-10-21 12:45:00,75.8,65.32,61.81,365.76,1,97.01,100.0,99.27,447.28,99.12,7021,100.0
2025-10-21 12:46:00,66.39,62.74,50.99,322.0,2,99.88,99.59,99.25,360.24,99.36,6714,100.0
2025-10-21 12:47:00,72.05,64.24,55.4,370.82,1,99.26,98.23,99.46,423.68,99.21,6821,100.0
2025-10-21 12:48:00,70.92,64.5,63.17,354.88,1,97.38,99.08,99.2,427.29,99.4,6065,100.0
2025-10-21 12:49:00,71.01,65.03,51.3,354.36,1,98.46,99.99,99.37,412.23,98.83,7753,100.0
2025-10-21 12:50:00,73.78,60.74,47.69,364.18,2,96.21,98.59,99.46,428.42,98.55,6173,100.0
2025-10-21 12:51:00,73.27,65.66,49.3,326.19,4,99.83,98.27,99.97,430.35,99.45,6917,100.0
2025-10-21 12:52:00,73.62,64.76,55.73,386.21,1,98.35,99.73,99.65,448.23,99.4,7501,100.0
2025-10-21 12:53:00,72.31,65.89,63.41,382.23,0,96.96,99.11,99.71,415.21,98.59,6622,100.0
2025-10-21 12:54:00,74.57,62.6,53.89,342.87,2,96.08,98.88,99.22,426.84,98.97,6411,100.0
2025-10-21 12:55:00,69.84,61.9,58.39,400.67,3,96.67,98.57,99.4,404.23,98.5,7706,100.0
2025-10-21 12:56:00,71.71,60.95,63.59,329.89,2,96.78,98.84,99.7,422.98,99.17,7760,100.0
2025-10-21 12:57:00,66.52,63.36,60.82,365.14,1,96.24,98.24,99.34,349.87,98.93,6357,100.0
2025-10-21 12:58:00,69.33,63.39,65.5,355.71,2,97.99,98.05,99.97,411.89,98.88,7908,100.0
2025-10-21 12:59:00,66.74,64.32,50.16,326.29,2,97.66,98.46,99.68,355.13,99.34,6534,100.0
2025-10-21 13:00:00,69.88,59.43,54.0,325.63,1,99.32,98.34,99.09,386.85,98.6,7041,100.0
2025-10-21 13:01:00,74.05,59.58,54.39,334.47,1,99.58,98.04,99.77,430.66,98.88,6840,100.0
2025-10-21 13:02:00,65.56,61.35,61.86,310.57,3,96.69,99.97,99.18,358.34,99.07,6745,100.0
2025-10-21 13:03:00,74.24,64.85,62.32,396.02,1,99.06,98.76,99.19,441.69,99.43,6342,100.0
2025-10-21 13:04:00,66.1,64.89,65.13,327.81,1,99.26,98.02,99.22,369.28,98.91,6660,100.0
2025-10-21 13:05:00,74.85,66.35,66.08,332.88,2,98.44,98.05,99.71,457.82,99.29,6345,100.0
2025-10-21 13:06:00,73.34,63.2,46.78,313.06,3,98.63,98.35,99.54,451.7,99.13,6099,100.0
2025-10-21 13:07:00,75.34,61.28,60.81,355.51,1,96.71,99.72,99.87,451.99,98.6,7768,100.0
2025-10-21 13:08:00,66.25,60.07,53.7,346.35,2,98.31,98.6,99.75,346.62,98.69,7602,100.0
2025-10-21 13:09:00,66.23,63.31,64.81,349.3,1,99.29,98.7,99.72,373.43,99.0,7566,100.0
2025-10-21 13:10:00,72.04,61.14,51.65,366.08,3,99.53,99.47,99.31,416.22,99.17,7788,100.0
2025-10-21 13:11:00,64.79,61.59,46.38,317.98,1,98.65,99.8,99.97,336.61,99.25,7852,100.0
2025-10-21 13:12:00,74.02,61.09,64.5,351.85,0,97.8,98.65,99.28,441.85,98.98,6963,100.0
2025-10-21 13:13:00,65.05,64.19,54.8,377.94,2,99.64,99.52,99.11,358.58,98.52,6055,100.0
2025-10-21 13:14:00,73.73,64.67,58.08,301.78,1,97.92,98.34,99.58,434.69,99.45,7872,100.0
2025-10-21 13:15:00,70.71,63.91,48.81,322.63,2,98.28,99.87,99.35,394.57,99.44,6922,100.0
2025-10-21 13:16:00,72.33,63.89,52.48,295.14,1,96.57,98.79,99.1,441.62,98.55,6802,100.0
2025-10-21 13:17:00,66.06,63.71,47.01,351.86,3,96.35,99.46,99.22,358.52,99.48,7639,100.0
2025-10-21 13:18:00,69.99,67.04,53.0,366.01,1,98.27,98.71,99.58,402.27,99.04,6246,100.0
2025-10-21 13:19:00,70.09,65.39,52.99,347.82,3,99.46,99.66,99.75,399.53,99.26,6957,100.0
2025-10-21 13:20:00,74.47,63.15,63.75,312.97,0,98.19,99.3,99.15,443.58,98.59,7204,100.0
2025-10-21 13:21:00,73.9,64.69,53.92,401.14,6,98.73,99.18,99.63,432.74,96.93,7116,100.0
2025-10-21 13:22:00,66.67,61.83,47.01,303.19,3,98.25,99.41,99.95,383.17,98.56,6496,100.0
2025-10-21 13:23:00,66.11,64.16,60.83,333.92,3,96.44,98.6,99.03,372.38,98.55,7497,100.0
2025-10-21 13:24:00,71.69,62.81,62.48,331.64,2,96.54,98.13,99.79,423.93,98.91,7792,100.0
2025-10-21 13:25:00,69.03,64.2,64.11,383.69,3,97.03,98.87,99.21,371.85,99.09,7728,100.0
2025-10-21 13:26:00,68.73,61.85,58.4,391.95,0,97.4,99.33,99.13,376.73,99.04,7906,100.0
2025-10-21 13:27:00,67.39,62.56,53.51,387.32,0,98.26,99.69,99.99,381.84,98.88,6823,100.0
2025-10-21 13:28:00,73.55,65.78,55.49,377.44,5,96.49,98.97,99.16,438.57,99.15,7051,100.0
2025-10-21 13:29:00,63.71,59.11,46.61,307.1,2,96.21,99.27,99.65,324.13,99.42,7600,100.0
2025-10-21 13:30:00,69.5,62.03,62.27,310.52,2,99.45,98.44,99.1,399.73,98.67,6149,100.0
2025-10-21 13:31:00,67.7,60.14,51.66,318.13,0,98.24,98.05,99.97,370.64,99.2,7620,100.0
2025-10-21 13:32:00,74.28,62.16,66.8,306.84,2,98.79,99.71,99.96,441.76,99.47,6823,100.0
2025-10-21 13:33:00,66.33,62.45,58.15,341.56,2,99.81,99.0,99.25,373.69,98.84,7632,100.0
2025-10-21 13:34:00,65.78,60.39,59.0,337.71,2,98.88,99.25,99.8,363.54,98.67,7340,100.0
2025-10-21 13:35:00,68.48,62.45,64.0,333.83,2,97.81,99.19,99.41,380.45,99.32,6059,100.0
2025-10-21 13:36:00,75.11,63.15,64.68,324.42,3,96.24,98.18,99.26,461.57,99.01,6911,100.0
2025-10-21 13:37:00,70.25,64.9,47.21,366.5,3,96.06,98.46,99.61,402.57,99.03,6463,100.0
2025-10-21 13:38:00,67.72,61.33,58.27,303.15,1,96.43,98.42,99.61,386.49,99.16,6950,100.0
2025-10-21 13:39:00,66.4,66.41,50.24,371.24,3,96.12,99.23,99.61,373.06,98.51,7635,100.0
2025-10-21 13:40:00,67.84,63.35,55.28,308.31,0,99.13,98.31,99.17,391.59,99.11,7209,100.0
2025-10-21 13:41:00,70.22,63.73,58.46,398.91,1,96.23,99.32,99.55,386.64,98.86,6357,100.0
2025-10-21 13:42:00,72.19,60.32,51.41,302.84,4,99.22,99.41,99.24,423.16,99.06,6902,100.0
2025-10-21 13:43:00,66.66,61.24,51.49,300.35,6,98.85,98.72,99.85,380.89,97.4,6010,100.0
2025-10-21 13:44:00,68.8,62.42,50.38,368.64,2,97.47,99.24,99.61,371.11,99.35,7196,100.0
2025-10-21 13:45:00,73.29,64.9,56.51,389.04,5,99.64,99.45,99.28,426.54,99.19,6955,100.0
2025-10-21 13:46:00,69.26,63.99,60.2,312.61,0,98.36,99.48,99.15,387.45,99.37,7888,100.0
2025-10-21 13:47:00,70.71,61.36,52.33,329.17,1,98.33,98.25,99.89,411.95,99.1,7974,100.0
2025-10-21 13:48:00,68.5,61.92,56.97,354.05,2,98.76,98.91,99.69,384.08,99.48,6669,100.0
2025-10-21 13:49:00,75.02,60.53,59.87,346.37,3,99.29,98.43,99.03,438.87,98.98,7484,100.0
2025-10-21 13:50:00,71.12,65.65,57.68,367.41,4,99.44,99.94,99.13,414.33,99.29,7066,100.0
2025-10-21 13:51:00,68.85,63.75,51.16,333.68,6,98.55,99.18,99.62,375.2,96.78,6573,100.0
2025-10-21 13:52:00,74.9,61.63,52.46,305.4,3,97.06,98.44,99.35,461.19,99.15,7571,100.0
2025-10-21 13:53:00,70.91,61.6,50.64,301.29,3,99.05,98.09,99.11,406.7,98.98,7632,100.0
2025-10-21 13:54:00,66.38,61.05,47.59,324.35,3,97.29,98.82,99.71,364.45,98.51,7844,100.0
2025-10-21 13:55:00,66.12,65.97,47.02,379.39,2,96.95,99.56,99.89,362.34,98.85,6119,100.0
2025-10-21 13:56:00,64.4,63.13,54.56,295.44,0,98.8,98.13,99.87,336.44,98.59,7519,100.0
2025-10-21 13:57:00,71.19,62.55,55.07,306.88,3,98.61,99.59,99.63,408.66,98.89,6239,100.0
2025-10-21 13:58:00,68.17,65.71,58.49,351.4,0,97.53,99.28,99.09,380.08,99.49,7433,100.0
2025-10-21 13:59:00,71.23,63.77,47.63,399.51,2,96.83,98.37,99.52,400.56,99.2,7090,100.0
2025-10-21 14:00:00,69.02,62.38,46.71,401.12,2,98.8,98.57,99.99,408.22,99.24,7942,100.0
2025-10-21 14:01:00,65.61,61.34,50.62,304.95,1,99.43,99.54,99.38,336.82,98.51,6407,100.0
2025-10-21 14:02:00,67.75,62.3,50.44,300.5,2,99.06,99.87,99.91,362.96,99.0,6185,100.0
2025-10-21 14:03:00,74.16,60.95,49.5,386.63,2,97.94,99.63,99.57,426.88,98.67,7728,100.0
2025-10-21 14:04:00,70.59,64.59,67.4,342.27,1,96.49,99.57,99.84,412.63,98.66,6481,100.0
2025-10-21 14:05:00,74.36,61.92,62.62,329.81,2,99.08,98.34,99.22,441.95,99.08,6651,100.0
2025-10-21 14:06:00,64.0,62.51,55.13,362.86,3,98.52,99.35,99.52,347.6,98.82,6297,100.0
2025-10-21 14:07:00,71.92,61.68,55.41,350.56,2,99.96,99.43,99.43,406.9,98.58,7344,100.0
2025-10-21 14:08:00,67.72,62.75,58.35,359.11,2,96.4,99.1,99.58,365.84,98.89,7654,100.0
2025-10-21 14:09:00,65.75,62.06,63.92,346.75,2,96.87,99.52,99.75,339.93,98.82,6797,100.0
2025-10-21 14:10:00,73.97,65.76,61.33,365.19,1,98.29,98.72,99.35,447.21,98.96,7504,100.0
2025-10-21 14:11:00,70.2,61.82,56.44,401.19,2,99.71,98.25,99.25,392.47,99.07,6821,100.0
2025-10-21 14:12:00,66.2,63.8,56.35,350.42,0,98.56,98.86,99.41,365.88,99.11,6030,100.0
2025-10-21 14:13:00,65.57,60.9,58.87,354.24,4,99.32,98.48,99.46,343.43,99.41,6815,100.0
2025-10-21 14:14:00,68.12,66.17,54.03,369.84,5,99.7,99.25,99.87,388.59,98.7,7219,100.0
2025-10-21 14:15:00,64.9,63.42,53.17,310.12,6,99.6,99.76,99.75,366.08,97.05,6895,100.0
2025-10-21 14:16:00,71.37,62.21,58.69,371.82,2,98.58,99.82,99.01,399.1,98.62,7846,100.0
2025-10-21 14:17:00,72.13,66.09,58.16,348.68,1,97.53,98.93,99.3,416.14,98.58,6395,100.0
2025-10-21 14:18:00,67.92,62.9,48.39,361.17,3,96.55,98.31,99.97,386.09,98.54,6273,100.0
2025-10-21 14:19:00,69.25,60.79,61.47,354.29,2,98.36,99.43,99.37,392.71,99.34,6297,100.0
2025-10-21 14:20:00,69.97,58.57,57.35,300.01,0,98.9,99.28,99.89,400.51,99.03,7414,100.0
2025-10-21 14:21:00,68.85,60.68,51.21,326.87,5,96.91,99.12,99.88,387.1,99.01,6268,100.0
2025-10-21 14:22:00,66.66,63.93,45.33,387.94,0,99.78,99.1,99.7,354.11,99.15,7763,100.0
2025-10-21 14:23:00,65.09,59.78,50.77,309.65,0,98.71,98.43,99.67,365.37,99.15,6238,100.0
2025-10-21 14:24:00,66.52,60.48,62.68,364.69,0,97.9,98.64,99.98,384.33,98.82,6704,100.0
2025-10-21 14:25:00,72.32,63.87,51.59,372.66,2,98.8,99.34,99.51,431.36,98.96,6232,100.0
2025-10-21 14:26:00,65.07,63.84,52.78,306.52,3,96.61,98.92,99.89,338.19,99.07,7923,100.0
2025-10-21 14:27:00,70.66,62.11,59.62,378.91,5,98.42,99.22,99.78,419.54,98.53,7466,100.0
2025-10-21 14:28:00,72.83,60.77,55.54,385.3,2,99.22,99.5,99.62,409.08,99.22,7546,100.0
2025-10-21 14:29:00,73.21,65.33,55.6,404.3,6,97.31,98.5,99.51,435.25,96.74,7845,100.0
2025-10-21 14:30:00,70.56,61.25,64.86,337.74,3,96.73,98.56,99.52,417.22,98.93,6407,100.0
2025-10-21 14:31:00,68.49,65.94,57.08,325.59,2,97.22,99.86,99.23,381.7,99.46,6637,100.0
2025-10-21 14:32:00,64.74,62.74,62.95,338.4,3,97.04,98.76,99.44,361.92,98.85,7270,100.0
2025-10-21 14:33:00,68.22,62.33,60.05,381.64,3,98.88,99.38,99.69,399.57,99.23,6603,100.0
2025-10-21 14:34:00,64.11,64.58,46.27,363.99,4,98.98,98.69,99.9,327.65,98.82,6997,100.0
2025-10-21 14:35:00,71.15,63.28,48.6,306.37,2,97.72,99.33,99.43,429.32,98.76,7254,100.0
2025-10-21 14:36:00,67.61,61.06,47.95,340.21,1,97.8,98.84,99.13,361.38,99.15,7413,100.0
2025-10-21 14:37:00,75.18,61.1,49.12,309.02,2,99.19,99.37,99.99,437.3,98.56,6549,100.0
2025-10-21 14:38:00,68.67,61.84,49.54,334.49,4,99.36,98.09,99.91,388.26,98.67,6903,100.0
2025-10-21 14:39:00,73.12,60.45,49.55,302.63,1,99.06,99.84,99.93,415.47,99.06,6194,100.0
2025-10-21 14:40:00,71.67,66.2,63.32,334.1,1,97.58,98.48,99.94,412.88,99.15,7463,100.0
2025-10-21 14:41:00,73.03,64.64,52.08,370.08,2,97.03,99.86,99.29,427.79,98.69,6277,100.0
2025-10-21 14:42:00,74.45,62.15,52.73,357.72,2,97.96,99.07,99.78,447.08,98.74,6247,100.0
2025-10-21 14:43:00,72.95,63.74,45.04,375.04,2,99.12,98.4,99.73,410.18,99.3,6046,100.0
2025-10-21 14:44:00,65.79,62.3,50.89,395.41,2,97.63,98.25,99.76,351.16,99.25,6743,100.0
2025-10-21 14:45:00,73.99,60.36,45.14,355.02,2,98.16,99.82,99.01,426.62,99.31,7787,100.0
2025-10-21 14:46:00,71.95,64.29,61.97,392.25,1,97.45,99.34,99.21,431.87,98.72,6020,100.0
2025-10-21 14:47:00,69.21,63.7,52.12,370.53,1,96.36,99.42,99.39,408.59,99.04,6696,100.0
2025-10-21 14:48:00,70.06,62.83,61.12,315.71,1,97.18,98.86,99.96,406.68,99.28,6651,100.0
2025-10-21 14:49:00,66.08,61.27,50.77,356.5,3,98.82,99.31,99.19,377.56,98.7,7473,100.0
2025-10-21 14:50:00,68.3,64.25,47.55,299.2,1,98.75,99.52,99.85,392.79,99.42,7496,100.0
2025-10-21 14:51:00,72.93,60.08,54.56,392.22,2,99.49,99.4,99.17,410.29,98.76,7831,100.0
2025-10-21 14:52:00,70.05,66.06,55.85,323.38,2,96.64,98.02,99.29,416.08,99.03,7264,100.0
2025-10-21 14:53:00,74.46,63.25,63.0,333.57,1,98.9,99.32,99.19,440.16,98.81,6188,100.0
2025-10-21 14:54:00,67.07,62.09,57.93,406.85,3,98.74,99.38,99.79,351.7,99.44,6140,100.0
2025-10-21 14:55:00,71.96,67.16,57.95,317.34,1,96.35,98.85,99.33,432.17,98.61,7365,100.0
2025-10-21 14:56:00,68.65,64.86,61.08,315.01,2,98.41,99.19,99.01,380.22,99.47,7110,100.0
2025-10-21 14:57:00,72.63,62.78,44.87,299.27,2,98.46,99.62,99.75,416.16,98.76,7935,100.0
2025-10-21 14:58:00,72.91,60.72,49.6,316.44,0,99.42,99.16,99.26,443.0,99.3,6201,100.0
2025-10-21 14:59:00,72.16,64.87,61.03,375.89,1,99.38,99.8,99.28,402.48,99.36,6754,100.0
2025-10-21 15:00:00,67.98,61.38,56.15,301.99,5,96.2,98.2,99.32,379.93,99.49,6870,100.0
2025-10-21 15:01:00,68.93,63.18,48.3,386.71,3,97.93,99.16,99.75,375.5,99.36,7919,100.0
2025-10-21 15:02:00,75.42,63.62,67.68,377.18,3,99.18,99.13,99.8,440.44,99.04,7533,100.0
2025-10-21 15:03:00,75.55,65.81,63.96,328.1,2,96.44,99.72,99.11,441.07,98.75,7145,100.0
2025-10-21 15:04:00,70.25,60.84,51.11,312.34,2,99.38,99.96,99.12,383.23,99.29,6381,100.0
2025-10-21 15:05:00,69.51,63.1,65.31,370.79,0,96.06,98.4,99.32,394.5,99.34,6629,100.0
2025-10-21 15:06:00,63.58,64.6,47.27,321.23,0,97.96,99.86,99.1,333.47,98.52,7541,100.0
2025-10-21 15:07:00,70.32,63.38,54.36,385.31,3,96.76,98.63,99.09,400.53,99.11,6237,100.0
2025-10-21 15:08:00,69.2,61.95,64.68,373.32,0,97.63,99.35,99.57,396.76,99.07,7596,100.0
2025-10-21 15:09:00,68.48,64.46,66.1,340.37,2,99.74,98.05,99.22,384.1,98.9,7258,100.0
2025-10-21 15:10:00,71.04,63.93,57.4,326.68,1,96.79,99.48,99.28,410.16,98.83,7013,100.0
2025-10-21 15:11:00,66.2,64.27,50.89,351.39,4,99.23,98.1,99.89,365.49,99.35,6020,100.0
2025-10-21 15:12:00,71.2,63.31,48.66,348.41,2,96.33,99.03,99.62,403.81,99.45,7040,100.0
2025-10-21 15:13:00,68.44,61.86,58.45,345.62,1,98.27,99.2,99.14,388.51,99.45,7956,100.0
2025-10-21 15:14:00,67.22,61.03,55.02,362.57,2,98.59,98.89,99.45,361.16,99.49,6950,100.0
2025-10-21 15:15:00,70.48,61.43,56.44,326.31,1,96.01,99.14,99.39,420.76,98.54,6086,100.0
2025-10-21 15:16:00,68.88,64.36,56.62,392.84,0,99.25,98.34,99.39,376.43,99.2,7356,100.0
2025-10-21 15:17:00,70.99,64.57,59.3,380.18,1,96.61,98.86,99.7,417.51,99.21,6617,100.0
2025-10-21 15:18:00,73.26,61.17,56.88,369.11,3,97.29,99.31,99.93,417.69,99.06,7795,100.0
2025-10-21 15:19:00,67.45,64.05,64.75,397.27,1,96.42,99.17,99.12,360.43,99.27,7501,100.0
2025-10-21 15:20:00,72.69,65.2,66.28,388.86,2,98.55,98.67,99.77,410.66,99.28,6063,100.0
2025-10-21 15:21:00,69.54,64.84,47.29,349.58,2,99.74,99.75,99.74,382.81,98.8,6993,100.0
2025-10-21 15:22:00,68.65,61.81,57.03,322.69,3,99.86,98.0,99.33,393.7,98.55,6166,100.0
2025-10-21 15:23:00,66.2,63.82,64.35,357.72,2,96.09,99.78,99.1,382.01,98.66,7349,100.0
2025-10-21 15:24:00,72.2,61.99,51.95,319.45,2,100.0,98.65,99.42,441.58,98.87,6732,100.0
2025-10-21 15:25:00,73.76,62.23,51.15,344.72,1,97.5,98.69,99.24,443.73,98.79,7213,100.0
2025-10-21 15:26:00,66.16,59.89,45.62,354.37,1,98.46,99.96,99.07,361.18,99.23,6092,100.0
2025-10-21 15:27:00,72.81,65.89,47.79,382.34,1,97.97,98.14,99.52,408.83,99.23,6975,100.0
2025-10-21 15:28:00,67.23,60.05,59.32,312.97,2,98.16,98.85,99.67,368.89,99.32,7459,100.0
2025-10-21 15:29:00,70.22,65.12,62.39,352.25,0,98.26,98.71,99.54,408.08,99.14,7347,100.0
2025-10-21 15:30:00,66.21,63.25,53.46,372.75,0,96.77,99.12,99.5,352.76,98.91,6069,100.0
2025-10-21 15:31:00,65.69,60.81,57.86,387.99,1,98.83,99.71,99.14,352.38,98.66,6212,100.0
2025-10-21 15:32:00,72.05,66.11,54.95,391.11,1,98.81,98.74,99.32,427.31,98.83,7145,100.0
2025-10-21 15:33:00,68.08,64.77,52.33,353.92,0,99.17,99.24,99.19,369.4,98.76,7153,100.0
2025-10-21 15:34:00,70.22,64.05,45.15,333.13,2,96.84,98.12,99.57,408.05,98.66,6666,100.0
2025-10-21 15:35:00,68.67,65.19,50.26,356.67,3,99.29,99.48,99.7,369.34,98.54,7390,100.0
2025-10-21 15:36:00,68.22,64.19,60.41,368.39,2,99.63,98.32,99.7,397.09,98.81,7660,100.0
2025-10-21 15:37:00,69.58,65.71,48.65,371.81,6,98.11,98.53,99.99,377.98,96.86,6595,100.0
2025-10-21 15:38:00,69.41,66.05,55.2,389.14,2,97.7,98.52,99.29,381.59,98.84,7248,100.0
2025-10-21 15:39:00,68.67,64.12,65.54,336.71,1,97.57,99.45,99.22,373.95,98.88,7637,100.0
2025-10-21 15:40:00,74.49,61.24,47.3,342.14,2,96.5,98.09,99.85,462.83,98.62,6426,100.0
2025-10-21 15:41:00,66.02,65.36,65.29,326.78,1,98.01,99.36,99.5,378.23,98.6,7597,100.0
2025-10-21 15:42:00,70.97,64.74,59.2,371.98,4,98.15,99.52,99.82,403.17,99.3,7628,100.0
2025-10-21 15:43:00,65.83,63.17,48.22,301.73,2,99.31,99.01,99.86,372.01,99.38,7537,100.0
2025-10-21 15:44:00,67.71,61.21,60.52,313.71,2,99.5,98.28,99.4,368.4,98.51,6569,100.0
2025-10-21 15:45:00,69.15,60.82,57.68,340.07,0,98.82,99.46,99.83,390.88,99.47,7828,100.0
2025-10-21 15:46:00,63.02,62.76,55.29,383.69,5,99.19,99.57,99.21,340.77,99.08,6219,100.0
2025-10-21 15:47:00,71.9,66.99,58.01,388.26,0,98.91,99.89,99.5,412.46,99.15,7832,100.0
2025-10-21 15:48:00,66.2,62.71,56.45,392.63,3,98.7,99.51,99.33,348.62,99.0,6713,100.0
2025-10-21 15:49:00,66.46,64.94,54.84,379.63,3,97.56,98.97,99.59,376.21,99.35,6156,100.0
2025-10-21 15:50:00,71.93,62.35,61.09,375.23,0,98.43,98.97,99.95,411.2,98.71,7794,100.0
2025-10-21 15:51:00,66.86,64.4,52.37,358.64,3,97.57,98.86,99.63,364.87,98.6,7894,100.0
2025-10-21 15:52:00,67.68,59.96,46.21,305.9,1,97.68,99.25,99.63,356.76,99.42,7645,100.0
2025-10-21 15:53:00,73.68,61.44,58.34,312.02,1,97.3,98.98,99.59,439.22,98.6,6843,100.0
2025-10-21 15:54:00,67.62,62.33,52.56,356.35,2,97.76,98.33,99.75,362.89,98.98,7386,100.0
2025-10-21 15:55:00,69.17,61.87,59.16,314.87,3,99.72,98.94,100.0,378.0,99.21,7305,100.0
2025-10-21 15:56:00,73.66,62.05,63.53,326.07,0,97.19,99.19,99.85,431.98,99.41,6488,100.0
2025-10-21 15:57:00,71.53,64.11,51.08,300.68,1,99.6,99.91,99.74,424.39,98.74,6147,100.0
2025-10-21 15:58:00,72.08,64.88,54.46,315.79,3,96.87,98.34,99.74,423.84,98.9,6984,100.0
2025-10-21 15:59:00,71.86,62.46,54.93,336.08,2,97.57,98.77,99.29,438.57,98.57,7285,100.0
2025-10-21 16:00:00,74.5,62.68,62.83,326.77,1,97.37,98.79,99.37,441.43,99.21,6491,100.0
2025-10-21 16:01:00,64.84,62.68,54.62,304.3,0,98.04,98.47,99.88,335.37,98.52,6895,100.0
2025-10-21 16:02:00,70.02,62.41,49.85,299.61,3,98.61,98.24,99.29,406.48,99.33,6641,100.0
2025-10-21 16:03:00,72.91,64.01,52.9,387.27,3,99.39,98.59,99.04,444.33,99.33,6733,100.0
2025-10-21 16:04:00,66.35,62.96,48.28,362.58,0,98.52,99.35,99.49,350.46,98.6,6626,100.0
2025-10-21 16:05:00,68.65,63.1,45.02,366.11,2,99.37,99.57,99.98,381.4,99.41,6174,100.0
2025-10-21 16:06:00,68.47,63.05,48.47,381.95,2,98.52,98.82,99.51,394.45,98.73,6409,100.0
2025-10-21 16:07:00,69.63,61.33,48.27,336.4,2,98.35,99.21,99.75,411.87,98.94,6685,100.0
2025-10-21 16:08:00,65.39,64.6,61.84,340.25,1,99.4,99.75,99.27,358.77,98.76,6450,100.0
2025-10-21 16:09:00,64.49,62.92,48.28,297.64,0,97.26,99.34,99.2,360.43,98.79,6662,100.0
2025-10-21 16:10:00,65.03,61.24,62.48,365.3,1,97.82,98.46,99.72,369.15,99.32,6070,100.0
2025-10-21 16:11:00,67.36,59.56,45.99,303.9,1,97.6,98.81,99.77,359.22,98.66,7253,100.0
2025-10-21 16:12:00,72.37,61.11,52.19,336.28,2,97.04,99.81,99.31,431.63,98.85,6870,100.0
2025-10-21 16:13:00,67.6,64.69,60.98,303.42,0,99.69,99.78,99.51,375.72,99.31,6276,100.0
2025-10-21 16:14:00,72.1,59.93,57.52,354.0,5,98.52,99.75,99.07,423.31,98.61,6053,100.0
2025-10-21 16:15:00,73.93,65.69,60.15,396.6,0,96.42,99.73,99.5,430.24,99.24,7788,100.0
2025-10-21 16:16:00,68.83,62.49,64.29,366.53,1,98.74,98.44,99.65,370.03,98.8,7347,100.0
2025-10-21 16:17:00,67.15,61.82,64.24,370.71,1,97.37,99.15,99.16,370.76,98.91,6953,100.0
2025-10-21 16:18:00,72.95,61.75,53.33,338.33,7,96.86,99.14,99.69,424.97,97.35,7921,100.0
2025-10-21 16:19:00,70.34,62.47,62.5,300.65,0,99.38,99.46,99.42,418.94,98.85,7267,100.0
2025-10-21 16:20:00,66.72,64.65,48.54,311.71,1,99.58,98.2,99.62,360.78,99.3,7179,100.0
2025-10-21 16:21:00,69.36,66.26,47.81,360.18,3,96.09,98.07,99.99,412.82,98.83,6581,100.0
2025-10-21 16:22:00,68.28,64.17,62.9,372.54,4,97.13,99.36,99.96,385.99,99.41,6028,100.0
2025-10-21 16:23:00,72.06,64.46,57.74,388.99,2,98.22,99.81,99.07,424.79,99.27,6230,100.0
2025-10-21 16:24:00,67.44,60.96,49.67,311.56,5,99.83,98.78,99.88,384.89,98.84,6213,100.0
2025-10-21 16:25:00,70.96,60.17,51.01,345.73,4,98.75,98.88,99.86,405.34,98.97,6865,100.0
2025-10-21 16:26:00,71.77,65.15,55.58,309.42,2,96.75,98.07,99.69,437.37,99.42,7366,100.0
2025-10-21 16:27:00,71.38,60.01,56.42,295.91,6,99.17,98.54,99.88,397.78,96.68,7441,100.0
2025-10-21 16:28:00,70.21,64.75,51.02,382.37,3,97.47,98.53,99.15,397.65,98.85,7457,100.0
2025-10-21 16:29:00,70.65,65.23,48.58,304.32,1,99.15,99.01,99.49,401.0,98.87,6862,100.0
2025-10-21 16:30:00,71.59,60.75,46.76,317.55,1,96.57,98.65,99.31,427.94,99.34,6386,100.0
2025-10-21 16:31:00,66.26,63.82,62.11,396.46,0,97.65,99.47,99.83,345.06,99.18,6577,100.0
2025-10-21 16:32:00,66.56,64.41,60.8,384.1,1,97.04,98.94,99.69,360.89,99.04,7048,100.0
2025-10-21 16:33:00,65.85,63.14,53.98,376.78,1,97.96,99.4,99.09,370.17,98.72,7006,100.0
2025-10-21 16:34:00,69.35,60.12,48.78,358.41,3,98.15,99.14,99.53,392.59,98.84,7817,100.0
2025-10-21 16:35:00,70.17,63.67,59.8,310.09,5,99.25,98.52,99.66,385.84,98.52,6191,100.0
2025-10-21 16:36:00,70.91,59.18,48.88,333.52,1,99.98,98.57,99.72,397.88,99.38,6775,100.0
2025-10-21 16:37:00,75.04,62.83,47.21,356.88,1,96.94,99.57,99.04,450.03,99.03,7377,100.0
2025-10-21 16:38:00,65.12,61.66,56.08,391.58,0,96.68,99.34,99.37,356.15,99.5,7973,100.0
2025-10-21 16:39:00,68.05,62.66,63.61,306.79,2,99.98,99.47,99.39,393.67,98.99,7745,100.0
2025-10-21 16:40:00,66.6,62.58,50.96,310.37,8,96.51,98.73,99.45,383.46,97.16,7750,100.0
2025-10-21 16:41:00,71.84,61.31,59.64,315.86,4,99.0,98.4,99.55,415.76,99.06,6271,100.0
2025-10-21 16:42:00,71.99,64.35,57.62,401.41,2,98.22,98.19,99.3,409.14,98.72,7277,100.0
2025-10-21 16:43:00,67.68,60.15,62.58,381.57,2,96.43,98.55,99.22,391.71,99.49,7633,100.0
2025-10-21 16:44:00,73.3,66.14,58.63,318.49,1,97.33,99.82,99.61,440.1,98.51,6997,100.0
2025-10-21 16:45:00,70.88,65.41,55.22,405.51,4,99.24,98.32,99.46,392.82,99.12,6937,100.0
2025-10-21 16:46:00,72.66,62.87,64.21,362.52,3,98.73,98.25,99.35,438.71,98.74,6986,100.0
2025-10-21 16:47:00,72.37,64.82,61.63,391.91,3,99.87,99.73,99.29,430.7,99.22,6862,100.0
2025-10-21 16:48:00,71.99,61.63,54.57,345.45,2,97.23,98.95,99.74,429.67,98.99,6233,100.0
2025-10-21 16:49:00,68.72,62.12,62.41,321.93,7,99.45,99.9,99.45,383.82,96.96,7319,100.0
2025-10-21 16:50:00,70.02,62.52,66.12,325.45,2,97.6,98.58,99.17,403.34,98.87,6924,100.0
2025-10-21 16:51:00,67.3,64.86,52.63,335.96,1,97.85,99.06,99.97,389.14,99.11,6077,100.0
2025-10-21 16:52:00,71.33,61.76,61.98,390.38,2,96.79,99.85,99.43,399.95,99.26,6438,100.0
2025-10-21 16:53:00,66.65,63.54,59.64,358.02,1,97.9,98.71,99.97,348.46,98.8,7883,100.0
2025-10-21 16:54:00,69.11,64.92,47.21,320.28,1,98.77,99.64,99.7,388.75,99.38,6275,100.0
2025-10-21 16:55:00,66.83,62.35,46.45,305.68,4,96.71,98.76,99.21,351.57,99.17,7162,100.0
2025-10-21 16:56:00,73.72,63.67,48.89,396.66,2,97.62,99.27,99.47,436.64,99.24,7227,100.0
2025-10-21 16:57:00,65.08,59.85,51.38,339.42,2,98.82,99.55,99.12,356.83,99.46,6385,100.0
2025-10-21 16:58:00,71.11,60.47,61.17,348.85,3,96.57,98.32,99.87,396.09,98.88,6668,100.0
2025-10-21 16:59:00,74.45,63.46,66.72,377.67,1,97.01,98.27,99.46,453.2,98.67,6260,100.0
2025-10-21 17:00:00,68.45,59.3,58.27,347.4,2,99.21,99.44,99.58,389.6,98.59,7712,100.0
2025-10-21 17:01:00,73.27,63.97,64.94,319.72,3,98.94,98.01,99.87,414.96,99.15,6754,100.0
2025-10-21 17:02:00,72.59,62.14,51.82,374.26,3,99.41,99.5,99.52,426.41,99.07,7656,100.0
2025-10-21 17:03:00,72.32,65.06,56.05,361.97,2,98.48,99.83,99.02,411.74,98.73,6653,100.0
2025-10-21 17:04:00,74.52,64.32,51.49,389.68,2,99.16,99.48,99.58,430.97,99.3,6615,100.0
2025-10-21 17:05:00,71.11,62.68,49.68,313.23,0,96.97,98.32,99.62,415.1,99.09,7283,100.0
2025-10-21 17:06:00,66.25,61.07,59.55,350.99,2,99.49,98.17,99.19,353.58,99.5,6833,100.0
2025-10-21 17:07:00,68.58,63.54,57.3,376.98,4,99.72,99.37,99.62,396.16,99.06,6318,100.0
2025-10-21 17:08:00,65.78,63.07,61.72,319.43,0,99.34,99.23,99.18,370.08,99.16,6668,100.0
2025-10-21 17:09:00,66.89,59.53,60.83,341.53,2,96.27,98.32,99.03,375.2,99.13,6421,100.0
2025-10-21 17:10:00,74.45,64.1,57.63,331.85,1,99.99,99.51,99.62,448.04,99.0,6514,100.0
2025-10-21 17:11:00,67.19,63.24,47.33,307.06,3,96.43,99.17,99.85,390.03,99.36,7355,100.0
2025-10-21 17:12:00,65.49,64.53,60.38,308.6,4,97.52,98.27,99.77,355.06,99.43,6416,100.0
2025-10-21 17:13:00,71.37,65.55,58.79,304.31,1,96.12,98.67,99.27,425.25,98.87,7465,100.0
2025-10-21 17:14:00,76.23,63.15,48.48,326.32,3,96.54,98.22,99.86,450.65,99.14,7032,100.0
2025-10-21 17:15:00,68.85,59.98,57.11,296.33,1,96.2,98.65,99.83,378.76,98.97,6035,100.0
2025-10-21 17:16:00,67.13,64.3,61.89,385.96,0,97.82,99.89,99.77,355.97,99.0,7844,100.0
2025-10-21 17:17:00,68.68,64.48,55.19,307.06,1,96.78,99.79,99.65,396.31,99.12,6773,100.0
2025-10-21 17:18:00,72.22,60.25,60.34,372.53,1,99.9,98.85,99.0,422.16,99.12,7552,100.0
2025-10-21 17:19:00,76.58,67.1,66.95,313.97,2,99.2,98.83,99.92,447.5,99.3,6273,100.0
2025-10-21 17:20:00,68.86,62.85,64.71,365.28,1,97.68,98.9,99.6,379.28,99.27,6196,100.0
2025-10-21 17:21:00,69.29,62.76,48.82,376.04,4,97.53,98.48,99.07,379.53,99.49,6813,100.0
2025-10-21 17:22:00,66.43,63.95,64.9,397.57,3,98.92,99.96,99.53,354.74,99.07,7381,100.0
2025-10-21 17:23:00,67.0,64.25,57.66,360.81,1,98.49,99.17,99.34,361.82,98.85,6979,100.0
2025-10-21 17:24:00,70.28,61.24,60.44,342.25,2,96.69,99.62,99.26,393.38,99.43,7315,100.0
2025-10-21 17:25:00,67.33,61.75,52.63,365.33,3,96.83,99.94,99.13,388.81,99.2,6146,100.0
2025-10-21 17:26:00,76.95,64.5,57.56,324.38,1,96.31,99.99,99.27,455.12,99.2,7643,100.0
2025-10-21 17:27:00,63.39,58.94,45.55,293.42,3,99.27,99.09,99.92,333.29,99.29,6814,100.0
2025-10-21 17:28:00,67.23,64.25,61.68,380.8,2,99.64,98.74,99.8,353.54,98.73,6691,100.0
2025-10-21 17:29:00,71.5,61.76,46.61,316.32,1,96.81,99.54,99.41,411.23,99.47,6893,100.0
2025-10-21 17:30:00,68.8,62.23,56.72,357.41,2,96.03,99.18,99.8,378.06,98.54,7614,100.0
2025-10-21 17:31:00,75.19,60.78,65.19,338.08,4,96.26,99.05,99.13,450.37,99.45,6589,100.0
2025-10-21 17:32:00,68.89,59.36,48.79,373.85,5,96.4,98.79,99.16,384.57,98.8,7198,100.0
2025-10-21 17:33:00,68.39,64.06,56.01,390.8,0,98.75,99.34,99.95,378.71,98.81,6344,100.0
2025-10-21 17:34:00,73.39,61.72,49.17,327.28,0,99.71,99.75,99.31,423.79,99.41,6003,100.0
2025-10-21 17:35:00,69.27,64.19,54.43,291.6,2,97.58,99.58,99.84,391.77,98.73,7199,100.0
2025-10-21 17:36:00,72.18,60.26,45.22,329.21,4,98.66,98.54,99.38,426.49,98.57,6590,100.0
2025-10-21 17:37:00,68.2,62.55,54.87,367.5,3,96.01,98.62,99.87,375.36,98.75,7087,100.0
2025-10-21 17:38:00,68.1,62.34,61.89,366.5,4,97.2,98.7,99.19,361.47,98.67,7616,100.0
2025-10-21 17:39:00,69.64,61.44,57.35,369.89,2,98.39,98.71,99.43,393.31,99.13,7144,100.0
2025-10-21 17:40:00,70.92,65.06,61.1,396.71,1,98.16,98.47,99.03,405.28,98.79,6527,100.0
2025-10-21 17:41:00,74.48,61.4,48.54,312.3,2,96.88,99.49,99.27,464.11,99.04,6384,100.0
2025-10-21 17:42:00,67.47,61.65,60.94,315.22,1,99.31,98.68,99.25,377.87,99.2,7625,100.0
2025-10-21 17:43:00,69.31,65.5,56.13,314.29,5,99.48,98.57,99.5,381.33,98.8,7373,100.0
2025-10-21 17:44:00,75.18,63.5,59.31,387.48,3,97.73,98.7,99.7,436.82,99.47,7557,100.0
2025-10-21 17:45:00,66.9,59.45,59.15,368.05,2,99.66,98.52,99.72,351.47,99.26,6254,100.0
2025-10-21 17:46:00,74.87,60.46,52.15,308.52,3,97.96,98.8,99.32,459.57,98.56,7293,100.0
2025-10-21 17:47:00,75.13,66.87,62.82,337.73,1,96.47,99.28,99.85,433.97,98.61,7131,100.0
2025-10-21 17:48:00,67.67,61.09,57.43,388.83,3,97.51,99.7,99.47,367.39,98.76,7135,100.0
2025-10-21 17:49:00,64.48,64.59,50.11,326.99,1,98.77,99.18,99.81,326.39,99.43,6661,100.0
2025-10-21 17:50:00,69.09,60.85,58.6,305.17,4,97.29,98.68,99.73,408.15,99.47,7891,100.0
2025-10-21 17:51:00,75.35,67.11,55.07,402.6,1,96.18,98.43,99.78,458.74,98.72,7483,100.0
2025-10-21 17:52:00,73.2,66.03,49.26,391.94,2,98.51,99.99,99.6,449.05,98.76,6796,100.0
2025-10-21 17:53:00,69.76,61.72,65.25,371.14,3,98.17,99.25,99.98,379.22,99.01,6196,100.0
2025-10-21 17:54:00,67.65,64.74,56.62,323.48,1,99.45,98.03,99.01,380.94,99.47,7711,100.0
2025-10-21 17:55:00,66.46,60.39,57.47,376.98,2,96.61,99.14,99.1,352.72,98.73,6887,100.0
2025-10-21 17:56:00,74.29,60.15,58.62,383.58,1,96.17,99.29,99.55,432.04,99.33,7471,100.0
2025-10-21 17:57:00,67.15,64.06,50.28,364.43,0,98.77,98.48,99.57,358.36,99.23,6121,100.0
2025-10-21 17:58:00,65.02,64.17,65.22,375.86,1,96.47,99.12,99.98,356.6,98.87,6292,100.0
2025-10-21 17:59:00,66.11,61.86,59.86,301.09,4,99.91,98.73,99.87,348.56,98.95,6088,100.0
2025-10-21 18:00:00,40.39,37.59,28.96,226.84,4,99.62,99.81,99.99,105.89,98.84,3480,100.0
2025-10-21 18:01:00,36.71,38.39,28.04,217.5,2,97.27,99.67,99.54,100.0,99.35,3885,100.0
2025-10-21 18:02:00,40.86,34.7,36.83,237.07,4,97.01,98.64,99.3,100.0,99.37,3837,100.0
2025-10-21 18:03:00,42.53,34.92,22.66,194.07,2,99.73,98.47,99.69,125.87,98.83,3565,100.0
2025-10-21 18:04:00,34.32,32.66,30.74,172.27,0,97.82,99.49,99.89,100.0,99.22,3728,100.0
2025-10-21 18:05:00,40.05,37.45,36.65,192.92,5,98.09,99.92,99.36,100.0,99.1,3442,100.0
2025-10-21 18:06:00,39.61,35.73,29.18,182.35,1,97.99,98.5,99.78,104.5,98.77,3194,100.0
2025-10-21 18:07:00,35.19,36.72,26.42,152.22,4,96.29,98.02,99.96,100.0,98.96,3789,100.0
2025-10-21 18:08:00,39.44,38.29,29.97,200.56,2,96.68,99.51,99.42,110.96,99.14,4128,100.0
2025-10-21 18:09:00,36.81,38.21,36.83,219.54,2,96.61,99.97,99.75,100.0,99.44,3182,100.0
2025-10-21 18:10:00,37.04,38.7,39.07,181.94,1,98.19,99.87,99.86,100.0,98.68,3421,100.0
2025-10-21 18:11:00,39.56,36.14,22.07,188.42,2,99.82,98.53,99.8,100.0,98.92,3980,100.0
2025-10-21 18:12:00,40.94,38.86,35.33,189.33,4,98.27,99.64,99.04,109.24,98.9,3424,100.0
2025-10-21 18:13:00,38.92,39.01,36.61,180.67,2,99.58,99.11,99.73,100.0,99.02,4390,100.0
2025-10-21 18:14:00,45.32,38.32,38.08,237.22,1,98.26,98.92,99.85,134.25,98.71,4763,100.0
2025-10-21 18:15:00,36.65,35.16,30.09,230.38,2,99.49,98.57,99.25,100.0,98.57,3768,100.0
2025-10-21 18:16:00,42.59,34.56,40.62,234.9,1,98.41,99.64,99.89,130.91,98.54,3962,100.0
2025-10-21 18:17:00,43.42,36.96,38.97,215.26,0,99.87,99.84,99.13,118.68,99.04,4514,100.0
2025-10-21 18:18:00,39.12,34.29,28.05,209.57,4,97.24,98.76,99.32,107.9,99.33,4158,100.0
2025-10-21 18:19:00,43.8,38.08,40.23,170.58,3,98.78,98.82,99.83,149.84,98.71,3367,100.0
2025-10-21 18:20:00,40.98,37.82,39.5,175.92,3,96.42,98.47,99.95,108.27,98.92,3026,100.0
2025-10-21 18:21:00,37.26,38.32,35.54,216.29,0,97.41,99.62,99.17,100.0,98.62,3338,100.0
2025-10-21 18:22:00,38.97,37.46,34.45,168.34,2,98.78,99.93,99.12,100.0,98.72,3443,100.0
2025-10-21 18:23:00,36.16,36.87,36.89,217.51,1,97.28,98.69,99.23,100.0,98.99,4668,100.0
2025-10-21 18:24:00,39.31,33.97,42.22,217.66,3,99.93,98.51,99.02,100.0,98.88,3522,100.0
2025-10-21 18:25:00,41.76,35.5,30.46,154.39,1,96.86,99.43,99.31,104.17,99.08,3429,100.0
2025-10-21 18:26:00,43.16,38.01,32.4,199.22,2,98.66,98.82,99.71,121.84,98.82,4793,100.0
2025-10-21 18:27:00,37.78,35.47,22.7,160.72,0,97.7,99.98,99.87,100.0,99.36,4188,100.0
2025-10-21 18:28:00,40.43,33.33,29.25,227.08,0,96.52,98.45,99.55,100.0,99.0,3603,100.0
2025-10-21 18:29:00,39.62,34.33,41.16,197.06,3,98.04,99.36,99.46,100.0,98.52,3655,100.0
2025-10-21 18:30:00,41.74,37.6,31.17,166.2,1,97.46,98.7,99.13,133.9,98.53,3880,100.0
2025-10-21 18:31:00,43.63,36.08,27.93,158.73,1,98.73,99.76,99.03,145.27,99.5,4279,100.0
2025-10-21 18:32:00,41.54,38.25,34.76,158.84,1,96.43,98.03,99.42,102.58,99.36,4500,100.0
2025-10-21 18:33:00,40.5,35.76,26.89,196.35,2,98.83,99.49,99.56,100.0,99.04,4005,100.0
2025-10-21 18:34:00,33.48,32.13,21.32,161.12,1,96.84,99.47,99.82,100.0,98.81,4688,100.0
2025-10-21 18:35:00,39.62,33.55,34.65,176.36,4,98.16,98.92,99.78,100.0,99.13,4521,100.0
2025-10-21 18:36:00,36.48,36.35,38.94,187.34,1,97.65,98.67,99.66,100.0,99.31,3384,100.0
2025-10-21 18:37:00,40.71,33.35,26.87,166.88,2,99.73,98.43,99.36,100.28,98.74,4986,100.0
2025-10-21 18:38:00,39.5,34.67,24.98,238.54,0,99.86,98.84,99.25,100.0,98.63,3144,100.0
2025-10-21 18:39:00,43.13,35.43,32.21,166.91,0,97.47,99.01,99.77,131.29,99.28,3230,100.0
2025-10-21 18:40:00,37.15,33.74,36.44,239.22,2,99.03,98.51,99.53,100.0,98.73,4939,100.0
2025-10-21 18:41:00,44.9,36.25,25.51,226.66,1,97.53,99.06,99.1,151.86,98.52,4783,100.0
2025-10-21 18:42:00,39.86,34.67,37.07,244.13,1,97.26,98.71,99.41,116.64,98.76,3985,100.0
2025-10-21 18:43:00,44.86,36.11,39.62,157.6,3,97.78,98.62,99.43,138.61,99.47,3611,100.0
2025-10-21 18:44:00,42.34,35.58,40.69,187.84,1,98.95,99.32,99.78,106.37,99.08,4864,100.0
2025-10-21 18:45:00,36.46,33.85,36.71,183.42,5,97.05,99.76,99.59,100.0,98.95,3206,100.0
2025-10-21 18:46:00,41.87,36.49,22.82,207.39,3,99.55,98.85,99.86,130.01,99.32,4979,100.0
2025-10-21 18:47:00,42.02,32.85,25.64,151.18,1,98.01,98.06,99.47,136.14,99.25,4887,100.0
2025-10-21 18:48:00,38.36,36.09,33.32,154.49,2,98.28,98.54,99.41,100.0,99.45,4737,100.0
2025-10-21 18:49:00,34.12,32.85,32.09,165.56,3,99.2,98.85,99.64,100.0,98.64,4350,100.0
2025-10-21 18:50:00,34.83,35.32,34.97,170.66,1,97.35,99.49,99.66,100.0,98.62,3084,100.0
2025-10-21 18:51:00,43.09,33.23,24.01,172.32,2,98.17,98.18,99.46,118.0,98.71,3733,100.0
2025-10-21 18:52:00,39.94,34.3,28.4,204.49,4,97.34,99.25,99.24,100.0,98.58,3840,100.0
2025-10-21 18:53:00,42.03,38.37,39.05,253.48,0,97.97,99.04,99.8,110.94,98.57,3627,100.0
2025-10-21 18:54:00,36.29,35.6,37.49,176.93,2,99.96,98.27,99.36,100.0,99.38,3510,100.0
2025-10-21 18:55:00,38.27,33.66,37.24,172.44,0,97.74,98.78,99.18,100.0,99.4,3135,100.0
2025-10-21 18:56:00,44.28,33.33,38.08,237.99,1,98.71,99.41,99.78,156.07,98.77,4373,100.0
2025-10-21 18:57:00,35.97,35.78,33.87,164.26,0,96.78,98.84,99.89,100.0,99.25,3348,100.0
2025-10-21 18:58:00,37.88,36.09,39.36,191.29,1,96.13,98.17,99.7,100.0,98.69,4185,100.0
2025-10-21 18:59:00,40.05,33.23,34.41,224.72,2,99.03,99.82,99.44,100.0,98.9,3500,100.0
2025-10-21 19:00:00,36.65,37.65,41.53,162.04,3,96.65,99.57,99.96,100.0,99.46,4209,100.0
2025-10-21 19:01:00,45.52,38.07,41.41,172.31,2,98.07,98.64,99.04,174.43,99.17,4803,100.0
2025-10-21 19:02:00,39.41,36.08,30.7,185.0,1,96.34,99.73,99.05,100.0,98.6,4549,100.0
2025-10-21 19:03:00,37.55,33.24,32.05,238.73,3,96.53,99.0,99.23,100.0,99.43,3008,100.0
2025-10-21 19:04:00,40.29,38.24,39.5,212.0,2,99.86,98.01,99.57,100.0,98.91,4269,100.0
2025-10-21 19:05:00,40.38,36.58,32.35,167.56,2,99.31,99.95,99.64,100.0,99.11,3685,100.0
2025-10-21 19:06:00,44.79,37.08,26.78,224.99,1,97.57,98.02,99.97,149.21,99.27,3515,100.0
2025-10-21 19:07:00,44.42,37.87,32.43,256.82,2,97.21,99.78,99.76,145.64,99.4,3972,100.0
2025-10-21 19:08:00,39.21,33.42,27.72,236.68,0,96.42,98.09,99.32,100.0,98.59,4098,100.0
2025-10-21 19:09:00,41.96,38.35,42.64,217.55,0,96.35,99.56,99.65,106.04,98.75,4500,100.0
2025-10-21 19:10:00,39.06,38.24,39.37,248.3,4,99.53,99.07,99.59,110.16,99.49,4172,100.0
2025-10-21 19:11:00,36.86,36.52,42.27,186.44,1,98.27,99.03,99.26,100.0,99.12,3460,100.0
2025-10-21 19:12:00,39.45,39.38,26.79,183.83,1,97.2,100.0,99.09,100.0,98.77,4238,100.0
2025-10-21 19:13:00,41.68,36.93,21.4,211.32,2,99.19,98.69,99.23,109.2,98.94,3428,100.0
2025-10-21 19:14:00,41.87,36.37,38.85,229.38,3,97.47,98.21,99.99,102.13,98.67,3959,100.0
2025-10-21 19:15:00,43.91,35.33,37.63,218.88,2,99.72,99.66,99.94,150.83,99.38,3406,100.0
2025-10-21 19:16:00,34.93,36.51,23.56,149.44,6,99.95,98.21,99.81,100.0,97.08,4451,100.0
2025-10-21 19:17:00,42.27,37.33,24.37,164.02,0,96.53,98.53,99.72,121.7,99.26,3973,100.0
2025-10-21 19:18:00,41.79,36.82,27.18,178.0,2,98.44,98.48,99.17,100.0,98.55,3374,100.0
2025-10-21 19:19:00,36.14,36.44,29.3,195.19,3,99.24,99.84,99.32,100.0,99.4,4847,100.0
2025-10-21 19:20:00,43.57,33.87,38.65,153.99,2,96.53,99.71,99.12,119.62,98.82,4270,100.0
2025-10-21 19:21:00,43.02,38.97,33.73,193.92,5,98.12,99.26,99.16,112.36,99.37,4071,100.0
2025-10-21 19:22:00,44.16,35.08,35.89,204.99,5,98.34,98.71,99.38,152.48,99.08,3803,100.0
2025-10-21 19:23:00,43.43,38.95,24.53,169.35,0,96.93,98.85,99.8,128.37,98.52,3966,100.0
2025-10-21 19:24:00,40.56,38.0,39.82,177.83,4,98.3,99.92,99.01,100.0,98.82,4531,100.0
2025-10-21 19:25:00,37.44,33.84,34.18,150.67,1,97.42,98.69,99.11,100.0,99.3,3827,100.0
2025-10-21 19:26:00,34.53,37.4,27.46,179.19,4,99.83,99.82,99.24,100.0,98.91,4367,100.0
2025-10-21 19:27:00,36.96,36.46,24.83,205.11,1,98.67,99.75,99.17,100.0,98.89,4687,100.0
2025-10-21 19:28:00,42.76,36.9,29.38,252.56,2,99.12,99.98,99.28,144.26,98.63,4904,100.0
2025-10-21 19:29:00,42.49,35.11,28.13,214.54,5,99.4,99.68,99.92,107.63,99.08,3936,100.0
2025-10-21 19:30:00,40.3,32.6,28.18,154.69,2,96.75,99.06,99.04,100.0,99.36,4692,100.0
2025-10-21 19:31:00,37.75,34.54,40.0,148.96,4,97.75,99.34,99.97,100.0,99.17,4713,100.0
2025-10-21 19:32:00,34.91,33.9,34.39,237.48,2,98.66,98.91,99.65,100.0,99.08,3848,100.0
2025-10-21 19:33:00,39.86,33.34,29.19,183.78,4,99.13,98.99,99.19,108.46,98.63,3356,100.0
2025-10-21 19:34:00,43.69,35.34,40.11,226.16,3,98.84,99.38,99.31,146.29,99.05,4118,100.0
2025-10-21 19:35:00,39.42,34.26,27.08,230.61,1,99.99,98.42,99.66,111.29,99.1,4598,100.0
2025-10-21 19:36:00,37.79,36.53,37.04,224.43,2,96.01,99.53,99.28,100.0,99.34,3104,100.0
2025-10-21 19:37:00,45.14,33.66,41.65,199.79,0,98.7,99.79,99.44,159.04,99.48,3481,100.0
2025-10-21 19:38:00,38.7,34.27,30.36,147.69,1,98.53,99.27,99.58,100.0,99.45,3783,100.0
2025-10-21 19:39:00,38.05,36.99,37.86,155.63,2,97.63,99.86,99.09,100.0,98.84,3141,100.0
2025-10-21 19:40:00,35.84,36.97,41.69,232.3,1,97.86,98.79,99.97,100.0,98.91,3297,100.0
2025-10-21 19:41:00,42.86,36.83,30.98,180.3,2,99.23,98.04,99.92,128.6,98.73,3005,100.0
2025-10-21 19:42:00,39.75,33.51,22.2,192.68,2,98.36,99.05,99.13,100.0,98.64,4386,100.0
2025-10-21 19:43:00,40.65,35.85,38.33,184.4,1,98.98,99.39,99.8,121.88,99.26,4688,100.0
2025-10-21 19:44:00,43.15,37.52,31.68,180.2,2,98.56,98.09,99.38,143.82,98.8,4862,100.0
2025-10-21 19:45:00,43.29,36.94,40.48,196.72,3,98.46,99.32,99.75,139.59,99.25,4349,100.0
2025-10-21 19:46:00,41.74,32.35,40.73,227.26,3,98.24,98.55,99.37,115.75,99.27,4005,100.0
2025-10-21 19:47:00,39.69,34.77,32.74,174.54,2,96.21,98.69,99.64,109.43,99.46,4492,100.0
2025-10-21 19:48:00,34.56,35.46,30.46,209.07,1,97.17,99.6,99.17,100.0,98.55,4099,100.0
2025-10-21 19:49:00,35.02,33.59,23.64,181.59,2,96.35,99.21,99.69,100.0,99.1,4552,100.0
2025-10-21 19:50:00,36.82,33.41,41.98,181.75,3,98.8,99.42,99.76,100.0,98.91,3590,100.0
2025-10-21 19:51:00,33.57,33.87,32.19,157.16,2,99.48,99.58,99.97,100.0,99.2,4721,100.0
2025-10-21 19:52:00,40.5,35.01,40.04,230.16,1,97.26,98.85,99.84,120.73,98.78,4372,100.0
2025-10-21 19:53:00,36.55,36.04,32.51,230.44,3,97.31,99.97,99.88,100.0,99.01,3461,100.0
2025-10-21 19:54:00,37.85,39.72,35.87,258.93,0,99.33,99.58,99.13,100.0,99.38,4036,100.0
2025-10-21 19:55:00,39.17,38.55,24.02,198.1,2,98.25,99.42,99.58,100.0,98.76,4665,100.0
2025-10-21 19:56:00,35.52,35.5,25.89,206.99,3,96.64,99.75,99.36,100.0,98.72,3850,100.0
2025-10-21 19:57:00,37.28,36.97,31.95,228.66,2,99.74,99.04,99.17,100.0,98.58,3055,100.0
2025-10-21 19:58:00,42.56,32.47,35.8,171.2,3,98.79,99.98,99.59,109.65,98.56,4333,100.0
2025-10-21 19:59:00,41.91,37.74,24.51,246.15,2,99.84,99.13,99.56,136.81,99.43,3440,100.0
2025-10-21 20:00:00,35.31,34.53,30.38,208.9,2,99.38,99.27,99.92,100.0,98.72,4597,100.0
2025-10-21 20:01:00,44.76,34.0,41.8,153.63,4,98.6,99.4,99.49,151.41,99.35,3625,100.0
2025-10-21 20:02:00,41.62,33.98,31.37,169.76,0,97.93,98.85,99.43,104.57,99.45,3007,100.0
2025-10-21 20:03:00,43.93,37.43,25.45,197.28,2,97.83,98.94,99.8,155.92,98.58,3628,100.0
2025-10-21 20:04:00,40.27,38.1,28.74,246.24,2,98.77,98.81,99.03,100.0,99.05,3303,100.0
2025-10-21 20:05:00,37.0,35.91,29.01,194.86,1,96.72,99.7,99.16,100.0,98.92,4936,100.0
2025-10-21 20:06:00,37.43,35.29,28.08,185.21,3,99.18,98.17,99.7,100.0,98.63,3529,100.0
2025-10-21 20:07:00,35.45,35.16,27.1,188.19,5,99.44,98.31,99.25,100.0,98.86,3263,100.0
2025-10-21 20:08:00,34.1,36.59,29.31,155.49,6,98.79,98.03,99.13,100.0,96.51,3923,100.0
2025-10-21 20:09:00,38.41,35.36,22.19,159.0,2,98.16,99.57,99.07,100.0,98.83,4827,100.0
2025-10-21 20:10:00,43.42,34.56,32.06,150.47,3,96.3,99.09,99.29,139.09,99.1,4677,100.0
2025-10-21 20:11:00,36.83,35.73,36.57,194.18,1,98.94,99.89,99.33,100.0,98.58,4282,100.0
2025-10-21 20:12:00,41.97,37.56,39.59,201.8,3,98.46,98.74,99.09,100.54,98.93,3962,100.0
2025-10-21 20:13:00,43.29,35.53,27.69,196.53,1,96.45,98.64,99.01,121.71,99.29,3469,100.0
2025-10-21 20:14:00,35.04,36.24,32.22,153.94,2,97.76,98.5,99.13,100.0,99.42,3097,100.0
2025-10-21 20:15:00,45.07,34.37,30.34,155.31,3,97.59,99.48,99.03,152.35,98.61,3872,100.0
2025-10-21 20:16:00,43.92,38.0,29.86,148.39,2,99.66,99.83,99.47,151.09,98.94,4128,100.0
2025-10-21 20:17:00,38.56,34.23,37.29,151.94,2,97.33,99.17,99.25,100.0,98.87,4163,100.0
2025-10-21 20:18:00,37.89,35.38,34.16,242.14,1,99.55,99.83,99.32,100.0,98.99,4884,100.0
2025-10-21 20:19:00,39.2,38.1,25.1,180.12,6,97.87,98.81,99.62,100.0,96.65,3213,100.0
2025-10-21 20:20:00,37.5,35.34,24.22,162.44,2,98.67,99.22,99.71,100.0,98.77,4327,100.0
2025-10-21 20:21:00,37.77,33.61,29.23,221.6,2,99.53,98.87,99.37,100.0,98.56,4382,100.0
2025-10-21 20:22:00,36.26,32.81,34.26,174.46,2,98.03,98.92,99.62,100.0,98.71,4628,100.0
2025-10-21 20:23:00,43.36,38.64,25.81,179.11,4,99.28,99.8,99.06,130.29,99.04,3465,100.0
2025-10-21 20:24:00,44.68,39.4,32.7,196.13,2,98.88,98.56,99.05,127.67,99.43,3504,100.0
2025-10-21 20:25:00,39.52,38.74,31.39,158.08,1,96.38,99.7,99.29,102.38,99.01,3444,100.0
2025-10-21 20:26:00,37.7,35.56,25.8,212.18,0,97.94,99.43,99.43,100.0,99.13,4916,100.0
2025-10-21 20:27:00,37.87,38.66,34.17,224.68,5,96.58,99.11,99.98,100.0,99.25,4286,100.0
2025-10-21 20:28:00,36.22,32.27,34.44,226.06,1,97.34,98.58,99.45,100.0,98.84,4815,100.0
2025-10-21 20:29:00,37.88,37.36,34.04,181.39,2,96.27,99.51,99.45,100.0,98.65,3314,100.0
2025-10-21 20:30:00,41.11,35.16,41.17,214.96,1,97.8,99.74,99.34,120.19,99.16,3304,100.0
2025-10-21 20:31:00,43.21,34.02,37.02,251.42,5,96.41,99.19,99.01,148.48,98.99,3515,100.0
2025-10-21 20:32:00,45.34,34.5,38.63,213.16,2,98.12,98.64,99.09,137.59,98.64,4229,100.0
2025-10-21 20:33:00,35.74,36.18,33.44,238.77,2,98.82,98.05,99.73,100.0,99.11,3619,100.0
2025-10-21 20:34:00,44.54,34.47,40.91,166.5,2,97.74,98.67,99.39,155.54,99.16,4937,100.0
2025-10-21 20:35:00,36.1,35.69,30.23,238.11,0,99.96,98.96,99.63,100.0,99.35,4123,100.0
2025-10-21 20:36:00,39.86,34.37,39.37,185.08,3,98.58,99.41,99.82,100.0,99.44,3821,100.0
2025-10-21 20:37:00,44.94,35.32,23.92,214.01,2,96.19,98.09,99.22,152.56,99.01,3700,100.0
2025-10-21 20:38:00,36.69,37.36,37.44,226.92,5,97.18,99.13,99.99,100.0,98.78,4905,100.0
2025-10-21 20:39:00,44.57,34.21,39.67,237.12,0,98.68,98.61,99.67,162.29,99.0,3828,100.0
2025-10-21 20:40:00,42.38,37.48,36.28,152.71,0,99.74,98.16,99.08,137.27,99.14,3703,100.0
2025-10-21 20:41:00,36.04,37.84,41.15,151.9,2,97.38,99.43,99.54,100.0,99.36,3940,100.0
2025-10-21 20:42:00,36.35,35.43,31.57,195.84,4,96.52,99.74,99.06,100.0,98.56,3847,100.0
2025-10-21 20:43:00,41.34,33.88,33.33,194.44,4,99.39,98.68,99.36,130.03,99.48,4796,100.0
2025-10-21 20:44:00,43.48,37.47,25.77,193.68,0,99.81,99.15,99.25,126.52,99.48,4231,100.0
2025-10-21 20:45:00,40.24,36.78,25.01,162.69,2,98.26,98.15,99.94,100.0,98.57,3339,100.0
2025-10-21 20:46:00,39.29,36.79,42.14,187.39,1,96.71,98.91,99.23,108.97,98.55,4194,100.0
2025-10-21 20:47:00,40.5,32.99,36.11,194.16,3,97.04,98.4,99.0,123.51,98.94,3026,100.0
2025-10-21 20:48:00,39.75,38.51,23.24,231.05,0,99.35,99.76,99.79,110.33,99.06,3529,100.0
2025-10-21 20:49:00,41.71,35.84,22.38,199.05,1,98.49,99.31,99.16,114.3,99.46,4768,100.0
2025-10-21 20:50:00,34.48,31.89,26.19,235.21,3,98.38,99.29,99.42,100.0,99.25,4566,100.0
2025-10-21 20:51:00,38.98,36.96,21.46,212.8,1,96.37,98.38,99.99,100.0,99.43,3325,100.0
2025-10-21 20:52:00,38.77,37.07,30.71,232.52,2,98.82,99.31,99.4,100.0,99.11,4886,100.0
2025-10-21 20:53:00,34.93,36.75,31.46,195.58,4,98.78,99.85,99.84,100.0,98.82,4033,100.0
2025-10-21 20:54:00,35.97,36.56,35.28,227.29,5,97.08,99.41,99.93,100.0,99.23,3774,100.0
2025-10-21 20:55:00,42.49,38.04,37.38,219.23,0,98.64,98.96,99.96,129.17,99.11,4988,100.0
2025-10-21 20:56:00,41.3,34.69,28.66,237.94,1,97.24,98.15,99.56,100.0,99.36,4154,100.0
2025-10-21 20:57:00,35.11,34.45,33.85,181.15,3,99.28,98.64,99.08,100.0,99.45,4866,100.0
2025-10-21 20:58:00,36.66,37.27,26.0,156.43,2,99.34,99.52,99.68,100.0,98.99,3256,100.0
2025-10-21 20:59:00,34.12,33.79,22.24,196.08,0,97.78,98.36,99.37,100.0,98.85,3682,100.0
2025-10-21 21:00:00,43.86,35.14,26.27,228.23,1,97.19,98.26,99.92,126.75,98.64,4252,100.0
2025-10-21 21:01:00,40.68,36.8,31.18,199.04,2,99.83,98.38,99.29,100.0,98.52,3539,100.0
2025-10-21 21:02:00,42.43,37.7,30.13,247.95,2,99.35,99.89,99.24,131.72,99.25,3610,100.0
2025-10-21 21:03:00,39.72,33.56,25.43,156.01,4,96.24,99.77,99.48,106.7,98.51,3976,100.0
2025-10-21 21:04:00,38.4,37.89,31.01,150.71,4,97.9,98.08,99.35,100.0,98.74,3234,100.0
2025-10-21 21:05:00,41.61,37.38,37.06,233.61,2,98.28,98.72,99.96,113.72,99.46,4538,100.0
2025-10-21 21:06:00,39.36,36.11,27.8,240.1,3,98.73,98.75,99.87,104.85,98.65,4203,100.0
2025-10-21 21:07:00,43.74,37.77,34.1,181.87,2,99.12,99.05,99.94,157.29,99.16,3824,100.0
2025-10-21 21:08:00,34.55,35.39,36.67,168.98,3,96.95,99.84,99.04,100.0,99.14,3766,100.0
2025-10-21 21:09:00,39.56,38.04,25.18,172.55,2,99.68,99.83,99.23,100.0,98.66,4855,100.0
2025-10-21 21:10:00,41.95,35.27,23.32,188.41,3,97.22,99.47,99.88,101.4,98.54,4286,100.0
2025-10-21 21:11:00,38.3,32.3,30.78,236.54,3,97.66,99.06,99.5,100.0,98.79,3113,100.0
2025-10-21 21:12:00,45.34,36.65,31.54,211.28,2,99.21,99.68,99.69,159.71,98.94,4283,100.0
2025-10-21 21:13:00,40.09,32.02,24.86,158.0,6,98.04,99.41,99.21,100.0,96.92,4588,100.0
2025-10-21 21:14:00,36.35,32.16,37.51,167.01,1,97.74,99.81,100.0,100.0,98.65,3628,100.0
2025-10-21 21:15:00,35.61,34.87,29.26,213.54,3,98.39,99.86,99.78,100.0,99.41,4200,100.0
2025-10-21 21:16:00,41.63,32.09,29.27,192.74,3,99.43,99.32,99.86,107.33,99.14,4428,100.0
2025-10-21 21:17:00,39.16,38.12,22.37,211.11,3,98.74,98.67,99.45,100.0,98.97,4243,100.0
2025-10-21 21:18:00,38.17,35.88,35.72,184.36,2,96.84,98.28,99.35,100.0,99.08,3351,100.0
2025-10-21 21:19:00,40.02,35.55,35.85,241.27,3,96.49,98.19,99.1,100.0,99.03,3229,100.0
2025-10-21 21:20:00,44.38,36.43,38.11,156.9,0,96.47,99.83,99.06,127.77,99.43,3214,100.0
2025-10-21 21:21:00,44.11,38.04,23.22,154.24,4,97.55,99.47,99.34,127.0,99.25,3916,100.0
2025-10-21 21:22:00,41.41,35.79,34.64,235.11,3,96.69,98.67,99.69,111.07,98.91,4518,100.0
2025-10-21 21:23:00,37.69,39.05,34.42,200.84,1,97.34,98.78,99.44,100.0,98.95,4592,100.0
2025-10-21 21:24:00,36.64,32.63,39.78,233.0,0,98.3,99.92,99.75,100.0,98.74,3558,100.0
2025-10-21 21:25:00,42.87,38.07,33.08,164.64,2,96.23,99.07,99.28,120.04,98.59,4906,100.0
2025-10-21 21:26:00,38.62,38.5,34.33,236.71,2,97.55,99.14,99.95,100.0,98.65,3013,100.0
2025-10-21 21:27:00,44.27,35.75,29.06,233.86,2,97.57,99.52,99.91,162.62,99.01,4645,100.0
2025-10-21 21:28:00,35.27,35.03,40.84,181.85,2,97.89,99.89,99.2,100.0,99.26,3736,100.0
2025-10-21 21:29:00,43.01,33.75,24.56,242.67,0,96.02,98.78,99.1,144.57,99.42,3964,100.0
2025-10-21 21:30:00,38.5,35.72,25.26,200.84,4,99.55,99.89,99.93,100.0,99.1,4286,100.0
2025-10-21 21:31:00,35.59,37.18,25.46,159.84,3,97.64,99.25,99.08,100.0,99.27,3948,100.0
2025-10-21 21:32:00,42.05,38.62,35.42,193.66,0,98.91,99.93,99.47,114.07,99.02,4456,100.0
2025-10-21 21:33:00,35.56,38.74,40.28,206.88,0,98.69,98.28,99.51,100.0,99.09,3636,100.0
2025-10-21 21:34:00,45.44,34.88,23.69,196.56,0,96.71,99.19,99.59,136.09,98.94,4060,100.0
2025-10-21 21:35:00,38.18,38.61,25.72,177.88,1,99.52,98.56,99.72,100.0,99.14,4856,100.0
2025-10-21 21:36:00,38.34,36.91,40.84,158.58,2,99.5,99.09,99.07,100.0,99.29,4057,100.0
2025-10-21 21:37:00,37.86,36.56,41.68,221.77,2,98.33,98.75,99.14,100.0,99.28,3322,100.0
2025-10-21 21:38:00,34.36,34.93,36.19,146.57,0,98.88,99.19,99.72,100.0,99.3,3959,100.0
2025-10-21 21:39:00,40.12,32.81,25.12,222.41,1,98.39,99.1,99.61,105.92,99.0,3987,100.0
2025-10-21 21:40:00,41.24,34.65,39.49,152.76,2,97.44,99.44,99.02,108.61,99.33,3500,100.0
2025-10-21 21:41:00,36.33,36.58,42.33,160.42,0,98.38,98.5,99.41,100.0,98.7,4438,100.0
2025-10-21 21:42:00,45.65,36.6,34.61,229.17,1,99.86,98.87,99.0,169.99,99.1,3337,100.0
2025-10-21 21:43:00,35.31,34.76,40.57,243.4,2,98.62,98.67,99.52,100.0,98.56,3278,100.0
2025-10-21 21:44:00,39.07,35.07,22.57,201.8,0,99.21,99.38,99.35,100.0,98.73,3530,100.0
2025-10-21 21:45:00,36.62,36.64,24.7,198.7,1,96.94,99.29,99.53,100.0,98.72,3018,100.0
2025-10-21 21:46:00,36.73,34.29,36.21,208.95,1,98.83,98.78,99.25,100.0,99.11,3155,100.0
2025-10-21 21:47:00,42.01,36.19,37.41,170.78,2,97.55,99.49,99.56,128.49,98.65,4457,100.0
2025-10-21 21:48:00,36.83,32.77,30.62,180.02,5,98.24,98.79,99.17,100.0,99.06,3195,100.0
2025-10-21 21:49:00,42.14,38.5,25.2,196.88,4,96.11,99.95,99.96,118.27,98.55,4237,100.0
2025-10-21 21:50:00,43.28,37.15,28.03,221.8,1,98.03,98.98,99.76,147.44,98.85,3898,100.0
2025-10-21 21:51:00,39.55,34.83,36.71,201.42,2,96.66,98.74,99.35,100.0,98.68,4956,100.0
2025-10-21 21:52:00,35.53,35.74,28.59,190.22,3,99.38,99.77,99.74,100.0,99.46,4894,100.0
2025-10-21 21:53:00,41.18,35.4,26.08,220.96,3,97.43,99.45,99.02,117.47,99.27,3669,100.0
2025-10-21 21:54:00,41.72,37.64,38.89,201.27,3,97.74,98.75,99.48,111.78,98.84,4987,100.0
2025-10-21 21:55:00,37.38,33.8,28.1,204.17,5,97.83,98.77,99.38,100.0,98.9,4232,100.0
2025-10-21 21:56:00,37.0,36.68,32.49,239.76,2,98.7,99.45,99.46,100.0,99.06,3507,100.0
2025-10-21 21:57:00,43.45,36.06,26.89,166.81,4,97.44,99.87,99.48,115.3,98.85,3260,100.0
2025-10-21 21:58:00,36.5,39.18,35.48,185.91,2,96.02,98.05,99.36,100.0,98.52,4718,100.0
2025-10-21 21:59:00,36.13,34.81,23.98,146.63,1,96.1,99.17,99.01,100.0,98.79,3638,100.0
2025-10-21 22:00:00,44.35,39.8,36.85,239.66,3,96.55,99.09,99.68,126.83,99.43,4040,100.0
2025-10-21 22:01:00,42.08,34.54,27.92,165.24,1,99.33,99.07,99.24,102.62,99.12,3840,100.0
2025-10-21 22:02:00,40.21,35.2,32.78,160.11,1,96.16,99.32,99.95,113.2,98.97,3111,100.0
2025-10-21 22:03:00,36.04,34.39,42.11,192.81,4,97.82,99.73,99.55,100.0,98.71,4505,100.0
2025-10-21 22:04:00,41.07,36.49,31.51,235.36,2,96.2,98.06,99.15,117.38,98.99,4504,100.0
2025-10-21 22:05:00,36.83,35.14,39.69,243.16,6,99.69,99.11,99.11,100.0,97.35,4012,100.0
2025-10-21 22:06:00,38.41,35.49,33.49,141.39,0,96.14,99.73,99.31,100.0,98.95,4698,100.0
2025-10-21 22:07:00,34.23,33.03,34.79,241.84,2,99.9,99.06,99.37,100.0,99.47,4437,100.0
2025-10-21 22:08:00,39.53,34.34,25.74,234.21,1,99.73,98.39,99.75,101.37,99.42,4664,100.0
2025-10-21 22:09:00,42.8,35.45,32.66,248.18,0,99.18,98.5,99.19,117.29,98.56,4983,100.0
2025-10-21 22:10:00,42.21,36.39,38.29,234.79,1,98.54,99.96,99.68,138.04,99.35,4164,100.0
2025-10-21 22:11:00,45.03,36.08,30.68,233.56,0,97.22,99.22,99.42,167.93,99.46,4005,100.0
2025-10-21 22:12:00,41.32,35.45,38.69,232.51,2,96.95,99.3,99.23,103.8,99.35,4858,100.0
2025-10-21 22:13:00,37.87,38.8,27.08,163.24,0,96.97,98.77,99.93,100.0,98.87,4468,100.0
2025-10-21 22:14:00,40.39,34.98,37.75,158.05,1,97.83,99.36,99.46,107.67,99.1,3746,100.0
2025-10-21 22:15:00,43.19,37.87,32.49,151.43,1,97.93,98.38,99.7,115.14,99.45,3390,100.0
2025-10-21 22:16:00,38.1,39.08,30.4,249.18,3,96.91,98.17,99.16,100.0,98.95,4581,100.0
2025-10-21 22:17:00,38.56,38.99,23.24,157.5,4,96.05,99.02,99.48,100.0,99.08,4457,100.0
2025-10-21 22:18:00,39.8,33.1,23.38,223.32,2,99.66,98.27,99.87,100.0,98.61,3573,100.0
2025-10-21 22:19:00,37.71,36.61,41.89,187.25,3,99.96,98.37,99.52,100.0,98.5,4404,100.0
2025-10-21 22:20:00,36.99,38.24,39.09,167.62,0,97.46,99.18,99.87,100.0,99.25,4198,100.0
2025-10-21 22:21:00,35.89,33.05,33.39,201.25,2,97.69,99.94,99.8,100.0,99.37,3943,100.0
2025-10-21 22:22:00,39.53,35.12,33.71,200.27,1,99.36,99.33,99.45,100.0,98.51,3623,100.0
2025-10-21 22:23:00,34.3,34.96,37.18,172.28,2,98.58,98.3,99.65,100.0,98.89,4133,100.0
2025-10-21 22:24:00,43.17,33.82,28.54,195.52,2,99.09,99.01,99.09,136.82,99.07,3677,100.0
2025-10-21 22:25:00,33.15,32.73,28.15,160.19,5,99.94,98.52,99.27,100.0,98.99,3192,100.0
2025-10-21 22:26:00,44.44,38.68,36.74,188.26,4,96.36,99.83,99.06,136.27,98.99,3043,100.0
2025-10-21 22:27:00,42.31,33.41,20.82,240.58,2,98.65,98.48,99.5,113.45,99.45,3121,100.0
2025-10-21 22:28:00,40.34,37.01,35.58,159.82,0,99.75,98.54,99.38,110.73,98.74,4466,100.0
2025-10-21 22:29:00,39.27,37.91,27.26,168.82,2,99.17,99.27,99.44,100.0,99.26,3360,100.0
2025-10-21 22:30:00,36.53,35.17,26.1,161.96,2,99.89,98.01,99.66,100.0,99.43,3287,100.0
2025-10-21 22:31:00,43.31,34.64,30.38,229.81,1,96.46,98.13,99.12,148.07,98.51,4385,100.0
2025-10-21 22:32:00,42.68,37.2,31.49,190.15,3,97.79,98.99,99.76,133.55,99.01,4360,100.0
2025-10-21 22:33:00,36.73,38.78,27.72,223.09,0,96.46,98.07,99.91,100.0,98.86,4575,100.0
2025-10-21 22:34:00,41.29,34.11,28.59,167.99,2,97.41,98.29,99.96,130.21,98.58,4654,100.0
2025-10-21 22:35:00,41.37,38.76,26.51,170.66,5,97.32,98.27,99.77,133.12,99.05,4311,100.0
2025-10-21 22:36:00,37.54,34.86,33.07,230.95,1,99.01,98.17,99.51,100.0,99.04,4535,100.0
2025-10-21 22:37:00,38.1,38.65,29.43,172.74,2,97.31,99.31,99.36,100.0,98.83,4641,100.0
2025-10-21 22:38:00,40.88,32.35,21.37,223.05,0,97.22,99.92,99.99,100.0,99.06,4118,100.0
2025-10-21 22:39:00,39.69,38.67,37.24,227.27,1,97.95,98.6,99.09,100.0,98.68,3407,100.0
2025-10-21 22:40:00,38.75,35.45,27.37,236.71,3,97.71,98.87,99.35,100.0,99.32,3223,100.0
2025-10-21 22:41:00,44.11,37.0,32.75,161.22,1,97.01,99.66,99.38,139.1,99.34,3175,100.0
2025-10-21 22:42:00,40.76,39.11,42.37,204.08,3,96.89,98.13,99.95,100.0,99.14,4656,100.0
2025-10-21 22:43:00,39.83,38.18,25.98,256.13,0,97.75,99.07,99.79,100.0,98.94,3599,100.0
2025-10-21 22:44:00,36.1,38.28,39.25,245.36,2,99.88,99.76,99.46,100.0,99.32,4802,100.0
2025-10-21 22:45:00,41.13,37.62,39.13,155.68,3,98.66,99.79,99.4,106.19,98.53,3925,100.0
2025-10-21 22:46:00,38.68,33.6,36.51,151.3,2,99.41,98.98,99.6,100.0,99.16,4461,100.0
2025-10-21 22:47:00,43.69,37.34,30.38,179.67,3,96.89,99.34,99.17,148.14,99.42,4927,100.0
2025-10-21 22:48:00,38.81,36.94,40.79,164.68,0,97.89,99.94,99.97,100.0,98.82,4816,100.0
2025-10-21 22:49:00,42.55,38.98,40.06,172.51,1,99.27,99.2,99.96,143.89,98.55,3321,100.0
2025-10-21 22:50:00,44.19,39.57,35.41,180.89,0,96.89,99.35,99.93,134.76,99.38,3789,100.0
2025-10-21 22:51:00,38.04,36.02,30.8,241.16,1,99.37,100.0,99.65,100.0,98.74,3115,100.0
2025-10-21 22:52:00,41.95,38.08,25.39,193.6,1,97.22,99.17,99.02,115.8,98.69,4934,100.0
2025-10-21 22:53:00,39.9,37.52,24.99,226.38,1,99.04,99.52,100.0,110.27,98.65,3645,100.0
2025-10-21 22:54:00,41.82,35.37,39.83,203.65,1,96.6,99.7,99.99,114.84,99.31,4255,100.0
2025-10-21 22:55:00,44.45,34.33,32.76,190.2,2,98.5,98.16,99.74,152.8,99.38,3851,100.0
2025-10-21 22:56:00,36.31,36.84,22.88,187.09,0,96.01,99.92,100.0,100.0,98.74,4822,100.0
2025-10-21 22:57:00,43.52,37.59,32.18,153.91,0,99.59,99.75,99.43,128.31,99.14,4613,100.0
2025-10-21 22:58:00,38.04,35.12,37.21,233.88,0,96.75,99.36,99.39,100.0,99.11,4552,100.0
2025-10-21 22:59:00,44.51,35.77,34.28,169.61,3,96.28,99.15,99.09,152.31,99.18,4227,100.0
2025-10-21 23:00:00,43.73,33.0,23.96,189.73,1,98.27,98.61,99.89,138.58,99.09,4891,100.0
2025-10-21 23:01:00,43.56,36.32,32.46,219.39,1,97.24,99.56,99.26,120.85,98.72,4357,100.0
2025-10-21 23:02:00,39.77,39.57,32.59,209.12,5,97.26,99.12,99.61,100.0,99.38,3853,100.0
2025-10-21 23:03:00,38.67,33.75,42.35,237.12,5,96.39,99.93,99.99,100.0,98.95,3993,100.0
2025-10-21 23:04:00,38.53,32.01,40.09,183.67,3,99.98,99.54,99.25,100.0,99.2,3606,100.0
2025-10-21 23:05:00,36.67,37.0,35.04,195.41,3,97.19,98.21,99.3,100.0,99.46,4520,100.0
2025-10-21 23:06:00,42.05,34.15,33.54,217.45,1,97.1,99.25,99.15,129.28,98.92,3706,100.0
2025-10-21 23:07:00,43.19,36.12,29.68,238.38,3,98.45,98.57,99.15,115.32,98.74,4473,100.0
2025-10-21 23:08:00,37.85,37.08,26.75,213.0,1,99.94,99.65,99.76,100.0,99.27,4989,100.0
2025-10-21 23:09:00,42.84,35.21,34.41,184.37,5,98.32,98.96,99.77,123.54,99.21,3805,100.0
2025-10-21 23:10:00,38.28,38.18,35.97,174.77,2,96.59,99.99,99.73,100.0,99.13,4692,100.0
2025-10-21 23:11:00,43.81,35.24,32.21,215.74,0,99.78,98.87,99.37,154.37,98.62,3078,100.0
2025-10-21 23:12:00,41.68,32.69,28.71,168.72,2,99.28,99.83,99.72,113.99,99.07,4379,100.0
2025-10-21 23:13:00,45.3,39.49,42.17,238.81,1,99.26,99.76,99.92,153.34,99.16,3019,100.0
2025-10-21 23:14:00,43.68,37.7,37.01,150.98,2,96.94,99.78,99.13,118.85,99.08,4892,100.0
2025-10-21 23:15:00,45.91,40.77,39.63,206.55,3,99.26,99.84,99.36,157.57,99.4,3094,100.0
2025-10-21 23:16:00,38.53,35.5,30.14,224.48,4,98.35,99.33,99.02,100.0,99.49,4274,100.0
2025-10-21 23:17:00,39.81,35.6,27.66,197.51,1,97.46,99.21,99.15,100.0,98.53,3534,100.0
2025-10-21 23:18:00,39.73,35.08,38.84,201.36,0,97.18,99.95,99.98,100.0,98.67,3991,100.0
2025-10-21 23:19:00,38.45,34.44,31.23,166.41,0,98.28,99.87,99.14,100.0,98.94,3587,100.0
2025-10-21 23:20:00,40.69,35.55,23.48,208.78,1,98.38,98.02,99.21,118.15,98.54,4293,100.0
2025-10-21 23:21:00,45.66,34.9,31.5,213.34,2,96.59,98.18,99.74,146.1,99.35,4486,100.0
2025-10-21 23:22:00,43.83,33.91,27.72,191.28,1,97.91,98.63,99.52,132.54,98.84,3530,100.0
2025-10-21 23:23:00,38.79,34.46,24.31,143.24,1,97.73,98.45,99.42,100.0,99.04,4447,100.0
2025-10-21 23:24:00,34.45,33.74,29.78,150.87,2,99.79,99.71,99.83,100.0,98.58,3302,100.0
2025-10-21 23:25:00,36.31,33.64,28.52,232.85,1,98.7,98.19,99.36,100.0,99.35,4029,100.0
2025-10-21 23:26:00,43.4,34.27,35.25,241.04,2,97.56,99.7,99.14,150.75,99.17,3841,100.0
2025-10-21 23:27:00,40.81,34.16,26.7,180.39,2,98.1,98.32,99.74,110.55,98.94,4894,100.0
2025-10-21 23:28:00,44.53,36.62,38.85,192.5,0,99.98,98.33,99.25,131.82,98.84,3578,100.0
2025-10-21 23:29:00,41.77,39.55,23.81,231.66,0,96.08,99.28,99.87,104.79,98.84,3337,100.0
2025-10-21 23:30:00,39.19,38.18,32.8,242.0,3,99.96,98.56,99.78,100.0,98.81,3207,100.0
2025-10-21 23:31:00,41.05,34.81,25.42,174.95,1,97.54,98.15,99.54,122.06,99.07,4949,100.0
2025-10-21 23:32:00,43.6,37.51,31.9,230.23,0,98.36,99.45,99.36,124.7,98.71,3163,100.0
2025-10-21 23:33:00,36.8,34.67,23.28,181.12,3,96.85,98.98,99.15,100.0,98.9,3649,100.0
2025-10-21 23:34:00,45.29,34.65,40.18,205.84,4,97.96,99.23,99.83,159.22,98.87,3835,100.0
2025-10-21 23:35:00,35.91,38.85,24.17,210.01,4,97.65,99.38,99.42,100.0,99.09,3302,100.0
2025-10-21 23:36:00,36.1,35.77,33.07,162.62,3,96.6,99.52,99.57,100.0,98.86,3301,100.0
2025-10-21 23:37:00,38.33,33.12,31.97,239.3,1,99.53,98.9,99.19,100.0,98.82,3506,100.0
2025-10-21 23:38:00,35.88,37.68,31.36,194.45,0,99.27,98.99,99.44,100.0,98.56,3733,100.0
2025-10-21 23:39:00,39.51,34.83,24.39,173.7,2,96.82,99.65,99.42,100.0,99.05,4191,100.0
2025-10-21 23:40:00,42.74,33.83,27.4,165.08,4,97.21,99.01,99.3,115.66,99.37,4495,100.0
2025-10-21 23:41:00,38.54,37.66,34.64,150.82,1,96.87,98.5,99.94,100.0,99.35,3428,100.0
2025-10-21 23:42:00,36.6,39.23,31.28,170.39,2,99.95,99.39,99.32,100.0,98.89,3441,100.0
2025-10-21 23:43:00,39.93,37.68,35.19,193.54,0,99.83,98.54,99.28,105.13,99.27,4968,100.0
2025-10-21 23:44:00,39.62,32.19,24.7,144.15,1,97.57,98.74,99.83,103.23,99.44,3890,100.0
2025-10-21 23:45:00,37.49,33.56,35.2,232.99,2,96.58,99.29,99.52,100.0,98.9,4569,100.0
2025-10-21 23:46:00,42.55,33.13,25.32,176.8,5,99.15,99.5,99.23,118.55,99.21,3476,100.0
2025-10-21 23:47:00,37.52,37.55,40.05,159.7,4,98.48,99.98,99.06,100.0,99.06,3717,100.0
2025-10-21 23:48:00,41.45,38.07,23.6,202.57,2,99.71,98.08,99.47,102.26,99.04,4707,100.0
2025-10-21 23:49:00,43.51,34.94,37.63,175.04,0,99.42,98.24,99.02,129.27,98.88,3154,100.0
2025-10-21 23:50:00,39.53,34.31,31.86,224.81,4,96.03,99.54,99.18,100.0,99.42,4583,100.0
2025-10-21 23:51:00,37.27,38.59,40.12,246.75,4,98.19,98.96,100.0,100.0,98.59,4530,100.0
2025-10-21 23:52:00,36.13,36.84,41.05,223.11,2,97.75,99.0,99.99,100.0,99.2,3723,100.0
2025-10-21 23:53:00,34.31,37.5,32.32,217.97,3,98.29,99.94,99.85,100.0,99.16,4568,100.0
2025-10-21 23:54:00,44.91,38.73,38.72,160.95,2,98.7,99.71,99.11,165.77,99.42,3026,100.0
2025-10-21 23:55:00,43.65,38.41,22.4,177.63,1,99.04,98.72,99.96,156.26,98.82,4017,100.0
2025-10-21 23:56:00,40.81,35.54,25.16,170.96,2,98.49,98.15,99.07,112.93,99.09,3082,100.0
2025-10-21 23:57:00,41.11,36.74,34.43,231.29,1,99.17,99.85,99.89,110.16,99.02,4058,100.0
2025-10-21 23:58:00,37.9,34.07,40.13,172.16,2,97.04,98.88,99.6,100.0,99.0,3397,100.0
2025-10-21 23:59:00,40.25,35.08,38.49,189.09,2,96.63,99.58,99.27,109.86,98.6,4643,100.0
2025-10-22 00:00:00,41.01,30.86,32.14,200.6,1,96.96,99.6,99.07,112.7,98.81,3530,100.0
2025-10-22 00:01:00,40.34,38.6,34.64,230.27,4,98.21,99.05,99.32,100.0,98.57,4436,100.0
2025-10-22 00:02:00,43.4,35.8,23.14,225.95,2,96.95,98.23,99.21,117.87,98.78,4994,100.0
2025-10-22 00:03:00,37.5,37.04,31.46,209.03,1,98.04,99.76,99.04,100.0,98.55,3913,100.0
2025-10-22 00:04:00,37.75,35.02,32.76,256.61,2,96.32,99.55,99.25,100.0,98.98,4223,100.0
2025-10-22 00:05:00,36.26,38.88,27.59,220.59,4,99.79,98.31,99.39,100.0,98.5,3520,100.0
2025-10-22 00:06:00,39.67,38.51,32.79,218.81,2,97.49,98.1,99.59,100.0,99.26,3412,100.0
2025-10-22 00:07:00,38.25,33.24,33.16,229.2,5,97.79,99.99,99.41,100.0,99.44,3771,100.0
2025-10-22 00:08:00,44.44,38.69,39.74,221.83,3,97.19,98.69,99.55,126.54,99.28,3277,100.0
2025-10-22 00:09:00,37.0,34.69,34.21,181.91,5,99.11,99.91,99.06,100.0,98.68,4858,100.0
2025-10-22 00:10:00,38.79,36.98,39.25,216.29,2,99.54,99.57,99.68,100.0,98.54,3260,100.0
2025-10-22 00:11:00,42.72,37.65,42.76,229.02,1,99.4,98.92,99.65,129.82,98.61,3114,100.0
2025-10-22 00:12:00,40.25,35.68,39.89,228.36,3,100.0,99.04,99.91,121.17,99.08,3206,100.0
2025-10-22 00:13:00,39.41,35.59,36.46,148.2,3,99.48,98.29,99.84,100.0,99.46,4390,100.0
2025-10-22 00:14:00,35.8,35.92,38.36,217.74,4,99.17,98.64,100.0,100.0,98.79,3478,100.0
2025-10-22 00:15:00,40.87,33.12,40.36,175.86,1,96.98,98.84,99.37,100.0,98.54,3601,100.0
2025-10-22 00:16:00,37.59,34.59,32.77,178.62,2,96.67,98.36,99.45,100.0,98.98,4857,100.0
2025-10-22 00:17:00,36.58,36.29,38.68,172.77,0,98.52,98.02,99.8,100.0,99.02,4480,100.0
2025-10-22 00:18:00,36.36,37.83,35.72,167.84,5,99.59,98.18,99.18,100.0,99.32,3610,100.0
2025-10-22 00:19:00,40.71,35.1,21.95,151.33,0,98.38,98.56,99.14,124.76,98.62,4347,100.0
2025-10-22 00:20:00,40.45,36.4,33.46,246.81,0,99.04,98.47,99.37,100.0,98.95,4608,100.0
2025-10-22 00:21:00,34.58,33.6,28.05,153.35,5,98.62,98.89,99.97,100.0,99.41,3720,100.0
2025-10-22 00:22:00,43.29,37.97,28.59,238.32,3,98.62,98.93,99.59,114.51,98.96,4112,100.0
2025-10-22 00:23:00,39.55,37.8,27.85,236.54,2,96.8,99.52,99.01,114.28,98.69,4802,100.0
2025-10-22 00:24:00,38.6,37.26,27.88,216.38,4,97.33,99.69,99.15,100.0,98.51,3491,100.0
2025-10-22 00:25:00,41.6,36.25,32.55,219.46,1,98.74,99.08,99.01,122.76,99.12,3157,100.0
2025-10-22 00:26:00,37.2,36.47,34.06,242.76,2,99.41,99.69,99.18,100.0,99.21,4445,100.0
2025-10-22 00:27:00,38.44,38.26,29.24,184.39,3,97.19,99.77,99.06,100.0,99.28,3507,100.0
2025-10-22 00:28:00,40.89,33.51,40.12,186.43,3,96.57,99.1,99.63,123.36,98.98,4291,100.0
2025-10-22 00:29:00,35.3,38.18,28.3,211.99,7,96.59,98.94,99.3,100.0,97.16,3298,100.0
2025-10-22 00:30:00,38.17,35.49,40.58,220.47,1,98.47,99.32,99.48,100.0,98.53,3531,100.0
2025-10-22 00:31:00,39.35,37.56,38.85,190.18,5,96.04,99.97,99.49,104.91,99.31,3795,100.0
2025-10-22 00:32:00,39.25,35.24,34.92,172.24,1,98.83,99.74,99.58,100.0,99.5,3042,100.0
2025-10-22 00:33:00,40.16,36.26,31.24,183.63,1,98.02,98.78,99.64,102.16,98.68,4620,100.0
2025-10-22 00:34:00,35.47,36.88,34.86,194.65,2,99.52,99.11,99.28,100.0,98.68,4300,100.0
2025-10-22 00:35:00,36.51,35.82,35.88,180.34,4,97.44,99.61,99.74,100.0,99.14,3758,100.0
2025-10-22 00:36:00,37.62,38.9,30.71,219.57,3,97.0,98.15,99.84,100.0,98.66,3618,100.0
2025-10-22 00:37:00,36.54,37.66,24.81,160.24,1,99.55,98.79,99.14,100.0,98.71,3128,100.0
2025-10-22 00:38:00,37.92,37.6,25.59,174.21,3,96.37,99.69,99.8,100.0,98.7,3960,100.0
2025-10-22 00:39:00,41.46,38.92,25.83,203.73,1,96.8,99.67,99.25,111.33,98.91,4732,100.0
2025-10-22 00:40:00,39.36,34.72,37.94,163.3,1,96.47,98.62,99.51,100.0,99.24,3715,100.0
2025-10-22 00:41:00,34.65,37.71,40.14,208.18,1,97.08,98.65,99.96,100.0,98.51,3760,100.0
2025-10-22 00:42:00,33.38,32.24,31.07,209.83,2,96.49,99.68,99.34,100.0,99.45,3848,100.0
2025-10-22 00:43:00,34.54,38.25,21.78,213.73,2,97.63,99.55,99.93,100.0,99.3,3257,100.0
2025-10-22 00:44:00,39.49,33.68,30.08,206.44,1,96.86,98.19,99.1,112.77,99.44,4498,100.0
2025-10-22 00:45:00,41.39,38.06,23.13,161.76,2,98.01,98.46,99.65,129.45,98.83,4238,100.0
2025-10-22 00:46:00,40.84,35.85,31.49,164.56,3,98.66,98.9,99.25,100.0,99.39,4593,100.0
2025-10-22 00:47:00,42.67,35.17,36.44,205.0,6,99.41,98.99,99.18,137.38,97.42,3682,100.0
2025-10-22 00:48:00,43.72,36.57,32.68,224.44,3,96.49,99.65,99.95,129.48,98.51,3645,100.0
2025-10-22 00:49:00,39.72,38.23,23.84,175.7,2,97.45,99.33,99.07,100.0,98.92,4714,100.0
2025-10-22 00:50:00,42.44,32.89,40.11,168.28,1,98.25,98.99,99.41,105.83,99.38,4605,100.0
2025-10-22 00:51:00,41.41,36.49,35.98,164.8,3,98.55,99.76,99.3,124.07,99.1,3152,100.0
2025-10-22 00:52:00,39.32,36.77,32.94,217.62,2,97.7,98.59,99.92,100.0,98.62,4466,100.0
2025-10-22 00:53:00,37.34,37.12,38.35,173.98,1,96.8,98.53,99.87,100.0,98.5,4748,100.0
2025-10-22 00:54:00,36.74,33.54,37.42,197.86,2,98.96,99.64,99.04,100.0,99.06,4210,100.0
2025-10-22 00:55:00,40.17,36.7,40.72,185.98,3,98.5,99.3,99.58,100.0,99.01,4768,100.0
2025-10-22 00:56:00,42.35,34.21,31.57,163.0,4,99.02,99.13,99.6,116.35,98.68,3261,100.0
2025-10-22 00:57:00,37.38,39.02,25.85,225.17,2,97.65,98.81,99.82,100.0,99.33,4314,100.0
2025-10-22 00:58:00,43.19,33.25,33.63,215.71,4,98.41,99.13,99.95,147.76,98.74,3525,100.0
2025-10-22 00:59:00,45.5,34.93,41.76,218.4,0,97.34,98.95,99.83,148.14,98.81,4840,100.0
2025-10-22 01:00:00,40.14,33.42,23.85,188.69,0,97.91,99.22,99.69,103.27,98.88,3259,100.0
2025-10-22 01:01:00,36.67,34.91,39.68,166.23,4,96.07,98.64,99.15,100.0,99.4,4376,100.0
2025-10-22 01:02:00,44.21,37.4,41.84,236.99,3,96.96,98.79,99.11,129.21,99.0,4907,100.0
2025-10-22 01:03:00,41.66,36.11,27.74,174.0,3,98.83,98.12,99.35,125.77,99.18,3106,100.0
2025-10-22 01:04:00,38.48,38.46,23.35,172.84,4,99.29,99.71,99.4,104.53,99.35,4948,100.0
2025-10-22 01:05:00,42.56,36.83,39.77,186.44,2,99.14,99.43,99.85,122.09,99.04,3021,100.0
2025-10-22 01:06:00,41.01,34.48,27.26,186.36,2,99.04,98.53,99.67,100.0,99.5,3160,100.0
2025-10-22 01:07:00,41.46,35.53,22.76,147.88,2,98.82,99.31,99.27,100.0,99.42,3600,100.0
2025-10-22 01:08:00,37.5,36.1,23.34,250.96,3,99.66,98.66,99.43,100.0,99.46,3170,100.0
2025-10-22 01:09:00,42.0,35.7,22.52,146.62,4,98.72,99.22,99.73,114.65,99.49,3134,100.0
2025-10-22 01:10:00,41.27,34.7,21.07,208.36,1,96.9,98.95,99.05,128.02,99.06,3585,100.0
2025-10-22 01:11:00,43.02,38.69,35.43,175.99,0,99.44,98.47,99.02,135.9,98.65,4981,100.0
2025-10-22 01:12:00,43.63,36.04,38.06,216.09,0,99.8,99.72,99.95,145.51,98.91,3413,100.0
2025-10-22 01:13:00,37.78,34.6,27.39,209.96,2,97.37,99.39,99.99,100.0,98.56,3954,100.0
2025-10-22 01:14:00,44.75,33.51,28.06,173.27,2,97.14,99.05,100.0,142.07,98.66,3994,100.0
2025-10-22 01:15:00,39.64,37.55,32.87,226.62,4,96.45,99.64,99.7,100.0,98.95,4155,100.0
2025-10-22 01:16:00,42.43,38.72,33.88,210.1,2,98.65,99.68,99.77,129.86,98.66,4838,100.0
2025-10-22 01:17:00,37.85,38.17,29.22,160.5,3,99.52,99.19,99.47,100.0,99.17,3266,100.0
2025-10-22 01:18:00,46.23,36.36,40.13,241.21,0,96.07,99.16,99.79,164.5,99.31,4244,100.0
2025-10-22 01:19:00,41.85,33.41,24.09,224.11,4,98.67,98.96,99.6,121.07,99.26,3637,100.0
2025-10-22 01:20:00,41.26,34.56,24.18,241.48,1,98.68,99.48,99.5,118.46,98.67,3735,100.0
2025-10-22 01:21:00,35.03,34.13,31.66,186.29,2,96.57,98.51,99.2,100.0,99.32,4440,100.0
2025-10-22 01:22:00,40.74,35.6,21.57,233.9,0,98.01,99.03,99.84,123.9,99.44,4139,100.0
2025-10-22 01:23:00,42.82,34.3,32.78,244.92,1,96.8,98.86,99.24,123.86,98.83,3637,100.0
2025-10-22 01:24:00,42.02,36.09,39.42,247.77,0,96.32,99.35,99.24,136.65,99.17,3736,100.0
2025-10-22 01:25:00,40.64,38.26,26.31,245.79,0,99.92,98.34,99.74,100.0,98.93,4260,100.0
2025-10-22 01:26:00,37.93,35.92,31.99,228.03,0,96.33,98.8,99.89,100.0,99.06,4777,100.0
2025-10-22 01:27:00,42.3,34.11,24.65,176.37,2,98.39,98.38,99.79,120.39,98.97,4993,100.0
2025-10-22 01:28:00,41.02,37.72,23.79,219.78,2,98.71,98.49,99.38,126.08,99.09,3189,100.0
2025-10-22 01:29:00,36.77,35.61,30.1,208.38,4,97.07,98.6,99.18,100.0,98.92,3103,100.0
2025-10-22 01:30:00,38.31,38.59,24.03,242.48,0,98.48,98.5,99.83,100.0,99.45,3094,100.0
2025-10-22 01:31:00,36.79,35.32,36.5,242.01,3,98.76,98.08,99.44,100.0,98.97,4747,100.0
2025-10-22 01:32:00,36.47,34.59,22.76,249.13,1,97.1,98.08,99.26,100.0,98.89,4933,100.0
2025-10-22 01:33:00,42.14,37.36,31.22,231.91,2,99.52,98.45,99.4,115.21,99.18,4195,100.0
2025-10-22 01:34:00,39.62,33.18,30.51,202.74,0,96.6,99.99,99.87,100.0,99.08,3758,100.0
2025-10-22 01:35:00,40.13,35.59,22.66,180.01,0,97.96,99.81,100.0,119.08,99.49,3030,100.0
2025-10-22 01:36:00,42.73,37.18,29.54,192.67,1,99.92,99.78,99.19,118.28,98.61,4977,100.0
2025-10-22 01:37:00,45.01,37.02,36.8,229.5,2,96.37,98.79,99.6,144.24,99.2,4764,100.0
2025-10-22 01:38:00,40.77,35.01,31.75,182.54,2,99.29,99.41,99.98,106.24,99.22,4035,100.0
2025-10-22 01:39:00,36.93,34.21,25.68,185.8,2,99.89,98.62,99.94,100.0,99.0,4335,100.0
2025-10-22 01:40:00,41.65,36.7,41.08,236.86,6,99.32,98.51,99.56,112.72,96.85,3620,100.0
2025-10-22 01:41:00,44.09,38.02,33.0,219.13,3,99.74,98.7,99.99,133.09,98.61,3382,100.0
2025-10-22 01:42:00,42.05,36.67,35.12,243.28,4,97.16,98.66,99.55,136.67,99.34,3464,100.0
2025-10-22 01:43:00,39.27,36.26,40.82,148.5,4,98.35,99.73,99.32,110.05,98.83,4220,100.0
2025-10-22 01:44:00,37.63,35.15,37.81,155.61,4,98.54,99.2,99.72,100.0,99.39,3084,100.0
2025-10-22 01:45:00,42.69,37.66,27.45,160.5,1,99.53,99.71,99.06,118.51,99.39,3473,100.0
2025-10-22 01:46:00,35.82,34.13,34.96,181.0,1,97.79,99.02,99.41,100.0,98.96,4385,100.0
2025-10-22 01:47:00,46.21,38.91,26.79,185.07,0,96.54,98.5,99.2,150.63,98.73,3601,100.0
2025-10-22 01:48:00,41.5,34.13,25.06,154.87,2,98.17,99.3,99.59,130.15,99.37,3114,100.0
2025-10-22 01:49:00,37.97,36.55,40.41,227.27,1,99.05,98.94,99.55,100.0,98.6,4711,100.0
2025-10-22 01:50:00,41.17,36.89,25.7,160.77,0,99.65,98.69,99.09,110.34,98.58,3170,100.0
2025-10-22 01:51:00,41.01,36.89,34.72,221.23,3,97.77,98.79,99.33,100.0,98.58,4011,100.0
2025-10-22 01:52:00,42.72,34.81,37.74,196.83,3,96.97,98.45,99.81,109.99,99.14,4280,100.0
2025-10-22 01:53:00,37.29,37.58,36.57,187.32,3,97.65,98.3,100.0,100.0,98.84,4427,100.0
2025-10-22 01:54:00,42.44,32.43,32.78,191.13,3,97.66,99.88,99.34,125.62,99.43,3166,100.0
2025-10-22 01:55:00,36.69,39.42,42.03,230.18,2,97.73,98.86,99.04,100.0,98.98,4331,100.0
2025-10-22 01:56:00,39.81,36.31,34.56,175.95,2,99.63,99.23,99.15,100.0,99.26,4286,100.0
2025-10-22 01:57:00,43.9,37.54,23.28,161.51,2,99.17,99.15,99.42,144.89,98.64,4446,100.0
2025-10-22 01:58:00,37.93,37.89,32.35,156.62,5,98.14,99.31,99.28,100.0,98.77,3586,100.0
2025-10-22 01:59:00,44.32,35.28,39.47,211.95,1,98.05,98.64,99.43,152.76,99.13,4495,100.0
2025-10-22 02:00:00,37.88,39.62,32.38,226.16,3,97.69,98.26,99.18,100.0,98.5,4779,100.0
2025-10-22 02:01:00,41.92,36.08,29.21,165.56,3,97.3,98.37,99.79,127.96,99.0,4771,100.0
2025-10-22 02:02:00,41.91,33.26,29.26,206.18,2,97.47,98.21,99.14,120.17,98.67,4779,100.0
2025-10-22 02:03:00,42.03,34.11,37.31,196.78,1,98.72,98.17,99.31,100.56,98.82,3670,100.0
2025-10-22 02:04:00,34.11,34.0,37.32,183.95,3,96.37,98.41,99.19,100.0,98.53,3567,100.0
2025-10-22 02:05:00,41.59,35.51,36.67,191.7,5,97.29,99.45,99.37,107.45,99.46,3419,100.0
2025-10-22 02:06:00,38.8,36.33,25.63,245.96,3,97.54,98.66,99.56,100.0,99.06,4308,100.0
2025-10-22 02:07:00,37.46,34.64,23.85,231.78,1,99.11,98.29,99.43,100.0,99.07,4108,100.0
2025-10-22 02:08:00,40.48,32.88,39.03,183.3,1,99.51,99.29,99.45,108.17,98.88,3931,100.0
2025-10-22 02:09:00,38.2,35.18,27.92,155.89,0,96.7,98.5,99.89,100.0,99.46,3679,100.0
2025-10-22 02:10:00,42.34,37.34,35.07,216.22,5,96.04,98.25,99.07,118.33,98.55,4249,100.0
2025-10-22 02:11:00,36.2,35.56,23.36,229.28,3,99.26,99.09,99.33,100.0,98.67,4725,100.0
2025-10-22 02:12:00,38.56,32.6,22.58,233.81,3,97.34,98.55,99.57,100.0,98.52,4308,100.0
2025-10-22 02:13:00,43.45,37.12,39.96,180.48,1,96.75,98.18,99.1,145.23,98.53,3578,100.0
2025-10-22 02:14:00,40.4,34.51,37.38,226.88,2,99.73,98.1,99.27,100.0,99.13,4302,100.0
2025-10-22 02:15:00,36.53,33.9,40.03,222.95,3,98.52,98.7,99.43,100.0,99.44,3137,100.0
2025-10-22 02:16:00,44.27,38.83,33.61,155.63,3,97.08,98.05,99.58,156.13,99.49,4693,100.0
2025-10-22 02:17:00,39.3,35.72,37.25,145.8,4,96.66,98.71,99.26,100.0,99.1,3873,100.0
2025-10-22 02:18:00,36.87,38.7,26.59,223.57,3,99.46,98.66,99.23,100.0,98.65,3593,100.0
2025-10-22 02:19:00,38.61,34.48,30.77,187.26,2,99.29,99.86,99.69,105.98,98.84,4660,100.0
2025-10-22 02:20:00,40.85,35.16,24.58,161.41,3,96.72,98.86,99.87,122.71,99.16,4994,100.0
2025-10-22 02:21:00,45.11,34.75,31.16,169.07,2,99.52,99.14,99.75,132.88,98.59,4241,100.0
2025-10-22 02:22:00,35.95,37.54,23.27,213.62,2,99.78,99.72,99.86,100.0,98.61,4995,100.0
2025-10-22 02:23:00,37.08,36.56,27.92,204.21,3,96.28,99.33,99.38,100.0,98.59,3238,100.0
2025-10-22 02:24:00,40.74,35.44,29.23,188.97,2,97.63,99.5,99.0,122.57,99.21,3146,100.0
2025-10-22 02:25:00,44.75,36.52,35.84,242.19,2,97.03,99.53,99.93,130.36,98.52,4645,100.0
2025-10-22 02:26:00,35.4,33.97,39.95,240.3,2,99.42,98.42,99.83,100.0,98.7,4869,100.0
2025-10-22 02:27:00,36.39,38.39,23.42,147.24,3,98.3,98.79,99.48,100.0,99.14,4921,100.0
2025-10-22 02:28:00,37.0,34.89,25.89,181.18,4,98.54,99.61,99.74,100.0,99.23,4439,100.0
2025-10-22 02:29:00,37.24,34.84,39.01,212.14,2,96.65,98.91,99.52,100.0,99.22,4980,100.0
2025-10-22 02:30:00,37.75,37.16,24.73,160.71,3,96.47,99.62,99.56,100.0,98.59,4479,100.0
2025-10-22 02:31:00,34.75,34.03,23.06,198.85,5,98.19,98.92,99.57,100.0,99.2,3166,100.0
2025-10-22 02:32:00,34.64,35.65,33.01,150.38,2,98.85,98.42,99.79,100.0,98.98,4783,100.0
2025-10-22 02:33:00,43.49,38.01,25.64,156.97,3,97.64,99.05,99.8,125.66,99.44,4079,100.0
2025-10-22 02:34:00,42.81,33.38,38.08,202.86,1,98.97,98.26,99.19,113.18,98.51,4323,100.0
2025-10-22 02:35:00,38.94,34.82,29.63,206.06,2,97.71,99.65,99.03,104.1,98.74,4443,100.0
2025-10-22 02:36:00,39.54,36.4,29.38,188.58,0,99.7,99.69,99.4,105.98,98.81,4460,100.0
2025-10-22 02:37:00,39.42,35.21,22.38,242.81,3,98.29,99.69,99.93,100.0,99.11,4447,100.0
2025-10-22 02:38:00,36.4,36.84,38.8,235.38,3,98.5,98.83,99.92,100.0,99.38,4806,100.0
2025-10-22 02:39:00,37.53,37.11,32.0,146.8,2,99.88,98.11,99.95,100.0,98.88,3834,100.0
2025-10-22 02:40:00,44.0,36.84,36.93,156.32,2,96.58,98.97,99.93,139.43,98.9,4300,100.0
2025-10-22 02:41:00,45.07,33.82,25.77,166.79,0,97.21,98.46,99.55,143.81,98.91,4883,100.0
2025-10-22 02:42:00,37.22,36.03,36.38,229.95,3,96.98,99.34,99.97,100.0,98.73,4738,100.0
2025-10-22 02:43:00,35.91,36.37,21.6,146.49,2,99.06,98.26,99.53,100.0,99.25,4608,100.0
2025-10-22 02:44:00,39.57,33.86,41.7,241.32,0,98.2,99.74,99.43,100.0,98.88,3057,100.0
2025-10-22 02:45:00,43.82,36.43,33.54,180.15,4,99.15,99.12,99.23,123.47,98.8,4712,100.0
2025-10-22 02:46:00,36.5,39.18,28.71,213.69,1,98.61,98.06,99.1,100.0,98.66,3887,100.0
2025-10-22 02:47:00,38.67,36.42,24.73,231.41,0,99.35,99.33,99.42,101.33,98.69,3529,100.0
2025-10-22 02:48:00,44.54,33.72,38.3,213.58,0,99.78,99.94,99.92,145.52,98.72,3782,100.0
2025-10-22 02:49:00,40.15,34.53,35.18,224.62,1,99.83,98.5,99.35,100.0,98.83,3741,100.0
2025-10-22 02:50:00,33.45,36.86,31.96,158.47,2,99.58,98.36,99.88,100.0,98.81,3068,100.0
2025-10-22 02:51:00,36.48,34.15,40.47,193.69,0,98.23,98.42,99.24,100.0,99.26,3001,100.0
2025-10-22 02:52:00,39.68,34.45,21.73,191.9,2,97.48,99.5,99.58,111.61,99.05,3371,100.0
2025-10-22 02:53:00,43.1,37.61,41.32,158.74,4,98.74,98.69,99.3,124.43,98.54,3569,100.0
2025-10-22 02:54:00,39.44,37.47,31.88,195.48,2,99.93,98.95,99.19,100.0,98.52,3333,100.0
2025-10-22 02:55:00,37.07,35.37,23.31,211.2,3,96.06,99.46,99.63,100.0,98.6,3414,100.0
2025-10-22 02:56:00,44.54,38.93,37.93,175.39,1,99.95,98.67,99.71,163.78,99.32,4195,100.0
2025-10-22 02:57:00,38.04,35.06,33.2,251.96,2,98.36,98.95,99.12,100.0,99.45,4902,100.0
2025-10-22 02:58:00,39.24,38.97,25.07,182.18,0,97.54,99.7,99.98,100.0,99.24,3525,100.0
2025-10-22 02:59:00,41.09,38.09,32.83,163.3,2,97.91,98.15,99.63,116.53,98.76,4929,100.0
2025-10-22 03:00:00,41.75,37.24,24.27,212.41,2,96.11,98.22,99.0,110.56,98.8,3220,100.0
2025-10-22 03:01:00,42.79,39.91,41.29,181.66,5,96.33,98.98,99.05,147.81,98.86,4916,100.0
2025-10-22 03:02:00,35.72,34.08,35.0,230.69,1,96.62,98.08,99.26,100.0,98.7,4095,100.0
2025-10-22 03:03:00,40.88,36.02,35.78,207.32,2,98.57,99.91,99.73,105.54,99.25,4618,100.0
2025-10-22 03:04:00,40.54,38.81,29.11,249.78,2,97.39,98.29,99.07,100.0,98.96,3723,100.0
2025-10-22 03:05:00,34.12,35.71,23.88,166.01,0,98.08,98.19,99.26,100.0,98.67,3892,100.0
2025-10-22 03:06:00,43.85,39.63,33.48,212.03,3,98.18,98.16,99.78,157.88,98.57,4602,100.0
2025-10-22 03:07:00,37.03,33.89,35.48,152.46,1,98.22,98.92,99.92,100.0,98.63,3709,100.0
2025-10-22 03:08:00,41.09,36.47,30.11,209.28,1,99.88,98.48,99.45,100.0,99.05,3763,100.0
2025-10-22 03:09:00,37.79,39.13,30.85,192.88,1,97.57,98.67,99.47,100.0,98.69,4215,100.0
2025-10-22 03:10:00,39.67,33.41,32.83,180.76,3,96.16,98.18,99.68,110.93,98.66,3804,100.0
2025-10-22 03:11:00,38.41,36.77,25.52,244.65,3,98.93,99.42,99.02,104.0,99.43,3239,100.0
2025-10-22 03:12:00,41.88,35.75,24.56,143.82,1,96.57,99.27,99.75,117.48,99.1,3311,100.0
2025-10-22 03:13:00,38.62,37.61,29.75,187.13,1,99.24,98.94,99.12,100.0,98.57,3943,100.0
2025-10-22 03:14:00,42.5,36.49,35.48,203.9,1,97.97,99.27,99.05,110.69,99.09,3918,100.0
2025-10-22 03:15:00,37.2,34.39,34.56,155.55,2,99.28,98.11,99.87,100.0,98.95,4848,100.0
2025-10-22 03:16:00,40.13,36.02,33.02,158.54,5,99.0,99.16,99.46,120.37,99.35,4393,100.0
2025-10-22 03:17:00,39.01,37.14,32.82,175.88,1,98.0,99.44,99.04,100.76,98.52,4034,100.0
2025-10-22 03:18:00,44.12,36.63,24.83,226.88,2,96.48,98.59,99.46,140.26,99.08,3724,100.0
2025-10-22 03:19:00,44.62,36.29,30.9,156.93,5,96.24,98.64,99.32,152.5,98.95,4554,100.0
2025-10-22 03:20:00,36.6,33.11,24.64,165.11,0,98.86,98.8,99.02,100.0,99.41,4022,100.0
2025-10-22 03:21:00,44.32,35.83,40.71,167.45,4,96.34,98.73,99.09,135.67,98.76,3777,100.0
2025-10-22 03:22:00,37.82,34.38,27.68,184.84,2,96.46,98.94,99.18,100.0,98.79,3249,100.0
2025-10-22 03:23:00,42.45,37.93,30.12,220.08,1,97.59,99.11,99.04,130.65,99.24,4719,100.0
2025-10-22 03:24:00,40.79,36.62,28.59,237.37,2,98.95,98.05,99.86,105.74,98.94,4338,100.0
2025-10-22 03:25:00,41.95,34.96,41.36,251.08,3,99.78,98.49,99.11,136.66,98.71,4498,100.0
2025-10-22 03:26:00,44.96,35.9,42.23,181.77,3,96.41,98.69,99.43,148.75,99.24,3704,100.0
2025-10-22 03:27:00,38.2,37.78,36.18,147.94,5,98.62,99.39,99.28,100.0,98.9,4282,100.0
2025-10-22 03:28:00,44.47,35.13,41.8,199.73,0,96.22,98.68,99.26,158.45,99.24,4769,100.0
2025-10-22 03:29:00,39.11,34.28,25.63,199.42,4,98.48,98.63,99.74,100.0,99.1,3804,100.0
2025-10-22 03:30:00,37.83,33.47,38.2,198.48,2,96.07,99.09,99.48,100.0,99.06,3274,100.0
2025-10-22 03:31:00,37.78,35.89,21.81,232.92,0,96.12,98.0,99.68,100.0,98.6,4712,100.0
2025-10-22 03:32:00,36.16,38.1,36.55,219.31,0,98.09,99.15,99.38,100.0,99.35,3046,100.0
2025-10-22 03:33:00,40.2,34.57,34.26,164.52,3,97.0,98.2,99.59,100.0,99.26,4055,100.0
2025-10-22 03:34:00,38.47,38.72,33.98,243.06,1,99.8,99.11,99.93,100.0,99.43,3635,100.0
2025-10-22 03:35:00,36.06,37.93,38.25,212.68,2,98.47,98.1,99.14,100.0,99.32,4466,100.0
2025-10-22 03:36:00,34.29,33.78,25.81,186.62,1,99.68,99.5,99.84,100.0,98.89,4417,100.0
2025-10-22 03:37:00,42.17,33.95,38.83,193.9,0,98.57,99.35,99.55,110.18,98.98,3800,100.0
2025-10-22 03:38:00,37.63,34.77,31.18,149.64,2,96.04,98.64,99.77,100.0,99.29,4397,100.0
2025-10-22 03:39:00,44.11,33.46,27.78,207.66,3,97.97,98.88,99.78,137.59,98.82,3179,100.0
2025-10-22 03:40:00,38.39,36.27,36.16,153.6,3,97.95,98.78,99.11,100.0,98.68,4585,100.0
2025-10-22 03:41:00,37.16,38.25,37.61,215.5,1,98.27,99.88,99.04,100.0,98.55,4139,100.0
2025-10-22 03:42:00,42.14,33.95,37.05,155.74,1,99.18,99.7,99.22,105.27,99.35,4298,100.0
2025-10-22 03:43:00,35.55,35.58,38.42,151.83,0,97.09,99.3,99.18,100.0,99.25,4122,100.0
2025-10-22 03:44:00,41.97,35.94,28.14,176.96,0,99.71,99.69,99.31,129.84,99.26,3455,100.0
2025-10-22 03:45:00,40.52,34.06,37.18,162.28,2,96.49,99.31,99.24,110.4,98.91,4385,100.0
2025-10-22 03:46:00,34.5,33.58,32.74,214.26,1,96.72,98.44,99.53,100.0,99.16,4911,100.0
2025-10-22 03:47:00,36.42,36.37,40.39,167.29,1,98.57,99.34,99.66,100.0,99.25,3071,100.0
2025-10-22 03:48:00,36.56,38.23,34.69,225.74,2,99.01,98.87,99.05,100.0,99.1,3570,100.0
2025-10-22 03:49:00,37.01,35.52,26.66,155.57,1,96.05,99.55,99.75,100.0,98.71,4756,100.0
2025-10-22 03:50:00,37.99,33.2,28.22,193.19,3,97.42,99.48,99.53,100.0,99.31,4782,100.0
2025-10-22 03:51:00,40.81,34.04,31.23,199.94,1,97.89,98.89,99.21,124.21,99.39,4519,100.0
2025-10-22 03:52:00,40.48,35.39,32.33,154.0,2,97.36,99.02,99.69,100.0,99.37,3081,100.0
2025-10-22 03:53:00,42.29,32.2,23.79,223.61,2,98.11,98.15,99.16,109.9,98.56,4785,100.0
2025-10-22 03:54:00,41.57,34.43,42.29,186.32,5,98.28,98.72,99.83,125.54,98.78,3034,100.0
2025-10-22 03:55:00,36.46,35.72,22.66,211.25,1,98.39,99.21,99.48,100.0,98.61,3813,100.0
2025-10-22 03:56:00,38.98,36.81,35.04,150.94,2,98.22,99.3,99.65,100.0,98.75,3740,100.0
2025-10-22 03:57:00,38.33,37.78,34.97,176.18,2,96.85,99.08,99.34,100.0,98.99,4830,100.0
2025-10-22 03:58:00,44.16,34.98,25.01,197.15,4,97.78,98.16,99.32,154.41,99.16,4991,100.0
2025-10-22 03:59:00,36.02,34.86,37.49,168.06,1,97.53,99.96,99.46,100.0,99.39,3315,100.0
2025-10-22 04:00:00,34.95,37.5,26.85,179.56,1,97.74,98.86,99.41,100.0,98.84,3060,100.0
2025-10-22 04:01:00,37.75,38.05,34.78,249.99,1,96.48,99.04,99.67,100.0,99.1,4730,100.0
2025-10-22 04:02:00,43.78,34.29,26.97,158.26,1,96.89,99.32,99.69,143.64,99.05,3972,100.0
2025-10-22 04:03:00,40.43,39.43,23.42,161.51,2,99.99,99.55,99.88,100.0,98.74,4535,100.0
2025-10-22 04:04:00,44.18,38.97,31.64,173.37,3,98.78,98.43,99.59,134.38,99.35,4429,100.0
2025-10-22 04:05:00,44.62,35.22,24.05,241.84,1,96.37,99.03,99.15,148.87,99.23,4070,100.0
2025-10-22 04:06:00,42.5,37.65,28.74,174.29,4,97.9,99.35,99.9,120.3,98.81,4825,100.0
2025-10-22 04:07:00,35.45,35.86,31.15,164.49,2,97.24,99.56,99.99,100.0,99.35,4879,100.0
2025-10-22 04:08:00,42.73,39.0,36.45,230.09,2,96.64,99.6,99.36,114.63,98.76,3069,100.0
2025-10-22 04:09:00,37.12,37.47,40.54,200.93,3,97.4,99.29,99.22,100.0,98.58,4010,100.0
2025-10-22 04:10:00,40.02,35.39,27.74,171.94,2,97.94,98.14,99.17,115.94,99.1,3368,100.0
2025-10-22 04:11:00,40.47,36.77,27.05,197.83,1,97.6,99.5,99.46,100.93,98.87,3917,100.0
2025-10-22 04:12:00,36.6,38.57,26.43,218.19,3,98.71,98.38,99.12,100.0,98.66,3456,100.0
2025-10-22 04:13:00,34.73,34.64,38.82,168.56,2,98.29,99.12,99.36,100.0,98.55,3170,100.0
2025-10-22 04:14:00,39.63,37.1,24.28,227.91,3,97.91,98.12,99.75,100.0,98.87,4937,100.0
2025-10-22 04:15:00,45.67,39.66,27.68,229.17,2,99.27,99.76,99.7,148.42,98.69,4248,100.0
2025-10-22 04:16:00,38.19,35.37,31.33,186.22,3,96.75,99.84,99.79,100.0,99.41,3531,100.0
2025-10-22 04:17:00,39.01,33.36,30.91,199.59,1,96.13,98.84,99.19,100.41,99.17,3651,100.0
2025-10-22 04:18:00,44.71,34.07,41.37,201.83,2,99.9,98.49,99.88,134.06,99.17,3822,100.0
2025-10-22 04:19:00,44.12,33.66,29.58,210.98,2,97.85,98.51,99.82,124.89,99.2,4067,100.0
2025-10-22 04:20:00,43.25,35.64,24.39,153.85,4,98.26,98.91,99.91,130.86,98.6,4194,100.0
2025-10-22 04:21:00,39.6,36.37,39.04,186.18,5,97.99,98.52,99.37,100.0,98.66,3794,100.0
2025-10-22 04:22:00,35.92,36.46,26.51,213.74,2,96.63,99.36,99.91,100.0,98.57,4869,100.0
2025-10-22 04:23:00,35.33,33.87,39.74,226.06,3,98.81,99.07,99.57,100.0,98.65,4313,100.0
2025-10-22 04:24:00,40.21,35.72,37.4,229.26,2,97.44,98.55,99.55,108.42,99.09,4908,100.0
2025-10-22 04:25:00,37.67,35.0,35.04,208.48,0,97.25,98.51,99.84,100.0,98.78,3204,100.0
2025-10-22 04:26:00,36.83,34.0,31.06,179.27,4,96.2,98.48,99.1,100.0,99.15,4037,100.0
2025-10-22 04:27:00,36.94,37.23,24.14,170.36,1,98.72,99.95,99.83,100.0,99.02,3844,100.0
2025-10-22 04:28:00,37.94,34.28,38.47,180.03,5,99.15,98.31,99.64,100.0,99.26,4927,100.0
2025-10-22 04:29:00,34.58,34.32,30.53,175.95,1,99.25,99.82,99.08,100.0,98.73,4017,100.0
2025-10-22 04:30:00,43.72,37.65,40.0,155.65,1,98.4,98.47,99.77,142.98,99.07,4650,100.0
2025-10-22 04:31:00,40.39,34.91,34.8,247.64,5,98.15,98.43,99.45,100.0,98.72,3421,100.0
2025-10-22 04:32:00,42.28,33.71,29.52,147.54,0,99.59,99.67,99.84,119.26,98.64,3215,100.0
2025-10-22 04:33:00,40.66,37.67,39.6,176.87,1,99.1,98.55,99.48,123.71,99.25,3105,100.0
2025-10-22 04:34:00,38.3,39.53,39.2,247.74,1,96.61,99.86,99.18,100.0,98.69,4542,100.0
2025-10-22 04:35:00,44.31,38.17,33.68,251.45,0,99.47,98.86,99.46,128.18,98.53,3633,100.0
2025-10-22 04:36:00,36.41,33.78,39.47,241.79,5,96.63,98.47,99.84,100.0,98.96,3058,100.0
2025-10-22 04:37:00,36.35,36.39,30.94,187.01,4,97.92,98.66,99.51,100.0,98.7,4563,100.0
2025-10-22 04:38:00,35.49,34.32,36.04,220.73,3,99.64,99.08,99.35,100.0,99.12,3612,100.0
2025-10-22 04:39:00,37.97,35.36,23.42,244.2,1,98.59,99.45,99.74,100.0,99.37,4087,100.0
2025-10-22 04:40:00,38.76,39.16,34.1,246.64,2,98.47,98.84,99.96,100.0,99.0,4562,100.0
2025-10-22 04:41:00,37.59,34.55,37.24,161.55,3,99.15,99.61,99.48,100.0,98.75,4508,100.0
2025-10-22 04:42:00,41.76,37.4,22.0,221.31,3,99.86,98.19,99.52,117.85,99.11,3661,100.0
2025-10-22 04:43:00,44.82,35.04,35.56,202.41,1,99.83,99.12,99.6,159.55,98.58,4427,100.0
2025-10-22 04:44:00,36.93,38.38,36.13,191.15,1,99.62,98.24,99.47,100.0,99.5,4171,100.0
2025-10-22 04:45:00,35.78,36.47,41.12,206.94,1,96.37,98.46,99.55,100.0,99.38,4587,100.0
2025-10-22 04:46:00,41.14,36.06,33.78,152.43,0,98.1,98.35,99.55,105.56,99.41,4899,100.0
2025-10-22 04:47:00,44.35,38.06,41.27,218.4,3,98.73,99.86,99.54,131.02,99.03,4413,100.0
2025-10-22 04:48:00,37.31,38.66,37.61,177.75,2,99.45,99.75,99.4,100.0,98.69,4818,100.0
2025-10-22 04:49:00,45.55,36.89,29.64,188.08,3,96.84,98.51,99.36,161.64,99.32,4093,100.0
2025-10-22 04:50:00,36.12,33.41,33.63,244.83,6,96.4,98.92,99.92,100.0,96.68,4298,100.0
2025-10-22 04:51:00,38.57,37.78,24.14,215.8,4,96.49,98.69,99.62,100.0,98.7,4178,100.0
2025-10-22 04:52:00,36.87,39.28,34.81,181.21,2,97.36,99.76,99.99,100.0,98.52,3438,100.0
2025-10-22 04:53:00,43.52,36.01,40.85,203.98,3,98.92,99.3,99.65,131.79,98.52,4378,100.0
2025-10-22 04:54:00,39.9,36.8,34.12,175.74,1,97.3,98.04,99.57,100.0,99.34,3286,100.0
2025-10-22 04:55:00,39.14,34.36,35.58,203.8,2,96.86,100.0,99.41,100.0,99.4,3041,100.0
2025-10-22 04:56:00,36.52,33.4,37.18,180.93,0,96.39,98.3,99.9,100.0,99.42,4634,100.0
2025-10-22 04:57:00,44.34,35.44,28.39,210.8,2,99.89,98.12,99.18,150.51,98.66,3213,100.0
2025-10-22 04:58:00,39.14,35.0,30.63,207.37,1,99.52,99.27,99.06,109.83,99.19,3303,100.0
2025-10-22 04:59:00,43.77,34.5,40.77,155.72,1,96.09,98.04,99.79,124.42,99.42,3851,100.0
2025-10-22 05:00:00,40.08,34.73,34.94,180.71,1,96.23,98.61,99.74,100.0,98.8,4810,100.0
2025-10-22 05:01:00,42.4,39.28,41.23,161.39,1,99.7,99.09,99.53,132.55,99.38,4234,100.0
2025-10-22 05:02:00,41.94,33.06,35.57,198.03,4,99.79,99.92,99.81,134.65,99.19,3078,100.0
2025-10-22 05:03:00,40.57,37.35,40.65,206.13,3,99.0,98.47,99.24,111.43,99.29,4164,100.0
2025-10-22 05:04:00,37.29,36.65,38.35,202.76,0,98.71,99.63,99.28,100.0,99.02,3084,100.0
2025-10-22 05:05:00,39.47,33.34,26.81,190.45,0,96.46,99.65,99.04,102.3,99.31,3261,100.0
2025-10-22 05:06:00,38.69,36.26,39.25,166.46,2,96.24,99.11,99.96,100.0,98.83,3197,100.0
2025-10-22 05:07:00,37.48,32.41,28.64,199.83,4,98.41,99.04,99.52,100.0,98.99,3300,100.0
2025-10-22 05:08:00,42.89,32.57,40.11,232.92,2,98.57,99.7,99.13,132.34,98.89,3871,100.0
2025-10-22 05:09:00,44.01,36.14,23.75,243.12,4,98.97,99.4,99.46,131.03,98.79,4462,100.0
2025-10-22 05:10:00,42.75,38.56,38.19,166.64,1,98.15,98.12,99.76,111.71,98.77,4565,100.0
2025-10-22 05:11:00,37.33,38.32,42.3,220.82,2,98.32,98.62,99.25,100.0,99.09,4589,100.0
2025-10-22 05:12:00,38.54,36.98,37.41,174.37,2,98.82,99.01,99.11,100.0,99.4,3454,100.0
2025-10-22 05:13:00,36.52,38.15,36.7,215.09,2,98.04,99.13,99.02,100.0,99.28,3942,100.0
2025-10-22 05:14:00,43.0,38.08,36.13,226.62,3,99.31,98.62,99.54,119.95,99.2,4950,100.0
2025-10-22 05:15:00,43.89,37.37,34.22,203.33,1,97.63,99.89,99.43,142.34,99.42,4036,100.0
2025-10-22 05:16:00,38.09,36.79,27.26,219.7,2,98.55,98.72,99.53,100.0,98.91,4849,100.0
2025-10-22 05:17:00,37.6,33.8,38.32,156.67,0,99.74,98.42,99.15,100.0,98.55,4240,100.0
2025-10-22 05:18:00,39.93,40.0,29.5,224.22,2,96.27,99.93,99.76,116.07,99.2,3684,100.0
2025-10-22 05:19:00,35.53,38.05,31.09,186.14,1,97.24,99.28,99.1,100.0,99.01,4246,100.0
2025-10-22 05:20:00,44.32,36.17,37.85,242.83,1,98.57,98.66,99.74,151.45,98.92,3175,100.0
2025-10-22 05:21:00,33.68,34.14,22.2,220.96,2,99.18,99.78,99.84,100.0,98.58,3743,100.0
2025-10-22 05:22:00,41.18,37.24,38.16,209.42,2,98.89,99.7,99.41,113.71,98.81,3900,100.0
2025-10-22 05:23:00,37.0,37.5,31.75,204.29,0,98.49,98.41,99.38,100.0,98.95,3454,100.0
2025-10-22 05:24:00,40.89,36.51,33.91,204.76,4,96.36,98.96,99.9,114.88,99.17,3315,100.0
2025-10-22 05:25:00,40.67,36.26,38.79,169.46,5,99.22,99.7,99.93,124.16,98.74,3255,100.0
2025-10-22 05:26:00,38.87,37.56,23.84,157.72,1,98.87,99.9,99.66,100.0,98.51,4024,100.0
2025-10-22 05:27:00,44.98,38.28,28.37,243.91,2,97.35,98.13,99.87,167.0,99.13,4528,100.0
2025-10-22 05:28:00,40.22,37.19,37.1,152.61,3,97.4,99.41,99.47,100.0,99.39,3226,100.0
2025-10-22 05:29:00,36.69,35.0,26.79,211.37,2,96.53,98.98,99.57,100.0,98.72,3161,100.0
2025-10-22 05:30:00,34.47,35.45,31.92,188.85,0,99.02,99.38,99.39,100.0,98.66,4507,100.0
2025-10-22 05:31:00,42.24,34.45,30.81,246.6,2,96.81,99.05,99.67,136.64,99.19,3768,100.0
2025-10-22 05:32:00,40.11,33.28,39.95,168.22,0,97.23,98.76,99.8,100.0,98.55,4271,100.0
2025-10-22 05:33:00,41.94,38.05,30.2,159.73,1,96.07,99.56,99.4,120.37,99.16,3802,100.0
2025-10-22 05:34:00,35.3,33.44,37.92,242.87,0,99.64,98.76,99.21,100.0,99.27,3937,100.0
2025-10-22 05:35:00,44.98,35.6,37.23,170.11,0,96.53,99.62,99.66,136.47,98.88,4527,100.0
2025-10-22 05:36:00,44.57,36.63,35.06,217.44,1,96.54,99.85,99.72,127.54,99.05,3686,100.0
2025-10-22 05:37:00,42.94,34.9,34.67,165.5,2,98.48,99.28,99.98,136.14,99.02,4825,100.0
2025-10-22 05:38:00,40.3,38.79,34.53,222.32,0,98.87,98.53,99.12,117.0,99.19,3815,100.0
2025-10-22 05:39:00,40.58,35.13,23.46,191.27,1,99.34,98.23,99.09,121.89,99.25,3106,100.0
2025-10-22 05:40:00,38.94,37.52,30.32,247.95,1,97.32,99.13,99.14,100.0,98.58,4048,100.0
2025-10-22 05:41:00,40.79,33.16,34.77,209.05,6,98.03,98.3,99.67,100.0,96.74,3416,100.0
2025-10-22 05:42:00,36.83,37.99,25.19,163.59,5,98.38,99.2,99.22,100.0,98.7,3979,100.0
2025-10-22 05:43:00,38.71,35.71,35.39,162.03,0,96.52,98.34,99.2,100.0,98.95,3939,100.0
2025-10-22 05:44:00,36.36,39.13,43.09,168.81,1,96.2,98.57,99.85,100.0,98.95,3877,100.0
2025-10-22 05:45:00,40.5,35.49,40.39,210.96,4,97.75,98.58,99.99,101.57,98.57,3822,100.0
2025-10-22 05:46:00,38.18,33.91,24.84,182.92,2,96.13,99.56,99.87,100.0,98.78,4544,100.0
2025-10-22 05:47:00,33.44,37.31,37.66,196.23,1,100.0,99.52,99.34,100.0,99.14,4973,100.0
2025-10-22 05:48:00,38.54,33.29,39.76,180.63,1,96.51,99.36,99.84,100.0,98.92,4238,100.0
2025-10-22 05:49:00,43.2,36.95,24.15,205.48,4,97.91,99.55,99.14,150.94,98.85,3700,100.0
2025-10-22 05:50:00,40.08,35.06,25.18,227.46,0,99.34,98.55,99.5,100.0,99.07,4591,100.0
2025-10-22 05:51:00,43.96,34.14,32.14,191.93,4,99.02,99.69,99.96,142.22,99.17,3892,100.0
2025-10-22 05:52:00,40.77,31.93,20.96,213.56,4,96.43,99.87,99.94,105.34,98.72,4784,100.0
2025-10-22 05:53:00,43.25,33.92,25.32,254.13,0,97.13,99.1,99.18,121.75,98.85,3539,100.0
2025-10-22 05:54:00,37.79,34.88,22.8,154.95,1,97.9,99.68,99.37,100.0,99.37,4729,100.0
2025-10-22 05:55:00,45.22,37.49,42.46,238.97,2,98.21,98.53,99.28,137.18,98.86,3962,100.0
2025-10-22 05:56:00,41.31,34.92,33.15,169.74,3,97.52,98.23,99.22,108.87,99.39,4114,100.0
2025-10-22 05:57:00,39.13,38.1,23.22,191.16,3,97.35,99.86,99.97,100.0,99.14,3482,100.0
2025-10-22 05:58:00,41.23,39.01,35.79,218.97,0,99.0,99.96,99.47,100.0,99.48,3580,100.0
2025-10-22 05:59:00,38.54,33.05,23.67,168.92,3,97.98,99.6,99.93,100.0,98.63,3850,100.0
2025-10-22 06:00:00,36.45,36.54,23.08,228.36,2,97.79,99.24,99.19,100.0,98.7,3010,100.0
2025-10-22 06:01:00,38.68,32.52,34.4,158.92,3,96.59,99.26,99.26,100.0,98.98,3459,100.0
2025-10-22 06:02:00,44.63,34.6,26.27,201.77,2,97.73,99.38,99.08,154.76,99.43,4527,100.0
2025-10-22 06:03:00,36.79,33.43,31.68,244.98,2,98.86,99.63,99.94,100.0,99.01,4238,100.0
2025-10-22 06:04:00,37.73,36.93,39.75,207.49,3,98.9,98.82,99.94,100.0,98.95,4937,100.0
2025-10-22 06:05:00,38.65,37.5,24.05,167.22,4,99.48,98.42,99.29,100.0,99.44,3185,100.0
2025-10-22 06:06:00,37.85,37.94,37.1,166.91,2,97.85,98.24,99.31,100.0,99.01,3282,100.0
2025-10-22 06:07:00,39.97,35.5,38.06,225.64,0,99.81,99.49,99.62,100.0,98.68,4924,100.0
2025-10-22 06:08:00,39.74,36.81,37.78,159.41,0,96.85,98.29,99.01,102.29,99.3,4914,100.0
2025-10-22 06:09:00,39.43,34.69,39.3,234.53,3,96.17,99.59,99.56,100.0,99.17,4533,100.0
2025-10-22 06:10:00,34.77,35.7,38.64,168.37,1,96.05,99.8,99.14,100.0,98.85,3555,100.0
2025-10-22 06:11:00,45.17,37.52,36.5,229.78,2,99.34,99.2,99.24,167.73,99.08,3990,100.0
2025-10-22 06:12:00,39.51,35.22,27.44,207.87,0,99.68,98.35,99.75,100.0,98.73,4115,100.0
2025-10-22 06:13:00,43.25,37.81,27.27,186.04,3,99.17,98.72,99.4,123.99,98.62,3840,100.0
2025-10-22 06:14:00,42.22,38.74,23.54,177.97,1,96.47,98.9,99.58,134.99,99.5,4548,100.0
2025-10-22 06:15:00,36.87,37.23,32.4,193.35,3,99.46,99.59,99.3,100.0,98.55,3101,100.0
2025-10-22 06:16:00,43.21,37.28,27.95,182.88,1,96.13,98.9,99.94,148.78,99.31,4257,100.0
2025-10-22 06:17:00,44.11,36.5,26.15,221.17,1,97.01,98.53,99.1,130.15,98.88,4879,100.0
2025-10-22 06:18:00,37.52,33.31,23.94,222.22,1,97.51,99.31,99.47,100.0,98.93,3398,100.0
2025-10-22 06:19:00,39.19,34.83,36.57,237.67,2,99.66,98.77,99.77,111.52,99.08,3959,100.0
2025-10-22 06:20:00,38.95,34.17,24.35,206.33,3,99.12,98.73,99.63,103.46,98.76,4201,100.0
2025-10-22 06:21:00,40.42,38.2,36.56,230.02,2,97.83,98.76,99.33,100.0,98.67,3117,100.0
2025-10-22 06:22:00,37.55,36.2,40.49,227.66,0,97.84,98.02,99.28,100.0,99.39,4308,100.0
2025-10-22 06:23:00,38.99,36.22,38.71,181.8,2,96.1,99.7,99.05,100.0,98.83,4250,100.0
2025-10-22 06:24:00,35.02,37.49,35.83,231.1,3,99.22,98.34,99.42,100.0,99.03,4363,100.0
2025-10-22 06:25:00,38.14,33.36,22.8,245.36,2,96.07,98.46,99.33,100.0,99.3,4498,100.0
2025-10-22 06:26:00,40.44,33.97,37.03,159.78,1,99.76,99.4,99.41,117.31,98.72,4862,100.0
2025-10-22 06:27:00,41.47,35.98,37.39,211.97,3,96.26,98.44,99.34,100.0,98.81,4543,100.0
2025-10-22 06:28:00,44.74,38.26,39.71,162.4,2,98.3,98.69,99.39,163.04,99.09,4517,100.0
2025-10-22 06:29:00,42.81,36.98,38.91,252.45,3,96.18,98.46,99.34,113.27,98.72,3167,100.0
2025-10-22 06:30:00,41.35,34.19,34.37,232.88,0,99.96,99.29,99.05,106.1,99.39,4192,100.0
2025-10-22 06:31:00,37.94,38.69,37.81,223.89,3,99.37,98.36,99.16,100.0,98.69,3206,100.0
2025-10-22 06:32:00,36.89,37.51,34.91,179.49,1,98.92,98.64,99.28,100.0,99.41,4505,100.0
2025-10-22 06:33:00,40.13,38.96,28.27,219.46,1,99.38,99.57,99.29,100.0,98.86,4520,100.0
2025-10-22 06:34:00,44.19,34.3,39.54,156.61,3,99.7,98.04,99.56,136.84,98.96,4073,100.0
2025-10-22 06:35:00,39.66,33.71,34.91,148.49,0,97.91,99.08,99.27,100.0,99.02,3698,100.0
2025-10-22 06:36:00,40.27,37.99,27.31,227.99,3,97.47,98.17,99.73,116.43,98.91,3713,100.0
2025-10-22 06:37:00,41.71,33.54,28.0,187.22,2,98.16,99.85,99.03,124.27,99.12,4848,100.0
2025-10-22 06:38:00,43.97,35.56,35.19,208.32,1,97.17,98.56,99.72,156.57,98.73,3149,100.0
2025-10-22 06:39:00,46.49,38.26,41.22,171.82,2,96.65,98.59,99.22,183.87,98.86,4522,100.0
2025-10-22 06:40:00,41.37,33.3,29.48,244.44,1,99.16,99.33,99.63,127.8,98.53,4542,100.0
2025-10-22 06:41:00,45.05,34.02,34.41,190.99,0,97.67,99.29,99.92,155.34,99.36,3243,100.0
2025-10-22 06:42:00,40.93,34.96,31.09,234.67,2,97.16,99.56,99.49,127.28,99.32,3422,100.0
2025-10-22 06:43:00,43.28,36.35,27.49,188.41,4,99.19,99.7,99.07,123.91,99.01,3632,100.0
2025-10-22 06:44:00,42.64,36.45,27.45,182.75,1,98.87,98.75,99.69,126.96,98.65,3998,100.0
2025-10-22 06:45:00,42.81,34.97,35.21,171.15,1,97.56,99.52,99.46,111.39,99.13,3938,100.0
2025-10-22 06:46:00,37.6,39.27,29.74,201.4,2,98.31,98.62,99.51,100.0,99.0,3142,100.0
2025-10-22 06:47:00,39.71,32.7,28.38,194.85,2,99.73,99.3,99.32,115.73,99.38,3286,100.0
2025-10-22 06:48:00,37.68,34.97,34.03,185.91,1,99.66,99.68,99.74,100.0,99.21,3877,100.0
2025-10-22 06:49:00,43.29,36.34,40.67,163.84,3,97.14,99.03,99.33,113.13,98.54,4535,100.0
2025-10-22 06:50:00,37.81,39.73,24.23,162.01,0,96.41,98.97,99.79,100.0,99.25,4548,100.0
2025-10-22 06:51:00,43.74,33.64,24.37,160.48,2,97.03,99.24,99.34,132.01,98.61,4184,100.0
2025-10-22 06:52:00,45.26,38.51,27.94,179.67,4,99.39,98.29,99.35,146.46,99.06,3926,100.0
2025-10-22 06:53:00,40.33,36.87,31.04,178.67,4,96.24,98.85,99.01,109.8,99.01,3253,100.0
2025-10-22 06:54:00,39.34,39.6,42.12,233.21,2,99.82,98.73,99.1,100.0,99.21,3765,100.0
2025-10-22 06:55:00,37.09,37.96,31.87,207.26,1,96.5,99.03,99.78,100.0,98.76,4703,100.0
2025-10-22 06:56:00,41.63,32.72,23.42,208.69,1,97.87,98.66,99.8,129.08,99.11,3586,100.0
2025-10-22 06:57:00,40.23,37.67,24.0,186.32,3,99.11,98.2,99.86,100.0,99.39,3727,100.0
2025-10-22 06:58:00,36.14,35.37,41.21,194.02,1,98.71,98.15,99.72,100.0,98.97,3332,100.0
2025-10-22 06:59:00,41.65,35.31,30.04,217.09,2,98.31,98.26,99.69,100.0,99.3,3607,100.0
2025-10-22 07:00:00,41.99,38.25,30.06,192.31,2,98.92,99.28,99.42,112.05,98.82,4482,100.0
2025-10-22 07:01:00,41.64,37.42,36.59,222.51,1,99.05,98.2,99.98,131.35,99.03,3704,100.0
2025-10-22 07:02:00,44.29,34.73,39.82,222.76,0,97.25,99.02,99.19,129.07,98.51,4823,100.0
2025-10-22 07:03:00,35.76,35.34,26.31,225.09,4,98.55,98.23,99.68,100.0,99.36,4011,100.0
2025-10-22 07:04:00,45.23,37.72,33.02,191.16,0,96.76,98.0,99.87,162.85,98.72,3004,100.0
2025-10-22 07:05:00,40.8,36.14,38.4,194.7,1,97.46,99.87,99.01,103.66,98.76,4063,100.0
2025-10-22 07:06:00,45.03,38.59,30.63,252.3,2,98.67,99.46,99.12,152.32,99.49,3652,100.0
2025-10-22 07:07:00,37.62,38.12,23.95,241.38,2,96.08,98.75,99.71,100.0,99.24,4341,100.0
2025-10-22 07:08:00,42.75,38.84,27.31,223.69,3,97.54,98.44,99.22,126.3,99.39,3383,100.0
2025-10-22 07:09:00,37.95,38.17,28.86,246.6,1,96.38,99.98,99.89,100.0,98.66,4938,100.0
2025-10-22 07:10:00,41.7,38.87,30.08,160.75,4,97.97,99.44,99.03,113.59,98.66,4286,100.0
2025-10-22 07:11:00,45.32,37.31,36.64,193.38,4,99.92,99.66,99.12,153.48,99.4,4887,100.0
2025-10-22 07:12:00,40.55,34.83,41.14,250.43,1,99.26,98.95,99.08,100.0,98.65,4372,100.0
2025-10-22 07:13:00,37.23,33.19,39.58,241.81,1,98.37,98.3,99.16,100.0,99.45,4924,100.0
2025-10-22 07:14:00,42.69,36.18,33.09,215.87,1,96.9,99.93,99.34,117.66,98.92,3581,100.0
2025-10-22 07:15:00,36.76,34.88,35.65,176.56,1,96.17,99.72,99.76,100.0,98.53,3478,100.0
2025-10-22 07:16:00,42.78,36.24,36.45,212.68,1,98.69,99.61,99.04,122.95,98.85,4118,100.0
2025-10-22 07:17:00,36.45,38.83,33.28,243.93,2,99.45,99.07,99.02,100.0,98.97,3601,100.0
2025-10-22 07:18:00,37.42,36.14,29.7,240.56,3,98.29,99.98,99.54,100.0,99.25,3241,100.0
2025-10-22 07:19:00,43.03,34.02,32.71,211.66,4,99.54,98.52,99.08,148.62,98.89,4245,100.0
2025-10-22 07:20:00,40.25,32.19,24.62,237.25,2,97.69,99.75,99.07,100.0,99.4,3830,100.0
2025-10-22 07:21:00,36.1,34.03,39.92,200.34,2,96.09,99.16,99.24,100.0,98.78,3631,100.0
2025-10-22 07:22:00,39.83,34.31,42.27,171.86,1,98.75,98.19,99.23,104.2,98.78,4065,100.0
2025-10-22 07:23:00,38.55,35.94,38.98,165.04,0,96.86,98.04,99.1,100.0,98.59,4732,100.0
2025-10-22 07:24:00,42.93,37.54,27.22,242.72,2,97.05,99.79,99.57,138.18,98.91,4773,100.0
2025-10-22 07:25:00,45.09,36.31,27.73,219.34,5,97.44,98.99,99.65,142.69,99.42,4806,100.0
2025-10-22 07:26:00,35.54,35.81,37.06,161.1,3,98.77,98.32,99.21,100.0,98.83,4971,100.0
2025-10-22 07:27:00,35.65,36.12,28.69,250.54,2,99.0,99.78,99.66,100.0,98.56,4281,100.0
2025-10-22 07:28:00,41.85,37.97,39.03,169.86,2,99.82,98.32,99.76,112.19,99.07,3094,100.0
2025-10-22 07:29:00,37.65,36.12,36.14,230.75,0,96.61,99.46,99.81,100.0,98.73,3176,100.0
2025-10-22 07:30:00,37.35,38.15,34.32,248.24,4,96.84,99.83,99.73,100.0,99.37,3697,100.0
2025-10-22 07:31:00,38.17,36.88,33.56,204.77,3,97.35,98.09,99.85,100.0,99.02,4679,100.0
2025-10-22 07:32:00,38.63,34.59,27.18,206.19,1,96.04,99.23,99.99,101.91,99.21,4571,100.0
2025-10-22 07:33:00,41.07,36.21,31.27,167.63,1,99.05,98.38,99.23,128.95,98.61,3997,100.0
2025-10-22 07:34:00,38.32,39.28,37.43,187.0,3,97.4,98.43,99.29,100.0,99.48,4500,100.0
2025-10-22 07:35:00,44.22,35.73,23.43,162.9,2,96.2,99.75,99.6,126.48,99.27,4511,100.0
2025-10-22 07:36:00,42.26,34.31,38.06,149.94,1,98.69,99.99,99.41,106.57,98.82,4783,100.0
2025-10-22 07:37:00,42.06,33.94,40.47,209.23,1,97.81,99.64,99.34,135.6,99.31,4349,100.0
2025-10-22 07:38:00,38.04,39.56,39.2,249.33,1,96.39,98.27,99.28,100.0,99.17,3629,100.0
2025-10-22 07:39:00,44.65,37.52,40.24,243.25,3,98.69,99.69,99.18,150.87,98.88,3488,100.0
2025-10-22 07:40:00,44.94,37.3,30.8,172.14,2,98.4,98.88,99.81,151.77,99.43,4035,100.0
2025-10-22 07:41:00,45.25,37.15,34.54,193.55,2,96.49,99.66,99.58,143.88,98.93,4049,100.0
2025-10-22 07:42:00,40.16,37.97,39.92,240.48,1,98.38,99.77,99.79,105.0,99.48,3877,100.0
2025-10-22 07:43:00,43.77,38.17,40.51,250.52,1,97.84,99.71,99.84,131.19,98.55,4019,100.0
2025-10-22 07:44:00,42.09,34.06,34.05,155.84,4,99.94,99.59,99.79,107.01,98.52,4170,100.0
2025-10-22 07:45:00,36.39,37.64,30.27,183.59,0,99.98,99.91,99.13,100.0,98.89,3593,100.0
2025-10-22 07:46:00,44.7,38.35,37.23,220.42,2,98.59,99.03,99.98,147.43,98.54,3528,100.0
2025-10-22 07:47:00,44.46,38.99,36.85,157.1,0,97.92,100.0,99.87,161.89,99.12,4718,100.0
2025-10-22 07:48:00,37.46,34.83,29.46,230.06,0,97.63,99.33,99.17,100.0,98.89,3573,100.0
2025-10-22 07:49:00,42.75,39.76,23.35,246.52,4,96.56,99.58,99.23,130.24,98.93,3607,100.0
2025-10-22 07:50:00,42.15,35.76,27.22,205.06,3,99.99,99.38,99.83,114.94,99.01,4593,100.0
2025-10-22 07:51:00,43.47,35.65,29.35,220.58,3,98.73,98.78,99.06,143.53,98.85,3141,100.0
2025-10-22 07:52:00,36.81,34.69,34.77,169.76,0,97.7,98.11,99.7,100.0,99.16,3550,100.0
2025-10-22 07:53:00,37.82,35.15,27.43,186.38,0,99.58,99.77,99.62,100.0,99.3,3123,100.0
2025-10-22 07:54:00,39.0,34.89,24.99,159.64,2,97.95,98.07,99.6,100.0,99.1,4228,100.0
2025-10-22 07:55:00,42.39,33.85,30.56,242.66,4,99.03,99.4,99.59,131.77,99.11,4038,100.0
2025-10-22 07:56:00,43.11,37.78,33.34,174.06,0,96.01,98.15,99.36,118.65,98.77,4399,100.0
2025-10-22 07:57:00,44.49,34.17,31.21,248.64,2,96.97,98.31,99.46,138.55,99.24,3473,100.0
2025-10-22 07:58:00,40.03,36.16,34.54,163.03,1,98.3,98.15,99.52,100.0,98.84,4373,100.0
2025-10-22 07:59:00,40.13,35.44,35.32,229.05,1,98.56,99.93,99.21,107.47,99.41,3923,100.0
2025-10-22 08:00:00,36.44,36.01,28.29,178.11,1,99.82,98.77,99.05,100.0,99.04,4447,100.0
2025-10-22 08:01:00,40.24,37.5,23.57,160.72,4,96.89,99.46,99.38,119.65,98.71,3282,100.0
2025-10-22 08:02:00,43.7,34.32,40.19,220.21,3,96.53,99.08,99.75,123.19,98.72,4393,100.0
2025-10-22 08:03:00,38.47,34.6,40.56,169.96,2,97.45,99.83,99.66,100.0,98.86,4005,100.0
2025-10-22 08:04:00,43.5,38.51,26.03,207.28,0,99.22,98.97,99.16,143.74,98.83,3229,100.0
2025-10-22 08:05:00,38.6,33.65,39.99,181.08,3,96.65,99.88,99.8,100.0,98.83,4829,100.0
2025-10-22 08:06:00,43.84,39.34,43.15,242.02,2,96.47,99.77,99.03,150.18,99.35,3830,100.0
2025-10-22 08:07:00,40.11,35.34,24.54,232.35,0,99.78,98.59,99.79,100.0,99.04,3698,100.0
2025-10-22 08:08:00,44.49,33.11,27.47,220.67,2,96.03,98.43,99.07,139.31,98.94,3959,100.0
2025-10-22 08:09:00,36.24,35.64,21.99,173.0,1,99.26,98.4,99.75,100.0,98.98,4290,100.0
2025-10-22 08:10:00,38.45,36.43,21.17,241.68,1,99.62,98.01,99.99,100.0,98.62,3480,100.0
2025-10-22 08:11:00,37.62,34.79,22.33,148.55,0,97.03,99.84,99.39,100.0,98.69,3129,100.0
2025-10-22 08:12:00,45.27,37.24,29.17,167.39,3,99.44,99.13,99.77,144.49,99.0,3038,100.0
2025-10-22 08:13:00,41.3,36.37,37.32,223.98,1,99.61,98.04,99.8,112.13,99.32,3930,100.0
2025-10-22 08:14:00,41.14,33.55,35.09,162.83,2,99.25,99.63,99.69,128.31,98.66,3538,100.0
2025-10-22 08:15:00,39.34,35.88,29.96,226.69,1,98.28,98.39,99.36,100.0,99.45,3634,100.0
2025-10-22 08:16:00,37.38,34.24,36.0,246.99,1,97.55,98.79,99.81,100.0,98.56,4841,100.0
2025-10-22 08:17:00,39.92,37.9,36.53,161.55,0,96.35,99.91,99.79,100.0,99.11,4223,100.0
2025-10-22 08:18:00,42.63,36.3,21.26,231.11,0,99.55,98.67,99.7,137.83,98.78,3712,100.0
2025-10-22 08:19:00,40.69,36.94,28.43,252.2,2,97.74,99.72,99.33,100.0,98.55,4968,100.0
2025-10-22 08:20:00,38.69,33.83,25.44,205.52,0,98.04,98.77,99.53,100.0,99.07,3163,100.0
2025-10-22 08:21:00,38.15,33.96,30.15,186.75,3,98.33,99.93,99.19,100.0,98.76,3825,100.0
2025-10-22 08:22:00,40.81,35.13,41.88,166.89,0,96.98,98.15,99.75,100.59,99.23,4525,100.0
2025-10-22 08:23:00,36.87,35.73,31.88,234.6,0,97.27,99.76,99.24,100.0,99.08,3611,100.0
2025-10-22 08:24:00,41.53,37.09,28.89,235.89,2,99.15,98.72,99.4,109.86,98.66,3681,100.0
2025-10-22 08:25:00,42.89,35.85,31.03,164.96,1,96.06,98.98,99.41,119.96,99.49,3795,100.0
2025-10-22 08:26:00,36.84,35.93,21.45,148.57,1,98.11,99.37,99.31,100.0,99.32,3325,100.0
2025-10-22 08:27:00,42.42,39.06,27.28,161.86,2,97.94,98.46,99.99,105.89,98.95,4096,100.0
2025-10-22 08:28:00,46.56,39.53,29.85,213.58,0,97.64,98.33,99.71,154.46,99.25,3626,100.0
2025-10-22 08:29:00,41.54,33.64,36.08,199.24,4,97.16,98.04,99.71,104.87,98.9,3569,100.0
2025-10-22 08:30:00,39.79,32.66,40.19,243.58,1,96.42,99.81,99.59,102.29,99.4,4821,100.0
2025-10-22 08:31:00,43.05,37.46,39.31,236.41,3,97.77,99.37,99.36,143.52,98.65,4815,100.0
2025-10-22 08:32:00,42.76,33.82,38.05,175.53,2,99.75,98.33,99.94,140.57,98.58,3890,100.0
2025-10-22 08:33:00,35.27,34.63,28.56,207.62,2,98.35,98.34,99.71,100.0,99.45,4259,100.0
2025-10-22 08:34:00,44.77,38.84,28.63,198.59,2,99.01,98.02,99.29,133.32,98.63,3553,100.0
2025-10-22 08:35:00,41.76,38.17,31.43,179.6,1,96.37,98.69,99.45,129.54,99.43,4062,100.0
2025-10-22 08:36:00,38.02,37.42,28.37,163.62,2,97.73,99.52,99.58,100.0,99.36,4731,100.0
2025-10-22 08:37:00,37.01,36.72,36.31,164.47,2,96.65,99.48,99.15,100.0,98.64,3541,100.0
2025-10-22 08:38:00,37.64,34.92,26.56,222.96,5,97.69,98.79,99.05,100.0,98.52,4459,100.0
2025-10-22 08:39:00,38.18,32.37,26.9,180.14,3,97.56,98.07,99.76,100.0,99.09,4398,100.0
2025-10-22 08:40:00,44.04,35.15,35.41,230.36,1,97.14,99.87,99.36,124.67,98.58,3360,100.0
2025-10-22 08:41:00,34.87,34.92,27.55,227.13,4,96.65,98.11,99.16,100.0,99.25,3347,100.0
2025-10-22 08:42:00,35.67,37.9,23.89,209.73,3,99.27,99.11,99.61,100.0,99.08,4594,100.0
2025-10-22 08:43:00,38.48,39.31,39.17,256.53,2,99.65,99.28,99.46,100.0,98.85,4330,100.0
2025-10-22 08:44:00,35.27,36.59,40.15,198.22,6,99.6,99.34,99.16,100.0,96.87,4573,100.0
2025-10-22 08:45:00,42.67,37.28,23.56,200.99,1,99.97,99.76,99.31,130.43,99.0,3260,100.0
2025-10-22 08:46:00,40.03,36.86,25.8,172.08,1,96.8,99.85,99.71,116.19,99.35,4406,100.0
2025-10-22 08:47:00,37.62,36.83,25.91,164.19,2,97.41,98.13,99.72,100.0,99.24,4688,100.0
2025-10-22 08:48:00,41.35,33.85,28.85,215.73,4,98.07,99.72,99.54,123.41,99.05,4092,100.0
2025-10-22 08:49:00,37.79,34.17,27.52,193.82,2,98.21,98.83,99.57,100.0,98.78,4838,100.0
2025-10-22 08:50:00,40.62,37.27,38.34,146.68,4,96.96,98.98,99.87,118.36,99.0,4571,100.0
2025-10-22 08:51:00,43.85,37.37,27.6,190.77,1,96.32,99.52,99.03,134.51,99.49,4590,100.0
2025-10-22 08:52:00,40.58,35.36,33.64,189.38,3,97.79,99.05,99.09,118.01,98.92,3826,100.0
2025-10-22 08:53:00,42.52,38.34,42.65,172.02,1,99.52,99.1,99.85,144.64,99.05,3236,100.0
2025-10-22 08:54:00,43.15,32.85,33.5,158.89,0,97.02,99.1,99.08,136.08,99.17,4939,100.0
2025-10-22 08:55:00,43.89,36.32,37.76,185.85,2,98.91,98.59,99.38,133.61,99.37,3340,100.0
2025-10-22 08:56:00,36.03,39.34,40.85,196.16,3,99.41,98.27,99.26,100.0,98.76,4490,100.0
2025-10-22 08:57:00,39.21,37.36,26.38,190.62,1,97.26,98.65,99.96,100.0,98.96,4006,100.0
2025-10-22 08:58:00,38.67,33.32,34.66,179.24,2,97.88,98.33,99.07,100.0,99.04,4305,100.0
2025-10-22 08:59:00,40.39,36.85,34.0,206.88,0,97.62,98.41,99.53,114.22,99.08,3443,100.0
2025-10-22 09:00:00,65.65,63.3,52.02,358.38,3,96.27,99.44,99.35,375.99,98.72,6366,100.0
2025-10-22 09:01:00,69.01,60.27,50.93,382.72,0,98.13,98.67,99.35,379.97,98.63,6068,100.0
2025-10-22 09:02:00,72.28,62.4,53.79,338.64,1,96.86,98.65,99.67,402.78,99.27,7798,100.0
2025-10-22 09:03:00,65.33,63.41,53.98,306.91,4,98.71,99.49,99.17,371.57,98.84,7427,100.0
2025-10-22 09:04:00,66.31,61.67,50.71,351.99,2,96.0,98.73,99.61,374.08,98.53,6516,100.0
2025-10-22 09:05:00,76.5,62.8,63.19,359.16,0,98.57,99.93,99.89,472.61,99.01,6638,100.0
2025-10-22 09:06:00,72.86,60.24,52.2,336.38,1,97.08,99.0,99.76,431.35,98.88,7330,100.0
2025-10-22 09:07:00,70.39,60.54,46.81,373.98,1,97.05,99.53,99.65,421.71,98.96,6104,100.0
2025-10-22 09:08:00,67.19,60.39,51.13,377.72,1,98.35,99.27,99.88,386.31,98.56,7733,100.0
2025-10-22 09:09:00,66.36,61.57,49.09,322.45,5,98.56,99.74,99.98,358.2,99.32,7698,100.0
2025-10-22 09:10:00,67.1,62.95,63.95,380.77,2,96.78,98.42,99.78,386.6,99.06,7915,100.0
2025-10-22 09:11:00,71.29,62.64,57.24,380.02,0,96.67,98.53,99.89,430.73,98.86,7847,100.0
2025-10-22 09:12:00,71.85,62.17,53.61,294.2,0,98.51,98.15,99.74,423.38,98.96,7419,100.0
2025-10-22 09:13:00,77.52,63.42,59.73,397.25,0,96.81,99.04,99.55,458.68,98.91,7039,100.0
2025-10-22 09:14:00,74.43,64.05,56.23,379.12,3,96.52,99.67,99.42,453.06,98.93,6002,100.0
2025-10-22 09:15:00,68.35,60.39,53.31,328.84,1,98.91,99.51,99.26,383.26,98.96,6710,100.0
2025-10-22 09:16:00,72.89,64.37,53.51,367.94,1,99.29,98.44,99.71,430.03,99.19,6942,100.0
2025-10-22 09:17:00,71.43,59.75,46.23,386.68,3,98.14,98.49,99.73,427.52,99.41,7034,100.0
2025-10-22 09:18:00,73.72,66.1,60.31,394.3,0,98.72,98.18,99.75,442.35,98.52,7198,100.0
2025-10-22 09:19:00,66.15,60.62,48.7,346.84,0,96.5,98.51,99.0,352.58,99.12,7203,100.0
2025-10-22 09:20:00,68.57,61.87,48.2,346.37,7,96.65,99.37,99.43,389.57,97.4,7305,100.0
2025-10-22 09:21:00,75.38,65.95,49.58,306.15,2,98.77,98.95,99.75,440.44,98.74,6485,100.0
2025-10-22 09:22:00,71.33,60.74,57.43,385.92,2,96.05,98.51,99.39,401.15,99.1,7116,100.0
2025-10-22 09:23:00,69.48,62.07,55.09,331.18,1,98.41,99.3,99.3,412.66,98.76,7424,100.0
2025-10-22 09:24:00,69.84,63.59,49.92,344.55,3,96.02,98.18,99.13,390.12,99.26,7020,100.0
2025-10-22 09:25:00,72.32,64.08,57.14,346.96,4,98.62,98.23,99.82,434.92,99.0,7322,100.0
2025-10-22 09:26:00,73.96,62.55,63.75,357.8,1,97.18,99.74,99.43,436.5,98.99,6572,100.0
2025-10-22 09:27:00,71.47,63.42,65.74,364.16,2,99.47,98.17,99.45,404.24,99.04,6600,100.0
2025-10-22 09:28:00,72.34,62.32,58.25,390.09,1,96.52,98.99,99.73,429.67,98.95,7458,100.0
2025-10-22 09:29:00,71.47,63.86,50.17,331.89,3,96.22,99.54,99.41,403.45,98.62,6025,100.0
2025-10-22 09:30:00,70.1,64.46,48.27,314.98,2,97.41,98.21,99.73,412.79,98.75,6273,100.0
2025-10-22 09:31:00,69.44,60.62,52.64,373.53,2,96.88,99.05,99.61,382.38,98.64,7062,100.0
2025-10-22 09:32:00,65.36,65.29,59.56,360.41,3,98.96,98.84,99.88,362.27,99.06,7875,100.0
2025-10-22 09:33:00,76.02,61.74,51.75,377.1,2,98.57,98.39,99.55,455.63,99.06,7864,100.0
2025-10-22 09:34:00,70.28,61.55,61.03,344.33,4,98.58,98.07,99.21,408.11,98.55,6203,100.0
2025-10-22 09:35:00,67.89,63.44,46.3,348.15,2,98.44,99.21,99.51,386.66,98.71,7357,100.0
2025-10-22 09:36:00,65.32,64.65,56.41,395.34,2,98.43,98.82,99.53,345.57,98.55,7415,100.0
2025-10-22 09:37:00,73.54,62.36,51.48,388.25,4,98.8,99.28,99.16,443.14,98.5,7420,100.0
2025-10-22 09:38:00,71.4,61.2,54.08,294.57,1,97.1,98.5,99.05,412.39,99.02,7142,100.0
2025-10-22 09:39:00,70.0,65.5,47.13,363.25,1,97.99,99.18,99.19,390.07,99.29,7134,100.0
2025-10-22 09:40:00,73.55,62.89,56.86,371.89,2,97.17,98.62,99.94,448.89,99.07,7127,100.0
2025-10-22 09:41:00,64.81,63.33,51.81,357.45,1,98.43,99.13,99.21,353.91,99.05,7534,100.0
2025-10-22 09:42:00,74.84,64.03,59.55,331.09,0,99.8,98.21,99.99,433.42,98.67,6616,100.0
2025-10-22 09:43:00,69.15,64.02,64.45,331.04,0,98.47,99.42,99.4,378.89,98.81,7311,100.0
2025-10-22 09:44:00,68.88,66.32,50.81,341.47,2,99.79,99.41,99.22,397.81,99.2,7505,100.0
2025-10-22 09:45:00,74.12,64.24,53.0,378.85,3,98.05,99.26,99.42,452.42,98.84,7621,100.0
2025-10-22 09:46:00,70.09,64.44,56.95,315.05,3,99.78,99.56,99.36,405.07,98.93,6193,100.0
2025-10-22 09:47:00,72.45,60.69,54.55,367.23,1,97.57,99.23,99.78,441.37,98.5,7255,100.0
2025-10-22 09:48:00,68.35,63.69,58.62,322.96,1,96.02,98.48,99.52,392.03,99.29,6139,100.0
2025-10-22 09:49:00,67.13,64.18,55.02,315.25,1,96.2,99.53,99.29,389.1,99.39,7432,100.0
2025-10-22 09:50:00,68.56,61.23,62.83,306.37,4,99.85,98.18,99.1,381.31,98.97,6399,100.0
2025-10-22 09:51:00,64.88,59.43,60.35,343.8,3,98.45,98.74,99.08,366.74,99.34,6623,100.0
2025-10-22 09:52:00,69.66,63.13,55.77,354.7,0,96.07,99.84,99.35,380.69,99.26,6590,100.0
2025-10-22 09:53:00,66.47,65.51,64.06,308.82,4,96.49,99.21,99.82,372.2,98.68,6580,100.0
2025-10-22 09:54:00,67.88,65.3,62.88,328.91,1,99.76,98.81,99.53,387.75,98.87,6211,100.0
2025-10-22 09:55:00,72.34,64.6,52.01,307.53,2,98.77,99.88,99.18,424.29,99.2,6460,100.0
2025-10-22 09:56:00,73.7,61.97,62.64,344.13,1,99.64,98.85,99.87,423.43,99.27,6220,100.0
2025-10-22 09:57:00,65.56,66.26,47.85,348.06,4,96.44,98.57,99.3,350.7,98.77,6502,100.0
2025-10-22 09:58:00,68.61,60.09,60.5,379.76,1,98.89,99.85,99.04,366.68,98.68,7369,100.0
2025-10-22 09:59:00,73.13,63.36,55.94,362.47,2,96.89,98.47,99.67,442.0,99.08,6127,100.0
2025-10-22 10:00:00,65.05,63.82,59.52,331.12,1,97.66,99.72,99.66,334.66,99.35,7361,100.0
2025-10-22 10:01:00,67.94,62.96,47.86,347.08,2,97.5,99.87,99.22,391.91,98.5,6051,100.0
2025-10-22 10:02:00,67.17,63.14,49.76,328.0,2,97.57,99.4,99.12,370.88,98.77,6757,100.0
2025-10-22 10:03:00,72.49,65.04,50.14,359.38,6,98.17,99.34,99.37,431.4,97.01,6070,100.0
2025-10-22 10:04:00,71.34,64.32,57.25,392.06,4,97.55,99.74,99.74,430.83,98.54,7725,100.0
2025-10-22 10:05:00,71.13,63.55,56.15,296.23,2,98.96,99.19,99.29,415.24,98.58,6010,100.0
2025-10-22 10:06:00,74.67,64.38,64.8,319.8,3,97.82,98.36,99.63,434.29,98.98,6411,100.0
2025-10-22 10:07:00,66.27,61.07,46.03,368.85,3,97.25,99.13,99.92,358.71,99.0,7500,100.0
2025-10-22 10:08:00,71.24,59.7,52.97,355.82,2,99.93,98.36,99.1,419.0,99.41,7118,100.0
2025-10-22 10:09:00,70.94,63.22,46.84,368.07,2,97.21,99.01,99.48,405.43,98.81,6294,100.0
2025-10-22 10:10:00,70.52,63.12,57.3,369.45,2,96.98,99.18,99.43,386.8,99.23,6549,100.0
2025-10-22 10:11:00,75.5,62.66,67.23,352.78,0,96.31,98.16,99.06,445.69,98.82,6222,100.0
2025-10-22 10:12:00,69.36,59.67,62.28,341.58,1,98.24,98.74,99.92,409.02,99.14,7535,100.0
2025-10-22 10:13:00,70.53,59.41,59.14,313.1,1,97.24,99.03,99.33,413.01,99.02,7919,100.0
2025-10-22 10:14:00,74.71,62.53,62.43,346.07,0,96.01,99.49,99.19,429.11,99.0,6693,100.0
2025-10-22 10:15:00,71.05,60.0,47.79,336.09,4,98.38,99.31,99.73,430.09,98.97,6738,100.0
2025-10-22 10:16:00,65.08,62.45,50.66,338.22,3,97.21,98.49,99.57,339.88,99.22,7360,100.0
2025-10-22 10:17:00,69.53,60.39,46.77,354.84,4,97.44,99.13,99.29,415.16,98.95,6103,100.0
2025-10-22 10:18:00,70.63,66.0,58.13,367.32,1,98.41,99.73,99.59,404.02,99.08,6937,100.0
2025-10-22 10:19:00,65.12,63.47,55.36,333.41,1,97.71,99.24,99.23,361.11,99.02,7723,100.0
2025-10-22 10:20:00,66.94,64.41,54.35,359.37,0,98.53,98.75,99.33,388.55,98.93,7356,100.0
2025-10-22 10:21:00,72.48,61.53,62.17,338.35,3,98.93,99.1,99.67,411.18,99.29,6640,100.0
2025-10-22 10:22:00,67.33,63.23,50.6,383.61,3,98.3,98.68,99.45,380.54,99.2,6055,100.0
2025-10-22 10:23:00,72.97,63.17,57.41,331.17,3,98.76,98.52,99.83,434.07,99.28,6954,100.0
2025-10-22 10:24:00,68.43,61.71,49.86,373.99,0,99.55,98.35,99.98,403.84,98.9,7975,100.0
2025-10-22 10:25:00,72.22,59.39,63.47,296.88,1,96.32,98.32,99.95,441.96,99.3,7030,100.0
2025-10-22 10:26:00,73.45,63.89,65.04,385.64,4,98.59,98.3,99.87,417.13,99.49,6801,100.0
2025-10-22 10:27:00,67.2,65.99,47.4,349.48,2,98.8,99.9,99.1,358.3,99.01,6836,100.0
2025-10-22 10:28:00,68.96,64.06,47.57,313.27,1,98.7,98.63,99.36,385.78,98.85,7682,100.0
2025-10-22 10:29:00,73.74,62.74,56.91,303.42,2,96.79,98.4,99.17,443.7,99.43,7525,100.0
2025-10-22 10:30:00,66.38,61.75,50.7,310.21,2,96.09,98.55,99.51,358.01,98.52,6446,100.0
2025-10-22 10:31:00,65.38,65.25,51.67,298.55,2,96.6,99.97,99.97,360.03,99.21,6851,100.0
2025-10-22 10:32:00,67.31,60.63,50.08,356.81,2,99.55,99.12,99.62,375.38,99.39,6126,100.0
2025-10-22 10:33:00,66.18,64.59,61.86,345.88,1,96.94,99.82,99.3,367.7,99.29,6043,100.0
2025-10-22 10:34:00,71.89,61.51,45.96,328.48,0,96.88,98.67,99.13,427.19,98.76,7322,100.0
2025-10-22 10:35:00,70.8,65.25,47.57,320.53,3,99.42,98.36,99.87,426.48,98.72,7680,100.0
2025-10-22 10:36:00,70.46,61.46,61.64,322.01,2,96.91,99.73,99.32,418.88,98.67,6936,100.0
2025-10-22 10:37:00,73.42,60.02,51.72,389.15,5,98.74,98.31,99.94,446.01,98.75,7159,100.0
2025-10-22 10:38:00,76.44,61.4,66.56,314.77,2,98.27,99.67,99.29,447.26,99.13,7503,100.0
2025-10-22 10:39:00,73.38,60.09,62.87,342.41,2,98.93,99.57,99.43,441.45,99.07,6384,100.0
2025-10-22 10:40:00,69.49,63.04,59.69,319.63,6,99.73,98.88,99.5,381.69,97.45,6442,100.0
2025-10-22 10:41:00,67.01,60.6,55.06,327.34,3,96.92,99.61,99.37,354.56,99.46,6354,100.0
2025-10-22 10:42:00,65.56,60.64,62.53,315.16,0,99.52,98.89,99.16,358.84,98.54,6854,100.0
2025-10-22 10:43:00,69.92,65.01,51.55,371.59,0,97.73,98.45,99.49,395.89,99.48,7834,100.0
2025-10-22 10:44:00,69.34,63.83,45.53,337.24,0,96.98,98.18,99.96,380.13,98.65,7944,100.0
2025-10-22 10:45:00,70.47,64.78,52.86,354.85,0,97.64,99.11,99.51,400.96,99.29,7003,100.0
2025-10-22 10:46:00,72.49,61.33,54.52,329.59,4,96.12,99.67,99.13,411.09,99.11,7633,100.0
2025-10-22 10:47:00,67.38,61.05,48.03,304.91,0,99.77,98.19,99.6,390.65,99.13,6065,100.0
2025-10-22 10:48:00,69.07,62.51,51.82,354.77,2,97.6,99.45,99.1,400.66,99.1,7260,100.0
2025-10-22 10:49:00,65.85,63.86,56.08,349.59,1,97.69,98.8,99.42,362.96,98.8,6538,100.0
2025-10-22 10:50:00,73.27,67.24,63.98,318.21,2,99.83,98.91,99.72,451.4,98.65,6109,100.0
2025-10-22 10:51:00,68.07,60.22,48.27,398.86,3,98.38,98.31,99.38,374.55,99.11,6159,100.0
2025-10-22 10:52:00,71.6,62.22,49.17,389.79,0,98.87,98.28,99.64,422.52,99.3,6790,100.0
2025-10-22 10:53:00,64.37,64.23,54.03,380.46,4,98.68,99.04,99.59,355.62,99.07,6900,100.0
2025-10-22 10:54:00,65.85,60.57,54.27,385.98,2,98.89,98.63,99.02,371.55,98.66,6428,100.0
2025-10-22 10:55:00,68.49,64.79,58.58,326.91,1,96.6,99.74,99.92,403.6,99.33,7774,100.0
2025-10-22 10:56:00,68.1,63.41,58.03,356.83,2,97.14,99.78,99.59,374.15,99.35,6498,100.0
2025-10-22 10:57:00,70.29,62.56,64.63,378.82,6,97.68,98.55,99.06,414.94,96.62,6820,100.0
2025-10-22 10:58:00,67.88,64.78,65.3,392.83,3,97.03,99.8,99.18,383.27,99.3,7190,100.0
2025-10-22 10:59:00,64.24,62.51,59.79,311.03,4,97.68,99.32,99.89,359.89,99.41,7315,100.0
2025-10-22 11:00:00,72.64,63.36,48.83,328.34,2,96.62,99.31,99.29,413.17,98.68,6985,100.0
2025-10-22 11:01:00,70.59,65.24,56.35,367.89,1,98.59,98.43,99.67,394.35,99.09,7337,100.0
2025-10-22 11:02:00,75.05,65.29,64.15,304.79,1,96.9,98.76,99.87,450.96,99.15,6725,100.0
2025-10-22 11:03:00,71.3,65.1,52.29,394.57,2,98.17,99.97,99.61,415.18,99.18,6578,100.0
2025-10-22 11:04:00,72.92,60.94,49.55,374.54,1,98.88,99.98,99.57,419.73,98.87,7297,100.0
2025-10-22 11:05:00,72.87,65.96,65.03,390.4,3,96.87,99.02,99.21,444.65,98.82,7610,100.0
2025-10-22 11:06:00,68.54,65.58,50.92,355.75,0,98.11,99.64,99.76,367.46,98.99,7704,100.0
2025-10-22 11:07:00,70.88,59.89,51.89,352.55,1,98.54,98.4,99.55,421.27,98.87,6493,100.0
2025-10-22 11:08:00,72.91,65.35,64.88,341.16,2,96.11,98.77,99.88,429.29,99.03,7382,100.0
2025-10-22 11:09:00,70.94,60.47,57.41,365.78,4,98.07,99.56,99.83,415.35,98.63,6663,100.0
2025-10-22 11:10:00,72.19,61.24,52.52,364.47,6,96.26,98.11,99.24,403.4,97.35,6979,100.0
2025-10-22 11:11:00,73.42,65.87,66.18,395.25,5,98.92,99.08,99.97,452.5,98.98,7297,100.0
2025-10-22 11:12:00,73.01,60.45,55.34,346.83,1,96.41,99.8,99.3,423.15,99.28,6829,100.0
2025-10-22 11:13:00,74.65,63.4,62.53,359.14,2,99.88,99.48,99.77,438.35,99.03,6627,100.0
2025-10-22 11:14:00,75.12,61.47,51.1,325.55,3,97.19,98.78,99.07,436.0,98.64,6693,100.0
2025-10-22 11:15:00,68.56,58.74,48.12,309.15,1,96.78,99.97,99.59,396.09,99.32,7335,100.0
2025-10-22 11:16:00,72.42,66.26,50.64,332.09,0,99.35,98.9,99.91,420.64,98.94,6896,100.0
2025-10-22 11:17:00,72.55,65.67,54.45,370.14,1,98.19,99.78,99.9,424.99,98.52,7689,100.0
2025-10-22 11:18:00,65.2,62.11,58.73,337.11,4,98.95,99.43,99.53,348.61,99.04,7493,100.0
2025-10-22 11:19:00,72.09,63.92,64.04,360.82,0,98.47,99.23,99.07,418.04,99.15,7409,100.0
2025-10-22 11:20:00,71.22,62.02,49.94,321.25,2,97.06,98.44,99.71,398.58,98.52,6748,100.0
2025-10-22 11:21:00,67.13,61.7,60.16,296.66,0,97.02,99.78,99.17,391.23,99.31,6912,100.0
2025-10-22 11:22:00,70.79,63.58,59.1,306.71,3,96.58,99.82,99.68,414.44,99.38,7663,100.0
2025-10-22 11:23:00,70.12,65.48,48.68,354.74,2,98.33,98.71,99.38,404.51,99.12,6874,100.0
2025-10-22 11:24:00,74.8,64.42,49.46,337.16,5,97.74,99.4,99.86,452.42,98.67,7771,100.0
2025-10-22 11:25:00,70.75,60.65,55.28,369.91,3,96.84,99.03,99.22,396.52,98.78,6088,100.0
2025-10-22 11:26:00,66.04,60.6,65.09,341.37,1,98.05,99.19,99.42,356.19,99.2,7899,100.0
2025-10-22 11:27:00,72.59,59.82,57.86,294.76,3,98.97,99.46,99.04,435.36,99.33,6136,100.0
2025-10-22 11:28:00,70.99,64.96,57.1,403.1,2,97.73,98.21,99.4,420.86,99.35,7772,100.0
2025-10-22 11:29:00,64.51,64.25,55.41,317.42,4,97.96,98.59,99.01,349.48,99.08,7033,100.0
2025-10-22 11:30:00,69.38,64.21,60.81,327.02,2,99.46,99.86,99.79,390.82,99.49,6248,100.0
2025-10-22 11:31:00,70.5,61.12,54.92,393.41,4,96.16,99.28,99.36,391.14,99.43,7274,100.0
2025-10-22 11:32:00,65.76,60.27,64.13,304.48,2,97.14,98.07,99.73,350.05,99.05,7547,100.0
2025-10-22 11:33:00,72.68,62.58,61.61,395.82,4,99.97,98.06,99.99,416.62,98.94,7767,100.0
2025-10-22 11:34:00,70.65,63.65,45.37,341.13,1,98.18,98.31,99.32,415.0,99.37,7178,100.0
2025-10-22 11:35:00,65.02,63.53,63.22,346.79,5,97.14,99.33,99.46,346.38,98.52,7768,100.0
2025-10-22 11:36:00,71.9,60.99,55.97,343.37,3,96.19,99.83,99.01,410.3,98.95,6638,100.0
2025-10-22 11:37:00,71.53,63.53,52.12,313.85,1,99.38,98.2,99.68,426.97,98.78,7336,100.0
2025-10-22 11:38:00,75.04,63.24,52.01,360.06,0,97.34,99.77,99.53,447.9,98.77,6500,100.0
2025-10-22 11:39:00,68.39,65.74,66.72,358.58,0,99.0,99.75,99.93,389.01,99.01,7241,100.0
2025-10-22 11:40:00,71.65,64.97,59.8,316.66,4,98.01,99.36,99.95,433.16,99.14,6331,100.0
2025-10-22 11:41:00,75.47,66.63,49.03,349.85,1,96.76,99.08,99.96,435.81,99.41,7797,100.0
2025-10-22 11:42:00,69.56,62.16,64.61,350.42,0,97.1,98.92,99.95,398.4,99.2,6177,100.0
2025-10-22 11:43:00,74.78,63.99,65.43,349.56,2,97.09,98.13,99.44,453.73,98.74,6980,100.0
2025-10-22 11:44:00,68.74,64.62,55.18,338.07,1,99.6,99.87,99.66,379.51,99.13,7203,100.0
2025-10-22 11:45:00,66.59,59.98,47.05,310.12,3,96.05,98.81,99.23,358.79,98.74,7328,100.0
2025-10-22 11:46:00,72.71,61.52,61.74,321.67,1,96.19,98.93,99.1,419.32,98.84,7538,100.0
2025-10-22 11:47:00,68.56,63.14,61.69,321.68,4,98.81,98.12,99.04,379.05,99.23,6232,100.0
2025-10-22 11:48:00,70.15,61.72,46.94,317.91,1,97.87,99.91,99.66,414.97,99.48,7081,100.0
2025-10-22 11:49:00,68.18,66.17,60.78,399.9,5,99.29,99.54,99.37,381.76,99.13,6056,100.0
2025-10-22 11:50:00,73.01,61.37,56.08,379.04,1,99.79,99.41,99.18,442.88,99.29,7675,100.0
2025-10-22 11:51:00,66.93,62.07,59.04,334.91,0,96.55,99.19,99.38,349.52,99.27,6833,100.0
2025-10-22 11:52:00,70.69,65.02,47.4,306.62,3,96.69,98.62,99.08,422.1,98.81,6460,100.0
2025-10-22 11:53:00,71.32,60.45,49.81,305.41,3,96.08,99.79,99.58,407.21,99.01,6521,100.0
2025-10-22 11:54:00,67.13,66.46,56.54,326.16,2,98.25,99.9,99.65,378.33,98.75,7336,100.0
2025-10-22 11:55:00,70.48,66.62,50.13,336.25,0,97.52,98.3,99.85,421.76,99.17,6206,100.0
2025-10-22 11:56:00,66.62,63.53,53.32,401.21,1,98.81,98.65,99.66,350.4,99.02,6750,100.0
2025-10-22 11:57:00,70.28,65.05,65.37,374.87,2,98.67,98.3,99.25,411.1,99.16,6628,100.0
2025-10-22 11:58:00,69.66,67.28,53.42,398.45,6,96.14,99.08,99.84,411.02,97.34,6429,100.0
2025-10-22 11:59:00,69.76,64.05,59.85,335.93,4,96.67,99.75,99.24,407.34,98.68,7321,100.0
2025-10-22 12:00:00,73.78,63.58,47.62,383.07,1,99.3,99.48,99.62,453.71,99.36,6453,100.0
2025-10-22 12:01:00,74.1,62.48,54.95,398.81,3,96.47,99.78,99.82,452.14,99.06,6441,100.0
2025-10-22 12:02:00,64.88,65.65,62.91,360.69,0,96.91,98.9,99.63,357.17,99.29,7111,100.0
2025-10-22 12:03:00,72.39,65.49,61.22,399.61,3,99.97,99.4,99.63,416.86,98.63,6252,100.0
2025-10-22 12:04:00,70.4,65.44,50.91,375.41,1,99.41,99.36,99.09,405.69,99.35,6133,100.0
2025-10-22 12:05:00,70.23,65.63,64.23,382.87,2,96.61,99.19,99.72,416.29,98.61,6659,100.0
2025-10-22 12:06:00,74.15,62.91,48.13,378.62,5,96.05,99.89,99.58,437.11,98.54,6724,100.0
2025-10-22 12:07:00,65.42,62.23,65.41,317.34,1,99.13,99.12,99.2,368.84,99.28,7902,100.0
2025-10-22 12:08:00,72.53,65.14,48.25,371.29,1,97.19,98.65,99.85,436.56,99.16,7609,100.0
2025-10-22 12:09:00,70.64,66.08,51.79,376.01,1,97.14,98.99,99.84,406.79,98.68,7985,100.0
2025-10-22 12:10:00,65.99,64.23,62.98,344.88,2,96.79,99.9,99.95,354.58,98.56,7261,100.0
2025-10-22 12:11:00,68.89,60.94,64.56,403.42,2,97.48,98.22,99.06,392.49,99.3,6905,100.0
2025-10-22 12:12:00,70.61,60.85,45.6,307.8,0,97.74,98.13,99.81,422.46,98.75,6971,100.0
2025-10-22 12:13:00,70.38,66.05,47.5,367.71,2,96.64,98.49,99.07,394.88,99.19,7302,100.0
2025-10-22 12:14:00,74.17,61.25,64.39,364.92,4,99.09,99.32,99.08,433.43,99.44,6446,100.0
2025-10-22 12:15:00,69.49,61.96,47.49,316.94,1,99.5,99.03,99.65,391.9,99.37,7325,100.0
2025-10-22 12:16:00,73.22,64.37,64.06,322.52,2,97.98,98.22,99.68,448.26,99.42,7214,100.0
2025-10-22 12:17:00,69.46,65.3,56.7,388.3,2,97.76,99.72,99.84,398.78,98.66,6215,100.0
2025-10-22 12:18:00,71.39,65.36,63.3,356.21,2,98.5,98.05,99.82,433.77,99.45,6719,100.0
2025-10-22 12:19:00,70.87,61.84,52.62,348.53,1,97.58,99.11,99.22,391.83,99.04,7275,100.0
2025-10-22 12:20:00,66.01,60.3,45.45,311.66,1,96.18,98.25,99.42,353.48,98.68,6221,100.0
2025-10-22 12:21:00,75.73,66.47,62.78,331.89,2,98.12,99.3,99.52,453.8,98.85,7555,100.0
2025-10-22 12:22:00,69.63,65.31,66.03,373.3,4,99.08,99.33,99.09,395.67,98.56,6895,100.0
2025-10-22 12:23:00,73.24,63.33,47.1,342.29,0,99.12,99.57,99.81,413.57,98.53,7806,100.0
2025-10-22 12:24:00,73.31,62.96,57.29,324.54,2,98.1,98.38,99.69,433.75,98.65,6134,100.0
2025-10-22 12:25:00,65.57,60.22,51.46,379.34,0,96.51,98.61,99.55,366.24,99.42,6824,100.0
2025-10-22 12:26:00,67.68,64.58,59.54,319.96,4,96.42,98.8,99.43,391.57,98.77,7253,100.0
2025-10-22 12:27:00,72.62,61.42,51.08,365.62,5,99.24,99.87,99.39,418.77,99.02,7912,100.0
2025-10-22 12:28:00,73.23,64.79,57.42,392.46,0,96.98,98.61,99.01,427.11,98.66,7449,100.0
2025-10-22 12:29:00,68.97,64.1,51.7,312.32,0,96.81,98.23,99.22,392.91,98.76,6685,100.0
2025-10-22 12:30:00,68.41,64.35,55.29,336.39,2,97.25,99.96,99.48,381.11,98.65,7678,100.0
2025-10-22 12:31:00,65.42,59.95,53.87,339.12,1,97.94,98.4,99.7,349.91,99.15,6676,100.0
2025-10-22 12:32:00,67.54,62.32,52.47,374.59,2,96.45,98.76,99.18,371.13,98.71,7736,100.0
2025-10-22 12:33:00,73.19,64.87,64.27,325.62,2,99.28,98.92,99.6,447.69,99.39,7785,100.0
2025-10-22 12:34:00,68.85,66.13,54.36,353.99,4,99.64,98.99,99.89,397.82,99.37,7309,100.0
2025-10-22 12:35:00,72.62,60.34,64.86,315.57,0,98.12,99.42,99.72,419.74,99.25,7685,100.0
2025-10-22 12:36:00,69.59,64.02,62.47,295.44,0,96.02,98.98,99.44,397.76,99.18,6731,100.0
2025-10-22 12:37:00,68.57,63.49,47.67,390.39,2,98.46,99.08,99.21,390.76,98.61,6962,100.0
2025-10-22 12:38:00,72.85,61.93,47.37,307.54,1,98.15,99.52,99.84,436.26,98.96,6528,100.0
2025-10-22 12:39:00,71.02,62.95,60.23,390.54,1,99.76,98.59,99.91,422.73,98.91,6113,100.0
2025-10-22 12:40:00,67.65,63.31,58.86,323.42,0,97.07,98.1,99.07,362.74,98.66,6495,100.0
2025-10-22 12:41:00,74.8,63.77,54.88,358.51,0,99.58,99.06,99.45,465.66,99.23,6674,100.0
2025-10-22 12:42:00,71.78,61.32,48.86,308.22,1,96.33,99.91,99.73,418.5,99.24,7222,100.0
2025-10-22 12:43:00,67.38,64.25,60.22,326.72,1,98.41,98.25,99.74,367.59,99.19,7865,100.0
2025-10-22 12:44:00,67.32,64.68,59.1,379.19,3,97.39,99.04,99.43,377.24,99.26,7210,100.0
2025-10-22 12:45:00,75.3,64.88,66.3,377.36,3,98.68,99.44,99.87,442.13,99.06,7206,100.0
2025-10-22 12:46:00,67.92,63.81,45.56,343.07,3,99.46,99.83,99.55,365.54,99.27,6638,100.0
2025-10-22 12:47:00,71.34,61.07,57.07,343.35,1,98.5,99.54,99.01,423.38,98.63,7396,100.0
2025-10-22 12:48:00,70.51,63.08,49.56,397.15,5,99.65,98.24,99.52,419.38,98.97,6331,100.0
2025-10-22 12:49:00,66.89,64.55,64.16,361.89,1,97.1,98.74,99.01,364.01,98.59,7034,100.0
2025-10-22 12:50:00,65.32,61.25,62.22,357.06,1,97.89,98.53,99.34,357.12,99.37,6363,100.0
2025-10-22 12:51:00,73.1,60.61,52.96,324.0,2,96.66,98.95,99.41,412.7,99.33,7560,100.0
2025-10-22 12:52:00,69.39,65.19,60.61,312.85,2,98.93,98.37,99.12,387.3,99.34,6353,100.0
2025-10-22 12:53:00,66.91,60.61,51.64,364.01,3,97.73,99.41,99.53,383.81,99.43,7435,100.0
2025-10-22 12:54:00,65.42,63.04,50.62,333.47,2,97.61,98.57,99.17,364.81,98.9,7663,100.0
2025-10-22 12:55:00,73.93,64.58,54.04,372.64,1,97.62,99.31,99.75,441.8,99.14,6427,100.0
2025-10-22 12:56:00,68.29,61.72,51.23,325.57,2,96.19,99.14,99.85,364.64,99.01,7702,100.0
2025-10-22 12:57:00,67.37,63.4,66.73,319.79,2,96.17,99.01,99.74,360.82,99.19,7092,100.0
2025-10-22 12:58:00,68.3,63.78,58.37,352.77,3,99.57,99.99,99.57,376.94,99.28,6284,100.0
2025-10-22 12:59:00,68.94,62.25,64.48,393.13,3,99.32,99.49,99.77,374.9,98.9,7074,100.0
2025-10-22 13:00:00,65.56,65.52,60.71,360.49,1,96.58,99.07,99.82,336.34,98.6,6458,100.0
2025-10-22 13:01:00,71.24,64.69,60.16,347.98,0,99.02,98.21,99.35,404.69,98.86,6659,100.0
2025-10-22 13:02:00,72.83,64.68,55.19,307.49,3,98.71,99.97,99.82,416.39,98.95,6207,100.0
2025-10-22 13:03:00,66.21,64.62,64.77,399.92,1,98.24,98.4,99.3,375.59,99.31,7790,100.0
2025-10-22 13:04:00,75.44,63.49,65.2,315.44,4,98.3,99.4,99.71,473.75,98.68,6961,100.0
2025-10-22 13:05:00,73.04,62.8,62.77,339.61,4,97.76,98.35,99.18,429.94,99.46,7183,100.0
2025-10-22 13:06:00,66.45,65.35,48.11,320.02,5,98.52,98.88,99.13,366.74,98.86,6691,100.0
2025-10-22 13:07:00,64.45,64.75,59.02,320.54,5,97.82,99.9,99.76,336.15,99.12,7187,100.0
2025-10-22 13:08:00,65.27,63.62,51.6,367.86,2,97.16,99.48,99.14,358.79,98.56,6666,100.0
2025-10-22 13:09:00,76.01,61.65,59.18,313.21,2,97.35,98.41,99.94,476.37,99.37,6212,100.0
2025-10-22 13:10:00,75.28,64.06,53.12,384.61,1,99.9,99.94,99.15,454.76,99.08,6389,100.0
2025-10-22 13:11:00,69.1,62.86,51.22,324.75,0,99.83,99.61,99.76,371.91,99.12,6361,100.0
2025-10-22 13:12:00,74.66,62.39,47.69,397.12,2,97.99,99.05,99.82,455.29,98.57,7410,100.0
2025-10-22 13:13:00,67.88,61.68,55.5,315.35,3,99.91,99.83,99.85,374.14,98.65,7183,100.0
2025-10-22 13:14:00,64.49,61.5,57.53,355.12,2,98.15,99.95,99.05,346.08,98.83,6210,100.0
2025-10-22 13:15:00,69.02,63.6,56.24,301.3,1,97.37,98.62,99.86,372.14,98.85,6789,100.0
2025-10-22 13:16:00,73.54,65.47,51.12,397.52,1,98.67,99.21,99.13,453.84,99.06,6938,100.0
2025-10-22 13:17:00,69.5,61.65,65.58,372.82,4,98.79,99.13,99.97,404.38,98.84,6270,100.0
2025-10-22 13:18:00,68.78,65.4,64.52,325.76,1,96.03,98.07,99.63,406.77,99.27,6508,100.0
2025-10-22 13:19:00,65.52,63.55,45.87,378.27,1,97.38,99.53,99.27,346.56,99.04,6926,100.0
2025-10-22 13:20:00,66.93,62.55,49.83,388.54,4,99.93,99.31,99.13,384.88,98.97,6305,100.0
2025-10-22 13:21:00,72.03,63.08,62.76,378.3,1,98.94,99.15,99.07,407.55,98.65,7179,100.0
2025-10-22 13:22:00,66.39,64.62,58.85,325.24,2,97.47,99.5,99.37,353.88,99.11,7490,100.0
2025-10-22 13:23:00,70.5,64.4,54.58,380.22,1,99.56,99.67,99.96,407.75,99.18,7727,100.0
2025-10-22 13:24:00,67.28,63.45,46.86,299.6,3,97.12,98.16,99.54,367.45,98.84,6915,100.0
2025-10-22 13:25:00,73.45,60.59,56.42,319.4,1,97.84,98.99,99.87,450.16,99.09,6562,100.0
2025-10-22 13:26:00,73.49,60.48,61.59,387.85,5,99.66,99.84,99.53,416.21,98.52,7877,100.0
2025-10-22 13:27:00,68.93,62.69,55.96,329.38,2,98.97,99.34,99.53,382.35,99.37,6805,100.0
2025-10-22 13:28:00,75.68,64.16,61.93,353.07,1,96.55,98.04,99.55,442.04,99.37,7965,100.0
2025-10-22 13:29:00,68.65,61.72,51.65,357.26,2,98.58,99.11,99.72,404.15,99.28,6608,100.0
2025-10-22 13:30:00,72.47,65.09,50.7,322.35,1,98.74,99.5,99.35,423.35,99.09,6147,100.0
2025-10-22 13:31:00,73.68,64.34,60.06,380.23,1,99.13,99.22,99.71,427.29,98.72,7652,100.0
2025-10-22 13:32:00,71.82,64.49,48.69,336.77,0,97.92,99.8,99.39,429.49,98.79,7712,100.0
2025-10-22 13:33:00,67.3,60.71,58.05,341.79,1,96.67,99.54,99.92,359.74,99.07,6068,100.0
2025-10-22 13:34:00,71.92,59.94,61.19,318.08,3,96.95,98.44,99.06,414.95,98.6,6839,100.0
2025-10-22 13:35:00,63.32,59.59,62.86,370.64,2,96.71,98.74,99.91,342.7,99.26,7127,100.0
2025-10-22 13:36:00,72.52,64.48,46.73,363.73,1,97.64,99.8,99.95,436.49,98.65,6749,100.0
2025-10-22 13:37:00,68.92,65.49,63.56,398.87,1,96.5,99.82,99.84,387.66,98.93,7105,100.0
2025-10-22 13:38:00,67.55,62.6,48.64,392.45,2,97.81,98.48,99.57,359.14,98.89,6448,100.0
2025-10-22 13:39:00,66.83,65.99,60.58,319.81,2,96.53,99.46,99.57,350.59,98.53,7065,100.0
2025-10-22 13:40:00,70.84,64.85,61.73,366.57,1,98.59,99.54,99.19,408.15,98.9,6411,100.0
2025-10-22 13:41:00,67.95,61.8,54.87,341.52,1,98.33,98.04,99.26,379.56,99.19,7542,100.0
2025-10-22 13:42:00,68.59,64.2,51.72,374.59,6,96.17,99.07,99.97,394.26,96.81,7337,100.0
2025-10-22 13:43:00,64.87,62.43,50.22,302.27,2,96.09,98.82,99.75,366.88,99.37,6003,100.0
2025-10-22 13:44:00,68.47,63.38,48.4,388.27,3,98.33,99.72,99.2,392.07,98.61,6918,100.0
2025-10-22 13:45:00,70.72,59.6,47.53,305.96,3,96.54,98.83,99.15,388.22,99.06,7759,100.0
2025-10-22 13:46:00,68.65,64.2,55.87,301.86,2,99.19,98.8,99.68,373.23,99.24,7573,100.0
2025-10-22 13:47:00,64.72,60.21,54.08,357.84,4,96.03,98.33,99.5,357.02,99.31,7457,100.0
2025-10-22 13:48:00,67.63,58.7,56.15,298.39,1,96.05,99.15,99.64,387.87,98.57,6005,100.0
2025-10-22 13:49:00,72.56,61.66,63.63,317.93,1,97.61,99.76,99.61,433.14,98.73,7845,100.0
2025-10-22 13:50:00,64.32,59.47,46.19,386.99,1,97.67,98.82,99.24,326.88,98.61,7198,100.0
2025-10-22 13:51:00,69.23,65.61,55.54,351.66,3,98.84,98.78,99.59,390.19,99.03,7654,100.0
2025-10-22 13:52:00,69.27,64.55,58.43,323.66,3,100.0,98.15,99.71,402.29,99.18,7555,100.0
2025-10-22 13:53:00,69.26,59.98,52.7,361.94,1,97.01,98.97,99.73,406.71,98.59,7851,100.0
2025-10-22 13:54:00,73.17,65.67,58.7,342.55,0,96.83,99.48,99.24,444.9,98.9,6828,100.0
2025-10-22 13:55:00,73.88,61.43,49.99,399.51,1,96.66,99.72,99.6,423.39,99.39,6887,100.0
2025-10-22 13:56:00,68.1,60.09,50.85,320.52,2,97.99,99.26,99.66,391.22,99.26,7911,100.0
2025-10-22 13:57:00,72.67,65.03,56.76,366.34,1,97.25,98.72,99.34,428.03,98.75,7033,100.0
2025-10-22 13:58:00,67.05,61.95,63.36,393.29,2,99.9,98.65,99.14,361.79,99.46,6831,100.0
2025-10-22 13:59:00,75.12,61.21,62.1,313.22,1,97.74,99.33,99.97,433.26,98.69,7280,100.0
2025-10-22 14:00:00,69.77,64.56,50.27,301.92,3,97.69,99.03,99.88,396.79,98.51,7599,100.0
2025-10-22 14:01:00,71.32,64.49,64.17,329.36,2,99.38,99.4,99.73,425.56,98.76,7491,100.0
2025-10-22 14:02:00,70.45,63.45,48.53,388.04,2,98.41,98.08,99.92,419.06,98.69,7187,100.0
2025-10-22 14:03:00,71.48,65.16,61.59,401.59,1,98.29,99.53,99.29,404.25,99.3,7507,100.0
2025-10-22 14:04:00,66.71,60.93,53.39,390.47,2,98.85,99.2,99.99,377.72,98.6,7456,100.0
2025-10-22 14:05:00,67.28,65.55,46.09,322.38,1,97.38,98.99,99.45,371.25,99.38,7010,100.0
2025-10-22 14:06:00,68.74,62.77,64.93,358.41,2,98.25,98.2,99.18,369.92,99.4,6096,100.0
2025-10-22 14:07:00,68.88,60.39,52.39,342.97,3,96.1,99.79,99.98,386.18,98.96,6288,100.0
2025-10-22 14:08:00,73.03,59.68,51.66,352.1,3,99.64,98.09,99.12,448.13,98.63,7473,100.0
2025-10-22 14:09:00,69.22,62.26,58.95,371.57,3,98.87,98.28,99.46,379.57,98.84,7431,100.0
2025-10-22 14:10:00,70.71,61.11,54.48,390.67,2,96.52,99.58,99.66,398.49,98.89,7622,100.0
2025-10-22 14:11:00,68.05,63.72,50.82,367.08,3,97.86,98.53,99.99,396.74,99.03,6069,100.0
2025-10-22 14:12:00,74.56,61.16,60.95,363.58,1,98.71,98.2,99.19,426.96,99.4,7147,100.0
2025-10-22 14:13:00,70.0,64.06,65.53,316.03,0,97.18,99.81,99.41,411.69,98.7,6987,100.0
2025-10-22 14:14:00,67.39,63.12,61.37,392.66,3,98.34,99.22,99.27,354.77,98.76,7169,100.0
2025-10-22 14:15:00,65.96,60.97,59.15,334.79,0,97.6,100.0,99.26,350.18,98.67,6543,100.0
2025-10-22 14:16:00,71.56,62.82,54.28,304.85,0,99.19,98.98,99.03,407.07,98.86,7566,100.0
2025-10-22 14:17:00,69.42,64.79,58.75,303.7,2,99.24,98.38,99.4,408.82,99.14,6604,100.0
2025-10-22 14:18:00,70.15,64.26,66.87,402.01,1,98.8,98.54,99.67,395.56,99.22,6734,100.0
2025-10-22 14:19:00,74.92,61.2,47.88,380.68,3,98.64,98.04,99.67,444.77,98.96,7616,100.0
2025-10-22 14:20:00,73.29,64.61,58.09,342.83,0,96.07,98.09,99.96,425.79,99.2,7188,100.0
2025-10-22 14:21:00,70.73,63.49,52.06,388.73,3,96.4,99.12,99.85,399.94,99.05,6019,100.0
2025-10-22 14:22:00,65.51,61.95,50.31,331.26,2,98.56,99.37,99.98,356.94,99.25,6764,100.0
2025-10-22 14:23:00,65.82,61.91,53.48,337.6,5,97.63,98.71,99.99,339.81,98.91,6302,100.0
2025-10-22 14:24:00,73.01,61.62,63.5,394.45,2,99.73,99.55,99.29,428.79,98.57,7318,100.0
2025-10-22 14:25:00,66.88,64.38,60.05,335.58,6,97.99,99.73,99.61,370.58,97.46,6033,100.0
2025-10-22 14:26:00,74.15,64.08,58.87,365.24,2,97.22,99.59,99.32,424.34,98.7,6816,100.0
2025-10-22 14:27:00,73.83,62.3,47.54,318.37,1,96.26,99.43,99.78,452.28,99.34,6758,100.0
2025-10-22 14:28:00,65.79,62.83,47.62,311.14,0,99.84,99.69,99.44,347.86,98.57,6862,100.0
2025-10-22 14:29:00,72.58,65.96,48.6,349.65,1,97.6,98.55,99.13,439.33,99.2,6823,100.0
2025-10-22 14:30:00,67.0,61.7,65.23,387.2,3,97.97,98.56,99.37,350.71,98.76,6375,100.0
2025-10-22 14:31:00,65.92,59.86,50.1,308.16,0,96.55,98.4,99.42,362.52,98.82,6282,100.0
2025-10-22 14:32:00,72.44,64.18,51.72,356.11,3,97.46,98.03,99.35,409.1,98.66,6731,100.0
2025-10-22 14:33:00,67.79,66.14,59.77,355.39,0,96.41,99.58,99.39,359.69,99.33,6605,100.0
2025-10-22 14:34:00,65.46,64.56,65.28,307.91,3,99.93,99.29,99.63,366.84,98.94,6517,100.0
2025-10-22 14:35:00,67.56,61.93,58.27,383.47,3,98.76,98.21,99.11,381.32,98.58,6310,100.0
2025-10-22 14:36:00,69.61,65.11,57.63,354.05,2,98.23,98.14,99.22,398.58,99.17,6769,100.0
2025-10-22 14:37:00,71.22,64.51,63.21,311.9,1,97.28,99.04,99.08,411.58,99.42,7370,100.0
2025-10-22 14:38:00,74.36,61.18,55.4,361.7,2,99.9,98.05,99.15,440.52,99.0,7668,100.0
2025-10-22 14:39:00,70.88,64.34,51.4,363.94,1,99.79,98.16,99.68,425.15,98.68,6474,100.0
2025-10-22 14:40:00,70.87,60.74,64.0,377.3,1,96.71,98.34,99.67,389.22,99.31,7094,100.0
2025-10-22 14:41:00,70.05,62.77,56.1,316.73,2,97.09,99.61,99.81,391.47,99.06,6697,100.0
2025-10-22 14:42:00,75.44,63.79,64.8,366.84,2,96.34,98.88,99.56,454.77,99.2,6384,100.0
2025-10-22 14:43:00,68.01,62.1,49.2,388.0,1,98.85,99.1,99.52,399.71,99.12,7793,100.0
2025-10-22 14:44:00,72.67,64.93,61.73,344.61,3,98.49,99.35,99.57,415.22,98.78,7416,100.0
2025-10-22 14:45:00,74.45,65.53,56.21,387.75,0,99.44,98.95,99.78,424.68,99.37,7189,100.0
2025-10-22 14:46:00,66.29,62.01,51.88,349.85,3,97.58,98.29,99.83,362.9,99.12,6301,100.0
2025-10-22 14:47:00,71.27,64.92,54.42,390.11,0,96.14,99.92,99.7,400.23,98.86,7015,100.0
2025-10-22 14:48:00,66.65,64.56,56.36,363.88,2,97.89,98.38,99.04,361.46,98.52,7125,100.0
2025-10-22 14:49:00,66.21,62.99,66.09,303.43,2,98.24,98.52,99.22,377.92,98.7,6753,100.0
2025-10-22 14:50:00,67.4,61.56,58.29,371.6,4,99.75,98.98,99.78,376.92,99.38,6897,100.0
2025-10-22 14:51:00,71.14,62.19,62.33,395.37,1,96.33,98.28,99.93,413.19,98.9,7342,100.0
2025-10-22 14:52:00,65.52,62.23,48.02,305.2,2,99.33,99.24,99.04,359.3,98.93,7682,100.0
2025-10-22 14:53:00,74.57,62.09,62.18,333.46,1,98.71,98.52,99.46,458.17,99.29,7710,100.0
2025-10-22 14:54:00,74.45,60.47,62.19,326.11,5,97.68,98.88,99.54,443.71,99.47,6157,100.0
2025-10-22 14:55:00,66.49,64.94,53.75,351.33,0,97.14,98.08,99.14,370.26,99.26,7740,100.0
2025-10-22 14:56:00,69.9,59.9,61.34,344.33,1,96.53,98.7,99.21,406.81,99.45,6179,100.0
2025-10-22 14:57:00,66.23,60.54,54.99,339.26,5,96.05,98.43,99.04,358.08,98.86,6197,100.0
2025-10-22 14:58:00,67.59,64.8,59.69,320.8,2,99.87,99.45,99.67,391.99,98.77,6554,100.0
2025-10-22 14:59:00,72.99,66.48,59.93,405.61,3,99.85,98.4,99.95,446.04,98.57,7042,100.0
2025-10-22 15:00:00,64.71,59.51,55.8,342.94,3,98.65,99.83,99.35,339.63,99.13,6657,100.0
2025-10-22 15:01:00,69.07,61.67,52.94,368.17,2,97.06,99.9,99.91,375.32,99.41,7929,100.0
2025-10-22 15:02:00,71.79,62.92,50.26,342.66,4,97.86,99.52,99.54,405.18,98.77,7135,100.0
2025-10-22 15:03:00,70.89,62.27,57.36,373.73,2,99.68,98.5,99.53,407.1,98.87,7925,100.0
2025-10-22 15:04:00,73.95,61.86,66.37,359.2,4,96.12,99.11,99.03,431.76,98.6,7823,100.0
2025-10-22 15:05:00,70.1,63.12,61.84,367.4,0,98.47,99.96,99.21,405.8,99.06,6783,100.0
2025-10-22 15:06:00,65.81,65.68,60.45,333.59,2,98.15,98.43,100.0,368.83,99.07,7491,100.0
2025-10-22 15:07:00,74.58,66.09,62.14,386.99,2,99.04,99.8,99.13,453.43,99.15,7597,100.0
2025-10-22 15:08:00,72.37,63.54,62.12,402.13,2,99.38,98.87,99.45,434.56,99.0,6533,100.0
2025-10-22 15:09:00,73.84,62.88,57.79,359.08,2,97.55,99.13,99.29,445.97,98.57,7581,100.0
2025-10-22 15:10:00,67.07,64.16,60.55,376.81,3,97.91,99.33,99.17,386.79,99.25,6162,100.0
2025-10-22 15:11:00,74.83,62.95,55.75,381.79,2,98.07,99.16,99.63,452.48,99.12,6951,100.0
2025-10-22 15:12:00,64.85,62.34,45.2,297.83,1,97.5,98.74,99.12,338.32,98.5,6701,100.0
2025-10-22 15:13:00,73.47,61.98,59.38,312.37,0,97.99,98.92,99.19,426.2,98.53,7595,100.0
2025-10-22 15:14:00,72.05,59.49,50.69,321.28,1,99.74,99.73,99.41,418.29,99.02,6956,100.0
2025-10-22 15:15:00,72.08,62.4,49.07,308.16,1,99.59,99.38,99.4,408.33,98.81,7059,100.0
2025-10-22 15:16:00,70.77,63.22,62.66,399.03,2,96.29,98.81,99.73,407.6,99.13,7686,100.0
2025-10-22 15:17:00,66.47,66.34,53.68,309.99,7,97.0,99.22,99.73,360.55,96.9,7908,100.0
2025-10-22 15:18:00,73.96,64.08,46.51,331.24,2,99.31,99.33,99.35,450.95,98.8,6125,100.0
2025-10-22 15:19:00,66.74,60.03,62.66,362.77,4,97.76,99.61,99.79,355.36,98.95,7669,100.0
2025-10-22 15:20:00,65.08,61.27,50.77,319.48,2,98.33,99.12,99.82,346.53,98.72,7783,100.0
2025-10-22 15:21:00,71.89,62.65,46.43,294.43,1,96.54,98.52,99.34,429.11,99.21,6208,100.0
2025-10-22 15:22:00,67.59,60.61,54.67,372.02,2,97.72,98.72,99.43,374.56,98.59,6186,100.0
2025-10-22 15:23:00,67.2,60.39,50.65,300.41,1,99.57,99.72,99.3,370.98,99.46,7048,100.0
2025-10-22 15:24:00,74.71,62.05,47.16,311.87,2,96.99,99.42,99.34,451.23,99.21,6860,100.0
2025-10-22 15:25:00,67.25,65.4,48.18,384.52,3,99.37,98.53,99.56,352.55,99.44,7896,100.0
2025-10-22 15:26:00,66.17,62.49,61.21,357.46,3,97.76,98.0,99.73,376.83,98.98,6909,100.0
2025-10-22 15:27:00,74.74,66.57,67.17,342.98,3,98.29,98.71,99.19,430.05,99.11,6758,100.0
2025-10-22 15:28:00,67.83,65.61,56.85,333.29,4,97.58,99.62,99.39,395.36,98.65,6673,100.0
2025-10-22 15:29:00,69.64,64.41,50.29,302.91,3,97.96,99.74,99.6,409.47,99.41,7131,100.0
2025-10-22 15:30:00,73.5,63.49,63.9,389.49,2,96.44,98.93,99.15,448.89,99.44,6283,100.0
2025-10-22 15:31:00,69.83,62.44,59.36,360.38,1,96.66,99.84,99.52,417.38,98.95,7105,100.0
2025-10-22 15:32:00,67.93,62.19,48.58,383.64,1,97.03,98.9,99.54,380.21,99.48,7528,100.0
2025-10-22 15:33:00,66.73,62.21,53.51,334.53,3,97.08,98.65,99.78,382.02,98.54,7210,100.0
2025-10-22 15:34:00,73.3,66.28,48.93,345.63,3,96.72,99.7,99.73,421.86,99.12,7018,100.0
2025-10-22 15:35:00,68.35,65.93,49.72,350.57,2,98.44,98.01,99.82,372.91,99.22,7203,100.0
2025-10-22 15:36:00,70.36,65.89,47.5,303.41,5,96.63,98.38,99.82,397.8,99.09,7710,100.0
2025-10-22 15:37:00,71.5,60.14,54.58,305.1,1,96.01,99.63,99.97,433.58,98.8,7657,100.0
2025-10-22 15:38:00,74.49,66.65,50.06,382.12,2,96.71,99.83,99.88,449.48,99.01,6465,100.0
2025-10-22 15:39:00,73.51,60.51,55.87,389.12,2,97.15,99.35,99.05,428.33,98.85,6997,100.0
2025-10-22 15:40:00,69.77,60.24,48.91,379.73,2,96.7,98.48,99.52,392.02,98.98,6299,100.0
2025-10-22 15:41:00,64.45,60.72,51.47,377.78,0,99.97,99.91,99.54,353.29,99.44,6502,100.0
2025-10-22 15:42:00,69.94,60.43,63.92,339.66,2,98.59,98.8,99.9,396.79,98.7,7953,100.0
2025-10-22 15:43:00,69.08,61.0,52.94,359.69,3,97.26,99.5,99.65,374.37,98.82,7862,100.0
2025-10-22 15:44:00,66.13,63.94,46.65,368.12,2,98.67,99.64,99.59,369.68,98.59,7430,100.0
2025-10-22 15:45:00,72.0,62.63,60.56,368.83,1,97.18,99.98,99.43,402.33,99.4,6345,100.0
2025-10-22 15:46:00,73.08,61.1,58.61,352.03,0,97.54,98.78,99.99,443.24,99.36,6627,100.0
2025-10-22 15:47:00,67.61,62.58,57.94,369.43,2,99.18,99.22,99.53,381.25,99.38,7090,100.0
2025-10-22 15:48:00,74.02,64.72,49.84,370.29,1,97.88,98.88,99.03,451.15,99.35,7061,100.0
2025-10-22 15:49:00,65.53,60.58,47.32,310.93,2,97.02,99.9,99.51,355.88,99.03,6223,100.0
2025-10-22 15:50:00,69.12,65.16,61.05,331.9,1,99.82,99.42,99.37,383.94,98.74,7573,100.0
2025-10-22 15:51:00,69.49,62.09,64.25,315.73,1,97.04,99.17,99.6,377.07,98.64,6397,100.0
2025-10-22 15:52:00,72.19,60.77,58.68,302.17,3,97.32,99.61,99.43,412.11,99.43,7274,100.0
2025-10-22 15:53:00,71.84,59.23,51.57,339.8,1,97.99,99.37,99.35,426.04,98.89,6938,100.0
2025-10-22 15:54:00,67.61,65.25,57.44,357.87,2,97.53,99.93,99.79,386.42,98.7,6474,100.0
2025-10-22 15:55:00,64.4,63.16,52.52,326.74,2,99.67,98.07,99.1,357.51,98.99,7878,100.0
2025-10-22 15:56:00,68.18,64.29,66.68,341.54,0,96.26,99.72,99.49,383.3,99.3,7623,100.0
2025-10-22 15:57:00,69.7,65.1,55.3,367.15,0,96.55,99.7,99.31,390.42,99.16,7185,100.0
2025-10-22 15:58:00,71.28,65.21,56.82,341.96,1,96.16,98.26,99.93,428.01,99.0,6360,100.0
2025-10-22 15:59:00,66.29,61.41,64.01,351.32,4,97.78,99.73,99.49,360.36,99.03,6761,100.0
2025-10-22 16:00:00,73.56,59.36,54.54,315.39,0,98.61,99.97,99.75,425.74,98.99,6099,100.0
2025-10-22 16:01:00,70.36,60.63,61.94,305.91,0,99.45,99.89,99.09,394.8,99.24,7079,100.0
2025-10-22 16:02:00,64.9,60.02,57.16,374.54,3,99.31,99.67,99.41,354.04,99.05,7194,100.0
2025-10-22 16:03:00,68.36,64.5,60.74,322.3,3,97.9,99.31,99.26,372.9,98.74,6058,100.0
2025-10-22 16:04:00,71.52,61.69,46.69,374.63,2,99.59,98.31,99.84,401.94,98.98,6997,100.0
2025-10-22 16:05:00,69.52,61.58,50.87,372.31,3,96.67,99.31,99.6,386.48,98.89,6570,100.0
2025-10-22 16:06:00,75.17,65.38,57.06,402.77,3,96.63,99.57,99.87,434.58,99.26,6848,100.0
2025-10-22 16:07:00,72.21,60.94,65.63,388.98,6,96.27,98.66,99.49,405.78,96.64,7943,100.0
2025-10-22 16:08:00,75.3,62.71,60.34,321.32,1,96.64,98.2,99.58,470.95,98.62,7004,100.0
2025-10-22 16:09:00,72.24,63.25,64.61,318.48,0,97.53,99.11,99.25,409.14,99.3,6377,100.0
2025-10-22 16:10:00,71.71,63.43,53.79,354.97,4,96.06,99.47,99.26,432.25,99.04,6957,100.0
2025-10-22 16:11:00,72.65,64.39,60.01,368.62,4,99.56,99.24,99.56,433.42,98.66,6174,100.0
2025-10-22 16:12:00,66.51,62.72,52.25,389.0,2,99.2,99.86,99.79,364.86,99.34,6375,100.0
2025-10-22 16:13:00,67.4,63.58,50.89,332.24,3,99.99,98.72,99.52,359.27,99.08,7922,100.0
2025-10-22 16:14:00,68.6,61.93,47.13,384.43,2,96.61,99.8,99.04,381.96,99.23,6617,100.0
2025-10-22 16:15:00,70.27,63.99,66.71,379.87,3,99.29,98.86,99.37,420.5,98.51,7049,100.0
2025-10-22 16:16:00,69.41,63.77,46.85,357.18,2,99.3,99.44,99.67,389.92,98.87,7406,100.0
2025-10-22 16:17:00,75.76,63.08,65.23,362.96,3,99.33,99.57,99.3,458.5,98.8,6685,100.0
2025-10-22 16:18:00,70.86,63.1,49.01,363.78,1,98.99,98.73,99.57,396.61,99.11,6415,100.0
2025-10-22 16:19:00,65.68,61.58,60.81,312.71,0,96.13,98.83,99.28,348.48,99.48,6388,100.0
2025-10-22 16:20:00,65.61,64.41,53.73,392.15,2,97.71,99.93,99.28,375.4,99.32,6534,100.0
2025-10-22 16:21:00,72.88,60.28,56.93,335.6,2,98.63,99.39,99.98,439.35,99.19,6784,100.0
2025-10-22 16:22:00,73.56,67.26,55.71,373.08,4,99.2,99.87,99.57,419.99,99.32,7635,100.0
2025-10-22 16:23:00,65.88,63.08,55.47,383.35,1,98.42,99.03,99.96,377.19,98.58,6595,100.0
2025-10-22 16:24:00,71.61,62.82,47.33,319.53,1,98.71,98.63,99.13,428.03,99.36,6552,100.0
2025-10-22 16:25:00,69.13,60.43,50.48,376.32,4,97.47,98.38,99.76,375.82,98.56,6209,100.0
2025-10-22 16:26:00,74.27,66.45,61.29,317.9,1,96.46,99.14,99.91,450.11,99.3,7016,100.0
2025-10-22 16:27:00,68.42,64.62,59.1,339.25,1,99.28,98.34,99.52,389.66,99.24,6166,100.0
2025-10-22 16:28:00,73.51,63.76,56.26,363.65,3,98.67,99.41,99.67,432.62,99.04,6565,100.0
2025-10-22 16:29:00,69.28,62.48,51.58,377.73,2,97.9,99.52,99.44,395.12,99.2,6777,100.0
2025-10-22 16:30:00,70.15,63.73,56.95,324.97,1,96.19,98.85,99.16,409.09,99.46,6146,100.0
2025-10-22 16:31:00,73.69,63.77,62.97,314.3,4,96.88,99.83,99.23,430.81,98.55,7256,100.0
2025-10-22 16:32:00,74.45,63.43,58.71,343.95,0,99.47,99.1,99.43,427.22,99.17,6799,100.0
2025-10-22 16:33:00,67.61,65.31,49.74,351.86,4,99.76,98.02,99.26,359.45,99.45,6847,100.0
2025-10-22 16:34:00,65.65,63.0,46.03,354.87,3,96.31,99.44,99.83,356.52,99.32,6915,100.0
2025-10-22 16:35:00,66.48,62.47,49.81,344.67,1,99.53,98.23,99.22,384.61,99.08,7171,100.0
2025-10-22 16:36:00,67.3,62.6,61.19,387.67,1,97.31,99.19,99.28,388.76,99.48,7358,100.0
2025-10-22 16:37:00,75.91,62.64,63.51,373.9,1,97.95,99.58,99.87,464.5,99.22,6527,100.0
2025-10-22 16:38:00,67.87,66.18,56.9,382.65,2,98.18,98.05,99.2,369.93,98.97,7640,100.0
2025-10-22 16:39:00,71.14,64.47,65.95,383.0,0,96.71,98.08,99.07,404.92,99.23,6488,100.0
2025-10-22 16:40:00,69.37,64.21,64.13,352.79,3,98.95,98.98,100.0,375.64,98.94,6794,100.0
2025-10-22 16:41:00,71.15,59.98,53.12,362.0,3,98.59,99.75,99.73,397.07,99.12,6089,100.0
2025-10-22 16:42:00,72.17,60.05,57.49,312.35,4,99.6,99.25,99.51,422.84,99.39,6118,100.0
2025-10-22 16:43:00,67.13,63.73,44.99,355.1,1,98.45,99.66,99.47,357.15,98.81,7962,100.0
2025-10-22 16:44:00,66.62,60.49,57.83,335.96,0,97.17,99.72,99.8,371.92,98.59,7765,100.0
2025-10-22 16:45:00,70.81,63.32,65.15,303.22,2,97.43,99.95,99.21,409.36,99.25,6780,100.0
2025-10-22 16:46:00,66.24,64.79,61.71,327.17,2,98.62,98.03,99.88,354.44,99.37,6908,100.0
2025-10-22 16:47:00,72.62,64.85,51.89,363.34,3,97.24,99.1,99.03,443.59,99.15,6886,100.0
2025-10-22 16:48:00,65.35,64.21,47.62,366.46,2,96.47,98.49,99.41,343.6,98.58,6650,100.0
2025-10-22 16:49:00,71.48,63.07,64.69,340.72,2,98.47,99.89,99.5,414.76,99.28,7512,100.0
2025-10-22 16:50:00,74.07,61.71,51.59,394.44,2,98.88,98.67,99.25,459.84,99.07,7524,100.0
2025-10-22 16:51:00,72.16,64.55,64.1,350.22,5,96.5,98.32,99.14,405.08,98.62,7991,100.0
2025-10-22 16:52:00,73.05,60.58,52.18,315.08,0,99.84,99.72,99.88,445.21,98.65,7569,100.0
2025-10-22 16:53:00,70.52,64.23,48.63,332.61,1,98.61,98.33,99.46,411.05,98.63,6513,100.0
2025-10-22 16:54:00,66.0,60.68,49.94,353.81,1,96.29,99.66,99.46,379.67,98.73,7294,100.0
2025-10-22 16:55:00,73.47,65.56,52.55,321.46,2,98.4,98.04,99.39,427.11,99.36,7552,100.0
2025-10-22 16:56:00,67.42,65.28,49.88,381.1,2,96.36,98.65,99.97,373.62,98.97,7258,100.0
2025-10-22 16:57:00,68.8,61.35,47.74,357.8,2,96.27,99.8,99.63,406.29,98.93,6833,100.0
2025-10-22 16:58:00,67.87,59.4,55.27,380.14,1,99.9,98.26,99.53,391.08,98.75,7682,100.0
2025-10-22 16:59:00,70.17,61.69,62.91,360.2,2,97.22,98.18,99.24,392.82,98.56,6220,100.0
2025-10-22 17:00:00,67.74,63.81,57.06,387.91,3,97.53,99.4,99.48,374.21,99.17,6571,100.0
2025-10-22 17:01:00,72.92,61.6,57.46,392.39,4,99.49,98.05,99.41,422.94,99.21,6025,100.0
2025-10-22 17:02:00,64.74,64.95,49.0,328.7,2,99.44,98.62,99.52,353.89,99.13,7432,100.0
2025-10-22 17:03:00,74.0,61.56,50.67,379.94,2,97.49,99.18,99.32,445.46,98.7,7515,100.0
2025-10-22 17:04:00,69.09,60.38,48.82,309.94,0,98.89,99.91,99.01,375.38,99.36,7377,100.0
2025-10-22 17:05:00,70.46,67.02,58.88,374.02,2,96.87,99.02,99.03,399.86,98.87,6583,100.0
2025-10-22 17:06:00,74.63,62.24,55.7,378.48,4,96.49,99.17,99.09,436.77,98.71,7134,100.0
2025-10-22 17:07:00,73.12,60.55,61.04,312.69,2,96.79,98.43,99.28,425.69,98.6,6936,100.0
2025-10-22 17:08:00,75.34,63.03,58.59,345.44,0,99.28,99.27,99.0,443.34,98.81,7623,100.0
2025-10-22 17:09:00,71.27,61.37,47.81,331.91,2,96.15,98.67,99.15,422.5,98.78,7754,100.0
2025-10-22 17:10:00,69.66,60.69,47.39,389.22,1,97.24,98.32,99.26,378.83,98.75,7366,100.0
2025-10-22 17:11:00,74.8,63.28,58.04,312.12,0,98.21,99.68,99.09,444.69,99.47,7477,100.0
2025-10-22 17:12:00,73.85,60.85,54.19,332.4,1,98.67,98.47,99.6,432.77,98.75,7390,100.0
2025-10-22 17:13:00,73.76,64.55,46.85,340.99,4,99.08,98.19,99.87,448.75,99.02,7642,100.0
2025-10-22 17:14:00,75.07,61.24,66.47,318.51,1,97.09,99.26,99.03,468.37,98.78,6545,100.0
2025-10-22 17:15:00,75.59,66.06,61.39,324.42,5,98.38,99.43,99.6,437.98,98.85,6632,100.0
2025-10-22 17:16:00,71.7,65.53,57.1,324.81,0,96.64,98.06,99.24,422.41,98.65,6163,100.0
2025-10-22 17:17:00,76.38,67.24,60.41,319.23,2,98.3,98.08,99.97,476.86,98.76,6837,100.0
2025-10-22 17:18:00,69.57,61.06,51.32,326.68,3,98.07,99.59,99.27,393.26,98.67,6654,100.0
2025-10-22 17:19:00,72.29,62.35,54.65,377.47,2,99.4,98.91,99.66,415.16,98.56,6329,100.0
2025-10-22 17:20:00,72.26,62.0,56.85,360.39,3,96.34,99.97,99.64,430.97,99.26,7225,100.0
2025-10-22 17:21:00,68.57,65.06,59.42,378.9,4,98.47,98.67,99.67,388.45,98.61,7059,100.0
2025-10-22 17:22:00,71.52,64.01,61.89,374.34,3,99.22,99.57,99.73,399.99,99.49,7885,100.0
2025-10-22 17:23:00,68.44,63.27,63.51,348.15,3,97.62,99.08,99.87,398.93,99.27,6828,100.0
2025-10-22 17:24:00,71.13,63.02,51.49,342.74,3,97.73,98.98,99.98,412.06,99.33,7327,100.0
2025-10-22 17:25:00,67.37,65.15,60.24,382.35,0,96.97,99.54,99.37,390.15,99.02,6002,100.0
2025-10-22 17:26:00,68.3,60.22,50.1,316.81,2,98.79,99.8,99.62,394.03,98.7,6149,100.0
2025-10-22 17:27:00,70.57,65.69,61.64,405.08,3,99.25,98.73,99.15,392.16,99.48,7246,100.0
2025-10-22 17:28:00,68.17,59.92,47.62,373.43,2,99.56,98.63,99.33,366.81,99.49,7961,100.0
2025-10-22 17:29:00,72.88,59.97,62.06,359.6,0,97.05,99.38,99.8,442.69,99.04,7069,100.0
2025-10-22 17:30:00,67.77,65.24,53.9,343.68,0,98.35,98.19,99.91,382.51,99.49,6491,100.0
2025-10-22 17:31:00,72.5,66.31,52.68,313.15,2,99.97,99.51,99.49,407.0,98.69,6597,100.0
2025-10-22 17:32:00,64.45,65.06,56.05,297.96,1,98.88,99.4,99.98,338.14,98.64,6183,100.0
2025-10-22 17:33:00,61.99,62.06,56.64,378.93,2,99.62,98.1,99.79,312.15,98.68,7409,100.0
2025-10-22 17:34:00,68.38,62.31,50.03,383.64,0,99.61,99.2,99.59,397.29,99.17,6608,100.0
2025-10-22 17:35:00,68.86,61.32,55.65,312.86,1,99.46,99.4,99.89,372.13,99.3,7761,100.0
2025-10-22 17:36:00,68.17,59.32,62.74,321.95,3,98.87,98.24,99.7,398.46,98.59,6233,100.0
2025-10-22 17:37:00,69.89,59.77,49.07,315.63,1,97.9,99.04,99.73,416.78,99.0,6710,100.0
2025-10-22 17:38:00,75.18,65.15,50.87,393.08,1,98.85,98.58,99.49,443.81,98.58,7537,100.0
2025-10-22 17:39:00,71.94,60.38,49.45,336.27,1,99.23,99.85,99.56,401.83,98.77,6222,100.0
2025-10-22 17:40:00,66.33,62.28,57.11,391.27,2,98.71,99.72,99.03,364.49,99.25,7769,100.0
2025-10-22 17:41:00,65.73,61.6,46.97,380.51,2,96.41,99.25,99.98,370.85,99.3,6835,100.0
2025-10-22 17:42:00,70.53,64.86,66.6,330.65,3,98.88,98.07,99.25,398.09,98.93,7930,100.0
2025-10-22 17:43:00,64.88,60.42,49.27,338.43,0,99.86,99.12,99.81,359.72,99.16,7808,100.0
2025-10-22 17:44:00,67.74,63.69,51.67,348.18,1,96.73,99.91,99.45,369.49,99.42,7822,100.0
2025-10-22 17:45:00,66.37,62.87,65.19,322.62,3,98.38,98.0,99.25,350.2,98.71,7720,100.0
2025-10-22 17:46:00,71.07,61.51,51.66,331.84,5,98.36,98.56,99.6,429.67,98.53,6578,100.0
2025-10-22 17:47:00,68.09,66.1,48.93,382.62,2,96.97,99.42,99.84,379.71,99.21,6363,100.0
2025-10-22 17:48:00,65.8,61.9,54.43,348.23,0,96.88,99.62,99.81,351.22,98.96,6366,100.0
2025-10-22 17:49:00,72.27,65.03,50.87,373.43,1,98.4,98.82,99.76,432.64,99.45,6875,100.0
2025-10-22 17:50:00,65.48,61.96,60.07,303.33,5,99.16,99.74,99.16,335.76,98.64,6647,100.0
2025-10-22 17:51:00,73.81,59.69,61.64,383.3,1,98.72,99.91,99.12,419.32,99.37,7289,100.0
2025-10-22 17:52:00,73.01,62.62,55.03,316.02,2,99.66,98.02,99.59,440.94,99.23,7287,100.0
2025-10-22 17:53:00,69.2,65.58,52.68,375.5,1,99.79,99.55,99.62,386.95,99.4,6088,100.0
2025-10-22 17:54:00,74.65,62.37,48.49,387.97,1,96.34,99.28,99.58,460.65,98.53,7736,100.0
2025-10-22 17:55:00,73.46,62.37,47.12,392.63,0,98.36,98.99,99.84,434.74,98.97,7761,100.0
2025-10-22 17:56:00,69.6,65.03,62.68,332.22,1,98.54,99.67,99.19,388.95,98.95,7690,100.0
2025-10-22 17:57:00,72.84,62.29,51.38,372.18,3,98.45,99.78,99.87,414.33,99.09,6878,100.0
2025-10-22 17:58:00,70.97,65.3,48.73,334.59,0,98.98,99.82,99.59,414.42,98.55,7007,100.0
2025-10-22 17:59:00,68.85,59.17,60.23,320.76,3,96.23,99.96,99.24,393.95,98.87,7279,100.0
2025-10-22 18:00:00,36.79,39.22,33.18,209.92,3,99.13,98.87,99.87,100.0,98.86,3859,100.0
2025-10-22 18:01:00,43.19,34.65,28.47,226.11,0,96.8,99.51,99.88,141.02,99.03,3198,100.0
2025-10-22 18:02:00,38.77,33.24,36.11,199.93,1,99.28,99.02,99.37,100.0,99.29,3880,100.0
2025-10-22 18:03:00,37.4,38.55,28.33,250.19,2,97.79,99.0,99.38,100.0,98.87,3149,100.0
2025-10-22 18:04:00,42.05,36.67,40.32,185.62,4,96.17,98.16,99.1,112.04,99.09,4291,100.0
2025-10-22 18:05:00,41.89,34.51,34.77,160.58,0,98.78,99.43,99.62,109.23,99.43,4751,100.0
2025-10-22 18:06:00,38.28,36.17,40.85,197.68,1,96.85,98.32,99.57,100.0,98.58,4019,100.0
2025-10-22 18:07:00,41.7,37.43,38.76,198.24,2,98.53,98.81,99.45,108.87,98.63,3802,100.0
2025-10-22 18:08:00,44.54,36.94,40.18,225.63,2,98.75,98.09,99.83,148.7,98.56,4743,100.0
2025-10-22 18:09:00,43.73,38.09,37.44,217.58,1,97.16,98.69,99.36,139.97,98.71,3379,100.0
2025-10-22 18:10:00,36.28,38.6,35.19,192.22,0,97.54,99.3,99.97,100.0,99.19,3390,100.0
2025-10-22 18:11:00,40.09,33.58,24.82,195.2,3,97.29,98.35,99.39,103.31,98.87,4246,100.0
2025-10-22 18:12:00,41.28,37.88,21.83,201.64,4,97.64,99.44,99.93,125.27,99.43,3531,100.0
2025-10-22 18:13:00,36.47,36.42,23.17,218.87,1,98.62,98.97,99.24,100.0,99.26,4202,100.0
2025-10-22 18:14:00,38.04,33.42,37.35,184.51,3,98.5,99.62,99.66,100.0,99.03,4118,100.0
2025-10-22 18:15:00,37.35,35.77,38.12,252.97,5,96.46,98.73,99.25,100.0,98.95,4070,100.0
2025-10-22 18:16:00,34.78,33.42,36.36,188.84,0,98.96,98.39,99.59,100.0,99.11,4987,100.0
2025-10-22 18:17:00,39.7,35.14,26.39,202.19,6,96.61,98.13,99.44,100.0,97.39,4523,100.0
2025-10-22 18:18:00,40.72,36.35,30.29,213.28,3,97.91,99.89,99.82,100.0,99.28,3341,100.0
2025-10-22 18:19:00,40.84,37.94,33.36,191.04,1,99.35,99.65,99.82,100.0,99.3,3073,100.0
2025-10-22 18:20:00,39.14,33.73,22.91,211.48,1,97.72,98.61,99.58,108.59,98.81,4994,100.0
2025-10-22 18:21:00,34.4,32.44,34.8,217.58,1,99.18,99.91,99.99,100.0,99.24,4644,100.0
2025-10-22 18:22:00,39.32,37.0,40.16,183.31,0,97.31,99.92,99.79,100.0,98.51,4338,100.0
2025-10-22 18:23:00,41.85,34.29,42.38,217.06,3,98.3,99.93,99.13,128.82,99.08,4690,100.0
2025-10-22 18:24:00,38.87,37.87,21.36,195.1,5,96.2,99.01,99.46,100.0,98.61,3461,100.0
2025-10-22 18:25:00,36.47,38.24,40.76,147.5,2,99.77,98.76,99.54,100.0,98.74,3201,100.0
2025-10-22 18:26:00,45.43,35.14,30.03,177.01,0,98.93,98.29,99.09,148.65,98.56,3359,100.0
2025-10-22 18:27:00,36.2,38.64,38.09,238.45,4,96.66,99.31,99.33,100.0,98.58,3847,100.0
2025-10-22 18:28:00,42.13,32.94,29.34,160.08,5,97.94,99.67,99.53,123.29,98.95,3790,100.0
2025-10-22 18:29:00,36.19,37.42,38.25,233.61,2,99.58,98.86,99.6,100.0,98.64,3173,100.0
2025-10-22 18:30:00,41.77,38.94,25.74,169.84,1,99.5,99.76,99.59,124.06,99.4,4248,100.0
2025-10-22 18:31:00,38.44,38.09,38.54,219.26,1,97.88,98.29,99.45,100.0,99.0,3101,100.0
2025-10-22 18:32:00,36.42,36.78,23.73,210.27,0,97.86,99.44,99.93,100.0,99.34,4605,100.0
2025-10-22 18:33:00,37.92,38.22,34.77,160.24,2,97.87,99.25,99.66,100.0,98.85,3289,100.0
2025-10-22 18:34:00,42.63,35.75,24.04,195.62,2,97.81,99.18,99.99,109.9,98.61,4976,100.0
2025-10-22 18:35:00,38.91,37.35,37.53,180.74,1,99.06,99.68,99.7,100.0,98.76,3850,100.0
2025-10-22 18:36:00,41.63,34.68,32.28,186.36,1,96.56,98.02,99.28,103.12,98.76,3151,100.0
2025-10-22 18:37:00,37.21,35.22,39.69,178.68,0,97.45,99.63,99.34,100.0,99.42,3594,100.0
2025-10-22 18:38:00,38.13,38.04,29.82,202.96,0,97.18,99.06,99.47,100.0,98.97,4489,100.0
2025-10-22 18:39:00,41.24,37.27,37.67,242.4,3,98.77,98.35,99.9,107.88,99.2,4140,100.0
2025-10-22 18:40:00,43.01,38.97,30.43,200.83,2,96.53,99.96,99.27,140.36,98.95,3481,100.0
2025-10-22 18:41:00,43.91,35.61,33.09,171.12,2,98.02,98.23,99.85,148.57,99.26,3356,100.0
2025-10-22 18:42:00,37.68,34.73,39.8,246.9,3,99.2,99.34,99.65,100.0,99.43,3779,100.0
2025-10-22 18:43:00,39.26,38.85,35.28,235.11,1,97.57,98.63,99.88,100.0,99.45,3642,100.0
2025-10-22 18:44:00,37.41,35.74,38.51,165.48,0,98.16,99.4,99.91,100.0,99.45,3489,100.0
2025-10-22 18:45:00,37.2,37.12,37.01,210.41,1,97.12,98.32,99.05,100.0,98.63,3714,100.0
2025-10-22 18:46:00,36.35,37.09,38.14,177.6,3,97.71,99.04,99.73,100.0,99.35,3368,100.0
2025-10-22 18:47:00,41.94,34.01,31.89,204.11,0,96.28,99.68,99.29,113.28,99.14,3441,100.0
2025-10-22 18:48:00,35.26,38.25,40.47,193.15,1,96.4,98.8,99.07,100.0,98.78,4041,100.0
2025-10-22 18:49:00,33.83,35.17,20.76,235.98,1,97.36,98.09,99.53,100.0,98.97,3611,100.0
2025-10-22 18:50:00,43.37,38.57,41.28,175.48,3,96.58,98.96,99.59,116.38,99.36,3628,100.0
2025-10-22 18:51:00,43.17,39.77,38.0,246.62,0,97.97,99.13,99.69,116.39,99.16,3291,100.0
2025-10-22 18:52:00,40.95,38.71,35.92,208.87,1,98.43,98.45,99.71,100.0,98.84,4546,100.0
2025-10-22 18:53:00,42.56,34.51,25.38,242.05,3,96.27,98.22,99.22,117.69,99.5,3844,100.0
2025-10-22 18:54:00,38.04,34.3,27.45,241.15,3,96.96,99.13,99.79,100.0,98.71,3947,100.0
2025-10-22 18:55:00,36.63,37.7,33.83,202.68,2,97.68,98.64,99.8,100.0,98.97,4647,100.0
2025-10-22 18:56:00,36.62,34.78,38.42,167.92,5,98.28,99.02,99.51,100.0,98.74,4390,100.0
2025-10-22 18:57:00,37.04,33.27,40.69,161.05,4,97.87,98.06,99.43,100.0,98.73,4620,100.0
2025-10-22 18:58:00,43.99,38.27,31.42,201.93,2,99.17,98.46,99.43,141.24,99.22,3300,100.0
2025-10-22 18:59:00,35.68,38.14,38.45,201.92,3,97.93,99.9,99.84,100.0,98.73,4779,100.0
2025-10-22 19:00:00,34.93,36.62,27.15,204.7,3,96.33,99.33,99.19,100.0,99.01,4373,100.0
2025-10-22 19:01:00,44.14,38.52,25.62,197.29,1,98.59,98.39,99.5,156.84,99.23,4450,100.0
2025-10-22 19:02:00,42.28,33.12,22.81,181.61,1,96.73,99.95,99.85,142.11,99.31,4902,100.0
2025-10-22 19:03:00,39.77,36.8,27.88,219.02,2,98.03,98.13,99.72,100.0,99.4,4846,100.0
2025-10-22 19:04:00,43.34,33.17,41.49,196.06,3,97.45,99.89,99.7,147.01,99.04,4836,100.0
2025-10-22 19:05:00,42.72,33.67,37.65,153.45,3,98.55,99.34,99.89,122.12,99.05,3349,100.0
2025-10-22 19:06:00,40.15,34.06,38.0,178.45,2,96.82,99.57,99.5,100.0,98.53,3932,100.0
2025-10-22 19:07:00,42.32,35.02,26.85,189.09,2,98.28,99.62,99.02,125.49,99.34,3431,100.0
2025-10-22 19:08:00,40.31,38.89,24.74,224.72,2,98.1,98.31,99.56,112.64,99.03,4261,100.0
2025-10-22 19:09:00,36.81,34.16,39.79,158.79,2,98.7,98.44,99.27,100.0,99.14,4920,100.0
2025-10-22 19:10:00,37.8,33.81,26.22,196.18,1,99.87,99.17,99.26,100.0,99.31,4772,100.0
2025-10-22 19:11:00,41.95,35.71,37.45,244.54,2,97.47,98.58,99.57,110.4,98.65,4906,100.0
2025-10-22 19:12:00,33.04,33.61,33.64,158.7,1,97.42,99.72,99.24,100.0,99.04,4158,100.0
2025-10-22 19:13:00,37.29,36.1,21.76,179.04,1,97.53,98.99,99.09,100.0,99.17,3808,100.0
2025-10-22 19:14:00,41.66,32.91,31.64,183.35,4,98.56,98.66,99.88,136.04,98.81,4602,100.0
2025-10-22 19:15:00,39.36,35.29,29.08,175.93,5,96.7,99.67,99.81,113.43,98.52,4080,100.0
2025-10-22 19:16:00,42.8,34.34,22.72,162.76,1,99.5,98.17,99.44,146.28,99.0,3264,100.0
2025-10-22 19:17:00,39.6,38.03,23.93,255.25,4,98.65,99.72,99.86,100.0,98.78,3492,100.0
2025-10-22 19:18:00,34.89,38.11,37.42,201.66,3,98.88,99.14,99.72,100.0,99.46,4254,100.0
2025-10-22 19:19:00,39.42,37.07,28.27,174.98,2,98.73,99.6,99.58,100.0,98.79,4819,100.0
2025-10-22 19:20:00,41.46,34.93,23.07,169.76,0,98.03,99.24,99.38,115.85,98.59,4539,100.0
2025-10-22 19:21:00,36.96,38.03,32.3,176.56,3,96.57,99.19,99.83,100.0,98.67,4322,100.0
2025-10-22 19:22:00,43.99,33.64,26.74,182.58,2,96.63,99.62,99.02,133.38,98.74,3258,100.0
2025-10-22 19:23:00,37.46,36.52,31.26,205.55,2,96.33,98.64,99.55,100.0,99.22,4112,100.0
2025-10-22 19:24:00,38.27,37.29,26.6,184.43,0,98.22,99.7,99.03,100.0,99.35,3987,100.0
2025-10-22 19:25:00,39.43,39.95,24.59,177.53,3,99.25,99.37,99.47,100.0,98.68,3231,100.0
2025-10-22 19:26:00,42.97,39.04,40.56,231.59,2,99.01,98.31,99.91,110.09,98.93,3042,100.0
2025-10-22 19:27:00,40.7,35.82,34.93,228.99,2,97.67,99.63,99.65,114.27,98.73,3650,100.0
2025-10-22 19:28:00,40.07,35.79,31.58,215.12,4,97.76,99.02,99.84,117.62,98.95,3600,100.0
2025-10-22 19:29:00,37.13,35.54,26.26,234.87,2,96.75,99.02,99.87,100.0,99.34,3850,100.0
2025-10-22 19:30:00,39.27,34.33,25.85,189.85,3,99.97,99.95,99.92,100.0,98.91,3626,100.0
2025-10-22 19:31:00,35.87,37.33,33.78,216.58,1,98.78,98.72,99.52,100.0,98.52,4753,100.0
2025-10-22 19:32:00,44.09,34.52,30.5,189.07,0,97.69,98.96,99.03,140.44,98.59,4784,100.0
2025-10-22 19:33:00,40.39,32.5,37.43,180.6,1,98.39,98.16,99.06,108.99,99.48,3966,100.0
2025-10-22 19:34:00,38.01,34.89,40.7,217.69,0,98.7,99.64,99.27,100.0,98.7,4266,100.0
2025-10-22 19:35:00,41.53,33.32,35.44,215.26,0,98.22,99.23,99.43,131.31,98.83,3134,100.0
2025-10-22 19:36:00,45.89,35.13,30.91,201.1,3,97.64,98.31,99.95,145.97,98.92,3164,100.0
2025-10-22 19:37:00,45.84,37.96,42.88,162.36,1,98.49,98.66,99.71,145.0,99.1,3795,100.0
2025-10-22 19:38:00,38.38,40.63,40.51,208.16,1,97.99,98.85,99.37,100.0,98.68,3352,100.0
2025-10-22 19:39:00,40.55,37.37,22.78,206.23,2,99.34,98.79,99.83,114.12,99.33,4624,100.0
2025-10-22 19:40:00,40.36,33.45,21.5,224.43,1,98.59,99.78,99.86,105.77,98.59,4393,100.0
2025-10-22 19:41:00,40.85,34.08,39.77,157.48,1,99.65,98.07,99.43,122.98,98.75,3210,100.0
2025-10-22 19:42:00,39.03,37.12,26.51,218.92,6,99.66,99.69,99.08,107.79,96.87,3644,100.0
2025-10-22 19:43:00,37.44,34.18,31.33,203.02,2,96.01,99.89,99.71,100.0,98.92,4931,100.0
2025-10-22 19:44:00,38.34,37.04,33.27,205.84,5,98.24,99.25,99.31,100.0,99.12,4806,100.0
2025-10-22 19:45:00,38.17,37.78,31.81,166.98,1,97.28,98.14,99.93,100.0,99.32,4812,100.0
2025-10-22 19:46:00,40.29,33.91,24.87,203.35,3,96.23,98.47,99.57,118.13,99.31,4359,100.0
2025-10-22 19:47:00,40.69,36.75,26.22,209.28,4,99.94,98.46,99.22,124.68,98.94,4610,100.0
2025-10-22 19:48:00,44.0,36.63,36.78,249.8,3,99.84,98.08,99.4,148.59,98.93,3518,100.0
2025-10-22 19:49:00,38.75,38.0,32.55,181.58,3,96.29,99.24,99.42,100.0,98.73,3498,100.0
2025-10-22 19:50:00,35.99,33.2,26.39,198.21,1,97.74,98.15,99.04,100.0,99.16,4562,100.0
2025-10-22 19:51:00,38.3,36.04,32.36,223.21,2,97.9,99.65,99.51,100.0,98.91,4509,100.0
2025-10-22 19:52:00,44.89,35.46,23.11,214.47,0,96.77,98.1,99.17,163.05,99.23,3683,100.0
2025-10-22 19:53:00,42.92,36.2,29.9,151.57,2,97.15,98.02,99.74,114.99,99.02,3032,100.0
2025-10-22 19:54:00,39.87,32.46,25.89,153.86,1,98.47,98.27,99.94,100.0,98.63,3083,100.0
2025-10-22 19:55:00,39.7,39.4,26.28,236.11,4,99.19,98.14,99.31,102.84,98.95,4130,100.0
2025-10-22 19:56:00,36.72,36.64,35.4,227.63,4,97.52,98.95,99.35,100.0,99.05,3263,100.0
2025-10-22 19:57:00,42.47,36.93,29.82,148.38,3,98.77,99.13,99.17,109.57,99.19,3679,100.0
2025-10-22 19:58:00,38.55,39.83,33.14,211.92,1,97.98,99.25,99.16,100.0,99.03,4095,100.0
2025-10-22 19:59:00,39.21,38.97,28.93,206.18,1,97.7,99.05,99.76,100.0,98.78,4208,100.0
2025-10-22 20:00:00,42.76,35.21,24.67,210.39,5,98.29,99.32,99.17,108.43,99.43,4870,100.0
2025-10-22 20:01:00,42.28,34.79,24.42,182.75,3,98.52,99.86,99.89,131.29,98.7,4877,100.0
2025-10-22 20:02:00,42.67,33.8,34.17,192.77,4,99.87,99.17,99.17,131.74,98.54,3375,100.0
2025-10-22 20:03:00,40.04,34.45,27.21,209.1,4,99.1,98.61,99.11,107.64,98.62,3924,100.0
2025-10-22 20:04:00,38.99,37.84,34.89,163.6,2,98.11,98.38,99.37,102.15,99.16,3955,100.0
2025-10-22 20:05:00,36.12,33.83,40.42,178.57,2,99.78,98.18,99.66,100.0,99.25,4618,100.0
2025-10-22 20:06:00,43.59,38.19,30.37,196.61,2,97.05,99.69,99.54,149.9,99.25,3697,100.0
2025-10-22 20:07:00,38.5,37.64,42.36,242.16,3,97.14,99.16,99.32,100.0,98.87,3227,100.0
2025-10-22 20:08:00,38.23,39.41,30.76,221.54,2,98.82,98.34,99.66,100.0,99.3,4521,100.0
2025-10-22 20:09:00,37.61,34.89,33.95,213.0,2,96.76,98.11,99.07,100.0,98.68,4703,100.0
2025-10-22 20:10:00,40.3,37.34,33.53,253.79,3,98.94,99.97,99.13,108.49,99.02,4700,100.0
2025-10-22 20:11:00,35.27,34.02,23.01,167.65,1,98.49,99.74,99.03,100.0,99.49,4346,100.0
2025-10-22 20:12:00,44.42,34.04,36.63,171.98,2,97.23,98.97,99.63,125.36,98.91,3688,100.0
2025-10-22 20:13:00,34.47,34.54,39.84,173.49,2,97.16,98.94,99.3,100.0,99.45,3138,100.0
2025-10-22 20:14:00,41.59,32.7,31.28,214.45,2,96.86,99.64,99.33,128.46,98.72,3711,100.0
2025-10-22 20:15:00,36.0,35.96,29.6,150.46,1,99.35,98.99,99.69,100.0,98.55,3674,100.0
2025-10-22 20:16:00,39.48,33.35,27.22,174.32,2,97.36,99.58,99.42,100.0,98.65,3465,100.0
2025-10-22 20:17:00,41.72,38.45,35.54,152.64,1,98.93,98.33,99.75,119.43,99.27,4115,100.0
2025-10-22 20:18:00,40.75,36.98,37.98,145.71,3,99.51,98.53,99.05,104.76,98.6,3230,100.0
2025-10-22 20:19:00,40.22,37.12,40.7,223.48,2,98.37,99.39,99.57,100.0,98.87,3896,100.0
2025-10-22 20:20:00,38.38,37.58,42.18,179.71,1,97.53,99.2,99.39,100.0,98.98,3315,100.0
2025-10-22 20:21:00,44.56,34.49,33.32,156.45,3,99.08,98.52,99.7,162.22,99.09,4722,100.0
2025-10-22 20:22:00,37.45,34.49,39.78,206.38,3,98.77,98.13,99.2,100.0,99.41,4543,100.0
2025-10-22 20:23:00,38.2,37.85,41.21,182.6,1,97.6,98.1,99.49,100.0,99.03,4940,100.0
2025-10-22 20:24:00,39.39,38.35,23.61,170.76,3,99.18,99.1,99.08,100.0,98.83,4620,100.0
2025-10-22 20:25:00,41.22,37.65,29.42,219.05,0,96.15,98.57,99.77,113.61,98.91,4793,100.0
2025-10-22 20:26:00,47.29,37.96,40.11,203.56,0,99.34,99.89,99.43,173.08,98.92,4993,100.0
2025-10-22 20:27:00,43.98,33.2,37.52,209.8,0,97.78,98.3,99.87,120.28,99.37,4881,100.0
2025-10-22 20:28:00,40.67,38.86,38.15,220.36,2,99.37,98.2,99.94,116.53,98.94,3677,100.0
2025-10-22 20:29:00,36.12,33.29,30.12,232.53,2,96.63,99.98,99.03,100.0,99.27,4041,100.0
2025-10-22 20:30:00,41.99,32.78,29.78,226.49,2,98.27,99.89,99.67,123.94,98.81,4212,100.0
2025-10-22 20:31:00,44.72,35.9,27.71,202.44,2,97.34,99.65,99.4,165.87,99.21,3732,100.0
2025-10-22 20:32:00,38.85,39.18,25.15,157.01,1,99.34,98.34,99.58,100.0,99.06,3036,100.0
2025-10-22 20:33:00,39.47,35.3,21.75,213.4,4,99.69,99.89,99.73,111.17,99.42,3523,100.0
2025-10-22 20:34:00,45.14,33.62,27.82,213.04,3,97.48,99.43,99.72,143.7,98.8,3641,100.0
2025-10-22 20:35:00,42.5,37.39,20.88,175.41,4,96.76,98.87,99.96,108.82,99.29,3382,100.0
2025-10-22 20:36:00,43.51,38.84,39.85,188.49,2,98.06,99.84,99.89,147.25,98.52,4775,100.0
2025-10-22 20:37:00,44.16,37.02,28.02,199.23,3,98.94,99.37,99.51,138.44,99.16,3064,100.0
2025-10-22 20:38:00,37.23,37.75,37.58,221.65,1,97.04,98.5,99.78,100.0,98.75,3272,100.0
2025-10-22 20:39:00,43.17,36.58,31.81,242.74,2,97.94,99.69,99.15,129.75,99.14,4890,100.0
2025-10-22 20:40:00,41.15,38.17,36.97,238.33,2,97.24,98.81,99.68,103.74,98.82,3800,100.0
2025-10-22 20:41:00,45.49,36.33,25.75,155.32,3,98.59,99.59,99.06,149.88,99.14,4796,100.0
2025-10-22 20:42:00,43.24,36.34,37.74,184.25,0,96.66,99.85,99.03,136.23,98.91,3859,100.0
2025-10-22 20:43:00,40.31,34.38,25.75,162.8,0,96.34,99.39,99.11,100.0,99.16,3224,100.0
2025-10-22 20:44:00,44.58,34.12,22.56,208.79,2,97.83,99.7,99.19,145.81,98.92,4347,100.0
2025-10-22 20:45:00,36.39,36.84,32.46,251.78,1,98.04,99.57,99.52,100.0,98.88,3734,100.0
2025-10-22 20:46:00,39.83,33.75,25.39,216.75,4,98.42,98.51,99.78,100.0,99.17,4105,100.0
2025-10-22 20:47:00,43.88,38.52,24.07,183.04,3,98.21,98.53,99.83,126.82,98.86,3190,100.0
2025-10-22 20:48:00,37.36,33.59,31.08,228.0,1,99.14,98.74,99.15,100.0,99.42,4618,100.0
2025-10-22 20:49:00,38.24,38.74,24.23,182.88,5,97.16,98.2,99.78,100.0,98.6,3841,100.0
2025-10-22 20:50:00,44.71,34.97,33.67,175.71,3,98.04,99.68,99.71,161.61,98.71,3573,100.0
2025-10-22 20:51:00,39.55,36.24,27.18,188.8,2,99.94,99.13,99.48,114.17,98.64,4087,100.0
2025-10-22 20:52:00,41.94,38.08,26.81,172.05,2,96.93,99.75,99.57,110.16,99.44,4548,100.0
2025-10-22 20:53:00,39.89,38.54,35.18,224.69,1,97.01,98.17,99.47,100.0,98.5,4712,100.0
2025-10-22 20:54:00,44.12,38.23,23.35,208.75,2,97.04,98.56,99.96,152.38,98.56,4572,100.0
2025-10-22 20:55:00,38.59,36.56,30.26,186.69,2,99.2,98.18,99.6,100.39,98.58,4269,100.0
2025-10-22 20:56:00,33.93,35.5,26.11,173.49,5,98.12,98.02,99.83,100.0,98.83,4374,100.0
2025-10-22 20:57:00,43.04,35.51,35.45,246.35,8,96.04,98.06,99.75,132.55,97.26,4899,100.0
2025-10-22 20:58:00,40.4,32.95,33.56,198.47,2,96.94,99.37,99.48,105.67,98.82,4673,100.0
2025-10-22 20:59:00,44.9,34.8,36.27,166.61,3,99.41,98.35,99.93,131.4,98.79,4125,100.0
2025-10-22 21:00:00,37.4,38.33,34.16,174.4,6,96.13,99.5,99.97,100.0,97.11,4537,100.0
2025-10-22 21:01:00,42.48,39.35,32.56,208.63,0,99.6,98.52,99.98,112.88,98.75,3969,100.0
2025-10-22 21:02:00,37.8,35.7,40.45,242.6,3,96.45,99.08,99.76,100.0,98.85,3407,100.0
2025-10-22 21:03:00,45.81,39.61,27.33,235.77,2,97.89,99.76,99.64,147.55,98.61,4866,100.0
2025-10-22 21:04:00,40.43,34.2,38.01,242.81,0,96.27,99.7,99.5,111.3,98.94,3824,100.0
2025-10-22 21:05:00,37.3,35.85,24.5,218.22,5,97.43,99.31,99.71,100.0,99.5,3215,100.0
2025-10-22 21:06:00,41.59,36.71,23.84,253.0,2,96.73,98.11,99.61,115.05,98.92,4050,100.0
2025-10-22 21:07:00,46.08,35.19,35.24,231.87,6,98.3,99.57,99.67,157.5,96.82,4254,100.0
2025-10-22 21:08:00,41.61,33.58,33.14,228.56,2,98.73,100.0,99.81,121.48,98.97,3448,100.0
2025-10-22 21:09:00,40.5,32.99,38.32,178.27,1,97.93,99.36,99.3,113.03,99.12,3744,100.0
2025-10-22 21:10:00,35.93,37.9,31.15,225.8,1,99.93,98.17,99.16,100.0,99.44,3586,100.0
2025-10-22 21:11:00,40.27,35.82,28.19,217.55,2,99.71,98.22,99.69,118.13,98.58,3057,100.0
2025-10-22 21:12:00,43.27,38.76,31.05,254.87,2,96.87,98.67,99.19,117.89,98.86,3293,100.0
2025-10-22 21:13:00,39.39,32.74,29.99,242.64,1,97.22,99.58,99.31,100.0,99.29,3521,100.0
2025-10-22 21:14:00,36.01,33.71,30.54,228.44,1,97.2,98.64,99.4,100.0,98.52,4249,100.0
2025-10-22 21:15:00,43.84,35.47,34.98,208.39,1,96.88,98.11,99.76,139.72,99.29,3580,100.0
2025-10-22 21:16:00,35.6,35.75,40.3,188.39,2,96.86,98.84,99.5,100.0,98.64,4143,100.0
2025-10-22 21:17:00,42.6,36.03,33.96,225.94,2,99.96,98.43,99.89,127.77,98.95,4786,100.0
2025-10-22 21:18:00,38.34,37.93,31.57,177.58,2,97.71,98.9,99.11,100.0,98.67,4499,100.0
2025-10-22 21:19:00,42.42,38.1,36.43,165.08,2,98.83,98.28,99.17,139.26,98.83,4331,100.0
2025-10-22 21:20:00,42.05,33.86,33.25,201.49,3,98.22,98.67,99.32,101.34,99.1,4945,100.0
2025-10-22 21:21:00,42.34,34.25,36.05,178.37,3,97.22,98.41,99.62,115.0,98.54,4062,100.0
2025-10-22 21:22:00,38.63,33.97,29.61,182.41,1,96.96,98.14,99.86,100.0,99.3,4384,100.0
2025-10-22 21:23:00,45.33,33.93,27.2,225.45,4,99.69,98.08,99.41,153.72,98.86,3099,100.0
2025-10-22 21:24:00,36.16,38.23,26.35,209.87,1,99.48,99.95,99.39,100.0,99.06,3153,100.0
2025-10-22 21:25:00,35.39,37.62,29.87,180.63,1,97.08,99.71,99.41,100.0,98.55,4840,100.0
2025-10-22 21:26:00,36.22,35.73,37.99,174.96,1,99.93,98.02,99.5,100.0,99.31,4492,100.0
2025-10-22 21:27:00,35.31,35.44,23.14,209.8,0,96.19,98.61,99.94,100.0,98.5,3569,100.0
2025-10-22 21:28:00,44.13,39.28,30.41,241.71,5,96.83,99.8,99.4,153.21,99.19,4524,100.0
2025-10-22 21:29:00,36.04,36.16,39.92,202.89,2,96.62,99.45,99.05,100.0,99.42,4148,100.0
2025-10-22 21:30:00,41.1,34.52,23.96,247.74,1,99.37,99.6,99.98,100.0,98.59,3897,100.0
2025-10-22 21:31:00,41.49,33.66,25.74,223.2,1,99.73,98.51,99.89,131.82,98.99,3823,100.0
2025-10-22 21:32:00,37.82,37.37,34.2,179.16,2,97.69,98.72,99.88,100.0,99.5,3400,100.0
2025-10-22 21:33:00,36.82,36.53,24.61,235.8,0,99.93,99.75,99.84,100.0,99.01,3912,100.0
2025-10-22 21:34:00,39.05,35.66,34.99,242.53,2,99.26,98.55,99.07,103.03,98.95,3781,100.0
2025-10-22 21:35:00,39.21,36.6,27.16,173.27,1,98.57,99.65,99.73,100.0,99.07,3052,100.0
2025-10-22 21:36:00,38.28,34.85,35.31,209.03,1,98.7,98.6,99.51,100.0,98.57,3776,100.0
2025-10-22 21:37:00,43.17,34.92,37.94,221.18,5,99.68,99.79,99.74,116.79,99.2,3506,100.0
2025-10-22 21:38:00,45.18,34.09,25.87,174.86,4,97.16,98.31,99.78,150.68,98.76,4265,100.0
2025-10-22 21:39:00,36.39,35.4,25.1,222.44,2,98.64,98.8,99.07,100.0,98.51,4469,100.0
2025-10-22 21:40:00,35.62,34.4,28.13,194.45,4,96.51,98.66,99.12,100.0,99.41,4778,100.0
2025-10-22 21:41:00,38.58,34.64,27.8,180.3,0,96.53,98.43,99.01,100.0,99.2,4238,100.0
2025-10-22 21:42:00,39.31,33.31,24.91,218.51,2,98.99,99.38,99.71,100.0,99.18,4052,100.0
2025-10-22 21:43:00,37.65,34.75,30.7,154.35,2,97.7,99.63,99.4,100.0,99.04,4148,100.0
2025-10-22 21:44:00,42.79,33.57,22.77,251.39,1,98.93,99.16,99.46,112.57,98.58,4407,100.0
2025-10-22 21:45:00,36.88,36.09,37.35,245.47,6,96.16,98.86,99.83,100.0,97.38,3469,100.0
2025-10-22 21:46:00,42.48,37.22,27.52,228.95,2,97.06,98.9,99.31,110.0,98.98,4022,100.0
2025-10-22 21:47:00,38.63,35.58,24.63,163.24,1,99.68,98.4,99.07,100.0,98.69,3123,100.0
2025-10-22 21:48:00,35.93,36.08,23.13,187.22,4,98.14,98.04,99.83,100.0,98.57,3649,100.0
2025-10-22 21:49:00,39.45,38.78,26.11,213.49,3,97.42,98.74,99.03,107.2,99.19,4056,100.0
2025-10-22 21:50:00,38.53,35.67,41.94,160.88,3,99.88,98.06,99.34,100.0,98.55,4929,100.0
2025-10-22 21:51:00,41.98,35.87,23.95,201.54,1,98.47,99.58,99.44,119.58,99.15,3249,100.0
2025-10-22 21:52:00,40.76,34.39,32.37,162.35,2,99.78,98.84,99.79,113.11,98.82,3247,100.0
2025-10-22 21:53:00,43.32,37.83,25.73,176.63,5,96.04,98.64,99.97,148.49,98.55,4003,100.0
2025-10-22 21:54:00,36.28,37.96,30.72,180.5,2,98.6,99.32,99.08,100.0,99.21,3151,100.0
2025-10-22 21:55:00,41.36,37.65,38.41,153.03,3,97.06,98.62,99.5,100.0,98.87,3602,100.0
2025-10-22 21:56:00,43.29,34.38,35.1,174.93,1,98.53,98.21,99.63,119.93,99.39,3494,100.0
2025-10-22 21:57:00,41.46,32.99,31.56,233.21,1,98.21,98.34,99.73,118.28,98.85,4411,100.0
2025-10-22 21:58:00,38.68,37.74,27.38,222.54,0,97.18,98.19,99.45,100.0,98.86,4962,100.0
2025-10-22 21:59:00,37.31,37.65,30.82,182.82,1,97.33,99.63,99.97,100.0,98.63,3631,100.0
2025-10-22 22:00:00,42.82,36.27,39.44,177.92,1,98.09,99.48,99.88,126.77,98.79,3637,100.0
2025-10-22 22:01:00,41.66,36.17,31.42,168.72,2,97.47,99.08,99.45,112.5,99.22,3109,100.0
2025-10-22 22:02:00,34.14,34.51,23.72,167.31,3,97.53,98.81,99.15,100.0,98.65,4043,100.0
2025-10-22 22:03:00,41.54,36.39,41.35,161.56,2,99.77,98.94,99.35,103.92,98.77,4958,100.0
2025-10-22 22:04:00,35.7,34.62,25.6,214.0,3,99.01,99.72,99.59,100.0,98.94,4572,100.0
2025-10-22 22:05:00,37.21,34.47,24.5,186.31,0,97.28,98.75,99.26,100.0,99.02,4730,100.0
2025-10-22 22:06:00,36.68,37.29,31.38,157.22,1,96.24,98.51,99.17,100.0,98.98,4448,100.0
2025-10-22 22:07:00,39.38,34.97,31.79,189.79,0,98.72,99.92,99.42,100.0,98.55,4780,100.0
2025-10-22 22:08:00,39.96,37.97,36.97,229.47,3,97.78,98.06,99.92,117.92,98.58,4065,100.0
2025-10-22 22:09:00,37.84,34.75,30.61,160.46,1,96.08,99.2,99.32,100.0,99.1,4416,100.0
2025-10-22 22:10:00,44.63,35.35,28.84,235.72,0,98.14,98.42,99.37,134.33,98.54,3833,100.0
2025-10-22 22:11:00,42.34,38.3,33.93,186.14,3,99.18,99.0,99.96,135.51,98.92,4481,100.0
2025-10-22 22:12:00,39.35,37.58,38.29,203.42,1,97.25,99.98,99.73,102.23,99.26,4240,100.0
2025-10-22 22:13:00,40.77,35.65,30.79,236.63,4,96.59,98.63,99.85,122.61,98.54,3649,100.0
2025-10-22 22:14:00,44.31,35.6,40.3,190.64,1,99.54,98.66,99.67,141.9,99.44,3318,100.0
2025-10-22 22:15:00,39.92,34.22,34.19,193.44,0,99.4,98.75,99.49,100.0,98.99,3032,100.0
2025-10-22 22:16:00,41.7,32.98,31.93,238.16,1,96.4,99.72,99.24,136.01,98.75,3961,100.0
2025-10-22 22:17:00,40.6,34.14,33.66,222.38,4,97.61,98.29,99.13,114.52,99.03,4201,100.0
2025-10-22 22:18:00,38.09,35.95,23.01,228.71,3,96.86,98.43,99.06,100.0,98.79,3345,100.0
2025-10-22 22:19:00,43.1,35.57,34.97,196.57,2,99.48,98.15,99.03,127.21,98.67,4487,100.0
2025-10-22 22:20:00,37.3,33.34,26.7,200.31,2,99.13,98.04,99.3,100.0,99.1,3312,100.0
2025-10-22 22:21:00,38.53,35.8,31.41,203.47,2,96.22,99.72,99.68,100.0,99.43,4501,100.0
2025-10-22 22:22:00,38.64,39.54,33.9,177.49,2,96.17,98.86,99.82,100.0,99.3,4654,100.0
2025-10-22 22:23:00,44.88,37.51,37.29,182.7,0,98.13,98.02,99.47,132.89,98.61,4741,100.0
2025-10-22 22:24:00,40.41,36.51,29.43,200.28,1,97.05,98.99,99.38,116.91,99.32,3671,100.0
2025-10-22 22:25:00,40.83,39.85,39.87,178.18,1,98.71,98.63,99.54,119.04,99.34,3650,100.0
2025-10-22 22:26:00,39.4,38.37,25.58,244.13,1,98.14,99.74,99.39,100.0,99.08,4668,100.0
2025-10-22 22:27:00,35.77,32.92,22.68,170.83,0,97.71,99.4,99.71,100.0,98.8,4471,100.0
2025-10-22 22:28:00,40.86,34.89,35.77,170.47,4,97.86,99.3,99.23,115.76,99.32,3549,100.0
2025-10-22 22:29:00,37.22,38.47,22.33,176.72,3,99.8,98.73,99.7,100.0,98.96,4742,100.0
2025-10-22 22:30:00,39.54,35.12,25.91,237.14,3,99.39,98.46,99.24,100.0,99.16,4380,100.0
2025-10-22 22:31:00,34.91,34.49,34.9,237.41,2,98.59,98.27,99.54,100.0,98.84,4247,100.0
2025-10-22 22:32:00,39.55,36.38,25.41,206.15,0,96.6,98.34,99.63,100.0,99.3,3928,100.0
2025-10-22 22:33:00,39.82,34.03,36.93,150.74,1,99.08,99.35,99.71,100.0,99.17,4381,100.0
2025-10-22 22:34:00,37.38,34.78,23.83,199.68,0,99.38,98.05,99.06,100.0,99.42,4784,100.0
2025-10-22 22:35:00,35.25,34.29,31.83,149.72,3,97.1,99.28,99.43,100.0,99.15,4902,100.0
2025-10-22 22:36:00,39.98,35.81,38.1,173.62,3,98.78,99.25,99.18,100.0,99.18,4803,100.0
2025-10-22 22:37:00,37.16,33.75,26.24,253.61,2,97.66,99.43,99.9,100.0,99.5,3279,100.0
2025-10-22 22:38:00,42.44,38.57,41.1,205.45,2,99.09,99.02,99.81,140.52,99.25,4487,100.0
2025-10-22 22:39:00,40.59,35.62,41.17,213.09,4,97.79,98.71,99.24,102.82,98.71,3833,100.0
2025-10-22 22:40:00,38.17,35.78,28.31,164.97,1,96.87,98.5,99.87,100.0,98.56,3640,100.0
2025-10-22 22:41:00,40.56,33.54,35.91,189.65,1,97.34,99.72,99.79,123.04,99.2,4155,100.0
2025-10-22 22:42:00,44.89,34.04,31.69,169.1,3,99.62,98.13,99.29,135.19,98.65,3343,100.0
2025-10-22 22:43:00,38.6,36.8,38.76,200.68,1,97.98,99.53,99.62,100.0,98.55,3823,100.0
2025-10-22 22:44:00,37.24,35.84,43.18,211.8,2,97.43,98.59,99.41,100.0,98.83,3515,100.0
2025-10-22 22:45:00,42.36,36.13,27.16,231.44,3,99.45,98.56,99.66,111.21,99.13,4681,100.0
2025-10-22 22:46:00,43.14,31.79,26.84,232.9,3,96.28,98.55,99.34,130.62,98.89,4042,100.0
2025-10-22 22:47:00,39.42,35.95,31.49,209.67,2,96.71,99.73,99.2,112.86,99.49,4393,100.0
2025-10-22 22:48:00,45.18,38.35,25.49,157.55,1,96.73,99.02,99.52,160.75,98.7,3185,100.0
2025-10-22 22:49:00,41.67,35.91,35.34,188.12,3,99.43,98.75,99.14,126.93,98.99,3064,100.0
2025-10-22 22:50:00,42.22,37.28,23.67,209.66,2,98.35,99.56,99.99,114.98,98.66,3731,100.0
2025-10-22 22:51:00,36.63,36.53,41.73,176.64,2,97.32,99.82,99.3,100.0,98.64,4339,100.0
2025-10-22 22:52:00,35.31,32.58,40.43,186.74,3,98.83,99.16,99.81,100.0,98.76,3262,100.0
2025-10-22 22:53:00,43.19,33.02,40.83,157.16,3,97.33,99.69,99.98,113.15,99.14,3487,100.0
2025-10-22 22:54:00,43.52,36.29,26.05,212.96,3,96.48,99.6,99.54,142.18,98.66,3013,100.0
2025-10-22 22:55:00,45.43,38.43,30.75,199.46,3,99.5,99.18,99.48,162.51,98.57,3391,100.0
2025-10-22 22:56:00,38.17,36.57,28.94,223.17,2,98.4,98.91,99.72,100.0,99.04,3773,100.0
2025-10-22 22:57:00,36.45,36.36,36.56,176.1,1,99.16,98.56,99.17,100.0,98.92,4286,100.0
2025-10-22 22:58:00,41.24,35.67,40.96,166.3,3,96.58,98.89,99.78,122.17,99.15,4984,100.0
2025-10-22 22:59:00,45.7,36.13,26.83,201.28,2,98.96,99.3,99.97,159.02,99.47,3581,100.0
2025-10-22 23:00:00,42.73,38.28,34.09,221.01,4,99.49,99.24,99.74,107.8,98.84,4540,100.0
2025-10-22 23:01:00,39.94,35.85,41.93,209.77,1,98.07,99.98,99.72,100.21,98.93,4830,100.0
2025-10-22 23:02:00,38.32,33.67,39.88,213.56,1,96.71,98.96,99.47,100.0,99.35,4958,100.0
2025-10-22 23:03:00,39.89,35.78,38.75,201.7,1,97.12,98.0,99.94,100.0,98.58,3329,100.0
2025-10-22 23:04:00,42.6,35.27,41.71,228.84,2,98.15,98.9,99.26,145.88,99.35,3475,100.0
2025-10-22 23:05:00,42.01,35.08,20.33,175.02,0,96.35,98.36,99.48,115.3,98.65,3789,100.0
2025-10-22 23:06:00,35.96,36.08,22.12,184.96,3,98.42,99.87,99.29,100.0,99.09,3186,100.0
2025-10-22 23:07:00,42.83,34.55,22.63,175.18,1,98.77,98.69,99.32,121.23,99.28,3616,100.0
2025-10-22 23:08:00,40.25,34.76,42.1,177.03,3,99.49,98.95,99.38,100.0,98.78,3817,100.0
2025-10-22 23:09:00,35.94,33.2,32.57,194.15,1,96.57,98.63,99.45,100.0,99.26,3386,100.0
2025-10-22 23:10:00,42.69,33.45,39.26,155.63,3,96.76,99.69,99.39,136.23,99.14,4428,100.0
2025-10-22 23:11:00,38.24,38.48,33.0,156.76,0,98.95,99.7,99.7,100.0,98.73,4130,100.0
2025-10-22 23:12:00,40.8,34.35,29.03,183.63,4,99.59,99.16,99.92,126.59,98.97,4832,100.0
2025-10-22 23:13:00,37.44,33.65,22.26,189.12,5,96.67,99.7,99.57,100.0,99.16,3122,100.0
2025-10-22 23:14:00,37.32,37.64,33.43,155.69,2,96.16,98.76,99.46,100.0,99.41,4000,100.0
2025-10-22 23:15:00,38.89,36.23,26.34,174.47,0,96.31,98.36,99.64,100.0,98.62,4232,100.0
2025-10-22 23:16:00,42.23,36.26,29.44,245.8,0,98.18,98.32,99.33,107.58,99.17,3803,100.0
2025-10-22 23:17:00,45.04,37.05,40.52,174.95,1,99.35,98.42,99.95,132.11,99.39,3902,100.0
2025-10-22 23:18:00,43.82,38.52,33.83,246.26,6,98.83,98.55,99.63,139.2,97.4,4346,100.0
2025-10-22 23:19:00,40.97,34.88,39.26,155.45,2,99.61,98.65,99.17,102.49,99.46,4505,100.0
2025-10-22 23:20:00,35.58,36.2,31.42,220.85,2,97.87,98.24,99.92,100.0,99.3,3315,100.0
2025-10-22 23:21:00,36.98,36.76,37.05,242.96,3,99.36,99.17,99.68,100.0,99.37,4274,100.0
2025-10-22 23:22:00,43.48,38.81,35.04,246.68,2,98.06,99.33,99.66,141.6,98.82,4947,100.0
2025-10-22 23:23:00,35.26,36.87,39.51,240.07,3,97.7,99.4,99.73,100.0,99.24,4056,100.0
2025-10-22 23:24:00,42.48,35.78,24.09,187.86,0,99.15,98.39,99.16,113.1,98.73,4347,100.0
2025-10-22 23:25:00,42.0,34.24,37.1,187.99,1,98.83,98.75,99.63,117.11,98.55,4406,100.0
2025-10-22 23:26:00,34.93,35.18,25.42,182.49,0,99.11,98.18,99.89,100.0,99.47,4816,100.0
2025-10-22 23:27:00,46.38,39.57,25.92,202.1,0,98.18,99.06,99.92,182.59,98.76,4164,100.0
2025-10-22 23:28:00,42.65,40.23,42.25,173.92,3,99.98,98.67,99.52,145.63,99.2,4297,100.0
2025-10-22 23:29:00,34.78,33.15,27.78,187.62,2,96.99,98.29,99.74,100.0,99.39,4446,100.0
2025-10-22 23:30:00,37.47,36.08,24.14,203.97,1,98.46,98.47,99.99,100.0,99.12,3512,100.0
2025-10-22 23:31:00,44.72,34.4,31.48,173.02,2,98.9,99.63,99.46,142.37,99.13,4302,100.0
2025-10-22 23:32:00,43.16,33.34,28.23,172.1,3,98.74,98.46,99.97,132.83,99.06,3712,100.0
2025-10-22 23:33:00,41.27,38.17,34.14,218.62,3,96.43,99.37,99.38,103.92,98.68,4145,100.0
2025-10-22 23:34:00,44.7,37.63,38.03,162.99,1,99.87,99.36,99.02,146.01,98.76,4079,100.0
2025-10-22 23:35:00,34.61,31.71,26.29,168.67,2,98.28,98.14,99.66,100.0,98.78,3564,100.0
2025-10-22 23:36:00,38.86,35.15,25.99,192.28,1,99.43,98.11,99.71,100.0,98.51,4590,100.0
2025-10-22 23:37:00,41.98,34.97,23.54,185.83,2,99.86,98.7,99.56,107.37,99.31,3082,100.0
2025-10-22 23:38:00,39.91,35.9,35.35,166.08,2,97.98,99.9,99.95,100.0,99.38,4753,100.0
2025-10-22 23:39:00,39.07,37.77,40.97,209.35,2,96.65,99.67,99.04,102.8,98.79,3966,100.0
2025-10-22 23:40:00,45.39,38.99,34.99,192.54,1,96.98,98.73,99.32,137.66,98.55,3841,100.0
2025-10-22 23:41:00,36.0,34.91,31.75,172.26,0,97.73,98.9,99.92,100.0,99.11,3639,100.0
2025-10-22 23:42:00,39.01,34.98,37.04,232.57,1,97.68,98.64,99.82,109.96,98.68,4525,100.0
2025-10-22 23:43:00,40.12,36.15,26.34,154.96,4,99.98,98.75,99.16,105.92,98.77,4844,100.0
2025-10-22 23:44:00,35.28,36.05,28.18,180.7,2,98.63,98.01,99.91,100.0,98.95,3422,100.0
2025-10-22 23:45:00,36.95,37.83,33.47,179.98,1,98.22,99.46,99.25,100.0,99.22,4474,100.0
2025-10-22 23:46:00,43.19,37.06,24.74,186.06,3,99.33,99.21,99.18,127.14,98.58,4554,100.0
2025-10-22 23:47:00,41.19,35.0,29.78,190.05,0,97.47,98.26,99.18,130.38,98.76,3967,100.0
2025-10-22 23:48:00,40.08,33.86,27.49,199.57,1,97.6,99.63,99.12,100.0,98.62,4373,100.0
2025-10-22 23:49:00,43.88,33.99,40.69,217.41,1,97.49,99.89,99.91,143.84,99.08,3421,100.0
2025-10-22 23:50:00,38.3,35.16,39.0,211.81,2,97.4,99.15,99.25,100.0,99.06,4885,100.0
2025-10-22 23:51:00,37.02,35.31,41.19,166.49,2,97.95,99.94,99.17,100.0,99.2,4437,100.0
2025-10-22 23:52:00,38.08,34.72,35.2,153.99,2,96.9,98.2,99.46,100.0,99.08,4924,100.0
2025-10-22 23:53:00,37.4,37.15,35.9,153.31,4,97.98,99.6,99.04,100.0,98.59,3908,100.0
2025-10-22 23:54:00,40.42,35.36,23.49,227.74,3,99.9,98.28,99.25,103.77,99.02,4097,100.0
2025-10-22 23:55:00,38.24,39.4,37.19,181.44,2,98.23,98.24,99.25,100.0,99.16,3560,100.0
2025-10-22 23:56:00,42.73,38.09,25.14,196.13,1,99.33,98.78,99.4,115.46,98.81,3647,100.0
2025-10-22 23:57:00,37.8,35.79,41.39,188.76,1,99.84,99.53,99.2,100.0,99.27,4900,100.0
2025-10-22 23:58:00,46.56,34.88,31.19,208.36,2,99.88,99.61,99.74,162.04,99.38,3186,100.0
2025-10-22 23:59:00,36.03,38.42,32.93,163.9,4,97.63,99.16,99.99,100.0,99.42,3178,100.0
2025-10-23 00:00:00,38.83,34.69,37.47,161.58,2,99.93,99.98,99.78,101.9,99.47,4854,100.0
2025-10-23 00:01:00,41.56,37.66,34.22,202.36,3,98.31,98.66,99.51,120.14,99.35,3063,100.0
2025-10-23 00:02:00,41.43,37.74,33.54,177.8,5,96.08,99.48,99.06,106.96,98.64,4937,100.0
2025-10-23 00:03:00,39.27,34.16,42.1,216.42,0,99.33,98.31,99.8,100.0,98.68,4505,100.0
2025-10-23 00:04:00,45.81,36.15,31.43,260.28,2,97.66,99.0,99.26,147.59,99.1,3367,100.0
2025-10-23 00:05:00,39.84,36.72,25.27,221.11,4,99.75,100.0,99.46,102.97,98.51,3087,100.0
2025-10-23 00:06:00,40.59,35.44,40.11,204.21,3,98.46,98.64,99.82,100.0,98.79,3880,100.0
2025-10-23 00:07:00,42.41,37.33,28.76,201.14,2,99.28,99.87,99.99,138.41,98.72,3833,100.0
2025-10-23 00:08:00,40.48,38.61,31.4,214.95,3,96.33,98.33,99.72,100.0,99.29,4499,100.0
2025-10-23 00:09:00,41.48,37.54,36.67,210.96,0,98.06,99.19,99.96,120.86,99.08,4082,100.0
2025-10-23 00:10:00,36.18,33.19,28.42,213.71,3,97.61,98.63,99.37,100.0,98.53,3741,100.0
2025-10-23 00:11:00,39.67,34.9,34.43,164.05,1,96.41,98.47,99.09,100.0,99.21,3573,100.0
2025-10-23 00:12:00,41.93,35.35,27.95,199.1,0,98.58,99.47,99.7,112.41,99.34,4893,100.0
2025-10-23 00:13:00,37.91,34.53,36.02,220.53,2,97.91,98.07,99.05,100.0,98.99,4177,100.0
2025-10-23 00:14:00,33.61,32.78,32.47,208.19,1,99.64,98.82,99.77,100.0,98.97,4043,100.0
2025-10-23 00:15:00,42.65,36.69,29.93,177.96,2,97.2,98.65,99.13,134.79,99.12,3633,100.0
2025-10-23 00:16:00,41.02,33.5,37.92,243.59,0,99.18,99.07,99.29,127.02,98.52,3548,100.0
2025-10-23 00:17:00,45.65,37.23,35.77,233.92,1,99.99,98.47,99.54,148.45,99.35,4923,100.0
2025-10-23 00:18:00,43.41,38.16,31.1,174.0,4,96.17,99.89,99.48,142.75,99.16,4781,100.0
2025-10-23 00:19:00,36.62,34.87,39.23,203.33,0,96.78,98.47,99.99,100.0,99.37,3156,100.0
2025-10-23 00:20:00,44.21,34.22,26.82,204.16,0,99.78,98.72,99.49,126.3,98.53,3935,100.0
2025-10-23 00:21:00,36.03,36.64,37.7,152.23,4,97.29,98.46,100.0,100.0,98.89,4695,100.0
2025-10-23 00:22:00,40.43,38.1,29.99,234.3,2,98.29,99.04,99.26,100.0,98.65,4935,100.0
2025-10-23 00:23:00,45.1,34.23,30.19,199.97,2,99.63,98.04,99.65,134.01,99.1,4733,100.0
2025-10-23 00:24:00,44.14,37.15,26.54,186.48,1,96.26,99.72,99.04,148.5,98.82,4651,100.0
2025-10-23 00:25:00,45.61,40.32,26.04,202.95,3,96.81,98.99,99.68,163.69,98.57,4522,100.0
2025-10-23 00:26:00,39.71,36.86,26.25,239.02,1,98.96,99.32,99.08,113.9,98.8,4491,100.0
2025-10-23 00:27:00,45.58,35.76,42.02,219.83,4,98.22,98.12,99.18,136.3,98.61,4459,100.0
2025-10-23 00:28:00,38.98,38.23,30.88,163.38,0,97.73,98.12,99.57,100.0,99.2,3371,100.0
2025-10-23 00:29:00,40.85,33.99,36.36,180.31,3,99.54,98.72,99.73,101.28,98.8,4284,100.0
2025-10-23 00:30:00,37.83,37.55,38.97,205.69,2,97.26,98.77,99.54,100.0,99.08,3415,100.0
2025-10-23 00:31:00,35.84,33.53,40.95,231.98,3,98.48,99.62,99.06,100.0,98.61,3520,100.0
2025-10-23 00:32:00,41.2,37.11,37.63,233.83,2,98.01,98.21,99.91,109.66,99.37,4418,100.0
2025-10-23 00:33:00,44.71,39.16,24.2,228.21,3,99.71,98.58,99.42,151.58,99.42,4854,100.0
2025-10-23 00:34:00,35.95,33.81,23.77,207.79,2,97.6,98.48,99.54,100.0,98.95,3631,100.0
2025-10-23 00:35:00,42.91,36.37,26.68,207.93,1,96.82,98.48,99.25,118.61,98.77,3525,100.0
2025-10-23 00:36:00,38.15,34.34,41.01,201.83,4,97.83,98.29,99.79,100.0,99.05,3209,100.0
2025-10-23 00:37:00,40.26,35.23,40.8,158.98,5,97.1,98.79,99.54,100.0,99.24,3017,100.0
2025-10-23 00:38:00,36.45,38.82,32.72,225.62,1,97.32,99.95,99.47,100.0,99.1,3188,100.0
2025-10-23 00:39:00,40.81,36.53,36.7,184.12,2,98.83,99.81,99.68,103.35,99.09,3342,100.0
2025-10-23 00:40:00,35.29,34.95,25.85,189.19,3,97.44,98.01,99.22,100.0,99.1,4077,100.0
2025-10-23 00:41:00,40.33,35.35,40.22,166.5,0,97.18,99.15,99.99,100.0,98.97,4203,100.0
2025-10-23 00:42:00,43.62,36.54,31.22,214.59,3,98.38,99.26,99.75,139.1,98.7,4163,100.0
2025-10-23 00:43:00,38.91,34.22,39.44,161.24,2,96.88,99.52,99.1,102.36,98.5,4779,100.0
2025-10-23 00:44:00,42.9,33.54,24.82,187.53,4,99.51,99.55,99.98,109.8,98.71,4860,100.0
2025-10-23 00:45:00,44.03,35.43,42.59,242.52,0,99.25,99.57,99.22,147.06,99.47,4351,100.0
2025-10-23 00:46:00,34.86,35.67,36.15,200.38,2,99.74,98.31,99.76,100.0,99.5,3664,100.0
2025-10-23 00:47:00,40.62,36.3,24.7,202.71,1,99.83,99.62,99.43,100.0,98.54,3990,100.0
2025-10-23 00:48:00,41.97,39.6,32.85,214.86,1,98.73,99.2,99.37,104.15,98.84,3088,100.0
2025-10-23 00:49:00,41.35,35.35,30.14,210.24,3,99.28,98.94,99.54,133.07,98.68,4452,100.0
2025-10-23 00:50:00,40.32,35.78,27.43,243.61,1,98.85,98.07,99.18,106.89,98.96,4680,100.0
2025-10-23 00:51:00,40.98,38.71,39.0,183.5,3,99.5,98.14,99.53,106.34,99.42,3810,100.0
2025-10-23 00:52:00,36.84,37.78,34.0,217.63,0,96.22,98.36,99.87,100.0,98.93,3780,100.0
2025-10-23 00:53:00,42.97,35.17,24.19,191.93,2,99.24,98.13,99.33,110.56,99.41,4413,100.0
2025-10-23 00:54:00,40.01,32.5,23.52,227.8,2,96.35,99.8,99.9,104.35,98.96,4105,100.0
2025-10-23 00:55:00,37.6,36.43,35.61,224.51,2,96.12,99.3,99.11,100.0,99.22,3814,100.0
2025-10-23 00:56:00,44.08,40.54,41.64,242.71,3,96.77,99.96,99.55,140.12,99.35,4699,100.0
2025-10-23 00:57:00,37.29,34.43,38.43,231.16,2,97.88,99.97,99.52,100.0,98.78,3667,100.0
2025-10-23 00:58:00,39.3,38.38,27.71,182.06,4,97.43,99.55,99.61,100.0,99.25,4727,100.0
2025-10-23 00:59:00,36.91,32.82,27.05,215.27,4,98.94,99.38,99.81,100.0,99.32,3243,100.0
2025-10-23 01:00:00,37.62,34.85,38.48,188.19,2,99.76,99.61,99.25,100.0,98.87,3830,100.0
2025-10-23 01:01:00,35.57,38.69,39.52,237.49,6,96.99,99.93,99.02,100.0,96.58,4706,100.0
2025-10-23 01:02:00,43.49,34.95,25.1,177.24,3,96.35,98.44,99.3,126.07,98.72,3932,100.0
2025-10-23 01:03:00,43.99,33.93,39.67,201.85,4,98.11,98.51,99.41,137.86,99.41,3883,100.0
2025-10-23 01:04:00,40.16,35.61,41.67,233.84,3,99.46,99.87,99.27,100.0,98.7,4265,100.0
2025-10-23 01:05:00,37.82,36.9,29.1,242.15,2,96.29,98.99,99.77,100.0,98.58,4594,100.0
2025-10-23 01:06:00,39.19,34.27,35.01,243.26,1,99.54,99.4,99.81,100.0,99.39,3838,100.0
2025-10-23 01:07:00,43.42,32.97,39.14,214.54,1,98.75,99.2,99.73,142.84,98.94,3409,100.0
2025-10-23 01:08:00,37.59,38.59,24.52,251.81,1,99.53,99.37,99.7,100.0,98.84,4828,100.0
2025-10-23 01:09:00,40.12,32.18,27.32,203.69,1,96.24,99.26,99.32,100.0,98.56,4476,100.0
2025-10-23 01:10:00,42.15,38.11,34.18,202.32,1,97.17,99.37,99.93,111.73,99.17,3956,100.0
2025-10-23 01:11:00,41.79,33.39,24.96,174.26,1,98.28,99.86,99.65,117.25,98.89,4248,100.0
2025-10-23 01:12:00,43.05,37.81,43.01,242.93,4,98.67,98.27,99.43,148.05,98.83,3308,100.0
2025-10-23 01:13:00,36.28,35.23,26.32,191.8,2,99.07,98.21,99.38,100.0,98.57,3045,100.0
2025-10-23 01:14:00,35.57,34.61,34.43,175.23,0,96.21,99.12,99.56,100.0,98.63,3999,100.0
2025-10-23 01:15:00,40.87,34.23,32.81,220.14,6,97.19,99.57,99.52,100.0,97.16,4813,100.0
2025-10-23 01:16:00,41.97,34.63,24.96,244.73,3,99.77,99.77,99.82,113.1,99.14,4500,100.0
2025-10-23 01:17:00,39.05,35.33,35.42,218.12,1,99.12,98.52,99.92,104.05,99.4,3594,100.0
2025-10-23 01:18:00,35.81,32.96,31.41,195.67,1,99.72,98.86,99.12,100.0,98.65,3594,100.0
2025-10-23 01:19:00,41.83,39.22,27.97,231.61,2,97.96,99.79,99.01,117.73,99.26,4202,100.0
2025-10-23 01:20:00,44.18,39.33,32.11,216.66,2,96.6,98.54,99.92,148.12,98.96,4850,100.0
2025-10-23 01:21:00,43.85,35.3,33.12,239.8,1,99.17,99.4,99.05,123.23,99.35,3059,100.0
2025-10-23 01:22:00,40.78,36.24,29.72,152.13,1,97.79,98.83,99.1,101.69,99.03,3155,100.0
2025-10-23 01:23:00,36.04,36.23,33.6,177.63,3,97.42,99.66,99.97,100.0,99.29,3959,100.0
2025-10-23 01:24:00,40.5,35.27,25.02,241.08,1,98.65,98.33,99.65,121.33,98.76,3695,100.0
2025-10-23 01:25:00,41.81,36.56,29.03,229.16,2,98.04,99.48,99.22,102.09,98.79,3023,100.0
2025-10-23 01:26:00,41.5,33.85,41.1,199.48,0,99.09,98.82,99.61,133.01,99.02,4608,100.0
2025-10-23 01:27:00,38.48,37.63,24.44,241.59,1,99.83,98.31,99.25,100.0,99.48,4382,100.0
2025-10-23 01:28:00,39.58,39.19,34.89,204.78,3,96.52,98.6,99.48,100.0,98.71,4850,100.0
2025-10-23 01:29:00,34.83,38.26,39.65,215.91,0,96.9,99.96,99.91,100.0,99.5,3127,100.0
2025-10-23 01:30:00,39.4,36.52,28.88,159.85,0,96.09,99.05,99.62,100.0,99.33,4776,100.0
2025-10-23 01:31:00,36.65,33.5,28.64,222.58,2,97.41,99.92,99.34,100.0,98.56,3127,100.0
2025-10-23 01:32:00,40.61,35.49,38.6,173.42,3,99.37,99.01,99.92,114.9,98.93,4234,100.0
2025-10-23 01:33:00,35.33,34.3,32.51,202.15,2,96.29,98.3,99.79,100.0,98.73,3509,100.0
2025-10-23 01:34:00,35.86,34.85,34.58,222.95,0,98.86,98.01,99.72,100.0,98.97,3273,100.0
2025-10-23 01:35:00,44.34,34.7,41.61,235.82,2,99.96,99.72,99.51,152.17,99.24,4659,100.0
2025-10-23 01:36:00,42.28,37.08,31.74,186.05,3,97.24,99.28,99.81,142.08,98.65,4752,100.0
2025-10-23 01:37:00,38.88,32.62,36.52,176.33,2,97.2,98.51,99.05,100.0,98.89,3123,100.0
2025-10-23 01:38:00,43.01,38.52,32.23,189.97,3,99.28,99.64,99.68,128.96,98.9,4612,100.0
2025-10-23 01:39:00,35.71,34.41,31.79,225.42,2,99.35,99.57,99.82,100.0,98.99,3271,100.0
2025-10-23 01:40:00,41.54,32.49,31.06,156.36,3,96.13,99.32,99.87,124.78,99.39,4859,100.0
2025-10-23 01:41:00,40.6,38.02,31.05,247.49,2,98.3,99.48,99.26,100.0,99.24,3676,100.0
2025-10-23 01:42:00,37.8,34.89,42.91,192.37,1,96.7,98.86,99.34,100.0,99.2,4283,100.0
2025-10-23 01:43:00,37.99,36.43,37.2,199.35,0,97.62,99.27,99.06,100.0,99.45,4460,100.0
2025-10-23 01:44:00,36.75,32.92,29.65,213.91,3,98.08,98.38,99.83,100.0,98.79,4155,100.0
2025-10-23 01:45:00,35.06,35.87,39.71,213.28,2,97.31,99.32,99.52,100.0,98.6,4346,100.0
2025-10-23 01:46:00,41.75,37.64,24.64,190.96,3,96.26,98.12,99.97,104.08,99.36,3631,100.0
2025-10-23 01:47:00,36.03,34.92,32.74,163.82,2,98.95,98.92,99.98,100.0,98.97,3570,100.0
2025-10-23 01:48:00,40.72,38.27,30.52,192.62,2,97.85,100.0,99.12,100.0,98.71,4088,100.0
2025-10-23 01:49:00,35.35,38.77,32.95,241.24,1,96.77,98.94,99.04,100.0,99.29,4403,100.0
2025-10-23 01:50:00,39.91,36.26,25.76,201.82,3,98.39,99.58,99.97,100.0,99.25,4191,100.0
2025-10-23 01:51:00,36.09,38.01,23.46,233.23,2,99.68,99.8,99.9,100.0,98.99,3229,100.0
2025-10-23 01:52:00,38.97,35.18,38.31,229.08,2,96.06,98.92,99.65,101.43,98.95,4880,100.0
2025-10-23 01:53:00,43.85,34.14,31.51,253.01,2,97.95,99.46,99.05,151.97,99.42,4562,100.0
2025-10-23 01:54:00,42.61,38.14,27.19,199.74,1,97.91,99.58,99.15,112.36,98.7,3106,100.0
2025-10-23 01:55:00,41.35,34.07,30.66,218.12,3,96.52,99.79,99.4,108.76,99.31,3018,100.0
2025-10-23 01:56:00,45.25,39.64,33.08,243.61,0,97.22,98.02,99.17,161.53,98.5,4046,100.0
2025-10-23 01:57:00,38.74,33.43,35.31,217.3,4,98.59,99.94,99.22,100.0,99.08,4562,100.0
2025-10-23 01:58:00,38.35,38.95,28.0,216.47,1,97.42,99.0,99.85,100.0,98.95,3564,100.0
2025-10-23 01:59:00,43.06,37.86,30.59,217.19,1,97.29,99.36,99.77,144.7,98.52,3972,100.0
2025-10-23 02:00:00,38.38,37.09,37.17,231.64,1,96.87,99.2,99.04,100.0,99.5,3764,100.0
2025-10-23 02:01:00,38.83,32.21,32.7,176.83,3,98.28,98.76,99.42,100.0,99.19,3390,100.0
2025-10-23 02:02:00,37.18,33.38,24.35,182.36,0,96.97,99.57,99.84,100.0,99.13,4622,100.0
2025-10-23 02:03:00,35.08,35.25,23.13,221.79,4,96.11,99.05,99.68,100.0,99.49,4949,100.0
2025-10-23 02:04:00,36.29,37.73,35.47,237.15,4,98.47,99.46,99.98,100.0,98.81,4561,100.0
2025-10-23 02:05:00,38.09,36.28,23.66,215.88,5,98.98,98.9,99.33,100.0,99.06,4002,100.0
2025-10-23 02:06:00,43.85,33.82,37.79,167.74,1,96.95,99.46,99.66,127.71,98.77,3198,100.0
2025-10-23 02:07:00,40.6,36.36,26.37,240.73,1,97.07,99.47,99.87,100.0,99.4,3123,100.0
2025-10-23 02:08:00,44.12,35.0,34.81,167.63,7,96.68,98.11,99.5,159.51,97.08,4110,100.0
2025-10-23 02:09:00,43.31,38.61,36.02,239.77,1,97.46,98.67,99.21,148.89,98.95,4060,100.0
2025-10-23 02:10:00,40.68,38.44,36.21,243.43,4,98.45,99.54,99.44,106.92,98.89,4938,100.0
2025-10-23 02:11:00,40.2,34.08,23.01,229.41,1,97.53,99.83,99.95,100.0,98.62,3009,100.0
2025-10-23 02:12:00,43.93,36.95,34.09,227.24,2,98.36,99.51,99.57,119.74,98.71,4925,100.0
2025-10-23 02:13:00,41.69,36.87,34.85,161.02,0,97.76,98.89,99.81,104.2,98.78,3156,100.0
2025-10-23 02:14:00,36.15,33.41,25.15,174.58,2,97.7,99.69,99.1,100.0,98.81,3029,100.0
2025-10-23 02:15:00,36.92,32.96,32.72,178.6,4,97.08,98.28,99.38,100.0,98.81,4105,100.0
2025-10-23 02:16:00,34.05,32.76,21.69,184.87,1,96.86,98.79,99.09,100.0,98.91,3189,100.0
2025-10-23 02:17:00,43.52,37.14,29.77,165.59,1,96.64,98.85,99.25,150.56,99.46,4382,100.0
2025-10-23 02:18:00,41.04,32.89,40.6,213.99,2,97.5,99.79,99.26,117.16,98.86,3784,100.0
2025-10-23 02:19:00,43.22,39.03,26.1,181.51,3,99.07,98.81,99.04,120.02,98.99,4855,100.0
2025-10-23 02:20:00,43.37,34.76,26.07,190.21,4,97.21,99.35,99.42,118.54,98.72,4217,100.0
2025-10-23 02:21:00,44.47,35.47,40.69,245.04,2,99.68,98.54,99.18,150.2,98.86,4866,100.0
2025-10-23 02:22:00,43.34,35.16,31.13,182.38,2,97.99,99.85,99.27,124.01,99.24,4551,100.0
2025-10-23 02:23:00,39.21,37.89,25.29,185.97,1,96.87,98.68,99.02,100.22,99.18,3900,100.0
2025-10-23 02:24:00,43.68,36.11,35.94,169.51,0,96.33,98.94,99.72,147.74,99.22,4825,100.0
2025-10-23 02:25:00,33.67,36.75,33.36,158.31,2,96.99,98.93,99.24,100.0,99.35,4185,100.0
2025-10-23 02:26:00,42.84,34.31,28.8,222.57,1,97.74,99.0,99.79,148.13,99.33,3321,100.0
2025-10-23 02:27:00,35.18,33.91,34.32,190.62,1,97.03,98.44,99.74,100.0,98.52,4546,100.0
2025-10-23 02:28:00,35.49,37.68,39.51,150.99,2,97.67,99.14,99.7,100.0,99.23,3220,100.0
2025-10-23 02:29:00,41.41,32.83,31.28,198.84,1,99.5,99.33,99.03,100.49,98.54,4531,100.0
2025-10-23 02:30:00,40.14,34.61,41.04,236.38,2,99.02,98.86,99.55,100.0,99.26,4111,100.0
2025-10-23 02:31:00,42.18,32.5,38.99,226.45,1,97.05,99.96,99.95,110.86,98.93,3311,100.0
2025-10-23 02:32:00,35.03,35.89,26.04,245.34,3,96.51,99.0,99.44,100.0,99.19,3741,100.0
2025-10-23 02:33:00,39.11,35.67,29.86,157.85,4,98.12,99.49,99.53,100.0,98.96,4523,100.0
2025-10-23 02:34:00,38.28,37.32,38.4,210.28,2,97.23,99.2,99.29,100.46,98.69,3713,100.0
2025-10-23 02:35:00,45.77,34.76,31.81,185.53,2,99.73,98.63,99.74,149.35,98.68,4604,100.0
2025-10-23 02:36:00,42.64,35.95,35.63,155.88,1,99.23,99.13,99.74,114.92,98.9,4604,100.0
2025-10-23 02:37:00,43.69,34.04,37.45,158.74,3,96.77,98.3,99.48,120.54,98.86,3034,100.0
2025-10-23 02:38:00,39.92,33.78,35.38,247.8,3,98.66,98.88,99.96,100.0,99.39,4014,100.0
2025-10-23 02:39:00,41.41,35.11,40.08,213.35,0,96.06,99.35,99.11,122.79,98.82,4077,100.0
2025-10-23 02:40:00,38.83,36.59,24.58,175.44,2,97.87,99.89,99.74,105.6,99.1,3276,100.0
2025-10-23 02:41:00,41.06,33.69,28.23,197.51,1,97.31,99.65,99.02,100.0,99.31,3611,100.0
2025-10-23 02:42:00,42.8,34.43,23.07,237.34,3,99.02,98.94,99.45,129.64,98.77,4392,100.0
2025-10-23 02:43:00,38.55,36.8,25.34,220.49,1,96.1,98.24,99.23,100.0,98.83,3108,100.0
2025-10-23 02:44:00,40.85,33.88,27.19,229.6,2,97.74,99.61,99.75,101.19,99.31,4037,100.0
2025-10-23 02:45:00,43.14,39.59,33.38,234.93,3,98.32,98.09,99.16,135.34,98.81,3524,100.0
2025-10-23 02:46:00,40.52,36.11,23.11,216.79,2,97.17,99.77,99.17,100.0,98.71,4781,100.0
2025-10-23 02:47:00,42.43,38.62,40.71,244.96,3,96.09,98.66,99.72,109.28,99.28,4630,100.0
2025-10-23 02:48:00,39.78,35.5,38.52,161.49,3,97.89,98.06,99.12,100.0,98.98,3171,100.0
2025-10-23 02:49:00,42.1,37.82,32.78,149.6,2,97.74,98.11,99.28,118.1,99.24,3266,100.0
2025-10-23 02:50:00,40.7,35.5,40.12,221.76,1,97.07,99.03,99.01,121.79,99.28,3115,100.0
2025-10-23 02:51:00,43.26,32.85,24.05,154.36,2,99.09,98.37,99.99,146.69,99.24,4183,100.0
2025-10-23 02:52:00,39.12,35.06,35.01,164.6,2,99.12,98.86,99.16,100.0,98.78,3316,100.0
2025-10-23 02:53:00,40.3,38.45,39.6,180.75,6,98.43,98.73,100.0,100.0,97.39,3149,100.0
2025-10-23 02:54:00,44.23,37.91,39.69,207.78,4,99.47,99.16,99.8,161.21,99.3,3630,100.0
2025-10-23 02:55:00,37.11,35.33,36.18,155.7,1,99.5,98.1,99.05,100.0,98.68,3484,100.0
2025-10-23 02:56:00,35.88,38.89,24.79,246.8,2,98.68,99.63,99.56,100.0,98.66,3828,100.0
2025-10-23 02:57:00,35.24,37.89,34.43,148.51,2,98.66,98.35,99.41,100.0,98.87,3761,100.0
2025-10-23 02:58:00,41.08,37.74,24.58,152.21,3,99.33,98.19,99.88,123.66,99.07,4216,100.0
2025-10-23 02:59:00,39.32,34.85,31.97,220.04,4,97.66,98.85,100.0,100.0,98.58,3134,100.0
2025-10-23 03:00:00,42.61,35.09,27.53,220.53,5,98.66,99.91,99.02,143.34,98.65,3423,100.0
2025-10-23 03:01:00,44.19,36.16,31.52,181.19,1,96.79,99.13,99.71,151.42,98.87,4843,100.0
2025-10-23 03:02:00,43.71,35.69,40.69,185.67,1,99.42,98.34,99.07,121.05,99.06,3583,100.0
2025-10-23 03:03:00,44.28,37.87,37.74,229.34,5,98.57,98.25,99.21,153.76,99.15,4301,100.0
2025-10-23 03:04:00,39.45,34.79,28.91,178.47,0,97.05,99.67,99.73,100.0,99.4,3528,100.0
2025-10-23 03:05:00,41.15,33.47,40.21,196.63,1,99.39,98.22,99.93,106.42,98.75,3663,100.0
2025-10-23 03:06:00,42.04,36.57,32.1,184.41,2,96.52,99.53,99.68,112.38,98.96,4893,100.0
2025-10-23 03:07:00,32.98,36.2,30.01,200.77,2,99.64,99.48,99.56,100.0,99.0,4647,100.0
2025-10-23 03:08:00,38.46,37.17,23.84,206.26,2,96.15,99.24,99.07,100.0,98.93,3419,100.0
2025-10-23 03:09:00,36.54,35.51,27.12,169.43,2,98.73,99.17,99.21,100.0,99.46,4912,100.0
2025-10-23 03:10:00,38.66,32.47,29.38,236.32,2,96.06,99.99,99.34,100.0,99.07,4490,100.0
2025-10-23 03:11:00,37.59,36.2,28.73,198.46,1,96.19,99.68,99.63,100.0,99.1,3364,100.0
2025-10-23 03:12:00,40.84,37.89,27.35,238.18,3,96.99,98.92,99.39,113.14,99.06,3174,100.0
2025-10-23 03:13:00,36.11,33.16,40.85,213.52,2,98.51,99.01,99.41,100.0,99.15,4235,100.0
2025-10-23 03:14:00,41.69,36.46,37.31,167.02,2,99.26,98.67,99.83,110.04,99.05,3461,100.0
2025-10-23 03:15:00,41.95,33.73,39.62,185.34,1,99.9,99.63,99.45,136.31,99.43,4066,100.0
2025-10-23 03:16:00,38.17,35.63,40.15,177.8,6,98.94,99.06,99.4,100.0,96.77,4791,100.0
2025-10-23 03:17:00,40.3,35.47,30.88,163.35,2,97.47,99.66,99.63,107.61,98.73,4264,100.0
2025-10-23 03:18:00,36.36,33.12,31.65,216.08,1,98.27,98.31,99.27,100.0,99.23,4271,100.0
2025-10-23 03:19:00,43.48,37.49,40.06,239.38,3,96.78,99.62,99.83,147.52,99.37,3845,100.0
2025-10-23 03:20:00,36.73,37.49,28.01,172.5,1,99.06,98.97,99.98,100.0,99.34,4936,100.0
2025-10-23 03:21:00,35.93,34.16,29.66,240.54,2,99.21,99.19,99.03,100.0,99.46,3084,100.0
2025-10-23 03:22:00,41.7,39.57,41.16,172.08,2,96.36,99.14,99.4,118.79,98.74,4113,100.0
2025-10-23 03:23:00,38.26,37.9,27.55,234.23,2,99.24,99.69,99.81,100.0,98.8,4272,100.0
2025-10-23 03:24:00,44.68,34.91,39.03,222.42,5,99.81,98.1,99.01,146.54,99.35,3495,100.0
2025-10-23 03:25:00,42.29,36.55,28.17,180.36,0,98.14,98.9,99.29,141.71,99.32,4049,100.0
2025-10-23 03:26:00,40.1,37.68,38.57,151.51,0,99.84,98.4,99.55,100.0,99.34,3235,100.0
2025-10-23 03:27:00,41.54,33.41,25.23,201.71,0,96.78,98.27,99.04,134.2,98.95,4717,100.0
2025-10-23 03:28:00,41.56,32.93,32.66,161.93,5,99.08,99.91,99.44,127.34,99.3,4571,100.0
2025-10-23 03:29:00,42.46,34.2,36.91,163.82,1,99.68,99.65,99.68,108.42,99.32,4750,100.0
2025-10-23 03:30:00,40.52,34.08,35.44,231.31,1,96.37,99.18,99.8,100.0,99.07,3849,100.0
2025-10-23 03:31:00,40.54,35.15,26.49,172.73,1,96.49,98.19,99.07,100.0,98.66,3385,100.0
2025-10-23 03:32:00,35.34,35.8,35.77,209.99,4,96.24,99.14,99.52,100.0,99.07,4345,100.0
2025-10-23 03:33:00,35.0,35.6,37.97,201.22,0,99.1,99.88,99.85,100.0,99.03,4182,100.0
2025-10-23 03:34:00,37.94,38.77,39.93,195.19,0,98.43,98.71,99.74,100.0,98.76,4735,100.0
2025-10-23 03:35:00,42.39,34.44,37.02,231.45,2,99.76,98.59,99.61,124.64,99.49,3816,100.0
2025-10-23 03:36:00,35.82,38.61,24.61,209.21,3,97.58,98.65,99.11,100.0,98.86,3641,100.0
2025-10-23 03:37:00,44.11,34.35,39.14,245.55,1,99.47,98.43,99.35,160.78,98.9,4309,100.0
2025-10-23 03:38:00,39.98,37.94,26.65,169.73,0,96.81,98.52,99.06,102.3,98.63,4022,100.0
2025-10-23 03:39:00,35.44,37.53,26.69,152.04,3,98.0,98.89,99.56,100.0,99.0,4358,100.0
2025-10-23 03:40:00,43.87,38.79,33.14,158.99,4,98.56,100.0,99.06,119.5,99.46,3880,100.0
2025-10-23 03:41:00,40.33,36.92,36.05,210.73,4,97.11,98.8,99.67,100.0,98.74,3066,100.0
2025-10-23 03:42:00,38.02,35.98,24.19,188.37,4,99.33,98.35,99.73,100.0,98.79,3395,100.0
2025-10-23 03:43:00,41.28,35.16,40.57,180.21,2,99.54,98.42,99.91,105.49,98.75,3954,100.0
2025-10-23 03:44:00,37.18,36.38,37.44,226.08,1,97.71,98.34,99.07,100.0,99.29,4629,100.0
2025-10-23 03:45:00,43.38,36.15,41.44,195.74,1,96.6,99.18,99.12,116.78,98.7,4575,100.0
2025-10-23 03:46:00,44.53,37.7,26.31,207.55,3,99.28,99.1,99.16,138.46,99.16,3306,100.0
2025-10-23 03:47:00,42.53,37.67,27.96,192.54,4,98.37,99.54,99.0,109.89,98.97,3874,100.0
2025-10-23 03:48:00,42.12,37.12,37.82,158.98,2,97.36,99.4,99.23,103.19,98.56,3513,100.0
2025-10-23 03:49:00,35.8,34.82,24.9,181.65,2,97.9,99.63,99.99,100.0,98.93,4263,100.0
2025-10-23 03:50:00,38.33,37.93,33.55,172.03,3,98.28,98.58,99.47,100.0,99.24,3245,100.0
2025-10-23 03:51:00,42.45,33.93,28.07,183.08,5,98.42,99.59,99.63,140.39,99.1,4652,100.0
2025-10-23 03:52:00,38.89,37.7,29.98,209.98,2,98.38,99.16,99.4,100.0,98.53,4682,100.0
2025-10-23 03:53:00,37.73,37.19,27.35,165.03,3,99.75,98.82,99.35,100.0,98.57,3699,100.0
2025-10-23 03:54:00,43.52,35.8,31.53,174.94,1,98.27,99.18,99.22,131.14,99.07,4520,100.0
2025-10-23 03:55:00,37.31,33.96,35.72,196.94,3,98.34,98.57,99.1,100.0,99.01,3971,100.0
2025-10-23 03:56:00,39.96,32.48,34.56,199.28,1,97.11,98.59,99.23,117.79,99.42,4092,100.0
2025-10-23 03:57:00,38.32,39.41,38.25,160.19,2,96.2,98.93,99.0,100.0,98.67,4819,100.0
2025-10-23 03:58:00,39.51,36.9,31.2,154.96,1,97.94,99.72,99.12,103.32,98.55,4986,100.0
2025-10-23 03:59:00,43.36,39.97,36.9,181.93,4,98.12,98.73,99.85,114.76,99.03,4673,100.0
2025-10-23 04:00:00,38.29,38.85,34.45,206.79,2,98.17,98.16,99.93,100.0,99.39,4965,100.0
2025-10-23 04:01:00,39.22,37.39,32.97,244.83,1,96.74,98.26,99.44,100.0,98.72,3192,100.0
2025-10-23 04:02:00,37.97,32.23,30.6,154.3,0,97.24,99.75,99.79,100.0,98.96,3624,100.0
2025-10-23 04:03:00,44.61,35.22,22.08,231.52,1,96.06,98.22,99.48,128.82,99.39,4499,100.0
2025-10-23 04:04:00,43.11,38.25,30.86,244.64,3,99.55,98.85,99.66,120.48,99.25,4163,100.0
2025-10-23 04:05:00,38.13,35.9,31.37,218.16,4,97.29,98.09,99.99,100.0,98.73,3982,100.0
2025-10-23 04:06:00,40.47,36.31,38.43,191.8,3,99.44,98.88,99.29,100.0,98.71,3665,100.0
2025-10-23 04:07:00,35.58,34.04,36.61,218.07,1,96.17,98.94,99.34,100.0,99.04,4862,100.0
2025-10-23 04:08:00,38.88,33.63,33.49,153.16,1,99.49,98.13,99.46,100.0,98.63,4442,100.0
2025-10-23 04:09:00,42.19,37.02,29.52,246.3,1,99.99,99.95,99.59,110.23,98.74,4041,100.0
2025-10-23 04:10:00,42.79,35.7,41.14,222.04,1,98.17,98.23,99.91,117.09,99.37,3607,100.0
2025-10-23 04:11:00,37.53,35.06,36.46,204.06,0,96.55,98.76,99.34,100.0,99.07,3373,100.0
2025-10-23 04:12:00,43.64,38.35,28.03,252.98,0,99.28,98.19,99.27,136.22,98.55,3788,100.0
2025-10-23 04:13:00,38.97,37.24,36.83,161.4,0,99.1,99.06,99.53,108.94,98.94,3392,100.0
2025-10-23 04:14:00,41.0,37.89,33.26,195.63,0,96.69,98.96,99.4,123.74,98.61,3100,100.0
2025-10-23 04:15:00,36.43,37.49,34.45,216.02,1,99.07,99.37,99.44,100.0,99.37,4052,100.0
2025-10-23 04:16:00,37.22,34.73,30.21,210.67,2,96.81,99.87,99.16,100.0,98.99,4112,100.0
2025-10-23 04:17:00,44.54,34.4,25.12,186.45,2,99.41,99.67,99.81,155.64,98.54,3298,100.0
2025-10-23 04:18:00,42.37,37.77,40.86,216.66,1,97.73,99.42,99.28,108.48,99.5,3837,100.0
2025-10-23 04:19:00,38.7,35.14,40.79,239.65,3,97.66,98.05,99.42,100.0,99.45,3716,100.0
2025-10-23 04:20:00,36.96,39.14,35.11,212.11,0,98.8,98.11,99.19,100.0,98.88,4591,100.0
2025-10-23 04:21:00,42.69,34.1,38.59,199.17,0,96.9,99.57,99.73,114.44,98.54,3590,100.0
2025-10-23 04:22:00,39.17,38.36,39.93,245.08,4,99.1,99.84,99.9,100.0,99.04,4553,100.0
2025-10-23 04:23:00,40.31,35.04,27.33,204.82,2,98.36,99.32,99.81,106.73,99.26,3338,100.0
2025-10-23 04:24:00,43.35,36.25,30.99,225.65,0,96.02,98.62,99.25,125.79,99.47,4135,100.0
2025-10-23 04:25:00,40.76,36.83,29.82,247.23,4,98.52,98.91,99.04,123.74,99.46,4814,100.0
2025-10-23 04:26:00,43.99,33.21,33.1,195.7,1,96.54,99.19,99.32,136.59,98.71,4249,100.0
2025-10-23 04:27:00,43.84,37.21,34.61,220.39,5,99.12,98.05,99.85,149.9,99.33,3047,100.0
2025-10-23 04:28:00,43.08,36.46,28.87,180.01,0,98.17,98.29,99.57,135.79,98.94,3312,100.0
2025-10-23 04:29:00,39.65,38.52,31.49,185.91,2,96.95,98.99,99.37,100.0,98.95,3580,100.0
2025-10-23 04:30:00,41.3,39.13,42.17,248.18,1,98.14,99.7,99.56,103.08,99.05,3088,100.0
2025-10-23 04:31:00,42.68,35.9,34.37,166.76,4,98.19,99.79,99.36,126.46,99.15,3881,100.0
2025-10-23 04:32:00,40.53,33.53,23.93,164.06,1,99.9,99.52,99.39,109.02,98.51,4689,100.0
2025-10-23 04:33:00,37.42,33.21,36.87,181.47,3,99.47,98.78,99.5,100.0,98.57,4194,100.0
2025-10-23 04:34:00,39.56,35.22,32.55,223.83,1,97.39,98.13,99.74,110.87,98.55,4050,100.0
2025-10-23 04:35:00,40.87,35.79,32.27,222.09,3,99.81,98.29,99.78,109.79,99.24,4026,100.0
2025-10-23 04:36:00,41.05,36.65,41.3,209.83,1,99.15,99.78,99.61,109.76,99.36,3480,100.0
2025-10-23 04:37:00,38.42,35.62,22.42,216.02,1,97.66,99.28,99.07,100.0,98.77,3003,100.0
2025-10-23 04:38:00,35.61,36.99,21.73,234.74,1,97.4,99.9,99.62,100.0,99.15,3925,100.0
2025-10-23 04:39:00,37.44,34.48,36.51,242.23,3,97.56,98.73,99.03,100.0,98.71,3257,100.0
2025-10-23 04:40:00,44.87,39.34,40.36,167.14,1,97.41,98.25,99.65,157.33,98.66,4243,100.0
2025-10-23 04:41:00,36.0,36.19,28.48,253.72,2,97.68,99.15,99.53,100.0,98.83,3139,100.0
2025-10-23 04:42:00,41.78,38.68,24.12,254.96,1,97.38,99.18,99.37,117.3,98.83,4424,100.0
2025-10-23 04:43:00,36.36,33.87,31.24,235.53,1,97.28,98.84,99.74,100.0,99.16,4678,100.0
2025-10-23 04:44:00,42.7,38.1,41.37,182.18,1,97.31,98.66,99.87,109.51,98.7,4221,100.0
2025-10-23 04:45:00,42.29,36.91,22.57,193.56,3,98.67,99.63,99.32,130.63,98.69,3255,100.0
2025-10-23 04:46:00,43.38,36.35,25.3,188.71,1,96.83,98.51,99.26,117.73,99.35,3319,100.0
2025-10-23 04:47:00,43.92,35.6,31.77,199.41,4,98.02,99.05,99.24,141.47,98.97,3944,100.0
2025-10-23 04:48:00,42.49,35.33,31.58,245.91,2,98.47,98.45,99.4,132.14,99.08,4011,100.0
2025-10-23 04:49:00,42.15,36.35,37.42,238.2,2,97.08,98.79,99.74,103.07,99.31,4516,100.0
2025-10-23 04:50:00,33.59,32.84,21.66,219.22,1,96.07,99.05,99.75,100.0,98.71,4990,100.0
2025-10-23 04:51:00,40.67,34.98,29.84,162.37,3,97.91,99.8,99.7,100.0,98.57,4600,100.0
2025-10-23 04:52:00,42.53,38.06,37.06,216.92,0,96.42,99.34,99.41,106.12,99.24,3837,100.0
2025-10-23 04:53:00,41.07,35.42,22.01,211.02,1,99.56,98.36,99.42,111.82,98.81,4000,100.0
2025-10-23 04:54:00,45.2,38.91,42.68,214.45,1,96.98,98.3,99.73,158.22,98.79,4784,100.0
2025-10-23 04:55:00,41.52,34.16,24.23,169.32,3,96.99,99.27,99.87,107.89,99.03,4780,100.0
2025-10-23 04:56:00,38.15,37.42,24.65,213.45,2,98.66,99.42,99.86,100.0,99.02,4568,100.0
2025-10-23 04:57:00,38.1,37.25,36.74,190.52,2,97.21,98.2,99.34,100.0,98.94,4555,100.0
2025-10-23 04:58:00,35.54,38.39,40.53,199.76,3,99.03,98.86,99.92,100.0,98.71,4122,100.0
2025-10-23 04:59:00,39.64,37.66,35.09,207.11,3,96.12,98.83,99.15,100.0,98.51,3919,100.0
2025-10-23 05:00:00,38.51,37.42,34.17,161.3,3,99.77,98.27,99.74,100.0,99.37,3108,100.0
2025-10-23 05:01:00,44.26,37.13,27.04,222.85,1,99.65,98.72,99.01,127.07,99.38,4965,100.0
2025-10-23 05:02:00,44.48,35.34,24.14,183.4,3,97.72,98.1,99.2,125.53,98.75,4479,100.0
2025-10-23 05:03:00,37.87,36.87,36.97,209.55,0,97.45,98.88,99.34,100.0,99.01,3374,100.0
2025-10-23 05:04:00,38.93,37.04,35.29,189.92,4,97.43,99.4,99.87,100.0,99.06,3023,100.0
2025-10-23 05:05:00,39.2,35.35,39.34,159.85,0,97.77,98.81,99.16,100.0,99.47,4026,100.0
2025-10-23 05:06:00,43.54,37.91,29.24,226.87,3,97.12,98.68,99.81,137.54,98.7,3191,100.0
2025-10-23 05:07:00,39.49,36.64,37.91,227.37,4,97.59,98.68,99.39,101.29,99.16,3449,100.0
2025-10-23 05:08:00,36.7,37.78,26.44,239.39,1,98.67,99.11,99.17,100.0,98.95,3304,100.0
2025-10-23 05:09:00,41.3,32.55,39.69,185.85,2,99.03,98.58,99.68,103.25,98.74,3914,100.0
2025-10-23 05:10:00,36.07,37.72,34.02,214.49,2,96.33,99.69,99.68,100.0,98.69,4327,100.0
2025-10-23 05:11:00,38.51,38.02,29.86,171.68,1,99.05,98.2,99.68,100.0,99.01,3375,100.0
2025-10-23 05:12:00,34.88,36.56,30.63,234.61,2,99.44,99.17,99.67,100.0,99.44,4675,100.0
2025-10-23 05:13:00,45.29,35.82,27.31,175.41,3,97.27,99.47,99.25,157.83,99.04,3525,100.0
2025-10-23 05:14:00,43.88,36.2,23.77,233.04,5,96.33,98.25,99.87,141.35,98.68,3283,100.0
2025-10-23 05:15:00,39.57,37.98,38.22,235.7,1,98.88,99.04,99.73,100.0,98.98,3252,100.0
2025-10-23 05:16:00,40.58,34.06,29.14,235.86,1,97.04,99.15,99.52,100.0,99.19,4815,100.0
2025-10-23 05:17:00,37.76,37.62,34.5,186.77,1,99.34,98.04,99.57,100.0,99.38,3998,100.0
2025-10-23 05:18:00,43.06,34.24,24.87,235.7,4,97.49,99.79,99.82,139.39,98.6,4242,100.0
2025-10-23 05:19:00,40.47,33.74,37.13,179.47,2,98.1,98.61,99.07,100.0,99.12,3202,100.0
2025-10-23 05:20:00,36.07,38.44,31.36,159.78,4,98.2,98.77,99.75,100.0,99.23,3360,100.0
2025-10-23 05:21:00,38.53,34.96,40.78,147.7,1,96.32,98.66,99.7,100.0,99.13,4549,100.0
2025-10-23 05:22:00,42.02,37.41,34.53,175.36,5,97.45,99.95,99.55,122.64,99.45,4772,100.0
2025-10-23 05:23:00,39.41,33.65,23.06,229.96,2,98.42,98.73,99.16,110.82,98.74,4422,100.0
2025-10-23 05:24:00,43.24,34.67,32.23,182.16,2,97.32,98.23,99.21,140.97,99.11,3711,100.0
2025-10-23 05:25:00,43.1,35.71,37.62,226.79,5,97.2,98.21,99.19,142.08,99.45,4347,100.0
2025-10-23 05:26:00,43.12,34.78,39.54,228.11,3,99.5,99.14,99.86,126.67,98.53,3104,100.0
2025-10-23 05:27:00,42.42,34.23,37.63,195.54,2,97.65,99.46,99.92,115.86,99.12,4902,100.0
2025-10-23 05:28:00,45.18,39.16,37.95,209.11,0,96.89,98.51,99.03,135.86,98.79,3181,100.0
2025-10-23 05:29:00,36.99,33.55,30.63,233.61,3,98.81,99.51,99.54,100.0,98.57,4189,100.0
2025-10-23 05:30:00,37.68,35.33,34.57,251.72,0,98.97,98.41,99.11,100.0,99.08,4654,100.0
2025-10-23 05:31:00,41.25,35.88,27.62,178.79,1,96.59,99.44,99.96,100.0,99.11,3478,100.0
2025-10-23 05:32:00,43.51,35.88,36.3,190.14,1,97.15,98.59,99.64,118.89,98.9,4093,100.0
2025-10-23 05:33:00,42.11,36.8,39.73,249.28,3,98.13,99.33,99.41,116.46,99.04,4813,100.0
2025-10-23 05:34:00,40.9,33.64,38.07,213.46,2,99.1,98.14,99.43,100.0,99.32,4505,100.0
2025-10-23 05:35:00,41.93,35.79,36.41,186.42,1,99.52,99.37,99.87,130.1,98.79,3545,100.0
2025-10-23 05:36:00,35.57,32.68,27.43,157.22,2,98.41,98.14,99.73,100.0,98.51,3638,100.0
2025-10-23 05:37:00,43.02,34.51,41.75,242.23,1,97.42,98.6,99.14,150.15,98.65,3630,100.0
2025-10-23 05:38:00,37.91,37.55,24.04,212.27,2,97.2,99.09,99.14,100.0,99.25,4089,100.0
2025-10-23 05:39:00,38.64,38.47,34.66,178.34,2,96.46,99.88,99.29,100.0,98.54,4113,100.0
2025-10-23 05:40:00,42.21,37.47,35.78,148.51,1,98.76,99.51,99.63,133.69,98.93,4083,100.0
2025-10-23 05:41:00,35.25,35.27,30.26,209.2,1,96.95,98.27,99.7,100.0,99.08,4062,100.0
2025-10-23 05:42:00,45.5,36.6,31.47,172.69,4,98.25,99.97,99.72,140.18,98.84,3597,100.0
2025-10-23 05:43:00,42.94,36.19,37.57,164.46,1,97.5,98.03,99.18,147.84,98.58,3290,100.0
2025-10-23 05:44:00,39.27,33.57,37.91,200.3,1,98.02,99.1,99.82,103.61,99.27,4458,100.0
2025-10-23 05:45:00,42.99,37.38,39.77,207.82,2,99.11,99.87,99.3,134.36,98.53,4531,100.0
2025-10-23 05:46:00,38.32,39.28,29.01,227.94,2,98.97,99.59,99.47,100.0,98.84,4855,100.0
2025-10-23 05:47:00,43.2,37.68,41.16,188.13,4,96.34,98.2,99.51,118.86,98.57,4929,100.0
2025-10-23 05:48:00,42.77,38.14,31.16,171.72,0,96.56,99.59,99.38,135.43,99.04,3789,100.0
2025-10-23 05:49:00,36.57,35.25,39.14,232.82,0,96.56,99.51,99.34,100.0,99.06,4304,100.0
2025-10-23 05:50:00,43.45,34.85,40.13,159.85,2,98.32,99.12,99.99,139.4,98.9,4580,100.0
2025-10-23 05:51:00,38.78,36.52,23.54,184.41,2,99.19,99.8,99.28,100.0,98.68,4046,100.0
2025-10-23 05:52:00,34.78,35.88,38.42,158.44,0,99.24,98.53,99.36,100.0,98.6,4229,100.0
2025-10-23 05:53:00,41.78,35.7,32.31,195.09,3,96.4,98.86,99.85,107.25,99.38,3220,100.0
2025-10-23 05:54:00,38.13,33.79,34.51,245.71,3,98.32,98.94,99.36,100.0,98.62,4065,100.0
2025-10-23 05:55:00,42.31,33.28,26.06,209.89,2,98.96,98.57,99.67,109.44,98.91,4377,100.0
2025-10-23 05:56:00,38.69,34.45,23.65,149.03,0,99.8,99.5,99.94,100.0,99.07,3166,100.0
2025-10-23 05:57:00,35.24,35.77,34.9,156.2,1,97.45,98.94,99.34,100.0,99.08,3665,100.0
2025-10-23 05:58:00,37.65,36.73,23.69,230.16,4,97.03,99.21,99.18,100.0,99.21,4591,100.0
2025-10-23 05:59:00,37.26,34.79,21.98,208.38,4,97.42,98.89,99.35,100.0,99.15,4383,100.0
2025-10-23 06:00:00,44.93,34.09,35.09,249.26,3,99.76,98.91,99.77,166.64,98.78,3986,100.0
2025-10-23 06:01:00,45.42,35.47,34.86,218.04,1,97.65,99.0,99.64,150.63,98.83,4092,100.0
2025-10-23 06:02:00,35.26,37.45,29.41,154.14,1,98.4,99.41,99.19,100.0,98.61,4986,100.0
2025-10-23 06:03:00,40.63,33.43,26.79,205.24,1,96.23,99.57,99.89,100.0,98.56,3237,100.0
2025-10-23 06:04:00,34.06,34.47,24.4,148.32,3,96.54,98.72,99.78,100.0,98.76,3295,100.0
2025-10-23 06:05:00,44.15,38.27,34.45,167.9,4,99.65,99.8,99.55,148.88,98.91,4310,100.0
2025-10-23 06:06:00,36.3,35.46,39.2,160.51,2,99.98,99.36,99.91,100.0,99.28,3065,100.0
2025-10-23 06:07:00,39.6,34.61,39.96,220.69,0,97.44,98.14,99.74,100.0,98.73,4035,100.0
2025-10-23 06:08:00,41.28,37.89,28.83,168.31,0,96.77,98.97,99.24,110.12,98.53,4255,100.0
2025-10-23 06:09:00,41.97,31.93,24.55,172.71,1,96.43,99.82,99.71,138.03,98.94,4758,100.0
2025-10-23 06:10:00,35.6,37.07,33.54,205.57,6,97.66,98.72,99.9,100.0,97.18,4675,100.0
2025-10-23 06:11:00,38.78,35.74,38.6,190.69,0,97.41,98.8,99.15,100.0,99.43,4717,100.0
2025-10-23 06:12:00,38.29,38.84,33.29,231.11,2,98.29,99.57,99.09,100.0,98.79,4721,100.0
2025-10-23 06:13:00,44.04,32.99,36.03,158.02,1,96.78,98.5,99.73,132.09,99.1,4143,100.0
2025-10-23 06:14:00,37.12,38.96,27.08,242.7,2,96.89,98.98,99.27,100.0,98.94,3541,100.0
2025-10-23 06:15:00,35.6,37.1,31.44,221.62,0,96.01,99.04,99.83,100.0,99.12,3278,100.0
2025-10-23 06:16:00,36.05,35.5,23.46,191.94,2,98.06,99.0,99.47,100.0,98.55,3948,100.0
2025-10-23 06:17:00,45.33,37.89,28.16,219.81,1,99.09,98.42,99.86,148.5,99.26,3519,100.0
2025-10-23 06:18:00,34.06,37.02,37.97,232.27,0,99.04,99.67,99.31,100.0,98.91,3880,100.0
2025-10-23 06:19:00,44.08,35.97,28.66,166.11,1,96.24,99.36,99.69,128.78,99.46,4575,100.0
2025-10-23 06:20:00,40.21,36.56,40.5,158.02,3,98.43,99.35,99.16,104.77,98.96,4563,100.0
2025-10-23 06:21:00,41.26,36.18,33.38,203.07,2,98.65,99.21,99.91,100.0,99.02,3301,100.0
2025-10-23 06:22:00,44.98,39.05,34.35,220.41,3,97.76,99.22,99.77,160.23,98.62,3443,100.0
2025-10-23 06:23:00,43.91,34.99,21.85,168.94,3,98.59,98.76,99.43,152.6,99.16,3046,100.0
2025-10-23 06:24:00,38.0,35.97,28.68,229.23,2,97.24,99.45,99.23,100.0,99.03,3204,100.0
2025-10-23 06:25:00,34.27,33.34,36.31,183.92,2,99.38,99.87,99.07,100.0,99.22,4994,100.0
2025-10-23 06:26:00,42.93,37.62,29.46,224.95,3,98.18,98.26,99.07,140.39,99.18,4298,100.0
2025-10-23 06:27:00,45.33,36.07,31.05,196.63,3,97.74,99.01,99.17,161.4,98.56,4171,100.0
2025-10-23 06:28:00,42.48,34.93,39.62,230.79,1,96.98,98.72,99.58,109.77,99.03,4161,100.0
2025-10-23 06:29:00,39.81,34.95,36.7,205.16,3,96.04,98.18,99.19,100.0,99.24,3772,100.0
2025-10-23 06:30:00,40.02,36.4,39.19,198.44,0,96.26,98.54,99.14,111.0,98.61,3321,100.0
2025-10-23 06:31:00,41.52,34.33,41.24,235.6,2,97.35,98.75,99.13,100.06,99.17,3464,100.0
2025-10-23 06:32:00,44.54,38.18,25.55,213.63,3,97.03,99.28,99.91,161.04,98.86,4661,100.0
2025-10-23 06:33:00,42.04,37.23,30.95,227.46,3,98.34,98.78,99.12,106.85,99.16,4622,100.0
2025-10-23 06:34:00,36.36,35.08,29.35,140.05,1,98.7,98.69,99.58,100.0,98.65,4555,100.0
2025-10-23 06:35:00,35.02,38.26,25.67,227.63,0,97.31,99.27,99.66,100.0,98.85,4332,100.0
2025-10-23 06:36:00,42.21,35.31,40.67,245.39,1,97.86,99.1,99.02,132.42,99.36,3284,100.0
2025-10-23 06:37:00,42.08,36.69,30.96,168.07,1,98.03,99.3,99.8,138.23,99.3,4818,100.0
2025-10-23 06:38:00,34.95,34.18,33.71,180.68,3,96.36,99.0,99.34,100.0,99.15,3137,100.0
2025-10-23 06:39:00,40.45,35.02,41.3,197.52,1,96.41,98.77,99.89,106.26,99.32,3567,100.0
2025-10-23 06:40:00,41.15,38.0,30.8,167.87,1,98.28,98.2,99.81,123.75,99.04,3076,100.0
2025-10-23 06:41:00,37.35,33.49,32.01,157.89,2,98.78,99.39,99.4,100.0,98.63,4478,100.0
2025-10-23 06:42:00,44.16,36.93,41.98,217.04,2,99.89,98.96,99.95,128.92,98.51,3392,100.0
2025-10-23 06:43:00,34.64,36.39,25.94,207.21,3,96.2,98.06,99.1,100.0,99.47,3706,100.0
2025-10-23 06:44:00,45.52,39.83,39.86,206.91,2,96.22,99.84,99.48,155.5,99.11,3902,100.0
2025-10-23 06:45:00,39.24,38.34,38.13,170.26,2,99.06,99.46,99.71,107.66,99.27,3485,100.0
2025-10-23 06:46:00,43.74,37.67,23.12,225.3,3,97.17,98.86,99.59,123.52,99.02,3966,100.0
2025-10-23 06:47:00,44.19,35.44,31.82,193.0,4,97.29,98.29,99.32,139.69,98.94,4475,100.0
2025-10-23 06:48:00,35.7,33.08,21.92,243.01,1,97.43,99.34,99.18,100.0,99.31,4716,100.0
2025-10-23 06:49:00,42.69,33.96,29.6,249.87,1,97.34,98.41,99.32,114.5,99.38,3348,100.0
2025-10-23 06:50:00,45.09,37.02,27.98,177.6,2,99.16,98.25,99.3,153.55,98.8,4300,100.0
2025-10-23 06:51:00,39.33,34.43,32.78,153.19,3,98.93,98.6,99.37,100.0,98.86,3861,100.0
2025-10-23 06:52:00,38.51,37.02,32.58,215.81,2,97.38,99.12,99.59,100.0,98.57,3041,100.0
2025-10-23 06:53:00,40.35,35.9,34.58,201.05,3,97.53,99.55,99.15,100.0,98.55,3230,100.0
2025-10-23 06:54:00,41.86,34.79,22.42,220.15,2,97.25,99.24,99.87,128.76,98.95,4437,100.0
2025-10-23 06:55:00,39.56,37.27,36.63,243.52,0,97.36,98.38,99.63,102.19,98.7,3843,100.0
2025-10-23 06:56:00,37.69,39.77,24.34,255.59,1,97.78,99.39,99.16,100.0,99.46,4753,100.0
2025-10-23 06:57:00,38.19,37.24,27.14,210.34,1,98.54,98.5,99.4,100.0,99.26,3766,100.0
2025-10-23 06:58:00,43.77,38.69,33.98,205.15,1,99.41,98.15,99.6,141.31,98.81,3070,100.0
2025-10-23 06:59:00,41.0,32.26,24.41,198.53,1,98.32,98.66,99.67,128.11,98.77,4911,100.0
2025-10-23 07:00:00,42.87,38.4,38.35,184.08,3,98.29,99.39,99.43,139.97,99.43,3372,100.0
2025-10-23 07:01:00,36.31,37.49,35.02,189.02,4,97.37,99.94,99.35,100.0,98.88,3023,100.0
2025-10-23 07:02:00,42.95,35.53,33.6,243.54,1,97.52,98.67,99.63,145.47,98.85,4522,100.0
2025-10-23 07:03:00,34.93,36.55,34.35,204.32,4,99.38,98.84,99.35,100.0,98.88,3810,100.0
2025-10-23 07:04:00,38.39,36.64,31.09,225.46,1,98.81,98.77,99.56,101.59,98.98,3304,100.0
2025-10-23 07:05:00,38.16,35.04,36.21,164.0,1,98.81,99.49,99.46,100.0,99.25,3536,100.0
2025-10-23 07:06:00,42.01,33.79,28.24,204.07,0,98.71,99.31,99.88,120.11,99.19,3364,100.0
2025-10-23 07:07:00,35.13,34.11,23.34,193.27,2,96.86,99.6,99.58,100.0,99.35,4259,100.0
2025-10-23 07:08:00,39.95,35.92,37.52,182.92,3,97.65,98.68,99.99,100.0,98.94,3967,100.0
2025-10-23 07:09:00,43.45,36.11,29.04,237.54,2,99.87,99.08,99.43,122.32,98.88,4262,100.0
2025-10-23 07:10:00,37.2,37.23,24.72,211.11,3,98.38,99.64,99.71,100.0,98.5,4768,100.0
2025-10-23 07:11:00,40.82,32.78,30.99,225.16,1,96.56,99.61,99.57,100.0,98.59,4727,100.0
2025-10-23 07:12:00,35.82,36.59,26.4,146.77,4,99.7,99.53,99.57,100.0,99.1,4947,100.0
2025-10-23 07:13:00,43.91,36.55,40.79,185.9,1,99.58,98.5,99.95,119.82,99.18,3300,100.0
2025-10-23 07:14:00,44.05,37.26,37.32,161.81,0,99.4,98.45,99.87,126.2,98.81,4857,100.0
2025-10-23 07:15:00,44.96,34.5,32.53,248.81,0,96.43,99.29,99.1,147.57,99.01,4720,100.0
2025-10-23 07:16:00,40.12,37.37,25.87,244.17,0,96.01,99.25,99.34,100.0,98.72,3815,100.0
2025-10-23 07:17:00,43.88,37.64,24.49,158.65,4,98.42,99.53,99.94,122.79,98.74,3709,100.0
2025-10-23 07:18:00,41.29,36.97,21.08,208.38,0,99.59,98.28,99.99,110.05,98.88,4172,100.0
2025-10-23 07:19:00,39.98,35.18,35.62,228.0,5,97.42,98.03,99.56,114.37,99.31,4622,100.0
2025-10-23 07:20:00,36.31,36.72,24.27,160.48,1,97.32,99.94,99.02,100.0,99.49,3872,100.0
2025-10-23 07:21:00,44.3,34.47,41.51,235.49,1,99.48,99.88,99.82,126.62,98.58,3715,100.0
2025-10-23 07:22:00,38.62,36.39,36.35,177.51,2,98.83,98.65,99.32,100.0,99.04,4298,100.0
2025-10-23 07:23:00,41.82,35.71,28.58,183.99,2,96.02,98.06,99.87,116.47,99.16,4858,100.0
2025-10-23 07:24:00,40.24,37.94,41.73,220.43,4,98.06,99.57,99.18,112.49,98.51,4150,100.0
2025-10-23 07:25:00,42.46,34.8,35.74,197.79,3,96.37,99.17,99.11,127.14,99.46,3114,100.0
2025-10-23 07:26:00,40.03,37.12,25.62,178.96,7,97.92,98.38,99.47,100.26,97.12,3878,100.0
2025-10-23 07:27:00,37.9,33.0,22.35,165.78,2,99.29,99.37,99.34,100.0,99.49,3490,100.0
2025-10-23 07:28:00,33.11,32.73,27.7,218.85,3,97.85,98.02,99.21,100.0,98.56,3910,100.0
2025-10-23 07:29:00,45.83,34.36,36.35,246.83,0,99.67,99.64,99.21,174.55,99.3,3222,100.0
2025-10-23 07:30:00,43.32,36.83,30.0,210.92,7,97.26,98.72,99.44,151.66,96.57,3996,100.0
2025-10-23 07:31:00,37.88,38.81,23.89,201.83,1,97.51,99.62,99.14,100.0,98.56,3578,100.0
2025-10-23 07:32:00,39.17,33.64,35.67,164.77,5,99.43,98.18,99.73,100.0,98.78,3030,100.0
2025-10-23 07:33:00,45.17,38.36,26.01,188.94,3,98.59,99.77,99.4,166.73,98.72,3242,100.0
2025-10-23 07:34:00,44.11,34.73,34.29,215.93,1,97.75,98.95,99.95,143.89,99.47,4153,100.0
2025-10-23 07:35:00,35.8,34.82,37.19,188.89,0,96.38,98.47,99.56,100.0,99.03,4492,100.0
2025-10-23 07:36:00,37.51,38.57,27.88,177.09,1,97.99,98.66,99.52,100.0,99.02,3595,100.0
2025-10-23 07:37:00,45.33,37.84,28.35,251.08,0,98.93,99.36,99.07,169.37,98.82,4481,100.0
2025-10-23 07:38:00,44.93,36.82,28.13,196.86,4,99.14,99.88,99.32,138.81,98.51,3231,100.0
2025-10-23 07:39:00,42.83,34.01,27.97,167.78,1,98.89,99.1,99.04,140.45,99.43,3880,100.0
2025-10-23 07:40:00,36.74,35.91,36.13,176.84,2,99.71,99.41,99.43,100.0,99.35,3967,100.0
2025-10-23 07:41:00,42.34,32.73,26.84,209.06,2,97.21,99.48,99.18,127.13,98.92,4526,100.0
2025-10-23 07:42:00,38.34,33.51,30.57,188.36,2,97.84,99.76,99.87,101.84,99.39,3352,100.0
2025-10-23 07:43:00,34.19,36.07,35.21,158.91,3,96.99,99.78,99.43,100.0,98.9,4472,100.0
2025-10-23 07:44:00,39.11,36.78,33.29,219.14,2,99.57,98.29,99.84,100.0,98.84,3654,100.0
2025-10-23 07:45:00,44.44,34.01,36.24,167.27,5,96.89,98.4,99.22,143.46,99.37,3046,100.0
2025-10-23 07:46:00,44.18,35.18,30.18,190.0,2,99.37,99.84,99.9,143.44,98.69,3444,100.0
2025-10-23 07:47:00,39.47,37.44,31.18,236.41,1,99.19,99.76,99.45,100.0,98.54,3125,100.0
2025-10-23 07:48:00,38.1,34.79,29.64,204.39,2,97.47,98.14,99.32,100.0,98.79,4428,100.0
2025-10-23 07:49:00,44.54,38.28,38.08,221.97,4,96.01,98.71,99.4,154.69,99.36,4925,100.0
2025-10-23 07:50:00,43.37,33.47,34.28,188.45,0,98.13,99.17,99.25,151.3,99.11,3351,100.0
2025-10-23 07:51:00,42.09,35.9,31.34,232.84,1,99.12,99.32,99.01,132.4,99.44,4409,100.0
2025-10-23 07:52:00,38.18,34.68,36.37,242.57,1,98.5,99.99,99.3,100.0,99.41,4799,100.0
2025-10-23 07:53:00,39.1,34.22,35.8,249.11,3,98.72,98.78,99.38,100.0,98.59,4770,100.0
2025-10-23 07:54:00,41.94,36.75,26.1,158.39,0,99.77,99.06,99.4,115.81,99.15,3753,100.0
2025-10-23 07:55:00,45.22,36.25,31.6,254.77,2,97.88,98.09,99.17,136.27,99.34,4923,100.0
2025-10-23 07:56:00,41.74,37.59,38.18,166.07,0,99.56,98.94,99.97,118.69,99.01,4245,100.0
2025-10-23 07:57:00,39.7,36.77,43.11,186.21,1,98.56,98.0,99.46,100.0,99.37,4679,100.0
2025-10-23 07:58:00,37.2,35.39,36.13,244.59,2,99.04,99.43,99.76,100.0,98.52,3507,100.0
2025-10-23 07:59:00,44.93,35.0,37.8,194.26,3,96.23,99.51,99.07,158.16,99.06,4640,100.0
2025-10-23 08:00:00,41.34,33.6,36.98,189.91,0,97.55,98.2,99.89,111.7,98.64,3504,100.0
2025-10-23 08:01:00,40.82,36.65,21.4,148.84,2,96.49,98.95,99.77,109.02,98.52,3967,100.0
2025-10-23 08:02:00,41.35,39.63,35.08,218.84,2,97.33,99.43,99.24,108.24,99.08,4256,100.0
2025-10-23 08:03:00,40.53,36.34,27.21,233.5,0,96.75,98.14,99.67,100.0,98.7,3961,100.0
2025-10-23 08:04:00,42.05,40.06,40.68,181.27,2,96.2,99.6,99.54,123.36,98.84,4860,100.0
2025-10-23 08:05:00,43.61,39.67,25.46,215.74,1,97.39,98.43,99.98,137.81,98.82,4328,100.0
2025-10-23 08:06:00,43.69,36.92,28.76,209.76,1,99.51,99.65,99.76,125.8,98.64,3361,100.0
2025-10-23 08:07:00,37.24,39.62,40.34,165.61,2,97.17,98.88,99.02,100.0,99.2,3456,100.0
2025-10-23 08:08:00,36.29,38.47,30.68,209.15,1,98.92,98.4,99.34,100.0,98.92,3586,100.0
2025-10-23 08:09:00,39.48,34.72,28.0,210.87,4,98.5,99.16,99.87,110.61,99.26,4190,100.0
2025-10-23 08:10:00,40.39,33.36,25.04,237.94,1,99.45,99.88,99.53,101.83,99.42,3015,100.0
2025-10-23 08:11:00,42.54,34.13,33.96,178.01,2,98.66,99.8,99.9,141.19,99.02,4535,100.0
2025-10-23 08:12:00,36.13,33.43,21.05,194.63,1,96.49,98.69,99.9,100.0,99.06,3108,100.0
2025-10-23 08:13:00,37.92,35.3,22.74,236.99,4,99.0,99.9,99.16,100.0,98.6,4596,100.0
2025-10-23 08:14:00,43.02,38.31,41.27,171.51,3,99.77,99.47,99.55,124.45,99.42,3017,100.0
2025-10-23 08:15:00,40.28,40.23,34.03,222.73,3,97.46,99.18,99.08,104.7,99.25,4170,100.0
2025-10-23 08:16:00,39.55,33.25,35.63,192.45,1,99.99,99.54,99.4,100.0,99.12,4921,100.0
2025-10-23 08:17:00,43.34,35.59,42.21,183.44,2,99.83,98.43,99.44,120.55,99.37,3443,100.0
2025-10-23 08:18:00,36.09,34.06,24.62,220.2,2,99.57,98.61,99.78,100.0,99.49,4482,100.0
2025-10-23 08:19:00,36.89,32.01,20.42,225.93,4,96.34,99.5,99.27,100.0,99.45,4860,100.0
2025-10-23 08:20:00,37.49,37.65,23.04,216.76,2,99.96,98.71,99.38,100.0,98.67,3542,100.0
2025-10-23 08:21:00,43.95,37.87,34.63,241.2,3,98.58,98.03,99.66,148.32,99.49,4173,100.0
2025-10-23 08:22:00,37.0,38.19,33.97,165.19,2,97.12,98.21,99.25,100.0,98.99,3296,100.0
2025-10-23 08:23:00,38.87,38.65,40.87,206.83,2,99.97,99.49,99.24,100.0,99.15,3645,100.0
2025-10-23 08:24:00,38.87,38.13,41.9,168.44,2,96.08,99.74,99.28,100.0,98.73,4835,100.0
2025-10-23 08:25:00,42.12,36.12,30.44,161.25,5,99.94,98.37,99.73,107.33,99.19,4839,100.0
2025-10-23 08:26:00,38.01,37.98,24.84,161.57,2,98.05,99.37,99.64,100.0,99.18,4319,100.0
2025-10-23 08:27:00,41.91,38.25,33.75,244.87,3,99.28,98.29,99.15,135.89,99.06,3586,100.0
2025-10-23 08:28:00,39.75,35.88,34.23,159.47,4,97.27,99.49,99.74,100.0,98.85,3030,100.0
2025-10-23 08:29:00,38.73,33.47,39.87,218.72,5,96.89,98.82,99.05,100.0,98.58,3105,100.0
2025-10-23 08:30:00,42.15,34.76,31.69,170.03,2,96.27,98.81,99.3,111.96,98.71,3633,100.0
2025-10-23 08:31:00,45.09,38.48,34.47,232.25,0,96.45,98.58,99.64,166.28,98.73,3278,100.0
2025-10-23 08:32:00,41.7,36.07,25.23,218.61,1,99.61,98.01,99.4,109.07,98.55,3160,100.0
2025-10-23 08:33:00,37.83,36.86,28.76,239.34,2,96.17,98.53,99.84,100.0,98.84,3016,100.0
2025-10-23 08:34:00,39.39,36.87,31.59,250.05,1,96.43,98.94,99.63,100.0,99.17,4153,100.0
2025-10-23 08:35:00,39.51,36.61,40.49,175.12,1,96.34,99.9,99.7,100.44,98.83,3368,100.0
2025-10-23 08:36:00,42.71,35.05,32.28,213.53,4,97.54,99.18,99.78,132.65,98.69,3795,100.0
2025-10-23 08:37:00,38.45,34.89,27.12,193.88,3,99.03,98.84,100.0,100.0,98.83,3073,100.0
2025-10-23 08:38:00,42.32,34.65,36.64,187.96,2,99.84,99.03,99.45,117.29,99.33,3705,100.0
2025-10-23 08:39:00,39.21,34.22,33.06,245.6,5,99.22,99.67,99.02,109.77,99.32,4442,100.0
2025-10-23 08:40:00,42.86,36.68,32.98,171.78,3,97.17,99.37,99.86,138.62,98.96,4451,100.0
2025-10-23 08:41:00,36.89,37.85,23.33,160.6,2,97.93,98.13,99.35,100.0,98.72,3391,100.0
2025-10-23 08:42:00,39.44,34.82,37.96,228.42,2,97.66,99.37,99.53,100.0,99.19,4836,100.0
2025-10-23 08:43:00,44.17,37.84,23.03,246.57,2,97.92,99.25,99.28,125.0,99.03,3892,100.0
2025-10-23 08:44:00,36.1,35.57,27.43,247.18,0,98.24,98.3,99.32,100.0,99.5,3064,100.0
2025-10-23 08:45:00,39.81,36.2,36.84,209.58,2,99.39,98.91,99.48,100.0,99.07,3560,100.0
2025-10-23 08:46:00,35.39,33.67,26.32,248.74,2,98.08,99.3,99.0,100.0,99.13,4976,100.0
2025-10-23 08:47:00,38.71,36.01,30.25,146.04,3,97.73,99.45,99.7,100.0,99.47,3782,100.0
2025-10-23 08:48:00,36.46,37.48,33.54,170.71,2,96.79,99.78,99.38,100.0,99.03,3415,100.0
2025-10-23 08:49:00,38.81,32.02,36.02,202.15,2,97.91,99.06,99.92,100.0,99.09,3371,100.0
2025-10-23 08:50:00,42.27,35.84,30.96,177.11,1,98.05,98.01,99.59,103.96,99.44,3955,100.0
2025-10-23 08:51:00,40.25,36.93,25.12,196.06,3,97.54,99.23,99.05,100.0,99.06,4572,100.0
2025-10-23 08:52:00,40.23,37.5,23.14,177.8,5,97.87,98.66,99.05,116.91,98.92,4370,100.0
2025-10-23 08:53:00,36.59,38.02,38.54,198.49,5,97.33,98.61,99.77,100.0,98.54,3176,100.0
2025-10-23 08:54:00,34.59,34.49,38.23,180.02,2,98.44,99.82,99.19,100.0,98.87,3435,100.0
2025-10-23 08:55:00,44.24,36.45,36.27,203.26,1,97.4,99.31,99.35,153.41,99.46,3074,100.0
2025-10-23 08:56:00,43.94,38.51,33.15,196.73,3,97.67,99.69,99.14,144.32,98.85,4771,100.0
2025-10-23 08:57:00,38.65,39.06,22.56,175.21,1,98.95,99.63,99.7,105.3,98.96,4959,100.0
2025-10-23 08:58:00,39.88,38.17,36.05,194.3,2,99.48,99.05,99.84,100.0,98.65,4444,100.0
2025-10-23 08:59:00,37.2,35.94,35.22,208.26,3,99.42,99.69,99.01,100.0,98.65,3665,100.0
2025-10-23 09:00:00,67.65,66.26,66.58,403.9,0,99.68,99.14,99.73,393.74,99.16,6913,100.0
2025-10-23 09:01:00,69.42,63.48,64.06,384.82,1,97.39,98.72,99.29,404.05,99.34,6639,100.0
2025-10-23 09:02:00,69.89,64.55,61.86,358.48,1,96.01,99.87,99.27,405.38,99.44,7636,100.0
2025-10-23 09:03:00,66.93,65.34,61.23,336.44,4,98.11,98.47,99.73,356.26,98.84,6254,100.0
2025-10-23 09:04:00,71.94,64.03,48.56,355.15,3,99.28,99.72,99.13,425.66,99.2,7097,100.0
2025-10-23 09:05:00,70.28,62.09,60.03,329.79,2,98.11,98.97,99.38,406.66,98.52,6984,100.0
2025-10-23 09:06:00,69.78,63.23,61.6,322.53,2,97.87,99.34,99.14,390.26,99.06,6654,100.0
2025-10-23 09:07:00,63.74,59.63,45.83,386.58,1,97.71,99.14,99.5,346.53,99.37,6570,100.0
2025-10-23 09:08:00,73.6,63.76,54.4,385.61,4,98.94,98.87,99.41,447.88,98.63,7856,100.0
2025-10-23 09:09:00,71.02,64.52,55.04,369.25,4,99.12,99.53,99.89,423.46,99.22,7497,100.0
2025-10-23 09:10:00,68.97,65.02,65.43,325.52,0,96.29,98.43,99.92,374.78,99.25,7734,100.0
2025-10-23 09:11:00,74.18,62.8,56.31,334.35,1,96.54,98.82,99.17,437.93,99.35,7309,100.0
2025-10-23 09:12:00,66.46,65.56,50.98,339.85,1,96.69,99.91,99.6,363.59,99.26,7627,100.0
2025-10-23 09:13:00,66.65,64.86,65.2,361.29,4,99.38,99.22,99.37,381.84,99.5,6115,100.0
2025-10-23 09:14:00,65.63,63.88,48.5,375.64,1,99.32,99.14,99.77,363.32,98.93,7397,100.0
2025-10-23 09:15:00,65.31,62.16,61.72,377.12,5,99.12,99.38,99.46,336.58,98.63,6228,100.0
2025-10-23 09:16:00,72.55,64.6,62.07,355.57,3,97.88,99.11,99.55,411.81,99.28,7463,100.0
2025-10-23 09:17:00,66.91,63.02,61.42,298.83,1,99.38,99.6,99.15,367.62,98.8,6802,100.0
2025-10-23 09:18:00,66.36,60.69,48.55,383.87,0,96.81,99.91,99.07,345.1,98.89,6302,100.0
2025-10-23 09:19:00,73.83,64.41,53.35,415.7,4,99.9,99.45,99.58,445.99,98.86,6848,100.0
2025-10-23 09:20:00,70.94,60.2,60.19,306.49,2,99.18,99.57,99.26,392.36,98.67,7505,100.0
2025-10-23 09:21:00,74.34,62.95,50.15,311.89,2,96.34,99.57,99.62,444.78,98.95,7403,100.0
2025-10-23 09:22:00,66.68,64.55,48.63,350.11,5,98.51,99.39,99.59,382.95,99.15,6848,100.0
2025-10-23 09:23:00,75.19,64.23,58.33,366.88,2,99.48,99.51,99.35,440.91,98.89,7610,100.0
2025-10-23 09:24:00,67.51,65.22,54.24,369.62,1,97.3,99.36,99.96,363.39,99.14,6530,100.0
2025-10-23 09:25:00,69.99,62.87,54.5,347.36,1,99.32,98.92,99.33,387.02,99.31,7184,100.0
2025-10-23 09:26:00,68.01,64.79,64.31,369.4,5,98.62,98.38,99.98,380.93,99.44,7427,100.0
2025-10-23 09:27:00,66.53,64.08,64.99,310.84,2,97.49,98.06,99.0,381.19,99.25,6578,100.0
2025-10-23 09:28:00,66.82,64.25,66.19,379.87,3,99.7,99.77,99.59,368.52,98.73,7668,100.0
2025-10-23 09:29:00,70.03,64.01,50.11,324.93,8,98.43,99.64,99.91,401.25,96.92,7457,100.0
2025-10-23 09:30:00,75.01,66.53,53.06,367.01,0,99.19,98.25,99.87,446.42,98.67,7591,100.0
2025-10-23 09:31:00,66.5,61.99,56.83,333.47,1,96.58,99.44,99.17,364.26,99.06,7890,100.0
2025-10-23 09:32:00,66.4,66.31,62.65,308.79,1,98.09,99.26,99.46,373.41,98.85,6352,100.0
2025-10-23 09:33:00,64.91,61.63,54.11,363.77,2,96.93,99.9,99.65,356.22,99.03,6563,100.0
2025-10-23 09:34:00,74.8,61.71,58.02,355.83,2,98.77,98.55,99.65,439.97,98.58,6254,100.0
2025-10-23 09:35:00,72.23,59.9,51.5,323.22,0,98.4,99.6,99.99,439.76,98.55,6515,100.0
2025-10-23 09:36:00,69.6,64.17,60.19,334.77,1,97.92,98.76,99.36,385.35,99.32,7763,100.0
2025-10-23 09:37:00,73.65,62.2,50.95,308.68,2,97.49,99.11,99.16,454.94,99.23,6093,100.0
2025-10-23 09:38:00,67.03,61.52,60.09,370.53,0,98.35,99.92,99.63,388.69,98.88,6919,100.0
2025-10-23 09:39:00,69.84,65.46,53.49,397.77,1,96.41,98.35,99.04,406.09,99.02,7475,100.0
2025-10-23 09:40:00,70.36,60.68,47.73,366.01,5,99.48,98.64,99.92,392.49,99.24,6850,100.0
2025-10-23 09:41:00,68.66,60.24,59.97,316.78,1,98.42,98.46,99.59,404.49,99.42,6400,100.0
2025-10-23 09:42:00,67.31,60.96,62.27,395.24,5,96.25,99.37,99.34,372.65,99.28,7154,100.0
2025-10-23 09:43:00,73.75,63.04,52.44,326.95,0,96.15,98.11,99.27,428.6,98.88,7183,100.0
2025-10-23 09:44:00,71.87,60.29,65.05,324.88,3,97.44,98.84,99.0,408.74,98.79,6905,100.0
2025-10-23 09:45:00,67.01,63.34,59.99,340.23,1,96.12,98.68,99.53,363.55,98.85,7696,100.0
2025-10-23 09:46:00,71.82,65.63,50.55,388.36,2,97.58,98.96,99.67,424.37,99.41,7677,100.0
2025-10-23 09:47:00,65.0,62.5,53.58,396.93,2,98.46,98.41,99.6,364.69,98.52,7009,100.0
2025-10-23 09:48:00,73.59,63.28,56.05,308.06,2,97.65,98.83,99.46,443.41,99.37,6114,100.0
2025-10-23 09:49:00,68.57,61.48,44.88,374.95,0,96.46,98.1,99.2,372.75,98.85,7318,100.0
2025-10-23 09:50:00,66.11,62.94,47.03,321.51,2,98.98,98.38,99.12,354.47,99.05,7977,100.0
2025-10-23 09:51:00,67.57,61.34,45.57,368.51,2,99.07,99.28,99.6,373.87,98.64,7557,100.0
2025-10-23 09:52:00,71.04,62.93,64.43,345.74,3,99.42,99.04,99.24,394.12,98.78,6274,100.0
2025-10-23 09:53:00,64.84,65.62,62.22,371.82,1,97.94,99.48,99.96,362.17,99.39,6477,100.0
2025-10-23 09:54:00,65.92,64.44,63.59,328.39,1,98.71,99.05,99.28,369.9,98.71,6832,100.0
2025-10-23 09:55:00,71.46,61.55,62.47,383.34,1,97.73,98.82,99.5,397.55,99.37,6579,100.0
2025-10-23 09:56:00,73.59,61.49,61.49,328.89,0,98.94,98.7,99.34,444.54,98.82,6236,100.0
2025-10-23 09:57:00,70.27,65.86,49.83,361.58,0,96.2,98.76,99.66,393.72,98.95,6982,100.0
2025-10-23 09:58:00,65.38,62.75,59.48,387.02,0,98.51,99.68,99.26,342.01,98.97,7925,100.0
2025-10-23 09:59:00,72.31,62.83,46.8,357.58,1,98.0,98.68,99.04,432.12,99.23,7237,100.0
2025-10-23 10:00:00,67.44,62.44,46.79,386.27,2,97.3,98.57,99.45,373.72,98.93,7095,100.0
2025-10-23 10:01:00,73.31,60.7,62.71,325.25,3,98.69,99.39,99.57,413.52,99.11,6230,100.0
2025-10-23 10:02:00,72.23,65.51,46.29,339.01,0,97.46,98.98,99.53,416.52,99.23,6831,100.0
2025-10-23 10:03:00,69.68,64.44,49.0,329.66,3,99.96,99.42,99.72,395.45,99.05,7988,100.0
2025-10-23 10:04:00,73.28,62.2,45.04,350.49,0,98.11,99.65,99.54,427.69,99.38,7855,100.0
2025-10-23 10:05:00,68.94,63.34,66.12,320.13,1,96.4,98.54,99.54,378.52,99.19,6695,100.0
2025-10-23 10:06:00,70.84,65.08,53.37,302.78,0,99.18,98.82,99.98,421.64,98.52,7739,100.0
2025-10-23 10:07:00,66.87,62.72,55.86,304.67,0,97.69,99.29,99.26,369.73,98.88,7260,100.0
2025-10-23 10:08:00,75.96,66.32,50.49,351.33,3,98.44,98.22,99.56,449.47,98.71,6500,100.0
2025-10-23 10:09:00,65.75,60.24,58.7,392.89,2,98.17,99.73,99.2,356.26,99.0,7862,100.0
2025-10-23 10:10:00,67.37,63.08,59.72,375.24,3,98.85,99.57,99.94,361.37,99.16,6400,100.0
2025-10-23 10:11:00,68.37,61.0,61.65,392.36,0,99.25,98.48,99.49,393.64,99.01,6462,100.0
2025-10-23 10:12:00,74.5,65.22,63.72,337.13,6,96.09,99.39,99.28,427.38,96.79,7675,100.0
2025-10-23 10:13:00,70.54,64.32,62.84,336.49,0,97.29,99.91,99.48,408.17,99.26,6229,100.0
2025-10-23 10:14:00,67.97,60.94,48.16,331.61,0,99.38,98.61,99.65,371.62,98.71,7427,100.0
2025-10-23 10:15:00,72.29,62.1,59.29,305.74,1,97.64,98.41,99.51,421.5,99.13,6145,100.0
2025-10-23 10:16:00,70.24,66.81,62.9,351.57,1,99.21,98.39,99.27,382.82,98.52,6460,100.0
2025-10-23 10:17:00,73.34,64.39,61.0,380.74,2,96.6,98.59,99.53,418.33,99.24,6743,100.0
2025-10-23 10:18:00,75.64,66.14,58.38,407.25,2,96.59,98.34,99.59,453.06,98.89,6255,100.0
2025-10-23 10:19:00,69.29,62.62,58.89,341.22,1,96.53,98.6,99.04,381.01,98.82,6291,100.0
2025-10-23 10:20:00,69.92,62.93,53.71,338.72,2,98.58,99.22,99.48,414.2,99.01,6606,100.0
2025-10-23 10:21:00,73.07,66.47,61.67,395.54,0,96.48,98.31,99.7,426.26,98.98,6523,100.0
2025-10-23 10:22:00,67.3,61.68,53.49,331.5,3,96.7,98.73,99.15,356.66,98.74,6787,100.0
2025-10-23 10:23:00,71.36,64.7,50.93,384.25,0,97.78,99.27,99.29,420.9,99.37,6178,100.0
2025-10-23 10:24:00,67.41,60.53,58.1,322.92,1,96.98,98.45,99.7,392.3,98.99,7200,100.0
2025-10-23 10:25:00,73.19,62.86,52.05,395.15,3,98.6,99.66,99.67,432.63,99.35,6529,100.0
2025-10-23 10:26:00,74.88,66.87,58.33,354.31,3,97.95,98.74,99.04,453.16,99.37,7842,100.0
2025-10-23 10:27:00,71.22,65.38,61.29,328.11,0,98.99,98.57,99.55,413.15,99.32,7289,100.0
2025-10-23 10:28:00,75.46,65.53,50.68,398.44,3,99.43,99.91,99.85,467.35,98.76,6814,100.0
2025-10-23 10:29:00,73.24,61.18,64.4,324.19,1,96.74,99.17,99.63,423.15,98.62,7099,100.0
2025-10-23 10:30:00,71.5,62.0,64.45,306.19,0,96.5,99.56,99.92,427.91,99.22,6115,100.0
2025-10-23 10:31:00,67.61,65.97,58.93,349.2,1,99.57,99.31,99.47,374.4,99.32,6615,100.0
2025-10-23 10:32:00,65.55,62.85,59.28,392.08,5,97.17,98.67,100.0,354.04,99.26,7627,100.0
2025-10-23 10:33:00,71.23,59.88,46.08,380.35,2,96.35,98.33,99.58,414.11,99.44,7914,100.0
2025-10-23 10:34:00,74.29,65.39,55.91,344.78,3,97.01,99.16,99.41,431.45,99.29,6003,100.0
2025-10-23 10:35:00,68.69,65.77,61.48,341.43,2,96.51,98.77,99.93,400.69,98.55,7024,100.0
2025-10-23 10:36:00,71.25,61.49,50.51,334.4,4,99.58,98.42,99.84,414.21,98.74,6797,100.0
2025-10-23 10:37:00,70.29,65.12,59.08,386.46,3,97.5,99.77,99.7,399.63,98.68,6193,100.0
2025-10-23 10:38:00,67.96,60.5,48.17,380.67,2,97.97,98.55,99.09,398.89,98.96,6786,100.0
2025-10-23 10:39:00,66.2,62.38,57.91,326.51,1,98.11,99.57,99.06,362.72,98.9,6148,100.0
2025-10-23 10:40:00,65.71,61.67,57.78,368.57,3,99.9,99.05,99.32,355.0,98.99,6566,100.0
2025-10-23 10:41:00,67.6,63.35,64.95,330.62,2,99.3,99.44,99.55,364.38,98.59,6463,100.0
2025-10-23 10:42:00,74.7,65.12,59.31,304.78,1,97.39,98.78,99.94,456.72,99.19,6853,100.0
2025-10-23 10:43:00,70.08,62.0,56.77,329.06,1,97.38,98.09,99.01,415.6,99.14,7175,100.0
2025-10-23 10:44:00,74.13,66.94,52.66,387.39,1,97.5,98.87,99.82,421.9,99.1,7785,100.0
2025-10-23 10:45:00,66.58,60.77,66.1,383.14,5,98.33,98.2,99.16,377.16,98.53,6098,100.0
2025-10-23 10:46:00,66.65,61.42,55.15,321.9,2,99.47,98.56,99.61,369.25,98.7,6059,100.0
2025-10-23 10:47:00,73.6,63.01,54.32,376.45,0,99.06,98.82,99.55,446.11,99.05,6123,100.0
2025-10-23 10:48:00,70.49,63.29,51.91,368.77,4,97.61,98.87,99.56,386.87,99.09,6177,100.0
2025-10-23 10:49:00,73.76,66.3,52.49,354.14,2,98.96,99.4,99.57,455.39,99.46,7723,100.0
2025-10-23 10:50:00,72.38,63.18,52.95,336.09,2,98.53,99.58,99.37,427.28,99.25,6870,100.0
2025-10-23 10:51:00,69.14,62.94,46.53,382.64,4,97.39,98.8,99.53,387.93,98.92,6406,100.0
2025-10-23 10:52:00,75.73,61.46,49.09,355.65,1,96.78,98.97,99.61,455.62,98.82,7564,100.0
2025-10-23 10:53:00,75.08,62.82,63.81,346.85,1,98.5,98.2,99.59,470.43,99.25,7790,100.0
2025-10-23 10:54:00,66.74,59.44,54.89,359.26,2,96.34,98.86,99.55,386.73,98.85,7355,100.0
2025-10-23 10:55:00,73.11,61.93,64.48,333.31,1,98.54,99.58,99.28,415.8,98.52,6148,100.0
2025-10-23 10:56:00,66.85,61.6,47.33,334.34,2,96.72,98.23,99.18,356.96,98.63,7583,100.0
2025-10-23 10:57:00,69.93,63.36,53.65,321.85,0,96.3,98.37,99.85,387.94,98.85,7145,100.0
2025-10-23 10:58:00,69.04,64.71,63.45,349.22,5,99.77,98.61,99.87,395.95,99.3,6075,100.0
2025-10-23 10:59:00,67.92,65.19,52.51,371.99,2,96.66,98.31,99.63,366.82,98.98,7955,100.0
2025-10-23 11:00:00,69.78,62.19,53.54,316.86,3,98.61,98.33,99.65,381.06,98.9,7219,100.0
2025-10-23 11:01:00,73.19,64.6,56.17,386.51,4,99.78,98.47,99.92,420.75,99.03,7592,100.0
2025-10-23 11:02:00,74.22,60.01,46.06,380.97,3,96.38,99.94,99.62,459.01,99.41,7306,100.0
2025-10-23 11:03:00,72.15,62.81,49.85,372.99,2,96.58,98.2,99.66,424.1,98.97,7086,100.0
2025-10-23 11:04:00,69.14,64.5,54.67,311.47,2,96.42,98.58,99.88,383.61,98.92,6620,100.0
2025-10-23 11:05:00,74.26,65.53,55.03,375.35,1,98.72,98.57,99.22,459.53,98.74,6118,100.0
2025-10-23 11:06:00,68.68,60.05,46.55,341.93,3,98.41,98.2,99.89,399.03,99.02,6366,100.0
2025-10-23 11:07:00,70.06,62.39,66.69,353.11,1,96.96,99.42,99.53,394.96,98.8,6401,100.0
2025-10-23 11:08:00,69.26,65.31,51.26,351.64,2,98.15,99.72,99.74,411.21,98.91,6922,100.0
2025-10-23 11:09:00,71.23,62.78,54.47,334.44,3,97.01,98.68,99.47,394.06,99.39,7807,100.0
2025-10-23 11:10:00,67.58,63.45,50.46,354.55,4,99.04,99.51,99.93,390.18,99.25,7273,100.0
2025-10-23 11:11:00,68.53,64.86,52.64,349.58,3,97.94,98.54,99.26,378.35,99.21,6994,100.0
2025-10-23 11:12:00,72.86,63.56,55.22,385.87,1,96.08,98.01,99.93,429.19,98.82,7589,100.0
2025-10-23 11:13:00,74.6,60.02,46.51,384.22,4,97.56,99.57,99.23,454.46,98.75,6927,100.0
2025-10-23 11:14:00,71.04,63.31,54.04,336.51,3,97.53,99.27,99.56,417.04,98.81,7576,100.0
2025-10-23 11:15:00,67.32,61.88,47.8,381.3,2,98.82,98.88,99.99,366.69,98.6,7466,100.0
2025-10-23 11:16:00,74.83,61.11,58.55,324.63,1,97.8,98.23,99.3,431.18,98.99,6593,100.0
2025-10-23 11:17:00,71.53,63.21,51.5,313.41,2,99.96,99.28,99.21,428.88,99.38,7147,100.0
2025-10-23 11:18:00,64.02,64.55,47.34,378.53,2,98.33,99.6,99.57,332.5,98.73,6349,100.0
2025-10-23 11:19:00,74.65,64.61,57.44,331.28,2,97.44,98.48,99.65,450.78,98.8,6083,100.0
2025-10-23 11:20:00,70.29,60.72,55.25,359.48,2,96.69,98.72,99.65,409.77,98.71,6262,100.0
2025-10-23 11:21:00,69.12,60.57,61.89,306.55,1,99.23,99.25,99.32,387.41,99.17,6371,100.0
2025-10-23 11:22:00,72.56,63.01,55.0,346.74,4,99.05,98.4,99.01,416.6,98.79,7619,100.0
2025-10-23 11:23:00,73.42,61.25,53.51,330.09,4,98.62,99.84,99.54,426.49,98.9,7509,100.0
2025-10-23 11:24:00,73.39,66.24,62.24,390.34,6,98.19,98.11,99.42,418.39,97.23,7784,100.0
2025-10-23 11:25:00,67.59,62.11,63.99,362.83,2,96.97,99.9,99.72,359.52,98.72,7254,100.0
2025-10-23 11:26:00,66.05,60.38,57.29,385.72,1,96.5,99.87,99.53,359.15,99.39,7014,100.0
2025-10-23 11:27:00,68.96,64.92,54.64,334.85,6,98.56,98.36,99.66,380.61,97.27,6828,100.0
2025-10-23 11:28:00,70.72,65.38,64.57,321.02,5,96.72,98.42,99.22,390.22,99.41,7005,100.0
2025-10-23 11:29:00,65.41,64.12,51.91,304.08,1,99.18,98.51,99.58,334.12,98.78,6363,100.0
2025-10-23 11:30:00,71.28,60.26,48.73,393.07,2,97.29,98.41,99.24,415.43,98.88,6991,100.0
2025-10-23 11:31:00,72.3,62.4,65.09,362.52,1,99.25,98.44,99.73,404.37,99.44,7326,100.0
2025-10-23 11:32:00,72.2,65.5,52.8,382.19,1,96.12,99.32,99.15,403.99,99.48,6484,100.0
2025-10-23 11:33:00,68.86,63.1,48.12,331.89,5,98.25,98.23,99.57,392.38,99.26,7438,100.0
2025-10-23 11:34:00,75.16,63.93,51.13,399.59,3,96.27,99.14,99.87,456.26,98.51,6023,100.0
2025-10-23 11:35:00,73.03,65.66,51.85,350.94,2,99.65,98.99,99.34,414.19,98.96,7539,100.0
2025-10-23 11:36:00,72.17,62.08,60.68,308.43,2,96.82,98.18,99.39,404.35,99.0,7838,100.0
2025-10-23 11:37:00,74.7,61.61,53.82,327.89,0,96.43,99.82,99.31,442.66,98.99,7489,100.0
2025-10-23 11:38:00,67.46,62.17,61.47,320.58,2,99.2,99.71,99.51,367.71,99.27,6641,100.0
2025-10-23 11:39:00,65.5,64.27,53.24,352.18,1,98.23,99.12,99.86,348.66,98.9,7038,100.0
2025-10-23 11:40:00,69.25,61.1,62.55,342.55,1,96.36,99.92,100.0,408.41,98.96,7615,100.0
2025-10-23 11:41:00,72.08,60.85,56.46,389.36,2,97.81,98.98,99.46,421.62,98.65,7589,100.0
2025-10-23 11:42:00,67.82,62.61,49.5,343.05,1,99.03,99.88,99.27,389.29,98.92,7328,100.0
2025-10-23 11:43:00,72.0,61.45,61.32,308.35,2,96.55,99.62,99.59,438.05,99.15,6681,100.0
2025-10-23 11:44:00,67.4,59.79,50.53,323.59,1,98.31,98.43,99.64,359.3,99.43,6052,100.0
2025-10-23 11:45:00,74.87,63.87,60.99,333.77,2,97.92,99.97,99.34,432.69,99.09,7109,100.0
2025-10-23 11:46:00,70.45,65.53,50.39,355.6,0,98.24,98.34,99.96,406.65,99.03,7944,100.0
2025-10-23 11:47:00,69.03,63.34,45.98,366.05,0,99.12,99.75,99.32,405.41,98.98,7143,100.0
2025-10-23 11:48:00,73.42,65.19,54.25,348.12,0,97.3,99.03,99.2,437.26,99.19,7299,100.0
2025-10-23 11:49:00,66.91,62.73,49.87,334.35,2,96.87,98.62,99.28,385.53,99.02,7305,100.0
2025-10-23 11:50:00,73.63,61.06,51.52,319.74,1,99.17,98.5,99.26,427.52,99.25,7848,100.0
2025-10-23 11:51:00,74.8,61.15,51.97,370.82,3,98.56,98.55,99.53,443.45,99.48,6973,100.0
2025-10-23 11:52:00,74.24,64.74,60.41,369.91,2,98.71,98.34,99.68,435.23,98.54,7539,100.0
2025-10-23 11:53:00,66.46,62.06,53.68,318.01,6,96.64,99.18,99.35,349.15,96.74,6949,100.0
2025-10-23 11:54:00,66.65,62.71,56.87,315.06,3,97.15,98.68,99.16,367.48,98.87,6520,100.0
2025-10-23 11:55:00,66.28,60.16,49.9,324.9,1,99.27,98.95,99.62,351.1,98.92,7205,100.0
2025-10-23 11:56:00,71.98,64.21,55.57,384.19,1,98.24,99.4,99.54,433.12,98.8,6130,100.0
2025-10-23 11:57:00,70.08,63.44,60.05,294.82,1,99.1,99.41,99.57,401.04,99.22,6114,100.0
2025-10-23 11:58:00,69.33,62.58,61.09,317.06,2,97.2,99.24,99.09,404.88,99.02,6412,100.0
2025-10-23 11:59:00,69.58,61.16,58.83,369.42,2,98.3,99.33,99.13,404.37,98.94,6733,100.0
2025-10-23 12:00:00,67.75,62.7,53.53,376.37,3,98.88,98.25,99.85,379.14,99.35,7587,100.0
2025-10-23 12:01:00,67.55,59.71,63.22,328.48,3,96.36,98.0,99.44,378.21,98.77,6519,100.0
2025-10-23 12:02:00,72.27,62.87,61.26,379.47,4,98.33,98.92,99.89,434.87,99.02,6540,100.0
2025-10-23 12:03:00,65.68,62.72,51.13,322.44,0,96.14,99.57,99.11,372.32,98.71,7519,100.0
2025-10-23 12:04:00,74.23,62.41,66.22,330.45,2,99.14,99.57,99.2,455.2,98.66,6302,100.0
2025-10-23 12:05:00,73.64,62.15,48.09,398.38,2,98.68,99.72,99.67,445.97,98.68,6768,100.0
2025-10-23 12:06:00,69.51,67.2,50.17,320.26,2,99.95,99.98,99.16,391.19,98.7,6816,100.0
2025-10-23 12:07:00,71.61,65.9,48.0,405.11,4,98.95,98.99,99.29,414.58,98.79,7399,100.0
2025-10-23 12:08:00,66.65,64.15,58.15,364.12,1,96.24,98.86,99.93,367.49,99.38,6193,100.0
2025-10-23 12:09:00,73.77,62.62,58.02,336.92,2,96.98,98.56,99.18,439.84,98.64,6536,100.0
2025-10-23 12:10:00,69.12,58.76,63.7,364.2,4,97.01,98.42,99.75,393.17,99.35,6979,100.0
2025-10-23 12:11:00,72.94,62.12,58.28,365.13,3,96.83,99.5,99.27,425.0,99.3,6679,100.0
2025-10-23 12:12:00,75.71,61.09,63.65,316.94,2,99.71,98.2,99.74,449.99,99.4,6556,100.0
2025-10-23 12:13:00,70.62,60.0,63.84,293.84,2,99.97,98.35,99.31,421.87,98.53,7466,100.0
2025-10-23 12:14:00,72.0,65.08,61.09,371.9,6,98.98,99.89,99.37,431.14,96.79,6351,100.0
2025-10-23 12:15:00,68.75,64.3,51.43,325.92,1,98.44,98.49,99.93,381.33,99.04,6818,100.0
2025-10-23 12:16:00,70.55,64.52,49.34,302.85,2,97.85,99.23,99.97,409.62,98.95,6045,100.0
2025-10-23 12:17:00,68.61,62.53,56.04,380.72,3,96.6,99.71,99.65,369.16,98.8,6305,100.0
2025-10-23 12:18:00,67.73,64.48,49.74,318.21,1,98.96,98.76,99.58,383.79,98.54,7288,100.0
2025-10-23 12:19:00,70.29,60.47,48.45,343.88,2,96.62,99.32,99.82,383.0,98.87,6550,100.0
2025-10-23 12:20:00,68.85,62.29,62.55,378.46,2,97.32,98.64,99.73,390.76,99.23,7181,100.0
2025-10-23 12:21:00,69.29,61.05,52.74,382.91,2,98.68,99.37,99.69,376.55,98.8,6742,100.0
2025-10-23 12:22:00,66.43,61.07,48.85,378.74,1,97.73,99.7,99.87,379.51,99.04,7577,100.0
2025-10-23 12:23:00,69.49,59.52,51.5,385.57,2,97.02,98.66,99.93,392.2,98.86,6478,100.0
2025-10-23 12:24:00,75.61,63.76,56.4,357.88,0,97.2,99.4,99.97,458.82,98.69,6853,100.0
2025-10-23 12:25:00,68.35,59.75,51.04,336.77,1,97.1,99.23,99.58,385.6,98.6,6367,100.0
2025-10-23 12:26:00,71.51,63.62,49.29,312.85,1,97.18,98.06,99.57,431.02,99.04,6127,100.0
2025-10-23 12:27:00,70.38,62.45,63.52,333.25,1,98.89,98.08,99.34,421.74,99.2,7850,100.0
2025-10-23 12:28:00,72.66,64.74,60.05,316.32,1,97.53,98.87,99.74,413.26,99.07,6544,100.0
2025-10-23 12:29:00,70.06,63.69,57.55,321.05,6,98.79,98.64,99.82,399.8,97.08,6520,100.0
2025-10-23 12:30:00,72.19,60.76,50.26,298.62,1,96.94,98.46,99.89,414.97,99.22,6474,100.0
2025-10-23 12:31:00,73.19,64.14,61.22,344.43,3,99.81,98.27,99.14,430.34,99.42,6043,100.0
2025-10-23 12:32:00,67.09,59.43,61.55,296.1,1,99.19,99.49,99.72,380.37,99.44,6833,100.0
2025-10-23 12:33:00,72.63,60.36,54.04,295.94,1,99.64,98.63,99.67,439.62,98.83,6338,100.0
2025-10-23 12:34:00,69.92,59.6,47.43,359.57,3,99.38,98.78,99.97,382.5,99.48,7692,100.0
2025-10-23 12:35:00,74.34,65.56,63.92,384.91,4,98.84,99.64,99.74,424.85,99.24,6046,100.0
2025-10-23 12:36:00,74.53,65.97,59.28,324.55,2,97.7,99.74,99.52,453.48,99.0,7234,100.0
2025-10-23 12:37:00,66.05,65.68,54.84,375.43,2,99.74,99.66,99.83,359.15,99.3,7150,100.0
2025-10-23 12:38:00,72.78,61.59,53.79,369.71,4,97.73,98.88,99.05,414.72,98.65,7234,100.0
2025-10-23 12:39:00,69.14,61.96,54.9,332.51,1,96.22,99.3,99.23,397.1,98.56,6494,100.0
2025-10-23 12:40:00,67.81,62.61,55.93,360.63,3,96.61,99.69,99.41,392.0,98.92,6043,100.0
2025-10-23 12:41:00,67.96,63.07,54.16,341.99,4,98.21,99.93,99.75,373.23,98.86,6607,100.0
2025-10-23 12:42:00,67.12,62.41,55.93,356.86,1,96.9,99.74,99.83,384.09,98.71,6116,100.0
2025-10-23 12:43:00,70.49,65.41,51.0,391.68,1,97.19,98.3,99.87,401.36,98.69,6294,100.0
2025-10-23 12:44:00,65.92,59.8,46.2,398.28,4,98.1,98.64,99.55,352.47,98.68,7345,100.0
2025-10-23 12:45:00,65.34,65.34,48.88,361.27,1,99.61,98.71,100.0,336.12,99.22,6321,100.0
2025-10-23 12:46:00,67.83,61.1,60.11,375.84,2,98.37,98.3,99.81,390.19,99.09,7492,100.0
2025-10-23 12:47:00,72.78,63.95,56.12,340.6,2,98.93,99.98,99.05,416.97,98.71,7665,100.0
2025-10-23 12:48:00,70.49,65.72,56.79,370.77,0,98.61,98.48,99.87,414.95,98.61,6206,100.0
2025-10-23 12:49:00,65.38,58.84,58.26,385.94,2,99.22,99.92,99.01,354.77,98.95,6828,100.0
2025-10-23 12:50:00,65.88,58.77,53.43,369.29,0,98.95,98.54,99.38,378.3,99.18,7438,100.0
2025-10-23 12:51:00,71.13,62.01,59.6,346.24,5,97.48,99.74,99.14,402.43,98.62,6084,100.0
2025-10-23 12:52:00,67.11,65.39,54.4,365.9,2,96.46,99.85,99.08,359.85,98.94,7642,100.0
2025-10-23 12:53:00,71.26,63.6,60.08,381.4,1,96.51,98.33,99.04,422.53,99.38,7421,100.0
2025-10-23 12:54:00,70.62,65.23,65.26,376.39,3,96.61,98.69,99.75,388.88,98.84,6637,100.0
2025-10-23 12:55:00,68.63,61.86,59.06,356.44,2,97.6,98.23,99.16,379.8,99.23,6300,100.0
2025-10-23 12:56:00,71.84,61.28,65.75,319.19,0,97.22,98.05,99.03,421.58,99.39,6805,100.0
2025-10-23 12:57:00,66.85,64.61,46.06,341.5,1,97.64,99.09,99.45,388.07,98.53,7515,100.0
2025-10-23 12:58:00,66.92,65.6,60.36,345.81,4,98.47,99.96,99.21,380.95,98.68,6904,100.0
2025-10-23 12:59:00,65.23,61.58,60.91,301.47,3,96.69,98.41,99.24,357.88,99.5,7047,100.0
2025-10-23 13:00:00,67.51,60.87,59.03,325.65,1,99.67,98.68,99.45,364.46,98.58,7025,100.0
2025-10-23 13:01:00,72.83,61.47,60.76,298.99,1,97.61,99.79,99.37,432.46,99.4,6719,100.0
2025-10-23 13:02:00,67.77,63.94,62.17,368.68,0,96.47,99.46,99.94,385.53,98.73,6215,100.0
2025-10-23 13:03:00,73.54,60.42,48.79,358.5,1,96.57,99.89,99.12,452.61,98.83,7643,100.0
2025-10-23 13:04:00,72.73,61.62,53.69,355.44,2,97.22,99.73,99.24,422.01,98.89,6308,100.0
2025-10-23 13:05:00,69.14,65.39,63.63,361.32,2,98.79,99.99,99.23,410.73,99.5,6283,100.0
2025-10-23 13:06:00,69.88,62.23,58.81,385.37,0,98.14,99.3,99.03,414.37,99.45,7224,100.0
2025-10-23 13:07:00,66.7,65.99,62.63,305.49,1,96.56,98.39,99.4,382.03,98.53,7378,100.0
2025-10-23 13:08:00,73.26,65.49,60.4,366.48,0,98.08,98.94,99.52,429.86,99.41,7778,100.0
2025-10-23 13:09:00,66.58,63.44,65.52,361.51,2,97.3,98.04,99.92,359.83,98.87,7519,100.0
2025-10-23 13:10:00,71.62,63.29,63.32,353.05,2,96.42,99.29,99.11,432.51,99.2,6452,100.0
2025-10-23 13:11:00,68.22,64.58,62.91,386.1,1,99.27,99.58,99.84,368.54,99.18,7920,100.0
2025-10-23 13:12:00,68.46,62.49,56.57,393.83,0,99.96,99.54,99.36,378.74,98.98,7750,100.0
2025-10-23 13:13:00,64.2,62.56,46.14,306.68,2,96.66,98.42,99.77,347.02,99.24,6739,100.0
2025-10-23 13:14:00,66.55,62.41,51.39,330.4,1,97.78,99.28,99.87,360.38,98.82,6735,100.0
2025-10-23 13:15:00,69.82,61.74,50.82,336.59,3,98.41,99.94,99.95,395.58,98.57,7805,100.0
2025-10-23 13:16:00,71.87,66.13,55.55,334.04,2,99.54,99.18,99.73,410.2,99.49,6561,100.0
2025-10-23 13:17:00,66.71,64.76,62.9,339.96,2,99.25,99.51,99.49,365.28,98.68,7274,100.0
2025-10-23 13:18:00,70.26,60.38,64.81,331.8,2,99.85,98.33,99.69,386.9,98.78,7444,100.0
2025-10-23 13:19:00,73.43,63.1,62.17,395.45,2,98.91,99.31,99.39,423.42,99.12,6860,100.0
2025-10-23 13:20:00,72.32,62.45,62.99,309.1,2,96.69,98.76,99.27,412.1,99.45,6689,100.0
2025-10-23 13:21:00,64.68,64.71,54.05,369.01,2,98.65,99.65,99.24,358.88,99.29,7928,100.0
2025-10-23 13:22:00,70.72,65.41,45.9,361.8,2,98.85,99.99,99.48,409.64,98.91,7947,100.0
2025-10-23 13:23:00,74.94,66.45,66.41,393.09,1,96.69,99.77,99.73,464.36,99.27,6279,100.0
2025-10-23 13:24:00,70.79,63.26,57.56,339.46,3,96.81,99.51,99.87,401.86,98.65,7717,100.0
2025-10-23 13:25:00,67.27,61.55,47.98,391.67,1,99.81,98.67,99.75,361.96,99.23,6464,100.0
2025-10-23 13:26:00,72.12,63.73,63.84,333.33,3,99.08,98.89,99.4,423.04,99.44,6167,100.0
2025-10-23 13:27:00,71.67,62.17,65.69,323.76,0,99.86,99.13,99.83,415.55,98.94,7823,100.0
2025-10-23 13:28:00,67.79,65.83,52.88,306.5,3,99.0,98.66,99.15,373.6,98.96,7484,100.0
2025-10-23 13:29:00,67.06,64.94,56.11,390.73,2,96.42,98.74,99.41,373.29,99.36,6927,100.0
2025-10-23 13:30:00,73.1,62.41,50.1,332.92,0,99.61,99.22,99.86,443.84,98.65,6886,100.0
2025-10-23 13:31:00,74.34,61.12,46.62,332.7,1,97.71,98.51,99.21,433.96,98.61,6153,100.0
2025-10-23 13:32:00,73.63,65.44,61.28,398.5,4,96.37,99.47,99.03,448.93,98.87,6384,100.0
2025-10-23 13:33:00,69.2,64.31,51.63,317.98,5,96.03,98.56,99.93,410.41,99.01,7120,100.0
2025-10-23 13:34:00,67.65,63.7,54.33,332.95,6,97.97,98.71,99.9,367.01,97.3,7817,100.0
2025-10-23 13:35:00,72.09,63.85,46.71,318.83,2,96.08,98.62,99.64,421.42,98.51,6303,100.0
2025-10-23 13:36:00,65.35,59.69,62.18,343.03,1,97.95,99.29,99.12,369.56,99.28,7603,100.0
2025-10-23 13:37:00,71.4,62.78,59.84,327.69,1,97.91,98.3,99.53,415.81,99.37,7518,100.0
2025-10-23 13:38:00,75.29,64.75,62.34,329.65,2,97.58,98.71,99.29,450.56,99.29,7881,100.0
2025-10-23 13:39:00,68.63,63.51,61.23,307.3,4,99.57,99.28,99.82,370.64,99.33,7252,100.0
2025-10-23 13:40:00,75.3,63.93,67.73,345.05,1,99.67,99.7,99.12,462.49,98.87,6959,100.0
2025-10-23 13:41:00,66.19,61.65,65.58,344.32,0,98.06,99.99,99.33,347.56,99.14,7839,100.0
2025-10-23 13:42:00,67.24,65.0,62.86,386.93,2,99.09,99.47,99.1,353.17,99.45,6034,100.0
2025-10-23 13:43:00,72.19,63.4,62.45,313.29,4,97.75,99.97,99.56,432.04,98.59,6925,100.0
2025-10-23 13:44:00,67.39,61.32,46.99,325.55,5,98.44,99.61,99.59,375.59,99.03,7015,100.0
2025-10-23 13:45:00,72.87,63.92,50.4,343.79,2,96.5,98.23,99.3,424.85,99.18,7969,100.0
2025-10-23 13:46:00,67.91,63.12,49.23,358.54,0,96.76,99.42,99.28,375.87,99.33,6089,100.0
2025-10-23 13:47:00,66.47,62.3,60.93,329.82,2,96.93,99.15,99.86,360.93,98.75,6841,100.0
2025-10-23 13:48:00,71.28,61.77,59.22,386.72,6,96.04,98.51,99.22,397.24,97.44,6262,100.0
2025-10-23 13:49:00,68.31,62.52,59.17,380.13,4,97.6,99.66,99.25,393.09,98.86,6355,100.0
2025-10-23 13:50:00,67.47,64.11,62.18,381.91,3,99.97,98.84,99.28,354.8,98.63,7513,100.0
2025-10-23 13:51:00,71.03,61.14,64.08,381.28,1,96.74,99.29,99.7,406.18,99.24,7983,100.0
2025-10-23 13:52:00,70.33,61.25,66.67,385.18,1,99.04,99.34,99.57,408.21,99.42,6013,100.0
2025-10-23 13:53:00,67.76,66.26,47.36,396.32,0,99.12,99.78,99.61,383.27,98.55,6421,100.0
2025-10-23 13:54:00,67.67,63.58,56.29,374.89,2,96.65,98.32,99.89,392.8,99.31,6349,100.0
2025-10-23 13:55:00,71.4,59.62,55.09,363.38,0,98.39,98.5,99.5,409.35,99.19,6978,100.0
2025-10-23 13:56:00,75.14,65.22,58.16,391.18,1,96.07,99.45,99.75,468.42,99.32,7279,100.0
2025-10-23 13:57:00,66.64,63.37,54.43,321.89,1,98.52,99.22,99.3,363.55,98.62,6051,100.0
2025-10-23 13:58:00,66.24,65.48,57.45,303.13,3,96.38,99.9,99.26,367.27,99.36,6663,100.0
2025-10-23 13:59:00,72.38,66.76,64.14,383.46,2,98.76,98.29,99.86,404.55,98.67,6963,100.0
2025-10-23 14:00:00,67.6,61.07,52.88,346.92,2,97.13,99.01,99.05,360.52,99.3,6987,100.0
2025-10-23 14:01:00,64.33,61.64,52.63,317.96,1,97.8,98.82,99.61,361.03,98.69,6834,100.0
2025-10-23 14:02:00,73.26,62.84,60.33,328.33,0,99.33,98.95,99.4,449.71,99.21,7354,100.0
2025-10-23 14:03:00,69.12,62.89,57.84,376.11,1,98.73,99.55,99.94,387.53,98.76,7851,100.0
2025-10-23 14:04:00,70.5,59.95,50.23,305.6,1,97.2,98.18,99.48,413.34,98.55,7764,100.0
2025-10-23 14:05:00,71.68,63.23,54.07,340.07,1,96.32,98.62,99.67,408.32,99.31,6760,100.0
2025-10-23 14:06:00,68.96,60.74,55.26,305.98,2,97.6,99.33,99.17,370.62,99.01,6947,100.0
2025-10-23 14:07:00,73.66,63.35,48.56,382.16,3,98.26,99.73,99.74,447.36,98.59,6293,100.0
2025-10-23 14:08:00,73.24,60.93,57.83,351.12,2,96.6,98.9,99.88,439.26,99.24,6186,100.0
2025-10-23 14:09:00,71.55,66.55,64.78,408.93,1,99.6,99.91,99.93,426.34,98.71,6278,100.0
2025-10-23 14:10:00,73.76,62.1,45.85,311.22,3,98.59,98.06,99.1,439.04,99.2,7828,100.0
2025-10-23 14:11:00,69.81,61.04,65.01,345.89,3,98.16,99.25,99.89,387.46,99.06,7840,100.0
2025-10-23 14:12:00,74.73,62.18,52.25,388.9,1,98.93,98.33,99.83,446.95,98.95,6270,100.0
2025-10-23 14:13:00,70.66,64.45,58.71,326.03,4,96.41,98.56,99.56,393.44,98.54,6897,100.0
2025-10-23 14:14:00,68.59,63.88,64.26,321.45,3,96.21,99.45,99.9,403.07,99.19,7573,100.0
2025-10-23 14:15:00,63.88,59.59,49.42,343.98,2,99.1,99.43,99.75,352.0,99.33,7559,100.0
2025-10-23 14:16:00,65.37,64.59,47.4,399.2,1,97.87,99.65,99.18,355.2,98.5,7576,100.0
2025-10-23 14:17:00,66.33,61.86,55.99,311.4,2,98.94,99.79,99.91,360.54,98.86,7858,100.0
2025-10-23 14:18:00,74.4,63.38,56.33,305.48,1,99.5,99.29,99.12,438.51,99.31,6280,100.0
2025-10-23 14:19:00,65.99,62.27,47.59,331.73,4,99.38,98.24,99.92,348.59,99.45,7595,100.0
2025-10-23 14:20:00,65.51,61.23,58.84,350.33,1,96.32,99.38,99.85,349.44,98.67,6616,100.0
2025-10-23 14:21:00,68.79,63.53,53.86,388.06,1,96.99,98.93,99.78,402.69,98.69,6006,100.0
2025-10-23 14:22:00,72.87,63.04,53.73,312.93,3,99.02,99.0,99.79,410.85,99.36,6524,100.0
2025-10-23 14:23:00,67.17,60.55,63.15,308.38,4,99.23,99.89,99.37,385.07,99.27,7179,100.0
2025-10-23 14:24:00,66.92,61.69,64.63,330.54,2,96.34,99.53,99.66,363.06,99.02,7744,100.0
2025-10-23 14:25:00,63.63,64.22,53.6,376.91,1,99.13,99.47,99.04,353.95,99.13,6335,100.0
2025-10-23 14:26:00,65.76,61.11,65.14,375.32,1,96.87,98.89,99.75,337.72,98.54,7740,100.0
2025-10-23 14:27:00,72.12,63.4,54.97,309.39,0,99.62,98.77,99.7,419.41,99.23,6386,100.0
2025-10-23 14:28:00,65.11,61.83,54.4,337.86,1,97.48,98.65,99.77,332.51,98.78,7836,100.0
2025-10-23 14:29:00,67.71,60.69,60.85,303.32,3,97.18,99.13,99.23,363.13,98.93,6144,100.0
2025-10-23 14:30:00,68.06,64.52,52.52,374.56,1,99.07,98.9,99.07,390.04,98.99,6632,100.0
2025-10-23 14:31:00,75.66,65.8,47.49,363.01,1,96.05,99.17,99.32,464.7,98.95,7532,100.0
2025-10-23 14:32:00,69.72,66.33,52.67,354.13,2,97.42,98.43,99.9,403.37,98.79,7131,100.0
2025-10-23 14:33:00,74.6,66.41,48.57,384.02,6,99.67,99.18,99.51,459.41,97.39,7402,100.0
2025-10-23 14:34:00,73.29,63.32,64.77,390.08,2,98.53,98.53,99.67,444.82,98.91,6031,100.0
2025-10-23 14:35:00,73.31,63.04,51.95,361.66,1,98.59,98.57,99.8,450.74,98.6,7834,100.0
2025-10-23 14:36:00,65.01,63.77,52.62,317.79,0,96.78,98.47,99.8,361.48,98.99,7106,100.0
2025-10-23 14:37:00,74.89,65.98,63.28,340.96,5,97.35,98.48,99.14,457.98,99.28,6717,100.0
2025-10-23 14:38:00,72.19,61.05,52.95,367.77,2,97.11,99.57,99.24,429.94,99.37,6783,100.0
2025-10-23 14:39:00,65.02,60.81,52.18,318.72,2,96.26,99.71,99.52,367.57,98.5,6000,100.0
2025-10-23 14:40:00,73.97,64.59,55.91,347.01,3,98.57,99.71,99.87,430.42,99.38,7849,100.0
2025-10-23 14:41:00,67.8,64.72,56.43,348.71,1,99.28,98.05,99.58,366.99,99.17,7050,100.0
2025-10-23 14:42:00,68.54,64.64,54.81,313.35,1,97.19,99.81,99.09,385.57,99.3,7809,100.0
2025-10-23 14:43:00,68.53,59.37,62.75,364.58,1,96.19,98.38,99.78,369.63,98.63,6391,100.0
2025-10-23 14:44:00,72.81,60.62,63.16,392.34,1,96.96,98.53,99.54,414.46,98.58,6352,100.0
2025-10-23 14:45:00,67.86,59.98,49.49,314.68,1,99.17,99.02,99.76,376.61,99.4,6553,100.0
2025-10-23 14:46:00,73.22,59.71,54.54,339.07,4,96.98,99.61,99.23,448.38,99.04,6163,100.0
2025-10-23 14:47:00,65.69,64.94,63.61,326.41,3,97.79,99.82,99.62,353.21,98.65,7452,100.0
2025-10-23 14:48:00,71.5,63.7,51.42,373.3,2,97.33,98.7,99.79,415.49,99.43,7501,100.0
2025-10-23 14:49:00,68.7,59.76,48.74,307.63,3,97.98,98.96,99.44,379.09,98.98,7033,100.0
2025-10-23 14:50:00,72.79,60.78,62.24,371.8,3,98.72,99.62,99.91,416.58,99.48,7930,100.0
2025-10-23 14:51:00,69.33,64.7,48.29,323.55,4,96.67,99.32,99.56,377.98,98.73,6839,100.0
2025-10-23 14:52:00,66.48,64.06,65.17,342.98,1,96.2,98.36,99.09,364.55,99.48,7574,100.0
2025-10-23 14:53:00,71.47,63.26,58.79,339.86,1,98.11,99.89,99.65,425.61,98.59,7521,100.0
2025-10-23 14:54:00,70.17,63.43,60.33,331.49,2,97.29,99.71,99.31,406.11,99.44,6519,100.0
2025-10-23 14:55:00,65.92,60.29,54.42,308.47,5,98.44,98.23,99.48,357.75,98.77,7659,100.0
2025-10-23 14:56:00,70.11,62.81,46.96,371.12,0,99.28,98.53,99.12,397.79,99.06,6620,100.0
2025-10-23 14:57:00,64.71,58.98,58.57,381.09,0,96.92,98.04,99.89,344.86,99.43,6936,100.0
2025-10-23 14:58:00,72.85,61.02,55.95,391.47,4,98.3,98.84,99.26,439.43,99.13,7580,100.0
2025-10-23 14:59:00,66.3,64.38,49.38,353.24,0,98.16,98.2,99.33,377.47,99.39,7534,100.0
2025-10-23 15:00:00,68.35,64.9,54.06,327.65,1,98.75,98.37,99.55,379.2,99.07,6491,100.0
2025-10-23 15:01:00,66.24,59.44,59.67,297.68,2,97.54,98.84,99.22,367.95,98.53,6395,100.0
2025-10-23 15:02:00,69.11,65.19,56.85,360.01,3,96.95,99.55,99.39,374.76,98.54,6827,100.0
2025-10-23 15:03:00,70.56,65.3,58.91,384.1,3,98.83,99.43,99.79,396.41,98.92,6479,100.0
2025-10-23 15:04:00,74.12,63.54,67.01,389.91,2,97.86,98.72,99.71,421.95,99.33,6833,100.0
2025-10-23 15:05:00,69.52,60.96,64.57,338.93,2,98.54,99.97,99.65,399.5,98.94,6567,100.0
2025-10-23 15:06:00,66.48,62.07,47.76,373.48,0,97.29,99.03,99.93,367.78,98.79,6704,100.0
2025-10-23 15:07:00,68.17,60.91,48.67,346.95,1,96.87,99.04,99.26,371.19,99.12,7378,100.0
2025-10-23 15:08:00,72.47,64.01,47.21,335.14,1,96.78,99.26,99.28,417.68,99.02,7501,100.0
2025-10-23 15:09:00,68.38,64.16,46.53,367.38,3,99.29,99.66,99.38,396.65,99.18,6818,100.0
2025-10-23 15:10:00,72.83,59.45,57.04,364.05,1,96.19,98.32,99.81,446.1,99.4,6730,100.0
2025-10-23 15:11:00,71.33,64.27,61.32,301.64,3,98.06,98.79,99.65,412.24,98.87,6695,100.0
2025-10-23 15:12:00,70.3,63.62,48.43,392.02,1,96.32,99.29,99.34,395.8,99.34,6690,100.0
2025-10-23 15:13:00,70.1,62.31,50.04,327.06,4,98.65,99.5,99.43,403.78,98.66,6636,100.0
2025-10-23 15:14:00,67.14,66.51,65.53,326.3,2,99.13,98.69,99.56,369.42,99.26,6957,100.0
2025-10-23 15:15:00,72.24,66.25,61.55,360.62,1,96.23,99.91,99.19,413.5,99.11,7655,100.0
2025-10-23 15:16:00,75.14,60.6,54.35,393.15,2,98.02,99.84,99.26,468.57,98.51,6157,100.0
2025-10-23 15:17:00,70.13,60.91,50.87,331.56,4,98.64,98.41,99.6,387.18,98.95,6923,100.0
2025-10-23 15:18:00,69.09,60.91,47.83,391.93,1,96.13,99.06,99.14,387.63,99.02,6458,100.0
2025-10-23 15:19:00,67.49,60.5,58.21,322.56,4,99.88,99.93,99.32,385.97,98.62,7561,100.0
2025-10-23 15:20:00,69.07,61.6,47.35,354.29,1,96.92,99.72,99.34,406.19,98.83,6358,100.0
2025-10-23 15:21:00,69.75,62.57,57.36,325.13,1,99.71,99.37,99.76,385.26,99.16,7525,100.0
2025-10-23 15:22:00,71.0,62.94,56.55,313.43,2,98.22,99.54,99.81,401.1,98.66,6402,100.0
2025-10-23 15:23:00,67.37,65.35,48.3,385.65,1,96.5,98.21,99.1,367.39,99.02,6401,100.0
2025-10-23 15:24:00,73.99,61.0,49.01,385.37,2,96.1,99.83,99.7,452.18,98.8,6006,100.0
2025-10-23 15:25:00,70.52,66.46,64.84,310.67,1,99.32,99.65,99.19,406.55,99.0,6828,100.0
2025-10-23 15:26:00,68.48,62.74,45.42,387.56,1,97.88,98.08,99.55,399.61,99.4,6652,100.0
2025-10-23 15:27:00,70.91,64.9,51.37,354.44,2,97.63,98.32,99.3,402.27,98.93,7833,100.0
2025-10-23 15:28:00,71.15,65.01,62.92,375.11,3,98.47,99.03,99.8,427.58,98.63,7381,100.0
2025-10-23 15:29:00,74.57,65.56,62.76,305.17,1,99.71,99.5,99.53,464.85,98.69,7283,100.0
2025-10-23 15:30:00,68.25,60.21,57.93,333.79,0,99.8,99.0,99.71,370.34,98.63,7804,100.0
2025-10-23 15:31:00,72.01,63.79,57.53,329.13,2,99.72,98.52,99.86,431.01,98.88,6508,100.0
2025-10-23 15:32:00,68.08,65.75,60.96,393.64,1,99.7,99.2,99.61,384.2,98.97,6510,100.0
2025-10-23 15:33:00,72.57,65.39,65.77,314.41,3,96.74,98.73,99.06,434.91,99.17,7717,100.0
2025-10-23 15:34:00,76.47,67.2,49.36,309.86,5,96.67,99.81,99.65,451.95,99.06,6656,100.0
2025-10-23 15:35:00,65.48,60.35,56.2,351.49,3,96.82,98.83,99.92,353.95,99.37,6319,100.0
2025-10-23 15:36:00,74.22,65.09,59.06,366.59,1,98.2,98.67,99.51,459.4,98.51,6834,100.0
2025-10-23 15:37:00,69.16,66.39,66.3,362.69,2,98.25,98.05,99.97,384.42,99.02,6835,100.0
2025-10-23 15:38:00,68.81,60.94,54.24,400.49,1,99.38,99.74,99.34,380.09,99.15,6410,100.0
2025-10-23 15:39:00,69.59,60.66,51.85,328.5,4,97.59,98.6,99.35,386.48,98.88,6282,100.0
2025-10-23 15:40:00,69.4,61.97,49.13,339.59,2,99.81,99.1,99.53,390.39,99.06,7969,100.0
2025-10-23 15:41:00,66.69,65.01,48.13,306.85,2,98.92,99.07,99.01,359.1,98.56,7852,100.0
2025-10-23 15:42:00,73.76,63.99,56.43,336.74,3,98.96,98.16,99.73,446.84,99.02,6526,100.0
2025-10-23 15:43:00,71.21,61.5,52.72,347.21,1,96.63,99.22,99.68,395.43,98.53,6294,100.0
2025-10-23 15:44:00,74.5,64.21,65.6,345.35,2,96.11,98.29,99.51,442.24,99.04,7600,100.0
2025-10-23 15:45:00,73.9,66.37,57.83,338.1,1,97.3,98.79,99.07,444.33,99.07,6923,100.0
2025-10-23 15:46:00,71.72,65.56,57.42,369.69,4,99.0,99.11,99.48,415.51,98.89,6532,100.0
2025-10-23 15:47:00,65.38,64.07,64.07,393.31,1,99.51,99.5,99.25,365.99,98.97,7775,100.0
2025-10-23 15:48:00,72.87,60.65,58.02,375.32,1,97.22,99.39,99.54,433.58,98.57,6275,100.0
2025-10-23 15:49:00,69.89,60.61,55.34,365.85,1,98.97,98.73,99.68,384.7,99.02,7675,100.0
2025-10-23 15:50:00,75.87,61.93,60.78,329.96,1,96.43,98.93,99.64,458.73,99.2,7602,100.0
2025-10-23 15:51:00,73.53,63.22,51.34,350.02,1,98.12,98.05,99.61,448.2,99.5,7843,100.0
2025-10-23 15:52:00,65.64,65.76,47.41,340.02,4,97.63,98.65,99.74,360.19,98.98,6201,100.0
2025-10-23 15:53:00,64.59,62.24,57.29,360.24,2,99.18,99.35,99.83,359.59,98.85,6526,100.0
2025-10-23 15:54:00,66.69,59.06,64.02,321.87,5,99.45,98.68,99.11,358.62,98.82,7436,100.0
2025-10-23 15:55:00,67.17,62.26,48.01,387.21,3,97.54,99.81,99.14,382.29,98.55,6623,100.0
2025-10-23 15:56:00,71.84,60.48,59.48,380.97,5,96.84,99.51,99.65,425.46,98.74,6799,100.0
2025-10-23 15:57:00,68.76,61.29,51.25,405.38,1,98.79,99.2,99.75,393.72,98.72,7001,100.0
2025-10-23 15:58:00,74.32,63.96,61.11,300.25,2,99.39,98.28,99.64,445.31,99.35,6623,100.0
2025-10-23 15:59:00,67.12,64.54,49.7,370.99,3,97.97,98.07,99.13,369.44,98.54,6126,100.0
2025-10-23 16:00:00,72.12,60.01,65.3,325.53,1,98.41,98.04,99.09,405.19,99.16,6659,100.0
2025-10-23 16:01:00,68.8,65.27,49.42,304.12,1,96.58,98.82,99.67,377.67,99.38,6724,100.0
2025-10-23 16:02:00,72.25,65.08,56.58,384.97,2,96.97,99.43,99.08,427.97,99.44,6912,100.0
2025-10-23 16:03:00,69.91,63.81,61.14,339.64,0,98.01,98.84,99.53,407.73,98.78,7010,100.0
2025-10-23 16:04:00,68.17,62.01,57.32,367.61,0,99.51,98.73,99.64,366.64,99.07,7356,100.0
2025-10-23 16:05:00,64.93,64.24,59.51,345.18,2,96.46,99.4,99.25,347.68,99.04,6916,100.0
2025-10-23 16:06:00,67.6,64.58,63.51,354.66,1,96.15,98.39,99.36,363.36,99.13,6553,100.0
2025-10-23 16:07:00,73.1,63.09,53.2,387.51,4,97.69,99.29,99.17,444.1,99.44,6195,100.0
2025-10-23 16:08:00,68.31,60.07,54.24,358.33,6,97.06,99.04,99.18,385.68,97.18,6120,100.0
2025-10-23 16:09:00,72.09,61.16,52.26,375.24,1,98.36,98.33,99.27,425.12,98.96,7319,100.0
2025-10-23 16:10:00,72.91,62.85,54.09,360.71,3,98.72,99.48,99.9,446.94,99.01,6867,100.0
2025-10-23 16:11:00,69.5,63.99,45.81,314.74,2,99.76,98.59,99.29,412.0,98.88,6987,100.0
2025-10-23 16:12:00,66.84,62.37,58.81,348.8,1,99.86,98.04,99.15,349.18,99.09,6025,100.0
2025-10-23 16:13:00,69.72,65.29,48.12,337.39,2,96.02,99.56,99.84,394.41,99.39,6762,100.0
2025-10-23 16:14:00,64.49,59.83,53.95,394.57,3,97.85,99.01,99.77,329.85,98.83,6341,100.0
2025-10-23 16:15:00,75.34,61.59,62.51,351.75,3,98.6,100.0,99.73,465.22,99.13,6736,100.0
2025-10-23 16:16:00,69.03,62.79,63.27,387.67,0,98.53,99.59,99.54,374.1,98.73,6627,100.0
2025-10-23 16:17:00,71.99,60.66,57.35,312.68,2,98.84,98.16,99.27,425.51,99.44,7241,100.0
2025-10-23 16:18:00,70.27,62.34,66.35,311.58,2,99.21,98.89,99.8,384.54,99.47,7342,100.0
2025-10-23 16:19:00,65.74,60.22,58.14,398.94,4,98.87,98.0,99.31,374.38,98.87,6669,100.0
2025-10-23 16:20:00,71.25,58.74,56.84,358.04,2,98.51,99.45,99.17,398.86,98.76,6495,100.0
2025-10-23 16:21:00,74.17,64.43,58.62,309.78,3,98.78,99.07,99.68,448.8,98.65,6657,100.0
2025-10-23 16:22:00,72.47,60.62,61.54,364.75,2,99.79,99.49,99.34,409.52,99.46,6143,100.0
2025-10-23 16:23:00,74.14,61.37,62.6,352.39,3,97.87,99.69,99.12,450.58,98.94,7026,100.0
2025-10-23 16:24:00,64.34,58.89,52.99,318.76,4,96.02,99.68,99.06,339.79,98.61,7324,100.0
2025-10-23 16:25:00,68.83,60.86,47.48,326.58,2,96.56,99.19,99.96,390.4,99.21,7150,100.0
2025-10-23 16:26:00,73.2,65.88,60.12,334.84,3,98.45,99.93,99.79,412.3,98.72,6890,100.0
2025-10-23 16:27:00,70.82,62.4,46.31,367.62,2,99.16,99.28,99.8,410.88,98.93,7926,100.0
2025-10-23 16:28:00,73.64,65.63,51.73,387.06,0,96.86,98.32,99.36,438.88,99.22,7805,100.0
2025-10-23 16:29:00,67.98,64.51,58.49,352.81,5,96.62,99.92,99.62,392.08,98.56,7793,100.0
2025-10-23 16:30:00,67.19,65.1,48.63,311.05,1,96.64,99.45,99.83,359.12,99.32,6961,100.0
2025-10-23 16:31:00,75.72,61.69,48.21,390.21,2,99.3,98.15,99.55,454.42,98.84,6696,100.0
2025-10-23 16:32:00,69.4,62.85,60.25,351.19,3,96.89,99.63,99.77,399.14,99.02,6416,100.0
2025-10-23 16:33:00,73.95,60.78,53.93,386.58,4,96.2,98.93,99.29,446.15,98.99,6998,100.0
2025-10-23 16:34:00,65.96,61.44,58.46,327.82,3,97.18,98.58,99.97,355.84,99.07,6396,100.0
2025-10-23 16:35:00,64.54,61.59,58.19,366.2,2,96.33,99.58,99.44,363.24,99.44,6283,100.0
2025-10-23 16:36:00,68.61,64.73,54.79,301.22,1,97.63,99.39,99.66,394.81,98.88,6530,100.0
2025-10-23 16:37:00,65.76,65.79,48.56,318.77,0,97.27,99.64,99.33,364.23,99.47,7785,100.0
2025-10-23 16:38:00,72.03,65.5,59.84,322.81,0,97.98,98.39,99.23,425.67,99.01,6241,100.0
2025-10-23 16:39:00,65.44,59.3,49.3,383.26,3,99.17,98.36,99.15,337.54,98.74,6292,100.0
2025-10-23 16:40:00,69.53,64.06,58.91,317.29,0,99.65,99.24,99.71,390.72,98.74,7061,100.0
2025-10-23 16:41:00,66.51,65.35,59.82,379.81,4,98.73,99.11,99.5,366.71,98.77,6074,100.0
2025-10-23 16:42:00,70.05,65.21,57.34,394.22,1,99.48,99.6,99.4,414.13,98.51,7599,100.0
2025-10-23 16:43:00,72.03,62.39,61.98,313.41,1,99.52,98.26,99.56,430.41,99.24,7255,100.0
2025-10-23 16:44:00,73.77,63.7,60.72,346.34,1,98.73,98.75,99.57,447.58,99.29,7019,100.0
2025-10-23 16:45:00,68.85,65.19,55.01,397.2,3,99.4,98.05,99.78,384.68,99.3,7104,100.0
2025-10-23 16:46:00,74.94,65.57,56.89,341.49,5,99.46,98.55,99.26,432.39,98.58,7724,100.0
2025-10-23 16:47:00,67.56,60.84,53.3,372.6,1,97.95,98.04,99.49,395.17,99.3,6140,100.0
2025-10-23 16:48:00,72.74,60.2,50.13,376.51,2,99.57,98.77,99.04,440.17,98.92,6379,100.0
2025-10-23 16:49:00,75.09,64.3,60.23,392.68,1,99.86,98.57,99.99,431.13,98.98,7409,100.0
2025-10-23 16:50:00,67.68,61.56,53.26,311.7,4,98.37,99.42,99.79,384.78,99.21,7903,100.0
2025-10-23 16:51:00,74.18,65.08,47.05,367.82,4,99.64,99.21,99.89,452.38,98.7,6070,100.0
2025-10-23 16:52:00,70.24,64.2,62.88,316.56,1,99.53,99.7,99.7,394.4,98.59,7556,100.0
2025-10-23 16:53:00,67.05,62.55,56.48,367.88,4,99.58,99.1,99.47,373.45,98.98,7510,100.0
2025-10-23 16:54:00,74.03,62.73,49.35,392.24,1,97.61,98.51,99.22,427.19,99.25,7566,100.0
2025-10-23 16:55:00,65.05,62.97,48.29,347.91,1,99.79,99.91,99.56,338.07,99.08,7856,100.0
2025-10-23 16:56:00,70.96,63.2,45.05,380.45,1,96.01,99.94,99.75,404.15,98.93,7077,100.0
2025-10-23 16:57:00,71.86,60.79,49.58,303.17,4,98.38,99.38,99.69,398.81,99.2,7732,100.0
2025-10-23 16:58:00,73.54,61.89,60.55,311.23,3,97.71,99.87,99.93,416.86,98.99,6321,100.0
2025-10-23 16:59:00,67.27,63.65,48.12,298.79,5,97.55,99.22,99.75,366.59,98.87,7259,100.0
2025-10-23 17:00:00,76.38,61.43,60.52,400.1,1,97.45,98.15,99.56,469.65,99.32,6132,100.0
2025-10-23 17:01:00,66.79,62.78,58.79,294.5,0,99.13,98.28,99.58,351.67,98.8,6316,100.0
2025-10-23 17:02:00,67.22,61.0,56.19,323.87,0,97.06,98.43,99.68,386.6,98.74,6446,100.0
2025-10-23 17:03:00,70.06,61.92,66.12,330.26,0,98.23,99.08,99.63,419.26,98.82,6719,100.0
2025-10-23 17:04:00,72.2,64.04,54.45,348.57,3,99.65,98.07,99.6,434.52,99.37,6639,100.0
2025-10-23 17:05:00,68.13,59.11,60.32,305.1,3,96.9,98.5,99.68,390.29,98.72,6479,100.0
2025-10-23 17:06:00,73.48,59.64,58.07,382.68,2,99.64,98.23,99.99,420.51,98.64,7625,100.0
2025-10-23 17:07:00,71.44,58.84,47.52,385.62,1,97.02,99.47,99.92,400.58,98.72,6883,100.0
2025-10-23 17:08:00,69.06,60.99,51.84,325.87,0,99.9,98.51,99.84,389.98,99.47,6299,100.0
2025-10-23 17:09:00,67.33,60.93,61.59,336.76,4,96.26,98.89,99.1,389.55,99.33,7239,100.0
2025-10-23 17:10:00,67.67,62.99,46.55,343.26,2,96.98,99.34,99.93,392.46,99.32,7900,100.0
2025-10-23 17:11:00,65.75,58.54,51.04,347.45,1,98.03,98.4,99.73,341.06,99.46,7753,100.0
2025-10-23 17:12:00,71.62,60.54,59.54,376.13,0,98.46,98.96,99.47,404.22,99.24,7850,100.0
2025-10-23 17:13:00,73.25,62.49,66.06,338.28,4,96.77,98.04,99.78,423.63,98.63,6363,100.0
2025-10-23 17:14:00,73.49,61.5,61.75,350.02,1,99.0,98.17,99.69,433.51,98.73,6960,100.0
2025-10-23 17:15:00,75.51,62.39,51.34,363.15,2,96.27,98.1,99.04,471.11,98.63,6590,100.0
2025-10-23 17:16:00,71.4,60.37,60.63,399.11,2,98.95,99.58,99.08,426.02,99.36,6090,100.0
2025-10-23 17:17:00,64.82,62.87,55.36,395.14,2,98.14,99.32,99.54,328.45,99.34,6402,100.0
2025-10-23 17:18:00,70.45,63.95,56.62,345.16,1,99.88,99.15,99.29,413.03,99.38,6592,100.0
2025-10-23 17:19:00,67.02,61.71,49.12,374.86,1,99.99,99.15,99.89,370.27,99.08,6908,100.0
2025-10-23 17:20:00,73.21,60.03,55.11,301.64,5,97.78,98.91,99.0,426.9,99.45,7351,100.0
2025-10-23 17:21:00,73.81,60.91,55.44,301.51,3,96.99,99.31,99.76,429.02,98.91,6702,100.0
2025-10-23 17:22:00,70.66,60.55,59.1,339.65,2,99.29,99.56,99.08,388.57,98.64,7690,100.0
2025-10-23 17:23:00,69.12,63.72,58.98,378.94,3,98.43,99.1,99.29,389.06,99.24,7254,100.0
2025-10-23 17:24:00,69.92,62.44,53.4,315.03,1,99.63,99.51,99.89,412.86,98.96,7060,100.0
2025-10-23 17:25:00,66.55,64.22,54.3,315.42,0,98.78,98.96,99.01,378.52,99.12,6076,100.0
2025-10-23 17:26:00,66.68,65.23,57.19,383.73,2,97.84,98.64,99.51,385.42,98.62,7731,100.0
2025-10-23 17:27:00,73.95,65.22,60.98,341.78,1,98.44,98.63,99.62,424.19,99.13,7793,100.0
2025-10-23 17:28:00,72.94,61.2,50.02,385.38,0,99.82,99.79,99.36,421.78,99.11,7223,100.0
2025-10-23 17:29:00,65.72,61.17,58.56,379.24,1,99.48,98.24,99.44,371.26,98.87,6538,100.0
2025-10-23 17:30:00,71.47,60.31,56.47,334.96,3,99.97,98.1,99.07,397.69,99.37,7457,100.0
2025-10-23 17:31:00,76.21,61.51,61.31,360.72,4,99.59,99.56,99.86,468.46,99.02,6139,100.0
2025-10-23 17:32:00,64.87,62.74,58.15,363.68,5,96.25,99.28,99.21,363.05,99.22,7531,100.0
2025-10-23 17:33:00,68.51,64.29,57.21,330.09,2,97.22,98.45,99.31,372.66,98.87,7387,100.0
2025-10-23 17:34:00,69.19,61.28,48.58,354.18,3,97.55,98.51,99.43,406.4,99.47,6754,100.0
2025-10-23 17:35:00,65.66,64.41,47.46,322.59,1,97.63,98.57,99.77,363.16,99.5,6623,100.0
2025-10-23 17:36:00,64.62,60.55,55.69,378.63,0,99.33,99.43,99.03,330.41,98.58,7357,100.0
2025-10-23 17:37:00,71.44,62.78,48.6,343.45,1,99.43,98.13,99.61,401.97,98.59,6709,100.0
2025-10-23 17:38:00,68.96,61.84,53.75,390.37,4,96.34,98.17,99.57,406.82,98.57,7378,100.0
2025-10-23 17:39:00,70.98,64.18,50.66,308.8,0,96.99,98.43,99.13,400.41,99.03,7899,100.0
2025-10-23 17:40:00,65.47,65.83,55.34,396.87,3,98.14,98.44,99.76,336.89,98.86,7739,100.0
2025-10-23 17:41:00,70.38,60.73,50.51,312.74,1,98.85,99.32,99.14,401.62,98.8,6674,100.0
2025-10-23 17:42:00,74.87,63.15,54.76,356.28,1,98.31,99.17,99.45,445.26,99.44,7201,100.0
2025-10-23 17:43:00,73.33,65.85,62.37,395.15,1,96.91,98.39,99.32,427.54,99.31,6721,100.0
2025-10-23 17:44:00,66.63,60.36,64.25,326.23,1,96.74,99.59,99.63,352.96,99.08,6416,100.0
2025-10-23 17:45:00,67.25,63.78,59.56,335.97,4,98.99,98.22,99.18,385.77,99.41,6133,100.0
2025-10-23 17:46:00,75.39,64.18,63.42,397.3,4,98.49,99.11,99.64,454.11,98.72,7387,100.0
2025-10-23 17:47:00,67.38,59.67,61.57,310.83,3,96.78,98.3,99.07,365.13,99.02,6345,100.0
2025-10-23 17:48:00,71.1,64.13,65.51,380.9,4,97.56,99.85,99.04,398.39,99.31,6729,100.0
2025-10-23 17:49:00,67.66,65.49,57.97,358.85,3,98.45,98.7,99.85,379.24,99.39,6508,100.0
2025-10-23 17:50:00,69.27,66.11,54.38,346.43,3,98.38,99.55,99.03,376.27,99.43,7631,100.0
2025-10-23 17:51:00,73.96,62.78,60.52,400.77,2,98.18,98.67,99.52,424.15,98.87,6153,100.0
2025-10-23 17:52:00,66.15,64.08,45.51,371.75,1,97.09,99.8,99.82,342.13,98.65,7350,100.0
2025-10-23 17:53:00,66.44,64.22,60.0,378.85,1,99.73,98.81,99.42,371.82,98.9,7750,100.0
2025-10-23 17:54:00,66.98,60.37,50.18,313.43,0,96.19,99.02,99.71,389.1,98.66,7396,100.0
2025-10-23 17:55:00,70.82,63.08,60.72,325.29,1,96.73,98.96,99.13,400.97,98.61,6071,100.0
2025-10-23 17:56:00,67.77,66.9,52.74,308.53,0,98.67,99.34,99.9,361.34,98.88,7778,100.0
2025-10-23 17:57:00,71.43,60.24,62.26,360.37,1,97.99,99.43,99.27,401.1,98.58,7684,100.0
2025-10-23 17:58:00,72.77,64.79,59.21,365.98,2,98.14,98.14,99.47,436.96,98.94,7016,100.0
2025-10-23 17:59:00,72.85,63.45,47.98,351.44,1,98.59,98.77,99.77,431.96,98.6,6700,100.0
2025-10-23 18:00:00,42.3,34.74,33.56,234.69,2,97.74,99.13,99.9,122.56,98.83,4454,100.0
2025-10-23 18:01:00,35.87,38.14,39.85,205.63,1,97.69,98.6,99.18,100.0,99.06,4371,100.0
2025-10-23 18:02:00,44.1,35.08,40.19,237.52,0,97.12,98.61,99.28,138.06,99.0,4516,100.0
2025-10-23 18:03:00,37.46,34.63,33.75,166.82,1,96.79,99.59,99.71,100.0,98.92,3308,100.0
2025-10-23 18:04:00,38.75,34.33,24.41,218.58,2,96.98,99.7,99.57,100.0,99.05,3616,100.0
2025-10-23 18:05:00,41.77,33.01,39.75,194.8,2,99.52,98.47,99.19,118.48,99.48,3626,100.0
2025-10-23 18:06:00,43.28,36.13,26.04,237.65,0,98.73,99.66,99.83,138.98,98.75,4063,100.0
2025-10-23 18:07:00,41.8,38.71,25.69,199.0,2,96.87,99.54,99.48,118.53,99.4,3479,100.0
2025-10-23 18:08:00,40.37,35.46,30.21,210.7,4,96.38,99.31,99.39,101.96,99.2,3429,100.0
2025-10-23 18:09:00,34.35,34.82,38.81,189.63,1,97.86,98.96,99.24,100.0,98.85,3077,100.0
2025-10-23 18:10:00,42.01,35.27,33.54,235.54,2,96.65,98.58,99.67,110.44,98.96,4651,100.0
2025-10-23 18:11:00,43.17,37.47,23.58,237.32,2,99.71,98.03,99.08,117.82,99.19,4245,100.0
2025-10-23 18:12:00,38.32,36.9,25.32,195.6,0,98.37,99.57,99.2,100.0,98.63,4231,100.0
2025-10-23 18:13:00,41.11,38.31,41.88,250.73,0,98.21,99.58,99.66,127.02,98.94,3854,100.0
2025-10-23 18:14:00,41.32,34.22,38.98,238.86,2,98.5,99.88,99.58,126.75,99.07,4349,100.0
2025-10-23 18:15:00,42.6,37.89,38.71,199.23,6,99.18,98.27,99.79,124.57,97.11,4982,100.0
2025-10-23 18:16:00,36.25,32.73,23.99,194.54,2,98.25,99.69,99.54,100.0,99.41,3696,100.0
2025-10-23 18:17:00,42.46,35.55,30.32,221.03,5,99.4,99.56,99.93,134.19,99.38,3020,100.0
2025-10-23 18:18:00,40.4,34.94,37.65,199.93,2,97.0,98.53,99.34,110.63,99.39,4187,100.0
2025-10-23 18:19:00,41.91,34.44,31.84,197.37,2,96.98,98.51,99.98,113.4,99.31,3142,100.0
2025-10-23 18:20:00,39.84,38.48,39.51,226.9,4,99.15,98.64,99.24,100.0,99.13,3484,100.0
2025-10-23 18:21:00,38.16,36.81,37.29,178.54,1,99.94,98.83,99.32,100.0,98.63,3715,100.0
2025-10-23 18:22:00,42.47,37.34,32.82,244.13,2,98.2,98.43,99.3,132.18,98.68,3181,100.0
2025-10-23 18:23:00,38.43,31.59,32.3,230.73,1,99.67,99.41,99.14,100.0,99.26,4329,100.0
2025-10-23 18:24:00,36.55,39.56,28.0,193.37,3,97.13,99.41,99.53,100.0,99.43,4222,100.0
2025-10-23 18:25:00,39.6,37.13,33.59,210.49,2,96.58,99.33,99.79,109.66,98.52,3809,100.0
2025-10-23 18:26:00,42.85,36.74,36.11,245.77,2,97.63,98.36,99.38,147.7,98.99,4905,100.0
2025-10-23 18:27:00,36.01,33.46,33.81,225.12,1,99.49,99.52,99.23,100.0,98.81,4439,100.0
2025-10-23 18:28:00,36.74,37.08,28.81,249.99,0,97.81,98.51,99.03,100.0,99.07,4401,100.0
2025-10-23 18:29:00,41.23,33.91,25.44,212.79,4,98.93,98.82,99.67,103.32,98.64,3058,100.0
2025-10-23 18:30:00,38.08,37.2,30.45,168.99,1,98.26,98.78,99.9,100.0,98.9,4485,100.0
2025-10-23 18:31:00,44.46,35.57,36.03,210.81,2,99.14,99.73,99.48,126.8,99.24,3934,100.0
2025-10-23 18:32:00,37.63,37.15,30.2,207.32,3,96.54,98.82,99.16,100.0,99.45,3913,100.0
2025-10-23 18:33:00,34.61,34.75,39.24,175.48,1,99.3,99.78,99.62,100.0,98.88,4414,100.0
2025-10-23 18:34:00,46.36,39.19,34.02,256.27,1,98.92,99.64,99.13,170.78,99.42,3502,100.0
2025-10-23 18:35:00,40.7,34.54,37.34,207.33,1,99.78,99.0,99.8,102.71,99.35,3320,100.0
2025-10-23 18:36:00,35.17,35.13,31.0,157.91,1,99.5,99.02,99.95,100.0,98.84,3677,100.0
2025-10-23 18:37:00,36.53,36.84,26.5,173.05,0,99.86,99.77,99.29,100.0,98.98,3175,100.0
2025-10-23 18:38:00,38.34,32.77,32.77,149.88,3,96.24,98.02,99.34,100.0,99.15,3250,100.0
2025-10-23 18:39:00,41.96,36.51,25.42,225.94,2,97.51,98.12,99.86,132.43,98.82,4063,100.0
2025-10-23 18:40:00,35.13,37.07,38.03,215.91,0,99.64,99.96,99.78,100.0,98.91,4739,100.0
2025-10-23 18:41:00,37.85,33.89,38.51,169.59,4,98.85,99.2,99.52,100.0,99.33,3501,100.0
2025-10-23 18:42:00,43.51,33.24,36.83,170.15,1,99.38,99.38,99.87,116.94,99.46,3154,100.0
2025-10-23 18:43:00,42.17,34.22,38.78,236.05,4,99.63,99.25,99.67,124.61,98.99,4309,100.0
2025-10-23 18:44:00,46.0,36.48,31.88,159.8,1,98.86,99.56,99.72,161.89,99.03,4293,100.0
2025-10-23 18:45:00,40.99,37.83,40.33,205.81,0,96.52,98.75,99.5,100.0,98.95,3271,100.0
2025-10-23 18:46:00,45.66,34.72,29.59,189.08,1,96.53,99.82,99.65,148.21,98.76,4179,100.0
2025-10-23 18:47:00,41.08,33.85,28.05,174.61,0,97.55,99.07,99.66,107.5,99.48,4251,100.0
2025-10-23 18:48:00,38.75,32.58,30.46,176.55,0,99.35,99.35,100.0,100.0,98.83,3527,100.0
2025-10-23 18:49:00,40.14,35.45,42.6,172.22,0,96.52,99.78,99.69,112.78,98.82,4245,100.0
2025-10-23 18:50:00,41.24,36.03,26.92,150.27,2,98.03,98.5,99.44,100.0,99.16,4738,100.0
2025-10-23 18:51:00,40.84,35.18,39.76,187.32,1,98.87,98.92,99.42,125.78,98.99,3033,100.0
2025-10-23 18:52:00,46.13,38.72,40.41,237.94,2,96.98,98.26,99.75,180.19,99.24,4498,100.0
2025-10-23 18:53:00,37.25,34.92,34.3,156.08,1,97.65,98.64,99.11,100.0,98.86,3087,100.0
2025-10-23 18:54:00,38.43,38.1,30.16,186.57,3,99.64,98.63,99.05,100.0,99.22,4175,100.0
2025-10-23 18:55:00,40.57,35.9,39.81,230.06,0,97.81,98.91,99.46,122.97,98.83,4228,100.0
2025-10-23 18:56:00,37.4,35.19,28.53,173.74,2,96.93,98.58,99.94,100.0,98.71,4607,100.0
2025-10-23 18:57:00,44.69,35.77,25.92,183.29,1,96.68,99.75,99.09,143.42,98.51,3586,100.0
2025-10-23 18:58:00,44.06,32.59,23.8,224.03,5,99.38,98.97,99.46,120.65,99.12,4343,100.0
2025-10-23 18:59:00,43.56,35.44,25.21,197.23,2,96.55,98.88,99.63,126.8,98.61,3878,100.0
2025-10-23 19:00:00,38.0,35.97,35.06,229.87,1,96.65,99.27,99.77,100.0,99.23,3318,100.0
2025-10-23 19:01:00,44.01,35.55,39.44,178.73,2,99.61,99.02,99.19,126.55,99.19,3163,100.0
2025-10-23 19:02:00,38.88,34.93,33.36,191.76,1,97.88,98.27,99.94,100.0,98.83,3516,100.0
2025-10-23 19:03:00,41.43,33.83,36.94,212.69,0,99.25,99.08,99.68,103.09,98.5,3667,100.0
2025-10-23 19:04:00,35.63,38.16,24.1,225.03,2,98.92,99.43,99.04,100.0,98.62,4136,100.0
2025-10-23 19:05:00,34.22,35.54,27.52,210.31,2,99.79,99.17,99.9,100.0,98.98,4459,100.0
2025-10-23 19:06:00,35.63,37.89,39.97,230.06,3,98.43,98.71,99.35,100.0,98.59,3075,100.0
2025-10-23 19:07:00,41.76,34.42,29.52,179.79,1,98.88,99.85,99.84,133.86,99.44,3744,100.0
2025-10-23 19:08:00,37.67,37.46,26.86,160.84,2,99.52,98.27,99.76,100.0,99.39,3880,100.0
2025-10-23 19:09:00,40.54,36.67,40.2,158.3,2,97.5,98.68,99.71,114.29,99.13,3659,100.0
2025-10-23 19:10:00,43.99,35.29,27.52,233.25,4,98.44,98.31,99.78,125.39,98.86,3953,100.0
2025-10-23 19:11:00,43.19,36.9,37.1,175.1,1,96.07,99.66,99.37,114.62,99.37,4935,100.0
2025-10-23 19:12:00,37.82,33.55,34.91,179.01,0,96.18,99.23,99.29,100.0,99.05,3556,100.0
2025-10-23 19:13:00,37.08,35.17,38.91,241.95,3,98.71,99.41,99.05,100.0,99.45,4518,100.0
2025-10-23 19:14:00,41.55,38.88,36.39,214.17,5,98.21,98.65,99.9,106.27,98.66,4424,100.0
2025-10-23 19:15:00,39.8,34.08,38.74,175.29,0,96.06,99.85,99.4,100.0,99.07,3975,100.0
2025-10-23 19:16:00,39.8,35.88,30.27,218.56,2,97.7,99.72,99.0,102.93,99.29,3767,100.0
2025-10-23 19:17:00,42.76,36.61,33.05,164.47,6,98.66,99.59,99.64,118.55,97.32,4826,100.0
2025-10-23 19:18:00,38.78,35.07,36.58,211.31,1,96.28,99.37,99.31,100.0,98.84,4664,100.0
2025-10-23 19:19:00,39.47,38.3,32.79,214.87,2,98.27,98.8,99.2,110.6,99.24,3568,100.0
2025-10-23 19:20:00,37.99,39.09,36.21,206.78,2,97.36,99.5,99.34,100.0,99.14,3445,100.0
2025-10-23 19:21:00,35.09,34.23,38.43,244.25,2,96.78,99.76,99.67,100.0,98.87,4076,100.0
2025-10-23 19:22:00,35.76,34.52,22.53,156.92,0,96.58,99.75,99.28,100.0,98.99,4990,100.0
2025-10-23 19:23:00,38.53,34.5,41.15,208.66,1,96.35,99.11,99.72,100.0,99.38,3967,100.0
2025-10-23 19:24:00,36.19,33.96,40.59,179.86,2,98.58,99.09,99.07,100.0,99.01,3670,100.0
2025-10-23 19:25:00,42.03,33.1,30.71,201.04,4,99.88,99.69,99.35,126.09,99.37,4050,100.0
2025-10-23 19:26:00,42.22,36.84,38.84,216.34,2,99.81,99.63,99.62,139.29,98.59,3033,100.0
2025-10-23 19:27:00,45.18,37.49,24.81,186.61,2,97.88,99.61,99.97,156.65,99.14,3938,100.0
2025-10-23 19:28:00,37.57,35.35,26.57,181.36,1,97.21,99.17,99.28,100.0,98.8,4276,100.0
2025-10-23 19:29:00,43.59,37.02,23.09,229.97,1,98.59,99.61,99.51,130.93,99.02,4091,100.0
2025-10-23 19:30:00,42.97,34.82,36.38,181.08,5,98.91,99.7,99.22,118.28,99.47,4702,100.0
2025-10-23 19:31:00,41.46,33.46,39.64,227.88,1,96.11,99.03,99.86,134.26,98.82,3072,100.0
2025-10-23 19:32:00,39.94,38.33,31.15,156.71,2,99.8,98.91,99.8,100.0,98.98,4173,100.0
2025-10-23 19:33:00,35.91,34.65,36.57,167.28,0,97.2,99.72,99.76,100.0,98.82,3197,100.0
2025-10-23 19:34:00,42.1,35.33,32.66,178.3,3,99.78,98.54,99.91,121.51,99.0,3901,100.0
2025-10-23 19:35:00,43.79,33.92,33.8,179.59,2,97.69,99.32,99.16,133.62,98.61,4937,100.0
2025-10-23 19:36:00,34.45,36.05,33.57,198.85,0,97.33,98.72,99.7,100.0,99.07,3572,100.0
2025-10-23 19:37:00,42.12,33.18,41.63,213.46,1,99.15,99.58,99.27,139.56,98.52,3759,100.0
2025-10-23 19:38:00,35.33,36.69,23.0,210.36,1,97.39,99.28,99.58,100.0,99.42,3406,100.0
2025-10-23 19:39:00,38.29,33.96,32.88,174.12,4,99.48,99.86,99.51,100.0,98.97,4410,100.0
2025-10-23 19:40:00,38.05,37.55,38.19,174.05,3,96.34,98.05,99.38,100.0,99.18,4498,100.0
2025-10-23 19:41:00,43.46,34.79,30.5,181.01,2,99.26,98.1,99.3,138.31,98.83,3300,100.0
2025-10-23 19:42:00,43.62,40.14,36.49,189.31,3,97.81,98.84,99.94,148.61,98.59,3627,100.0
2025-10-23 19:43:00,38.28,38.14,30.31,170.94,1,97.09,99.54,99.51,100.0,98.91,4629,100.0
2025-10-23 19:44:00,38.85,35.67,33.38,238.46,1,99.01,99.78,99.53,100.0,99.32,4810,100.0
2025-10-23 19:45:00,36.14,34.44,39.51,198.84,1,97.83,99.94,99.22,100.0,98.67,3099,100.0
2025-10-23 19:46:00,38.48,37.78,33.33,206.01,2,96.88,99.09,99.85,100.0,98.61,4035,100.0
2025-10-23 19:47:00,36.32,38.54,21.52,192.03,1,98.52,99.61,99.56,100.0,98.55,4444,100.0
2025-10-23 19:48:00,36.05,32.79,26.2,221.86,4,98.35,99.22,99.21,100.0,98.87,3344,100.0
2025-10-23 19:49:00,39.71,35.92,33.85,208.69,2,98.1,98.87,99.65,100.0,99.03,3046,100.0
2025-10-23 19:50:00,39.85,35.09,32.7,153.73,6,97.69,98.25,99.25,100.0,96.93,4219,100.0
2025-10-23 19:51:00,42.52,36.73,28.83,162.32,3,97.18,98.39,99.68,136.66,98.91,3118,100.0
2025-10-23 19:52:00,44.71,37.53,36.99,174.16,3,98.06,98.42,99.29,160.4,99.19,4456,100.0
2025-10-23 19:53:00,33.3,35.58,29.44,183.99,2,99.26,99.86,99.17,100.0,99.49,4242,100.0
2025-10-23 19:54:00,36.21,33.35,35.58,205.51,2,99.96,99.26,99.82,100.0,99.34,4444,100.0
2025-10-23 19:55:00,36.87,36.08,38.88,163.22,4,97.63,99.3,99.41,100.0,99.25,3374,100.0
2025-10-23 19:56:00,38.53,33.87,24.35,210.41,0,98.13,98.62,99.97,100.0,98.84,4414,100.0
2025-10-23 19:57:00,36.09,34.8,35.72,152.08,1,96.6,99.21,99.46,100.0,98.58,3112,100.0
2025-10-23 19:58:00,43.9,34.85,26.42,156.48,1,99.99,99.72,99.51,135.91,98.65,3837,100.0
2025-10-23 19:59:00,41.1,36.69,33.3,233.15,2,96.72,98.0,99.32,116.31,99.06,4061,100.0
2025-10-23 20:00:00,41.06,36.1,28.05,168.21,2,99.81,98.93,99.71,122.7,98.65,3089,100.0
2025-10-23 20:01:00,37.03,35.6,41.87,157.99,2,96.61,99.38,99.61,100.0,99.4,3265,100.0
2025-10-23 20:02:00,46.8,35.45,27.82,182.54,0,98.53,98.46,99.58,179.3,98.91,4537,100.0
2025-10-23 20:03:00,44.04,35.53,23.58,166.66,4,98.85,99.12,99.35,123.95,98.6,3377,100.0
2025-10-23 20:04:00,42.5,35.92,32.0,226.91,2,96.02,98.53,99.35,143.42,98.72,4652,100.0
2025-10-23 20:05:00,42.13,34.68,30.97,205.53,1,97.01,99.17,99.69,120.04,99.44,4457,100.0
2025-10-23 20:06:00,35.09,36.51,38.3,203.35,4,97.85,98.29,99.75,100.0,98.93,4527,100.0
2025-10-23 20:07:00,41.79,35.28,41.46,224.59,3,96.04,98.15,99.09,106.22,98.69,3115,100.0
2025-10-23 20:08:00,39.12,35.46,27.11,210.19,0,98.64,99.03,99.82,110.16,99.38,4439,100.0
2025-10-23 20:09:00,40.92,35.48,36.89,178.13,0,98.29,98.79,99.88,115.06,99.15,4575,100.0
2025-10-23 20:10:00,37.52,38.46,40.53,155.45,3,98.25,99.55,99.15,100.0,98.9,4279,100.0
2025-10-23 20:11:00,35.31,34.25,31.45,178.37,5,97.55,98.96,99.53,100.0,99.15,4361,100.0
2025-10-23 20:12:00,42.42,36.62,20.28,192.37,2,96.08,99.46,99.28,114.57,98.53,4656,100.0
2025-10-23 20:13:00,40.3,35.54,35.03,182.1,2,98.25,98.44,99.75,101.08,98.75,4216,100.0
2025-10-23 20:14:00,39.83,38.11,25.07,189.79,1,99.82,99.45,99.33,100.0,98.7,3086,100.0
2025-10-23 20:15:00,35.58,33.28,34.87,207.21,2,97.37,98.25,99.59,100.0,99.36,4109,100.0
2025-10-23 20:16:00,41.1,34.11,41.78,166.64,3,96.56,98.88,99.5,123.74,99.26,3656,100.0
2025-10-23 20:17:00,38.9,36.5,33.08,236.46,2,99.47,98.61,99.79,100.0,99.38,3462,100.0
2025-10-23 20:18:00,43.57,37.0,36.31,173.67,1,99.31,98.33,99.3,152.53,99.26,4466,100.0
2025-10-23 20:19:00,40.02,37.56,33.78,159.47,2,97.38,99.79,99.8,116.72,99.22,4265,100.0
2025-10-23 20:20:00,40.26,37.66,39.01,214.2,2,98.68,99.07,99.1,115.67,98.85,4801,100.0
2025-10-23 20:21:00,35.58,32.47,29.6,152.33,0,98.85,98.51,99.64,100.0,98.64,3771,100.0
2025-10-23 20:22:00,36.7,33.48,28.21,149.71,1,98.5,99.67,99.92,100.0,99.29,3909,100.0
2025-10-23 20:23:00,39.2,35.76,34.7,213.5,7,98.62,98.36,99.08,100.0,97.31,3043,100.0
2025-10-23 20:24:00,37.39,36.18,25.3,155.1,2,96.31,99.18,99.78,100.0,98.91,3623,100.0
2025-10-23 20:25:00,42.98,33.88,39.95,228.17,0,97.92,99.3,99.59,137.02,98.93,4809,100.0
2025-10-23 20:26:00,44.32,36.57,34.72,229.46,3,96.31,98.62,99.87,127.0,99.22,3532,100.0
2025-10-23 20:27:00,42.2,35.89,34.47,173.02,1,99.3,99.42,99.29,135.45,99.33,3275,100.0
2025-10-23 20:28:00,38.67,34.83,33.0,179.7,0,98.69,99.92,99.67,100.0,98.66,4250,100.0
2025-10-23 20:29:00,42.14,37.49,40.88,226.79,2,96.83,99.56,99.7,115.11,98.64,4693,100.0
2025-10-23 20:30:00,35.24,37.62,23.4,179.95,2,99.21,100.0,99.47,100.0,98.91,3738,100.0
2025-10-23 20:31:00,39.29,34.66,30.8,242.3,2,98.93,98.94,99.16,107.79,99.18,4051,100.0
2025-10-23 20:32:00,40.78,34.41,21.96,176.66,3,96.98,98.43,99.97,100.0,99.1,4265,100.0
2025-10-23 20:33:00,40.11,36.34,30.6,152.96,2,96.68,98.57,99.43,115.52,99.04,3943,100.0
2025-10-23 20:34:00,39.54,35.91,24.09,167.27,2,99.24,98.17,99.71,100.24,98.56,4061,100.0
2025-10-23 20:35:00,33.6,31.98,21.15,166.19,3,99.73,99.01,99.02,100.0,98.68,3391,100.0
2025-10-23 20:36:00,35.76,35.21,25.33,154.15,1,99.62,98.9,99.01,100.0,99.46,3992,100.0
2025-10-23 20:37:00,39.09,35.27,30.85,173.71,3,96.01,99.93,99.51,100.0,98.6,3869,100.0
2025-10-23 20:38:00,42.36,34.34,22.07,146.6,2,96.25,99.83,99.1,112.7,99.3,4995,100.0
2025-10-23 20:39:00,41.46,35.46,40.55,197.42,1,99.42,98.47,99.42,112.35,99.33,4352,100.0
2025-10-23 20:40:00,41.63,34.32,39.36,214.24,3,98.17,98.69,99.26,127.37,99.25,4663,100.0
2025-10-23 20:41:00,42.99,35.64,29.56,207.88,3,97.35,99.5,99.68,118.2,99.33,4569,100.0
2025-10-23 20:42:00,38.14,37.99,33.62,242.39,2,97.54,98.48,99.97,100.0,98.97,3730,100.0
2025-10-23 20:43:00,38.02,38.35,41.39,181.49,2,99.69,98.92,99.98,100.0,98.57,4149,100.0
2025-10-23 20:44:00,36.45,37.13,27.02,224.96,2,96.82,99.64,99.27,100.0,98.74,3229,100.0
2025-10-23 20:45:00,42.81,37.44,31.19,159.49,1,97.44,99.17,99.94,128.5,98.69,4892,100.0
2025-10-23 20:46:00,37.68,37.59,28.68,193.16,2,97.19,98.01,99.86,100.0,98.78,3769,100.0
2025-10-23 20:47:00,39.1,35.32,29.67,196.64,1,98.89,99.69,99.81,100.0,99.47,3003,100.0
2025-10-23 20:48:00,37.33,36.93,27.86,196.88,3,98.78,99.03,99.53,100.0,98.5,3711,100.0
2025-10-23 20:49:00,36.92,32.77,24.87,242.55,2,98.24,98.09,99.77,100.0,99.48,3369,100.0
2025-10-23 20:50:00,37.61,38.76,28.77,184.93,3,96.31,99.9,99.21,100.0,98.88,3997,100.0
2025-10-23 20:51:00,36.69,36.96,32.54,181.51,5,97.62,99.0,99.23,100.0,98.59,3857,100.0
2025-10-23 20:52:00,42.61,38.66,30.74,230.34,2,97.85,98.3,99.79,112.26,98.51,4859,100.0
2025-10-23 20:53:00,38.87,38.18,30.08,204.2,2,98.64,99.02,99.83,100.0,99.04,3371,100.0
2025-10-23 20:54:00,38.99,36.91,31.77,232.31,1,99.91,99.82,99.58,101.04,98.52,3402,100.0
2025-10-23 20:55:00,43.29,34.1,23.47,214.64,0,96.73,98.16,99.53,140.01,98.68,3937,100.0
2025-10-23 20:56:00,36.85,37.53,40.59,218.6,0,98.51,99.47,99.11,100.0,98.93,3621,100.0
2025-10-23 20:57:00,39.8,33.5,30.51,221.4,1,99.21,98.79,99.43,100.0,98.79,4203,100.0
2025-10-23 20:58:00,40.39,38.73,41.35,191.17,1,97.08,98.85,99.38,101.93,99.0,4254,100.0
2025-10-23 20:59:00,34.37,34.04,24.74,217.72,3,97.86,99.8,99.32,100.0,99.06,4957,100.0
2025-10-23 21:00:00,35.46,33.08,38.04,184.85,5,99.98,98.01,99.01,100.0,99.44,4209,100.0
2025-10-23 21:01:00,42.45,32.39,20.81,195.18,2,99.08,99.03,99.53,131.75,98.84,4897,100.0
2025-10-23 21:02:00,40.47,35.62,40.31,227.01,1,96.43,98.72,99.48,110.2,99.36,4979,100.0
2025-10-23 21:03:00,37.52,35.1,32.45,198.03,0,96.46,99.78,99.68,100.0,99.31,3168,100.0
2025-10-23 21:04:00,40.11,33.16,34.34,181.28,2,97.03,99.7,99.69,100.0,99.0,3695,100.0
2025-10-23 21:05:00,40.01,33.46,39.27,202.9,2,96.31,99.1,99.07,106.54,99.3,4976,100.0
2025-10-23 21:06:00,36.69,34.51,36.74,175.52,1,96.33,98.29,99.15,100.0,99.37,3590,100.0
2025-10-23 21:07:00,37.35,33.47,21.94,164.11,5,98.92,99.5,99.26,100.0,99.5,4122,100.0
2025-10-23 21:08:00,39.75,32.24,27.09,149.53,3,99.78,99.07,99.56,100.0,99.02,4876,100.0
2025-10-23 21:09:00,39.64,34.87,35.95,168.23,1,96.06,98.59,99.42,100.0,99.04,3734,100.0
2025-10-23 21:10:00,38.28,32.89,40.83,197.94,0,97.0,99.76,99.38,100.0,99.11,3943,100.0
2025-10-23 21:11:00,43.76,33.57,40.68,223.96,1,96.34,98.41,99.59,121.33,99.43,4497,100.0
2025-10-23 21:12:00,41.66,34.59,40.55,216.66,3,99.7,98.73,99.42,100.04,99.38,4078,100.0
2025-10-23 21:13:00,45.35,38.66,41.25,251.3,2,98.48,98.31,99.86,171.41,98.62,3471,100.0
2025-10-23 21:14:00,41.55,36.28,29.54,223.71,2,97.84,98.9,99.84,112.94,99.48,3621,100.0
2025-10-23 21:15:00,42.72,38.15,35.4,190.66,2,97.03,98.67,99.86,139.61,98.68,4866,100.0
2025-10-23 21:16:00,36.95,37.34,40.36,156.2,3,99.16,98.56,99.54,100.0,99.05,3220,100.0
2025-10-23 21:17:00,43.24,35.46,31.28,217.49,4,97.54,99.29,99.41,141.57,99.15,4334,100.0
2025-10-23 21:18:00,43.1,32.97,30.66,177.07,1,97.09,99.91,99.97,133.85,99.02,3096,100.0
2025-10-23 21:19:00,42.93,33.94,24.74,191.85,1,96.59,99.98,99.73,133.19,98.8,3856,100.0
2025-10-23 21:20:00,45.72,34.68,27.09,213.02,3,99.25,99.21,99.38,158.88,99.19,3427,100.0
2025-10-23 21:21:00,38.98,34.93,41.77,157.12,0,97.42,99.08,99.33,104.06,98.67,3729,100.0
2025-10-23 21:22:00,36.46,37.61,30.97,229.78,2,97.69,99.25,99.86,100.0,98.85,4647,100.0
2025-10-23 21:23:00,37.25,36.29,30.7,216.2,3,99.34,98.98,99.66,100.0,98.59,4555,100.0
2025-10-23 21:24:00,34.84,36.43,35.12,237.01,3,97.53,98.26,99.95,100.0,98.65,4892,100.0
2025-10-23 21:25:00,42.0,37.44,26.28,176.41,1,97.86,98.02,99.88,106.52,99.0,4857,100.0
2025-10-23 21:26:00,41.59,36.02,31.45,161.36,0,99.37,98.82,99.05,122.39,99.18,3454,100.0
2025-10-23 21:27:00,39.73,36.9,34.54,204.2,1,96.09,98.92,99.2,114.79,99.14,4171,100.0
2025-10-23 21:28:00,35.09,32.08,32.99,219.4,6,96.43,99.99,99.31,100.0,96.89,4496,100.0
2025-10-23 21:29:00,42.97,35.16,26.95,223.17,1,99.55,99.31,99.04,110.1,98.59,4643,100.0
2025-10-23 21:30:00,35.4,34.48,21.57,201.28,3,96.67,98.95,99.66,100.0,99.32,3098,100.0
2025-10-23 21:31:00,34.95,36.43,36.24,227.48,2,97.0,98.31,99.04,100.0,98.51,3927,100.0
2025-10-23 21:32:00,42.79,37.11,34.94,199.19,2,98.16,99.73,99.22,117.74,98.71,4158,100.0
2025-10-23 21:33:00,39.68,32.73,33.27,201.46,1,99.53,99.14,99.7,113.83,98.71,3701,100.0
2025-10-23 21:34:00,41.9,32.37,25.28,161.59,3,96.78,99.62,99.57,100.83,99.07,3950,100.0
2025-10-23 21:35:00,36.17,36.28,25.11,229.3,3,99.04,99.09,99.57,100.0,98.99,4611,100.0
2025-10-23 21:36:00,44.02,37.86,40.91,208.4,2,98.74,98.6,99.63,123.34,99.46,4030,100.0
2025-10-23 21:37:00,35.06,35.83,37.76,236.35,1,99.62,99.96,99.06,100.0,99.07,4067,100.0
2025-10-23 21:38:00,33.8,35.2,23.32,175.59,1,98.17,99.43,99.07,100.0,99.01,3194,100.0
2025-10-23 21:39:00,42.89,35.49,26.47,182.38,2,99.75,98.66,99.27,116.38,98.62,4964,100.0
2025-10-23 21:40:00,40.09,36.3,42.81,175.45,1,97.13,99.33,99.31,115.94,98.55,3709,100.0
2025-10-23 21:41:00,44.26,37.22,38.07,185.64,3,96.86,98.21,99.86,150.53,99.11,4553,100.0
2025-10-23 21:42:00,39.35,34.17,36.42,175.41,2,97.02,98.53,99.38,100.0,98.73,3783,100.0
2025-10-23 21:43:00,43.91,33.6,28.16,207.4,2,99.19,98.75,99.85,137.36,99.07,4121,100.0
2025-10-23 21:44:00,37.09,36.86,40.35,169.63,0,98.03,98.78,99.04,100.0,99.44,4700,100.0
2025-10-23 21:45:00,36.96,33.1,33.0,173.92,1,99.0,99.05,99.32,100.0,99.1,3103,100.0
2025-10-23 21:46:00,38.41,37.28,31.05,247.37,2,99.83,99.92,99.37,101.27,99.12,4562,100.0
2025-10-23 21:47:00,34.69,32.22,31.07,151.55,3,97.83,98.16,99.93,100.0,98.66,4121,100.0
2025-10-23 21:48:00,33.04,34.36,30.29,173.84,1,99.69,98.52,99.95,100.0,99.36,4154,100.0
2025-10-23 21:49:00,43.97,33.45,26.25,188.0,2,99.89,99.3,99.84,135.41,98.69,3100,100.0
2025-10-23 21:50:00,36.33,37.74,29.44,250.08,3,99.05,98.17,99.81,100.0,99.09,3230,100.0
2025-10-23 21:51:00,40.63,38.47,25.59,235.75,2,98.11,98.4,99.94,100.0,99.09,4117,100.0
2025-10-23 21:52:00,37.75,38.59,27.06,158.48,3,96.56,99.41,99.52,100.0,98.82,4778,100.0
2025-10-23 21:53:00,43.47,34.33,37.46,170.55,1,99.03,99.11,99.12,139.36,98.69,3388,100.0
2025-10-23 21:54:00,44.44,38.35,39.54,202.31,2,99.98,99.11,99.54,136.07,98.67,4360,100.0
2025-10-23 21:55:00,38.56,34.77,25.19,203.22,2,97.97,98.54,99.14,100.0,99.17,4037,100.0
2025-10-23 21:56:00,37.71,35.4,23.66,255.54,2,98.82,98.9,99.58,100.0,98.61,3703,100.0
2025-10-23 21:57:00,44.83,37.57,38.85,246.92,3,96.1,98.1,99.58,164.03,99.06,3818,100.0
2025-10-23 21:58:00,44.39,36.44,31.54,161.39,3,97.33,99.29,99.33,147.87,99.43,3661,100.0
2025-10-23 21:59:00,36.5,38.85,28.28,252.92,3,96.34,99.05,99.42,100.0,99.1,4494,100.0
2025-10-23 22:00:00,35.98,36.99,39.18,200.37,1,99.36,99.43,99.61,100.0,99.33,3303,100.0
2025-10-23 22:01:00,42.75,37.33,30.88,186.92,4,96.62,99.64,99.64,115.38,98.51,3525,100.0
2025-10-23 22:02:00,35.32,38.59,38.7,154.9,1,99.1,99.43,99.63,100.0,98.54,3322,100.0
2025-10-23 22:03:00,36.29,32.9,33.76,167.92,3,97.66,98.68,99.85,100.0,98.56,4238,100.0
2025-10-23 22:04:00,37.7,33.0,40.44,201.81,1,97.81,98.69,99.47,100.0,98.7,4075,100.0
2025-10-23 22:05:00,42.05,33.52,31.23,241.15,5,98.88,98.01,99.13,129.33,99.26,3078,100.0
2025-10-23 22:06:00,43.12,35.13,30.07,228.46,4,98.17,99.19,99.63,113.57,99.4,3280,100.0
2025-10-23 22:07:00,38.9,34.5,32.73,244.44,2,97.85,99.83,99.93,100.0,99.27,3006,100.0
2025-10-23 22:08:00,40.02,39.7,39.32,235.59,0,96.74,99.43,99.56,103.37,98.51,3884,100.0
2025-10-23 22:09:00,43.1,37.16,33.68,220.83,3,97.47,99.04,99.09,134.62,98.95,4517,100.0
2025-10-23 22:10:00,43.68,33.21,40.28,198.43,0,96.5,99.07,99.02,153.43,99.3,4009,100.0
2025-10-23 22:11:00,44.13,34.46,38.93,229.83,2,99.83,98.17,99.2,147.01,99.18,3328,100.0
2025-10-23 22:12:00,34.48,35.26,40.13,161.25,2,99.95,99.43,99.74,100.0,98.64,3413,100.0
2025-10-23 22:13:00,37.75,38.14,34.34,188.69,2,97.28,98.74,99.9,100.0,99.09,3629,100.0
2025-10-23 22:14:00,43.69,38.01,29.83,179.51,2,97.38,99.21,99.94,133.85,98.74,3768,100.0
2025-10-23 22:15:00,34.5,37.59,21.6,144.75,1,97.18,98.98,99.79,100.0,99.46,3906,100.0
2025-10-23 22:16:00,40.07,38.68,35.41,164.47,1,97.24,99.68,99.68,100.0,98.5,4062,100.0
2025-10-23 22:17:00,38.32,33.78,24.08,221.4,1,99.52,99.65,99.47,100.0,99.01,4505,100.0
2025-10-23 22:18:00,38.04,34.88,27.19,247.51,1,99.95,99.89,99.41,100.0,99.17,4736,100.0
2025-10-23 22:19:00,37.19,38.02,34.31,206.9,2,98.01,98.6,99.26,100.0,98.7,3471,100.0
2025-10-23 22:20:00,43.65,34.03,34.28,186.66,7,96.56,98.21,99.49,144.28,96.75,3654,100.0
2025-10-23 22:21:00,39.9,32.7,30.33,193.37,2,96.7,98.59,99.28,109.03,99.09,4364,100.0
2025-10-23 22:22:00,43.95,37.66,25.89,190.72,2,98.56,98.58,99.17,119.9,99.49,3439,100.0
2025-10-23 22:23:00,45.61,39.65,29.01,203.0,4,96.85,98.29,99.7,137.25,99.35,3608,100.0
2025-10-23 22:24:00,44.33,36.29,34.27,223.87,5,97.03,98.28,99.83,125.74,98.64,4852,100.0
2025-10-23 22:25:00,35.74,33.34,39.67,178.45,2,96.54,99.84,99.76,100.0,99.23,3207,100.0
2025-10-23 22:26:00,41.83,34.81,38.75,200.16,3,98.09,99.55,99.41,100.14,98.52,4587,100.0
2025-10-23 22:27:00,37.14,34.17,27.95,161.03,0,99.49,98.61,99.58,100.0,99.48,4376,100.0
2025-10-23 22:28:00,42.79,38.55,22.96,181.24,2,99.23,98.33,99.32,144.37,98.71,4789,100.0
2025-10-23 22:29:00,39.82,38.95,40.13,194.49,4,99.23,98.58,99.27,106.81,98.87,4028,100.0
2025-10-23 22:30:00,37.38,38.43,34.36,174.17,0,98.14,98.94,99.93,100.0,99.38,4532,100.0
2025-10-23 22:31:00,37.05,36.21,36.52,207.86,0,96.64,99.18,99.25,100.0,99.06,4174,100.0
2025-10-23 22:32:00,35.15,34.64,29.95,167.74,0,96.82,99.1,99.54,100.0,99.11,3845,100.0
2025-10-23 22:33:00,42.67,39.18,29.3,190.39,3,99.74,98.94,99.46,128.27,98.75,4569,100.0
2025-10-23 22:34:00,37.46,37.03,32.75,241.58,0,99.04,99.25,99.61,100.0,99.09,4431,100.0
2025-10-23 22:35:00,41.59,33.52,24.39,184.5,1,99.09,98.41,99.56,103.92,98.68,3668,100.0
2025-10-23 22:36:00,35.4,38.23,30.69,211.66,7,96.34,99.96,99.23,100.0,96.64,3333,100.0
2025-10-23 22:37:00,43.1,33.88,25.93,167.87,3,98.91,98.01,99.68,138.41,98.56,3854,100.0
2025-10-23 22:38:00,35.64,33.28,24.18,153.43,1,99.45,99.77,99.69,100.0,99.39,3837,100.0
2025-10-23 22:39:00,36.8,37.67,28.93,200.57,1,96.68,99.94,99.71,100.0,99.07,3375,100.0
2025-10-23 22:40:00,42.92,38.72,41.46,162.99,2,96.25,99.29,99.64,140.23,99.45,3856,100.0
2025-10-23 22:41:00,40.17,37.65,36.44,199.98,1,99.03,98.42,99.5,115.72,98.83,4799,100.0
2025-10-23 22:42:00,44.04,35.93,41.83,171.54,2,98.13,98.49,99.19,129.79,99.4,3851,100.0
2025-10-23 22:43:00,36.92,38.23,27.99,220.14,2,98.71,99.81,99.1,100.0,99.47,3450,100.0
2025-10-23 22:44:00,37.65,34.65,38.59,226.49,1,99.88,99.9,99.97,100.0,99.13,3616,100.0
2025-10-23 22:45:00,42.91,36.12,34.44,220.82,2,96.6,98.88,99.52,144.18,98.9,4766,100.0
2025-10-23 22:46:00,35.76,36.43,28.8,181.28,0,98.73,98.79,99.95,100.0,98.94,4254,100.0
2025-10-23 22:47:00,35.51,36.42,35.17,159.86,3,97.8,98.47,99.3,100.0,98.57,4681,100.0
2025-10-23 22:48:00,40.04,35.54,39.7,168.24,1,97.4,98.41,99.91,100.0,99.3,3822,100.0
2025-10-23 22:49:00,43.94,38.21,25.0,219.55,3,97.91,99.19,99.54,129.49,98.77,4716,100.0
2025-10-23 22:50:00,41.27,35.75,32.22,220.16,1,96.43,98.6,99.83,114.34,98.64,3327,100.0
2025-10-23 22:51:00,42.71,34.25,25.83,213.02,3,98.77,99.15,99.89,120.12,99.27,4367,100.0
2025-10-23 22:52:00,39.95,33.56,39.15,242.76,1,98.59,98.24,99.04,100.0,99.18,4628,100.0
2025-10-23 22:53:00,37.68,39.51,34.15,248.09,1,97.72,98.82,99.93,100.0,99.29,3572,100.0
2025-10-23 22:54:00,41.71,34.44,40.34,180.29,2,98.33,99.72,99.95,131.52,99.4,3542,100.0
2025-10-23 22:55:00,39.29,37.16,31.7,210.08,3,97.44,98.74,99.77,110.05,99.13,3975,100.0
2025-10-23 22:56:00,40.8,36.84,22.69,246.74,0,97.23,98.6,99.73,114.79,98.56,3299,100.0
2025-10-23 22:57:00,37.54,36.74,39.94,178.32,2,98.51,99.04,99.39,100.0,99.3,4996,100.0
2025-10-23 22:58:00,41.02,37.33,40.24,148.57,3,99.26,98.73,99.6,110.67,98.76,4575,100.0
2025-10-23 22:59:00,37.89,37.65,30.1,152.54,2,98.34,98.14,99.83,100.0,98.99,3626,100.0
2025-10-23 23:00:00,39.56,34.42,34.39,211.0,1,97.75,98.9,99.13,100.0,98.66,4802,100.0
2025-10-23 23:01:00,36.95,39.18,33.77,222.58,5,97.82,99.98,99.33,100.0,99.32,3678,100.0
2025-10-23 23:02:00,44.2,35.93,30.76,170.61,3,99.55,99.57,99.15,127.46,98.52,3738,100.0
2025-10-23 23:03:00,34.53,34.94,25.81,194.75,1,99.87,99.27,99.56,100.0,98.51,3564,100.0
2025-10-23 23:04:00,39.13,38.41,33.46,156.39,2,96.46,98.92,99.67,101.7,99.2,4321,100.0
2025-10-23 23:05:00,43.06,34.52,25.66,155.8,1,99.65,98.36,99.09,126.64,98.67,3261,100.0
2025-10-23 23:06:00,35.98,34.75,39.16,177.88,1,99.18,99.47,99.13,100.0,99.09,4596,100.0
2025-10-23 23:07:00,42.42,35.95,36.73,172.68,0,97.37,98.31,99.98,141.12,98.64,3687,100.0
2025-10-23 23:08:00,39.49,34.14,30.79,205.2,0,96.05,98.36,99.72,100.0,99.42,3156,100.0
2025-10-23 23:09:00,41.03,33.33,41.67,172.52,2,98.05,99.05,99.35,116.49,99.04,3498,100.0
2025-10-23 23:10:00,39.4,38.48,32.4,226.94,3,96.73,99.39,99.93,100.0,99.26,3056,100.0
2025-10-23 23:11:00,41.43,38.45,31.95,189.33,2,96.51,98.1,99.24,115.88,99.25,4961,100.0
2025-10-23 23:12:00,42.04,36.41,31.07,230.35,1,99.91,99.14,99.5,134.44,99.26,3652,100.0
2025-10-23 23:13:00,42.38,34.95,24.18,254.6,6,98.49,98.61,99.23,107.09,97.04,3784,100.0
2025-10-23 23:14:00,42.48,34.6,41.37,229.02,1,99.91,99.98,99.51,144.18,99.11,3267,100.0
2025-10-23 23:15:00,42.68,36.0,28.38,171.28,4,98.53,98.99,99.65,131.11,99.48,4244,100.0
2025-10-23 23:16:00,44.79,34.34,31.74,247.59,2,97.11,99.58,99.85,146.7,99.18,4739,100.0
2025-10-23 23:17:00,42.42,34.18,36.56,167.51,2,96.91,98.94,99.99,114.41,99.48,3728,100.0
2025-10-23 23:18:00,40.41,37.29,37.75,163.62,3,98.74,99.25,99.81,119.85,98.95,3784,100.0
2025-10-23 23:19:00,37.17,37.69,41.09,168.26,4,99.65,98.12,99.45,100.0,99.43,3550,100.0
2025-10-23 23:20:00,41.23,39.03,36.07,162.19,1,96.26,98.75,99.91,100.0,98.51,4870,100.0
2025-10-23 23:21:00,40.02,36.14,40.29,218.62,5,97.14,98.35,99.35,103.3,99.09,4366,100.0
2025-10-23 23:22:00,37.04,33.4,26.27,242.48,2,98.84,99.46,99.81,100.0,99.29,4870,100.0
2025-10-23 23:23:00,45.41,34.38,35.32,165.52,6,97.63,99.93,99.2,166.18,96.87,4506,100.0
2025-10-23 23:24:00,44.06,36.04,31.42,223.18,2,99.96,99.61,99.04,151.91,99.0,3461,100.0
2025-10-23 23:25:00,42.46,33.82,27.33,150.92,2,97.96,98.67,99.03,141.68,99.34,4973,100.0
2025-10-23 23:26:00,36.98,36.19,39.74,154.81,3,96.69,99.3,99.64,100.0,98.75,3032,100.0
2025-10-23 23:27:00,42.74,33.46,29.32,191.67,1,99.66,98.54,99.52,119.79,99.48,3441,100.0
2025-10-23 23:28:00,42.51,36.99,40.94,190.16,2,99.7,99.96,99.73,142.76,99.18,4926,100.0
2025-10-23 23:29:00,41.9,32.08,29.4,174.35,0,97.87,98.3,99.04,116.81,98.73,4870,100.0
2025-10-23 23:30:00,41.33,33.66,27.67,222.84,1,96.42,98.14,99.21,126.67,99.16,3681,100.0
2025-10-23 23:31:00,36.2,34.57,31.59,168.27,2,98.91,99.02,99.96,100.0,99.09,4207,100.0
2025-10-23 23:32:00,42.77,36.17,40.26,246.3,1,96.72,98.48,99.34,143.76,99.13,4175,100.0
2025-10-23 23:33:00,46.08,38.96,23.93,170.48,1,99.34,99.54,99.15,162.14,98.61,3345,100.0
2025-10-23 23:34:00,39.0,38.75,37.35,226.63,1,99.26,98.51,99.98,103.88,99.5,4874,100.0
2025-10-23 23:35:00,38.38,38.49,28.39,214.85,2,99.58,98.21,99.36,100.0,99.3,4737,100.0
2025-10-23 23:36:00,46.27,37.85,35.91,165.48,3,98.63,98.92,99.11,175.86,99.34,3127,100.0
2025-10-23 23:37:00,39.34,35.01,32.76,201.04,2,98.89,99.95,99.95,105.06,98.57,3475,100.0
2025-10-23 23:38:00,37.82,37.88,22.61,230.52,0,97.35,99.11,99.36,100.0,99.0,4467,100.0
2025-10-23 23:39:00,43.06,38.79,40.32,201.83,3,96.98,99.38,99.27,130.21,98.99,3468,100.0
2025-10-23 23:40:00,38.09,36.64,31.12,215.21,1,96.53,98.6,99.81,100.0,99.01,3818,100.0
2025-10-23 23:41:00,41.03,40.27,41.85,231.97,2,97.58,99.05,99.15,100.0,98.67,4511,100.0
2025-10-23 23:42:00,42.17,34.93,28.69,177.53,2,97.87,98.89,99.14,134.81,99.43,4604,100.0
2025-10-23 23:43:00,39.08,38.51,33.94,225.26,3,97.18,99.77,99.18,100.0,98.78,3724,100.0
2025-10-23 23:44:00,45.05,35.05,28.31,211.24,3,96.0,99.72,99.46,151.78,99.2,4874,100.0
2025-10-23 23:45:00,37.66,34.24,25.52,229.47,0,98.0,99.41,99.71,100.0,99.2,4900,100.0
2025-10-23 23:46:00,36.6,36.91,32.26,144.06,4,97.04,98.3,99.4,100.0,98.89,3576,100.0
2025-10-23 23:47:00,42.15,38.3,27.0,231.37,1,97.89,98.13,99.86,136.49,99.18,3605,100.0
2025-10-23 23:48:00,36.55,35.85,24.29,195.22,0,96.13,98.9,99.57,100.0,98.68,3154,100.0
2025-10-23 23:49:00,35.4,36.71,21.45,232.01,6,99.02,99.23,99.03,100.0,97.37,4034,100.0
2025-10-23 23:50:00,39.47,32.25,34.76,165.62,2,99.45,99.96,99.32,111.77,99.07,3518,100.0
2025-10-23 23:51:00,39.04,37.44,34.85,197.05,2,97.32,99.49,99.56,100.0,99.19,3516,100.0
2025-10-23 23:52:00,40.82,36.51,24.81,214.39,5,98.64,99.82,99.36,100.0,99.47,4533,100.0
2025-10-23 23:53:00,37.1,37.57,28.29,186.71,0,96.92,99.01,99.08,100.0,99.28,3762,100.0
2025-10-23 23:54:00,35.02,32.75,35.96,192.18,6,96.9,98.21,99.05,100.0,97.45,4545,100.0
2025-10-23 23:55:00,44.2,36.7,36.44,225.18,2,97.17,99.18,99.54,150.21,99.08,3099,100.0
2025-10-23 23:56:00,37.33,38.75,41.88,158.88,2,99.28,98.15,99.73,100.0,99.44,4457,100.0
2025-10-23 23:57:00,35.67,35.89,29.21,208.34,1,98.64,98.62,99.85,100.0,99.02,4652,100.0
2025-10-23 23:58:00,39.13,36.59,39.32,173.51,0,98.33,99.15,99.29,100.0,98.59,3261,100.0
2025-10-23 23:59:00,44.51,36.71,25.22,252.32,1,99.89,98.36,99.97,153.99,98.93,4189,100.0
2025-10-24 00:00:00,37.03,38.94,42.82,199.99,1,97.39,98.26,99.23,100.0,98.92,4802,100.0
2025-10-24 00:01:00,39.68,33.95,24.81,219.49,4,96.13,99.48,99.68,100.0,98.54,3228,100.0
2025-10-24 00:02:00,42.16,37.46,38.59,155.1,2,98.95,99.44,99.29,115.77,99.42,4697,100.0
2025-10-24 00:03:00,36.42,35.66,22.99,209.62,2,99.13,98.51,99.77,100.0,99.34,3061,100.0
2025-10-24 00:04:00,43.16,35.01,32.17,170.49,0,98.39,98.57,99.93,130.68,98.64,3047,100.0
2025-10-24 00:05:00,36.77,34.5,25.58,183.77,1,99.2,98.85,99.91,100.0,98.66,4918,100.0
2025-10-24 00:06:00,44.34,33.94,34.18,245.53,5,98.65,99.48,99.53,158.95,98.52,3790,100.0
2025-10-24 00:07:00,40.23,32.41,39.8,227.95,1,98.71,98.68,99.86,100.0,99.32,3929,100.0
2025-10-24 00:08:00,43.58,34.13,24.84,146.97,1,97.82,99.81,99.5,117.53,98.76,3097,100.0
2025-10-24 00:09:00,43.64,34.31,23.12,245.57,3,97.13,99.58,99.27,134.15,99.3,4862,100.0
2025-10-24 00:10:00,35.87,36.79,28.64,202.02,2,97.59,98.4,99.15,100.0,99.42,4425,100.0
2025-10-24 00:11:00,46.57,37.9,24.51,165.88,1,96.81,98.2,99.86,154.84,99.0,3678,100.0
2025-10-24 00:12:00,39.85,38.41,36.84,232.43,2,98.23,99.07,99.87,100.0,98.93,4055,100.0
2025-10-24 00:13:00,40.24,33.85,25.56,168.35,2,98.95,99.61,99.21,111.31,98.56,4711,100.0
2025-10-24 00:14:00,44.43,35.58,32.53,225.5,1,96.28,99.23,99.8,158.41,99.04,4531,100.0
2025-10-24 00:15:00,36.63,37.56,22.22,170.12,2,99.3,99.14,99.4,100.0,99.35,3971,100.0
2025-10-24 00:16:00,39.98,34.95,33.47,205.79,3,97.07,98.87,99.21,100.0,98.75,4339,100.0
2025-10-24 00:17:00,42.6,35.05,42.2,181.04,2,98.66,99.12,99.51,137.76,99.21,4828,100.0
2025-10-24 00:18:00,37.98,34.8,31.8,155.9,0,98.47,98.65,99.02,100.0,99.44,3509,100.0
2025-10-24 00:19:00,39.25,37.11,26.71,222.5,2,99.55,99.81,99.55,100.0,99.16,4469,100.0
2025-10-24 00:20:00,39.35,34.42,22.47,218.38,0,96.26,98.67,99.93,100.0,98.72,4794,100.0
2025-10-24 00:21:00,43.01,36.94,38.61,205.57,2,97.84,98.64,99.61,141.63,99.4,4521,100.0
2025-10-24 00:22:00,41.56,39.38,37.4,171.33,0,98.18,98.73,99.17,127.51,98.88,3172,100.0
2025-10-24 00:23:00,36.74,36.4,34.08,171.86,1,99.81,98.65,99.93,100.0,98.84,4388,100.0
2025-10-24 00:24:00,41.81,36.44,35.19,174.17,2,97.21,99.24,100.0,135.17,99.33,4001,100.0
2025-10-24 00:25:00,43.02,36.34,31.15,172.23,3,97.72,99.93,99.76,145.55,98.9,3132,100.0
2025-10-24 00:26:00,36.76,35.22,24.59,237.52,3,97.0,99.79,99.23,100.0,98.84,4652,100.0
2025-10-24 00:27:00,39.71,36.87,27.46,143.64,2,97.28,98.9,99.27,109.36,98.82,4207,100.0
2025-10-24 00:28:00,35.88,34.68,24.44,175.69,0,99.16,98.09,99.87,100.0,99.35,4288,100.0
2025-10-24 00:29:00,39.65,33.56,26.73,216.97,2,97.9,99.18,99.12,115.48,99.33,3634,100.0
2025-10-24 00:30:00,37.87,36.98,27.96,192.34,2,98.69,100.0,99.17,100.0,99.32,4688,100.0
2025-10-24 00:31:00,44.01,39.91,24.58,166.11,0,96.17,98.24,99.82,156.0,98.84,4914,100.0
2025-10-24 00:32:00,40.6,34.61,21.17,240.56,4,96.17,98.44,99.35,124.4,99.39,3043,100.0
2025-10-24 00:33:00,44.57,34.32,37.21,160.15,1,98.81,98.69,99.87,163.31,98.62,4437,100.0
2025-10-24 00:34:00,42.82,34.74,39.78,189.28,2,98.96,99.2,99.2,128.24,98.58,4417,100.0
2025-10-24 00:35:00,39.33,33.09,36.47,226.15,3,98.18,99.3,99.63,105.24,99.49,4452,100.0
2025-10-24 00:36:00,33.75,32.8,25.02,241.31,1,97.99,98.43,99.3,100.0,99.1,4743,100.0
2025-10-24 00:37:00,34.3,34.23,31.63,231.32,2,96.86,99.92,99.6,100.0,99.25,3578,100.0
2025-10-24 00:38:00,43.0,38.39,38.85,164.8,3,96.36,99.71,99.12,131.7,98.88,4513,100.0
2025-10-24 00:39:00,42.49,37.66,23.27,235.86,1,97.2,99.81,99.01,137.0,99.42,3500,100.0
2025-10-24 00:40:00,34.79,36.35,34.55,163.13,2,98.03,99.17,99.22,100.0,98.57,4101,100.0
2025-10-24 00:41:00,38.39,35.88,40.23,218.78,1,97.49,98.68,99.5,100.0,99.41,3935,100.0
2025-10-24 00:42:00,41.87,37.85,38.24,160.37,2,97.94,99.34,99.12,122.93,99.34,3418,100.0
2025-10-24 00:43:00,38.9,35.71,38.25,225.27,4,98.05,99.71,99.57,108.47,98.64,3882,100.0
2025-10-24 00:44:00,42.37,37.55,22.1,242.68,4,97.59,98.25,99.86,126.9,98.64,4758,100.0
2025-10-24 00:45:00,34.62,37.68,22.93,215.89,3,97.1,99.89,99.44,100.0,99.22,4312,100.0
2025-10-24 00:46:00,42.39,38.14,22.98,249.94,3,96.92,98.72,99.41,127.38,99.1,4575,100.0
2025-10-24 00:47:00,44.04,33.87,27.91,186.6,0,97.67,98.72,99.53,124.45,98.91,4194,100.0
2025-10-24 00:48:00,39.66,35.79,23.36,161.31,2,99.53,99.23,99.8,100.0,98.65,3713,100.0
2025-10-24 00:49:00,40.19,38.04,38.95,227.61,2,99.95,98.34,99.72,100.0,98.78,4497,100.0
2025-10-24 00:50:00,41.17,33.76,40.85,207.25,0,96.83,98.46,99.25,114.03,98.71,3825,100.0
2025-10-24 00:51:00,37.11,37.28,33.75,214.73,2,100.0,98.12,99.81,100.0,99.16,3947,100.0
2025-10-24 00:52:00,37.22,37.37,26.84,169.43,0,96.45,99.41,99.99,100.0,99.21,4565,100.0
2025-10-24 00:53:00,44.62,35.16,34.83,175.34,1,96.26,98.18,99.98,126.49,99.19,4774,100.0
2025-10-24 00:54:00,40.04,37.34,42.27,162.0,1,97.98,99.54,99.98,100.0,98.54,3276,100.0
2025-10-24 00:55:00,43.89,34.33,26.55,219.54,0,97.4,98.29,99.97,130.35,98.77,4268,100.0
2025-10-24 00:56:00,38.54,38.0,37.45,240.79,4,97.72,99.75,99.21,100.0,99.43,4399,100.0
2025-10-24 00:57:00,35.46,33.58,33.4,228.91,2,99.15,99.89,99.44,100.0,99.11,3143,100.0
2025-10-24 00:58:00,39.01,35.89,29.78,226.98,1,97.86,99.93,99.88,100.0,98.74,3966,100.0
2025-10-24 00:59:00,41.94,38.85,34.66,235.57,1,99.57,98.4,99.37,133.05,99.48,3621,100.0
2025-10-24 01:00:00,39.69,37.28,38.05,247.63,2,98.47,99.37,99.09,100.0,98.7,4015,100.0
2025-10-24 01:01:00,34.3,34.69,28.96,178.45,2,98.6,98.11,99.43,100.0,98.54,3069,100.0
2025-10-24 01:02:00,40.42,37.59,33.91,200.79,0,97.19,99.38,99.27,108.01,99.1,3610,100.0
2025-10-24 01:03:00,39.49,32.77,35.32,146.14,0,99.48,99.16,99.16,100.0,98.87,3539,100.0
2025-10-24 01:04:00,37.83,38.59,25.2,163.7,0,96.5,98.51,99.7,100.0,99.26,4151,100.0
2025-10-24 01:05:00,41.3,36.62,40.86,191.2,2,97.02,99.0,99.93,100.04,99.08,3435,100.0
2025-10-24 01:06:00,41.95,37.84,28.31,241.87,2,99.59,98.67,99.75,138.19,99.41,3927,100.0
2025-10-24 01:07:00,40.43,38.16,38.09,213.91,1,98.4,99.05,99.04,100.0,99.11,3235,100.0
2025-10-24 01:08:00,41.4,36.05,35.49,232.67,5,96.62,98.76,99.65,100.0,99.04,3026,100.0
2025-10-24 01:09:00,42.13,36.61,31.89,204.48,4,97.29,99.5,99.61,129.56,98.61,3316,100.0
2025-10-24 01:10:00,37.54,34.49,36.77,214.15,0,97.38,99.35,99.98,100.0,98.75,3132,100.0
2025-10-24 01:11:00,42.21,36.54,27.14,222.54,1,99.18,99.37,99.61,139.31,98.63,4381,100.0
2025-10-24 01:12:00,39.57,32.72,33.6,178.98,0,99.12,98.78,99.44,100.0,98.58,3919,100.0
2025-10-24 01:13:00,41.66,38.42,37.28,157.96,1,96.48,98.96,99.22,122.52,98.53,4714,100.0
2025-10-24 01:14:00,36.68,34.41,27.65,193.16,2,98.44,98.12,99.83,100.0,98.89,3839,100.0
2025-10-24 01:15:00,40.93,33.75,40.89,189.47,1,99.12,98.02,99.11,108.17,99.47,3071,100.0
2025-10-24 01:16:00,42.49,38.49,33.67,191.04,3,96.38,98.58,99.96,122.05,98.82,3621,100.0
2025-10-24 01:17:00,34.81,36.59,36.2,183.89,5,97.59,98.25,99.4,100.0,99.45,3309,100.0
2025-10-24 01:18:00,43.77,35.97,29.86,180.7,2,99.56,99.19,99.17,145.05,99.38,4980,100.0
2025-10-24 01:19:00,42.64,35.33,34.1,205.45,1,96.78,99.05,99.8,113.67,98.66,4519,100.0
2025-10-24 01:20:00,35.35,35.72,38.54,150.3,0,99.24,99.05,99.66,100.0,98.8,3595,100.0
2025-10-24 01:21:00,39.59,35.47,30.05,255.06,0,96.96,98.64,99.15,100.0,98.66,4055,100.0
2025-10-24 01:22:00,38.69,32.02,32.69,143.38,2,96.35,98.01,99.55,100.0,99.36,4138,100.0
2025-10-24 01:23:00,44.33,38.52,36.42,188.6,2,98.71,99.86,99.5,130.39,98.64,3604,100.0
2025-10-24 01:24:00,40.28,34.88,28.29,162.14,4,96.06,99.0,99.92,100.0,99.26,3639,100.0
2025-10-24 01:25:00,38.53,38.4,30.84,220.61,2,99.51,99.1,99.31,100.0,98.51,3706,100.0
2025-10-24 01:26:00,39.48,36.51,26.65,171.78,4,97.75,98.84,99.94,104.64,99.21,4129,100.0
2025-10-24 01:27:00,41.49,37.21,33.08,234.62,0,99.77,99.55,99.53,129.28,99.33,3838,100.0
2025-10-24 01:28:00,39.31,34.11,24.1,237.54,2,98.18,98.7,99.74,104.53,98.93,4719,100.0
2025-10-24 01:29:00,38.97,37.89,35.42,197.7,5,99.8,98.11,99.89,100.0,99.25,3668,100.0
2025-10-24 01:30:00,43.34,32.35,28.53,177.44,2,98.04,98.47,99.02,135.15,98.86,3477,100.0
2025-10-24 01:31:00,36.27,35.38,38.94,223.55,0,98.92,98.15,99.55,100.0,98.95,3753,100.0
2025-10-24 01:32:00,40.12,33.77,39.4,195.48,1,98.46,99.39,99.29,117.02,98.7,4794,100.0
2025-10-24 01:33:00,42.9,38.63,36.85,197.16,2,96.25,98.49,99.76,140.7,98.78,3655,100.0
2025-10-24 01:34:00,39.4,33.44,22.75,157.17,1,99.9,99.32,99.18,100.0,98.77,4369,100.0
2025-10-24 01:35:00,44.02,35.66,30.92,191.57,1,98.37,99.9,99.79,154.63,98.73,4214,100.0
2025-10-24 01:36:00,35.05,37.81,22.75,226.66,4,99.99,98.04,99.17,100.0,99.24,3174,100.0
2025-10-24 01:37:00,37.77,36.71,31.81,162.85,2,98.15,99.98,99.86,100.0,98.68,4826,100.0
2025-10-24 01:38:00,41.62,38.91,26.24,231.73,2,98.36,99.74,99.91,117.6,99.16,4745,100.0
2025-10-24 01:39:00,37.55,38.13,27.48,209.31,2,99.58,99.17,99.07,100.0,98.76,3240,100.0
2025-10-24 01:40:00,44.69,37.04,28.34,161.44,0,99.7,98.29,99.5,158.69,99.43,3403,100.0
2025-10-24 01:41:00,39.02,35.35,26.88,204.0,3,96.01,99.78,99.87,100.0,98.74,4944,100.0
2025-10-24 01:42:00,35.38,32.3,34.81,170.52,1,96.03,99.59,99.66,100.0,98.57,4551,100.0
2025-10-24 01:43:00,44.19,36.11,24.71,214.89,0,96.66,98.94,99.25,159.12,99.31,3553,100.0
2025-10-24 01:44:00,40.58,36.31,34.89,173.84,3,99.53,98.91,99.71,100.0,99.28,4511,100.0
2025-10-24 01:45:00,39.5,35.18,30.0,161.04,5,97.38,99.41,99.52,113.9,99.4,4893,100.0
2025-10-24 01:46:00,40.1,36.19,33.0,188.49,5,99.63,98.55,99.56,118.66,99.12,3168,100.0
2025-10-24 01:47:00,40.97,39.1,31.22,239.67,3,97.34,99.07,99.02,100.0,99.47,4206,100.0
2025-10-24 01:48:00,42.01,36.65,32.07,217.56,1,99.0,99.16,99.91,117.88,98.63,3097,100.0
2025-10-24 01:49:00,38.47,34.65,25.83,202.53,1,98.49,99.89,99.2,100.0,99.02,3238,100.0
2025-10-24 01:50:00,35.75,34.96,33.89,223.49,1,97.87,98.4,99.92,100.0,98.89,4836,100.0
2025-10-24 01:51:00,44.85,36.64,36.55,185.96,3,97.84,99.33,99.81,160.04,98.87,4871,100.0
2025-10-24 01:52:00,44.04,37.15,36.05,165.48,2,97.31,98.78,99.36,145.5,98.73,4011,100.0
2025-10-24 01:53:00,38.68,36.62,26.51,203.68,6,98.52,98.54,99.81,100.0,96.55,4191,100.0
2025-10-24 01:54:00,39.53,33.67,36.88,158.84,5,99.66,98.38,99.28,110.14,99.19,3743,100.0
2025-10-24 01:55:00,36.98,36.15,42.43,165.99,3,97.3,98.11,99.15,100.0,99.45,4851,100.0
2025-10-24 01:56:00,42.84,38.96,31.09,224.43,3,99.94,99.62,99.62,111.41,98.76,4682,100.0
2025-10-24 01:57:00,42.12,38.65,29.77,238.62,3,96.32,99.18,99.73,110.69,98.67,4279,100.0
2025-10-24 01:58:00,38.4,35.08,24.59,201.19,0,96.45,99.42,99.73,100.0,98.68,3107,100.0
2025-10-24 01:59:00,37.27,34.62,38.07,140.67,3,96.26,98.76,99.61,100.0,98.77,3502,100.0
2025-10-24 02:00:00,44.01,35.67,26.68,182.36,5,96.63,99.93,99.19,138.69,99.48,3834,100.0
2025-10-24 02:01:00,39.8,37.53,28.46,191.37,1,97.89,99.49,99.87,100.0,98.82,4823,100.0
2025-10-24 02:02:00,43.63,34.16,26.7,213.02,5,96.29,99.86,99.67,122.51,98.74,3009,100.0
2025-10-24 02:03:00,36.96,34.39,34.98,194.25,1,98.83,99.75,99.42,100.0,98.95,4577,100.0
2025-10-24 02:04:00,37.37,35.73,25.45,190.01,1,98.62,99.68,99.3,100.0,98.5,4689,100.0
2025-10-24 02:05:00,44.23,33.94,22.65,232.27,4,97.56,98.16,99.57,160.73,98.78,4858,100.0
2025-10-24 02:06:00,40.73,34.52,23.55,154.77,0,99.19,99.77,99.48,108.08,99.19,4401,100.0
2025-10-24 02:07:00,39.02,34.54,31.38,223.58,1,98.35,98.11,99.82,100.0,99.2,4523,100.0
2025-10-24 02:08:00,40.95,36.23,22.79,230.74,1,96.86,99.93,99.3,128.34,99.14,3353,100.0
2025-10-24 02:09:00,40.5,38.26,33.19,163.05,1,96.5,98.65,99.66,100.27,98.94,3641,100.0
2025-10-24 02:10:00,36.47,37.92,37.05,181.9,1,96.11,99.63,99.94,100.0,99.1,4434,100.0
2025-10-24 02:11:00,43.69,36.81,35.49,221.85,0,98.58,99.02,99.38,127.35,99.14,3333,100.0
2025-10-24 02:12:00,42.26,37.56,40.33,194.02,0,98.71,98.57,99.09,136.78,98.64,4012,100.0
2025-10-24 02:13:00,43.32,34.52,40.37,185.34,1,98.58,98.99,99.97,141.15,99.26,3398,100.0
2025-10-24 02:14:00,39.51,38.05,42.04,161.84,3,99.18,99.91,99.94,100.0,99.37,4172,100.0
2025-10-24 02:15:00,40.96,39.38,39.76,209.67,2,98.72,99.78,99.25,122.61,98.86,3263,100.0
2025-10-24 02:16:00,40.66,33.02,35.03,201.72,1,98.82,98.43,99.21,100.0,98.51,3373,100.0
2025-10-24 02:17:00,36.18,32.57,35.77,197.48,1,97.34,98.94,100.0,100.0,98.52,3415,100.0
2025-10-24 02:18:00,41.11,36.07,31.55,230.63,1,99.35,98.92,99.55,124.6,99.45,4104,100.0
2025-10-24 02:19:00,41.03,34.7,20.58,235.14,4,98.88,98.2,99.22,107.31,99.08,4611,100.0
2025-10-24 02:20:00,44.67,38.49,35.22,234.86,4,96.21,99.77,99.14,137.76,98.82,3231,100.0
2025-10-24 02:21:00,43.49,38.27,38.58,180.99,0,96.73,99.54,99.29,150.6,99.34,3473,100.0
2025-10-24 02:22:00,36.61,36.13,38.2,239.96,0,97.67,99.21,99.34,100.0,99.27,4565,100.0
2025-10-24 02:23:00,44.11,39.76,33.72,237.91,0,99.95,99.84,99.84,144.65,99.04,3300,100.0
2025-10-24 02:24:00,38.53,35.48,22.73,205.87,2,98.81,98.26,99.82,100.0,98.74,4797,100.0
2025-10-24 02:25:00,35.26,35.74,33.19,147.95,4,99.41,98.71,99.86,100.0,99.1,3689,100.0
2025-10-24 02:26:00,42.2,38.67,29.73,183.41,1,97.73,99.71,99.11,124.18,98.9,4875,100.0
2025-10-24 02:27:00,43.07,35.74,35.0,225.5,0,98.69,98.28,99.19,129.17,99.48,4904,100.0
2025-10-24 02:28:00,40.4,35.26,37.52,162.74,4,97.91,99.52,99.72,106.46,98.77,3588,100.0
2025-10-24 02:29:00,42.93,33.43,35.58,177.44,1,97.51,99.51,99.76,117.72,98.88,4005,100.0
2025-10-24 02:30:00,36.77,34.84,26.69,176.73,0,99.68,98.32,99.07,100.0,99.44,4928,100.0
2025-10-24 02:31:00,42.32,34.48,22.63,186.26,0,99.02,99.94,99.08,119.04,99.4,4456,100.0
2025-10-24 02:32:00,43.78,38.05,30.2,241.65,3,99.37,98.57,99.47,134.25,99.18,3780,100.0
2025-10-24 02:33:00,36.04,37.64,24.91,149.04,1,97.69,99.59,99.19,100.0,98.6,3947,100.0
2025-10-24 02:34:00,44.38,36.6,36.88,199.75,1,96.48,99.14,99.61,163.24,99.36,4688,100.0
2025-10-24 02:35:00,38.91,36.25,25.08,213.36,0,97.79,99.13,99.23,100.09,99.17,3295,100.0
2025-10-24 02:36:00,35.29,35.12,41.62,240.38,1,98.47,98.04,99.76,100.0,98.9,3765,100.0
2025-10-24 02:37:00,41.31,37.54,35.29,175.88,1,99.89,98.95,99.09,116.14,99.08,3077,100.0
2025-10-24 02:38:00,39.07,31.99,20.85,154.23,2,96.89,99.09,99.51,100.0,98.93,4306,100.0
2025-10-24 02:39:00,42.81,34.46,32.03,232.37,2,97.46,98.75,99.21,118.84,99.09,3007,100.0
2025-10-24 02:40:00,41.76,36.16,37.28,158.2,3,96.41,99.71,99.81,114.65,98.88,3855,100.0
2025-10-24 02:41:00,38.69,35.19,24.4,148.78,2,97.23,98.76,99.07,100.0,98.96,4665,100.0
2025-10-24 02:42:00,41.98,34.8,39.7,242.87,2,99.18,98.89,99.3,111.61,99.08,4790,100.0
2025-10-24 02:43:00,40.93,36.52,36.68,224.72,3,97.13,99.02,99.26,100.0,99.47,3207,100.0
2025-10-24 02:44:00,45.99,36.89,26.64,254.62,1,98.87,98.89,99.39,165.18,98.55,4396,100.0
2025-10-24 02:45:00,41.79,37.26,41.76,241.92,3,98.68,99.08,99.5,137.34,98.52,3829,100.0
2025-10-24 02:46:00,42.46,34.93,32.32,206.38,0,99.46,98.91,99.9,120.24,98.91,3488,100.0
2025-10-24 02:47:00,42.94,37.41,41.76,200.41,3,97.52,99.27,99.62,126.26,98.68,4184,100.0
2025-10-24 02:48:00,38.5,35.99,35.16,185.54,0,99.17,99.34,99.8,100.0,99.41,3525,100.0
2025-10-24 02:49:00,36.42,35.11,40.47,162.84,1,96.95,98.69,99.65,100.0,98.63,3292,100.0
2025-10-24 02:50:00,38.2,33.36,28.86,217.51,2,98.95,99.55,99.31,100.0,98.63,3981,100.0
2025-10-24 02:51:00,39.15,35.32,33.91,167.79,1,99.92,98.1,99.02,100.0,98.56,4621,100.0
2025-10-24 02:52:00,43.11,37.24,24.44,234.61,5,96.38,99.96,99.54,136.91,99.41,3014,100.0
2025-10-24 02:53:00,40.54,37.36,23.32,218.82,1,99.22,99.96,99.92,106.91,99.36,4541,100.0
2025-10-24 02:54:00,39.37,34.14,22.64,207.78,3,99.49,98.17,99.65,100.0,98.6,4513,100.0
2025-10-24 02:55:00,43.2,37.75,42.51,158.42,2,98.68,99.8,99.7,134.75,99.24,3219,100.0
2025-10-24 02:56:00,36.95,35.11,36.85,185.05,5,97.86,98.98,99.33,100.0,98.75,4716,100.0
2025-10-24 02:57:00,39.24,35.85,41.65,211.91,0,97.38,99.41,99.41,100.0,99.0,3445,100.0
2025-10-24 02:58:00,37.1,35.14,34.47,206.37,3,97.5,99.8,99.59,100.0,98.9,3789,100.0
2025-10-24 02:59:00,44.28,37.09,32.0,219.98,2,99.8,98.92,99.09,156.55,99.39,4459,100.0
2025-10-24 03:00:00,41.86,38.23,32.06,225.9,3,98.54,98.65,99.87,112.96,98.95,4960,100.0
2025-10-24 03:01:00,37.35,36.53,39.47,182.45,0,99.59,99.24,99.23,100.0,99.3,4284,100.0
2025-10-24 03:02:00,43.43,38.33,30.27,242.76,1,96.87,99.47,99.38,124.82,99.1,4564,100.0
2025-10-24 03:03:00,37.7,36.9,39.03,248.38,0,98.62,99.19,99.52,100.0,99.24,3785,100.0
2025-10-24 03:04:00,38.64,34.62,28.81,170.97,2,96.65,98.45,99.34,104.44,99.41,3170,100.0
2025-10-24 03:05:00,37.92,34.75,25.8,191.39,1,98.69,98.52,99.64,100.0,99.23,4723,100.0
2025-10-24 03:06:00,40.05,33.45,40.98,211.33,1,98.74,99.99,99.33,112.49,98.79,3975,100.0
2025-10-24 03:07:00,37.5,36.35,31.56,155.74,1,97.8,99.96,99.29,100.0,98.63,3307,100.0
2025-10-24 03:08:00,41.86,35.62,22.33,176.31,0,99.67,98.06,99.05,110.5,99.13,3715,100.0
2025-10-24 03:09:00,33.4,36.35,33.78,178.54,2,99.52,98.22,99.85,100.0,99.45,4027,100.0
2025-10-24 03:10:00,40.54,33.2,28.17,218.34,1,97.99,99.05,99.7,100.0,98.93,4773,100.0
2025-10-24 03:11:00,33.93,36.04,25.14,182.15,3,97.3,98.28,99.56,100.0,98.76,4999,100.0
2025-10-24 03:12:00,35.66,38.31,31.85,234.35,3,99.33,99.01,99.41,100.0,99.4,3534,100.0
2025-10-24 03:13:00,35.91,33.15,36.69,215.87,0,98.12,98.31,99.38,100.0,98.73,3055,100.0
2025-10-24 03:14:00,37.01,37.03,37.37,172.01,2,99.84,98.6,99.91,100.0,98.54,4584,100.0
2025-10-24 03:15:00,38.53,32.52,22.16,145.06,4,96.44,99.96,99.69,100.0,98.75,3444,100.0
2025-10-24 03:16:00,39.77,37.95,41.18,149.96,1,99.35,99.9,99.56,100.0,99.17,3705,100.0
2025-10-24 03:17:00,37.2,33.81,40.17,207.45,3,96.12,98.67,99.85,100.0,99.43,3998,100.0
2025-10-24 03:18:00,36.54,36.01,39.37,228.56,1,98.32,99.86,99.18,100.0,98.65,4839,100.0
2025-10-24 03:19:00,42.54,34.11,26.65,245.71,2,96.34,99.38,99.78,140.03,99.0,3657,100.0
2025-10-24 03:20:00,36.76,39.7,36.27,157.73,6,98.56,99.89,99.38,100.0,97.11,4158,100.0
2025-10-24 03:21:00,42.96,38.65,32.39,255.54,0,99.66,99.31,99.91,124.31,99.33,4231,100.0
2025-10-24 03:22:00,43.67,38.17,30.99,187.52,1,97.98,99.79,99.37,146.15,99.12,3522,100.0
2025-10-24 03:23:00,41.27,38.83,34.05,224.44,1,96.21,98.23,99.16,125.14,98.94,3370,100.0
2025-10-24 03:24:00,37.98,36.25,27.47,222.54,1,96.83,98.12,99.91,100.0,99.0,3201,100.0
2025-10-24 03:25:00,39.99,34.48,39.0,222.33,3,96.35,98.14,99.33,112.77,99.1,3849,100.0
2025-10-24 03:26:00,39.63,38.91,24.57,175.26,2,97.32,98.44,99.85,109.67,98.74,3869,100.0
2025-10-24 03:27:00,42.01,33.66,40.16,203.55,1,99.61,98.05,99.14,107.76,98.56,3450,100.0
2025-10-24 03:28:00,41.17,34.02,27.68,242.32,2,98.01,98.35,99.67,127.14,98.66,3012,100.0
2025-10-24 03:29:00,43.74,37.61,33.4,202.3,2,99.1,98.94,99.82,156.69,98.67,4586,100.0
2025-10-24 03:30:00,43.34,36.01,33.86,224.25,0,99.71,99.97,99.33,142.05,98.92,3055,100.0
2025-10-24 03:31:00,44.32,33.66,23.23,232.4,0,98.75,99.86,99.41,125.96,98.72,4896,100.0
2025-10-24 03:32:00,38.85,40.22,34.63,214.33,2,99.77,98.35,99.2,100.0,98.52,3857,100.0
2025-10-24 03:33:00,34.91,32.83,39.84,233.35,1,97.17,99.76,99.1,100.0,98.69,4516,100.0
2025-10-24 03:34:00,34.64,36.6,22.2,170.68,2,97.12,98.86,99.44,100.0,99.4,3283,100.0
2025-10-24 03:35:00,42.15,34.29,37.53,221.88,2,97.79,98.05,99.38,134.99,98.84,4183,100.0
2025-10-24 03:36:00,39.59,32.75,39.47,224.64,5,99.23,98.54,99.65,105.18,99.06,4325,100.0
2025-10-24 03:37:00,37.53,37.26,40.47,196.39,0,98.48,98.68,99.42,100.0,99.13,4574,100.0
2025-10-24 03:38:00,42.75,36.92,30.49,248.91,1,96.07,99.48,99.89,114.97,98.53,3488,100.0
2025-10-24 03:39:00,44.86,33.87,25.05,157.63,1,99.6,98.95,99.39,145.69,98.92,3683,100.0
2025-10-24 03:40:00,44.95,36.13,38.4,224.69,2,96.81,99.24,99.71,155.21,99.01,3275,100.0
2025-10-24 03:41:00,40.11,37.66,27.9,220.67,1,97.3,98.55,99.81,100.4,98.56,4631,100.0
2025-10-24 03:42:00,40.9,39.19,27.58,166.92,2,97.36,99.32,99.12,126.77,99.03,3967,100.0
2025-10-24 03:43:00,36.99,33.24,30.03,190.43,0,99.39,99.64,99.45,100.0,99.0,3442,100.0
2025-10-24 03:44:00,39.47,35.85,24.01,238.8,2,96.01,99.94,99.48,109.87,99.23,3358,100.0
2025-10-24 03:45:00,42.83,32.84,31.53,172.28,3,96.18,98.08,99.7,146.23,99.35,3244,100.0
2025-10-24 03:46:00,41.85,36.9,39.98,174.46,2,98.85,98.67,99.63,127.56,99.1,4472,100.0
2025-10-24 03:47:00,39.97,38.19,30.91,146.58,2,96.48,98.31,99.03,100.0,99.49,3657,100.0
2025-10-24 03:48:00,42.54,39.4,37.39,164.97,3,99.84,98.39,99.23,119.72,99.18,3859,100.0
2025-10-24 03:49:00,36.93,33.72,23.32,198.71,1,96.03,99.06,99.7,100.0,98.7,4838,100.0
2025-10-24 03:50:00,45.13,39.64,29.67,181.84,3,96.47,99.22,99.17,159.73,99.48,4541,100.0
2025-10-24 03:51:00,41.41,33.07,25.16,182.86,3,98.65,99.56,99.54,124.82,99.22,3953,100.0
2025-10-24 03:52:00,38.88,35.95,24.23,199.64,1,98.31,98.66,99.86,100.0,98.91,4963,100.0
2025-10-24 03:53:00,39.29,34.45,40.41,246.07,2,96.17,99.1,99.85,100.0,99.05,3281,100.0
2025-10-24 03:54:00,36.27,36.43,40.62,212.26,3,99.41,98.11,99.46,100.0,99.34,4942,100.0
2025-10-24 03:55:00,45.33,36.79,33.24,245.94,1,96.51,99.9,99.37,140.79,99.24,4759,100.0
2025-10-24 03:56:00,43.34,32.58,39.5,150.61,0,99.45,98.5,99.22,147.14,99.04,3701,100.0
2025-10-24 03:57:00,41.36,37.27,38.47,158.03,2,98.44,98.06,99.34,100.49,99.06,3382,100.0
2025-10-24 03:58:00,42.23,33.33,30.5,218.11,1,99.81,98.75,99.0,121.37,99.4,4330,100.0
2025-10-24 03:59:00,42.3,37.95,40.43,163.81,3,99.5,98.59,99.41,110.41,99.39,3186,100.0
2025-10-24 04:00:00,39.19,32.72,38.88,191.19,2,98.05,98.38,99.07,100.0,98.61,3983,100.0
2025-10-24 04:01:00,37.36,34.48,32.85,207.5,0,98.0,99.34,99.68,100.0,99.4,4245,100.0
2025-10-24 04:02:00,34.82,35.57,39.49,170.61,0,97.7,98.0,99.55,100.0,99.43,4739,100.0
2025-10-24 04:03:00,36.06,33.81,40.98,230.91,2,98.46,99.93,99.13,100.0,98.86,3231,100.0
2025-10-24 04:04:00,34.26,35.22,34.12,222.3,0,99.51,98.34,99.66,100.0,99.38,3077,100.0
2025-10-24 04:05:00,33.89,31.46,25.52,168.75,0,98.06,98.23,99.07,100.0,99.43,3793,100.0
2025-10-24 04:06:00,36.43,35.33,25.66,179.69,2,98.64,99.84,99.92,100.0,99.44,3662,100.0
2025-10-24 04:07:00,42.13,32.19,24.15,148.8,2,96.9,98.43,99.27,102.03,98.92,4952,100.0
2025-10-24 04:08:00,42.04,34.09,35.04,251.3,4,97.63,98.07,99.11,126.38,99.12,3478,100.0
2025-10-24 04:09:00,41.97,34.51,27.88,155.04,2,99.21,98.26,99.16,112.53,99.08,3685,100.0
2025-10-24 04:10:00,37.43,35.13,40.77,229.19,4,98.37,98.51,99.78,100.0,99.4,4137,100.0
2025-10-24 04:11:00,36.26,38.67,31.66,173.15,1,96.3,98.9,99.95,100.0,99.4,4593,100.0
2025-10-24 04:12:00,41.53,34.19,34.13,188.28,0,99.22,99.09,99.74,114.53,99.05,4424,100.0
2025-10-24 04:13:00,38.37,38.76,31.32,225.35,2,99.72,99.57,99.66,100.0,99.34,4535,100.0
2025-10-24 04:14:00,35.37,34.89,36.28,214.53,1,96.96,98.12,99.18,100.0,99.17,4176,100.0
2025-10-24 04:15:00,44.66,37.42,26.71,219.72,0,99.94,99.23,99.12,146.59,99.44,4699,100.0
2025-10-24 04:16:00,42.72,37.79,39.47,240.7,3,97.39,99.22,99.47,142.9,98.57,4897,100.0
2025-10-24 04:17:00,38.04,34.7,36.97,208.71,5,97.23,99.25,99.94,100.0,99.23,3187,100.0
2025-10-24 04:18:00,36.43,33.12,24.14,243.29,2,99.23,99.36,99.23,100.0,98.77,4257,100.0
2025-10-24 04:19:00,35.23,33.51,30.26,167.98,1,99.97,98.87,99.15,100.0,98.92,4618,100.0
2025-10-24 04:20:00,38.78,34.19,30.93,183.56,4,97.79,99.28,99.22,100.0,99.15,4312,100.0
2025-10-24 04:21:00,38.14,36.47,25.77,168.02,3,96.94,99.56,99.79,100.0,99.35,3822,100.0
2025-10-24 04:22:00,34.98,36.73,25.44,192.43,1,99.54,99.23,99.15,100.0,99.35,3332,100.0
2025-10-24 04:23:00,43.53,37.11,35.17,249.35,0,98.56,98.16,99.79,151.15,98.59,3051,100.0
2025-10-24 04:24:00,44.36,33.91,38.69,223.42,0,98.95,98.97,99.85,156.33,99.44,3150,100.0
2025-10-24 04:25:00,42.1,35.26,37.52,210.26,1,98.43,98.84,99.33,140.58,99.2,4079,100.0
2025-10-24 04:26:00,40.85,37.9,24.12,171.86,0,99.97,99.16,99.49,102.04,98.95,4551,100.0
2025-10-24 04:27:00,44.64,33.98,28.46,171.27,4,97.96,99.15,99.89,152.33,99.29,4438,100.0
2025-10-24 04:28:00,40.59,38.77,41.03,223.12,1,97.3,99.12,99.0,119.81,98.87,4446,100.0
2025-10-24 04:29:00,42.28,35.98,37.39,216.18,3,99.09,99.35,99.28,136.5,98.87,4105,100.0
2025-10-24 04:30:00,42.08,36.78,23.68,217.08,1,97.33,99.76,99.55,118.24,99.44,4623,100.0
2025-10-24 04:31:00,35.09,37.49,24.11,163.03,0,97.93,99.29,99.75,100.0,98.68,4242,100.0
2025-10-24 04:32:00,43.7,37.06,28.52,200.38,2,97.59,99.24,99.47,143.31,98.76,3342,100.0
2025-10-24 04:33:00,35.17,36.64,41.65,192.22,1,98.05,99.99,99.98,100.0,99.32,3346,100.0
2025-10-24 04:34:00,35.45,34.71,23.51,201.77,0,98.5,99.12,99.38,100.0,99.49,3335,100.0
2025-10-24 04:35:00,42.64,37.12,35.6,186.22,2,99.9,98.96,99.43,120.35,99.31,3510,100.0
2025-10-24 04:36:00,41.6,33.08,33.58,198.11,1,99.22,99.02,99.61,134.51,98.9,4628,100.0
2025-10-24 04:37:00,41.57,36.7,23.27,242.14,1,99.01,99.04,99.0,133.65,98.52,3179,100.0
2025-10-24 04:38:00,45.2,38.91,35.52,226.64,3,96.88,98.7,99.05,170.73,99.24,3426,100.0
2025-10-24 04:39:00,36.18,37.92,35.99,185.69,1,98.68,99.56,99.11,100.0,98.86,4334,100.0
2025-10-24 04:40:00,39.52,35.19,25.44,172.95,2,97.88,98.75,99.65,100.0,98.78,4618,100.0
2025-10-24 04:41:00,45.05,34.65,27.28,194.78,1,97.87,99.68,99.23,132.36,99.41,4575,100.0
2025-10-24 04:42:00,43.46,34.43,25.7,196.08,5,97.1,98.6,99.78,119.57,98.67,4228,100.0
2025-10-24 04:43:00,36.56,36.17,22.96,218.17,2,98.36,98.21,99.05,100.0,99.07,3187,100.0
2025-10-24 04:44:00,37.03,33.95,37.1,178.37,1,99.16,99.32,99.34,100.0,99.29,3688,100.0
2025-10-24 04:45:00,38.67,32.32,39.3,181.78,2,97.6,99.84,99.36,106.59,99.29,4806,100.0
2025-10-24 04:46:00,38.85,34.62,22.87,155.42,1,99.74,99.32,99.4,100.43,99.07,3834,100.0
2025-10-24 04:47:00,36.27,38.43,34.3,193.05,2,97.67,98.13,99.08,100.0,98.88,4439,100.0
2025-10-24 04:48:00,38.79,32.0,39.69,237.77,4,99.41,98.27,99.8,102.55,98.67,3957,100.0
2025-10-24 04:49:00,42.93,38.02,37.24,239.18,3,98.53,98.38,99.56,132.51,99.31,3723,100.0
2025-10-24 04:50:00,40.05,37.05,38.58,179.12,0,98.73,98.74,99.38,117.7,98.91,4907,100.0
2025-10-24 04:51:00,36.27,35.22,36.07,163.65,3,97.43,99.01,99.73,100.0,99.03,3146,100.0
2025-10-24 04:52:00,36.85,34.06,36.16,170.29,3,99.98,98.59,99.58,100.0,99.04,4717,100.0
2025-10-24 04:53:00,35.72,36.28,31.72,189.66,1,98.6,98.24,99.83,100.0,99.11,3155,100.0
2025-10-24 04:54:00,42.61,35.77,28.03,233.99,1,99.11,98.05,99.22,126.92,99.42,3531,100.0
2025-10-24 04:55:00,36.84,38.63,32.2,154.78,2,98.77,99.04,99.71,100.0,98.92,4856,100.0
2025-10-24 04:56:00,37.93,38.99,39.56,164.54,5,97.65,99.45,99.28,100.0,99.36,4527,100.0
2025-10-24 04:57:00,38.31,37.36,23.33,182.96,4,98.64,99.76,99.55,100.0,98.71,3392,100.0
2025-10-24 04:58:00,40.28,37.88,26.15,224.52,3,99.04,98.55,99.33,121.4,99.5,3003,100.0
2025-10-24 04:59:00,40.67,35.31,30.01,171.58,2,99.4,98.54,99.6,121.27,99.48,4205,100.0
2025-10-24 05:00:00,38.12,37.71,24.52,222.18,1,99.39,98.25,99.18,100.0,98.62,4347,100.0
2025-10-24 05:01:00,38.02,34.54,35.08,161.04,4,98.81,99.56,99.9,100.0,99.26,3464,100.0
2025-10-24 05:02:00,42.64,34.27,22.95,187.29,1,99.68,99.49,99.37,119.41,99.42,4777,100.0
2025-10-24 05:03:00,40.57,34.79,37.37,214.0,2,99.72,99.95,99.35,123.53,99.3,4882,100.0
2025-10-24 05:04:00,35.06,34.73,28.37,179.99,1,96.74,98.59,99.89,100.0,98.79,4388,100.0
2025-10-24 05:05:00,42.62,35.38,36.23,243.17,1,98.56,99.02,99.3,142.9,99.35,3528,100.0
2025-10-24 05:06:00,38.86,34.05,39.61,162.71,1,99.71,98.21,99.12,100.0,98.71,3264,100.0
2025-10-24 05:07:00,37.19,36.95,26.96,190.25,2,99.1,99.66,99.35,100.0,99.21,3074,100.0
2025-10-24 05:08:00,37.08,37.26,33.91,208.19,2,99.86,98.51,99.83,100.0,98.67,3019,100.0
2025-10-24 05:09:00,44.09,37.84,25.43,234.76,4,96.05,99.91,99.13,132.72,99.23,3010,100.0
2025-10-24 05:10:00,34.01,35.94,32.84,217.36,2,96.88,98.17,99.86,100.0,98.62,3528,100.0
2025-10-24 05:11:00,43.78,38.87,37.97,207.75,4,99.14,98.41,99.19,150.29,99.06,3827,100.0
2025-10-24 05:12:00,44.36,36.36,33.36,213.52,2,98.51,98.45,99.62,130.46,99.31,4321,100.0
2025-10-24 05:13:00,43.68,38.68,40.7,164.62,3,99.7,98.81,99.63,156.03,99.38,3724,100.0
2025-10-24 05:14:00,44.0,38.4,23.78,177.73,1,96.38,99.61,99.34,151.03,99.43,3626,100.0
2025-10-24 05:15:00,39.45,33.46,27.81,204.18,1,97.25,99.98,99.38,100.0,98.97,3668,100.0
2025-10-24 05:16:00,42.4,34.93,25.64,222.18,1,99.99,98.05,99.71,137.89,98.85,3314,100.0
2025-10-24 05:17:00,37.95,34.83,40.58,144.85,5,99.53,98.42,99.52,100.0,99.3,4554,100.0
2025-10-24 05:18:00,36.41,32.48,28.26,168.91,5,98.56,98.18,99.67,100.0,99.28,4327,100.0
2025-10-24 05:19:00,37.09,33.91,37.15,234.13,0,96.6,99.58,99.97,100.0,98.65,3642,100.0
2025-10-24 05:20:00,35.81,35.02,37.28,183.72,4,96.97,98.61,99.16,100.0,98.76,4319,100.0
2025-10-24 05:21:00,42.61,36.16,27.42,219.82,0,96.58,98.77,99.57,135.21,99.19,3756,100.0
2025-10-24 05:22:00,38.79,35.83,35.74,152.22,0,96.3,99.09,99.57,100.0,99.16,4526,100.0
2025-10-24 05:23:00,36.78,35.48,39.61,221.79,3,98.74,98.19,99.06,100.0,98.99,4620,100.0
2025-10-24 05:24:00,39.41,37.0,26.7,182.61,0,96.52,99.22,99.5,100.0,98.51,3338,100.0
2025-10-24 05:25:00,43.44,34.27,30.99,178.59,5,98.95,99.79,99.04,151.0,98.71,4410,100.0
2025-10-24 05:26:00,44.17,38.29,34.73,163.75,3,98.77,99.27,99.27,143.16,98.91,3749,100.0
2025-10-24 05:27:00,43.89,34.03,30.46,151.92,2,97.08,99.76,99.69,121.71,99.49,4890,100.0
2025-10-24 05:28:00,45.44,37.73,28.58,246.26,2,97.62,99.87,99.82,135.64,98.51,3138,100.0
2025-10-24 05:29:00,41.19,37.95,32.39,203.91,1,97.03,98.55,99.39,100.0,99.45,4828,100.0
2025-10-24 05:30:00,43.45,39.08,27.99,188.02,3,97.24,99.17,99.15,116.06,98.74,3316,100.0
2025-10-24 05:31:00,36.44,38.7,34.24,223.77,1,96.24,99.99,99.1,100.0,99.11,3663,100.0
2025-10-24 05:32:00,36.71,33.68,23.69,232.16,3,96.36,98.73,99.2,100.0,98.6,4545,100.0
2025-10-24 05:33:00,42.58,37.88,41.93,218.15,1,99.77,98.44,99.49,144.13,98.68,3071,100.0
2025-10-24 05:34:00,40.86,34.06,22.44,235.21,0,97.09,98.48,99.02,100.0,99.31,3075,100.0
2025-10-24 05:35:00,34.75,36.44,23.3,184.74,0,97.45,98.64,99.61,100.0,99.18,4871,100.0
2025-10-24 05:36:00,37.86,36.82,39.91,199.57,1,97.62,98.73,99.24,100.0,98.78,4185,100.0
2025-10-24 05:37:00,38.86,37.84,33.65,178.54,2,97.94,99.72,99.91,100.0,99.2,4221,100.0
2025-10-24 05:38:00,33.59,36.87,23.21,174.96,3,98.06,98.11,99.73,100.0,98.98,3188,100.0
2025-10-24 05:39:00,41.52,37.93,30.53,155.37,2,96.75,98.24,99.2,101.41,99.42,3418,100.0
2025-10-24 05:40:00,43.44,40.0,43.0,215.44,2,96.42,99.35,99.27,117.64,98.6,4444,100.0
2025-10-24 05:41:00,36.87,37.3,39.7,181.97,3,99.73,99.97,99.39,100.0,99.19,4167,100.0
2025-10-24 05:42:00,39.02,39.0,31.83,192.52,1,96.01,99.32,99.61,100.0,99.47,4386,100.0
2025-10-24 05:43:00,38.19,35.84,33.08,208.35,1,97.2,99.93,99.36,100.0,99.22,3325,100.0
2025-10-24 05:44:00,37.02,35.17,32.71,240.42,6,97.43,98.7,99.37,100.0,96.86,3375,100.0
2025-10-24 05:45:00,42.13,39.1,33.04,177.84,7,97.57,98.18,99.72,106.99,97.37,3811,100.0
2025-10-24 05:46:00,39.59,35.22,23.28,151.41,5,98.64,98.83,99.21,100.0,98.74,4459,100.0
2025-10-24 05:47:00,39.61,35.33,40.78,158.75,4,98.01,98.72,99.78,108.61,98.67,4044,100.0
2025-10-24 05:48:00,40.15,38.64,41.67,175.23,2,99.39,98.6,99.02,100.0,98.54,3415,100.0
2025-10-24 05:49:00,40.78,33.97,23.65,170.44,2,98.49,98.99,99.06,100.0,98.72,4369,100.0
2025-10-24 05:50:00,35.52,34.6,40.91,151.57,1,96.26,98.51,99.94,100.0,98.67,3131,100.0
2025-10-24 05:51:00,40.46,33.71,30.61,232.67,5,96.81,99.4,99.01,100.0,98.88,4734,100.0
2025-10-24 05:52:00,40.82,33.59,27.84,223.55,2,96.88,98.42,99.69,102.92,98.74,4387,100.0
2025-10-24 05:53:00,37.91,37.1,31.68,240.72,1,98.58,99.42,99.02,100.0,98.68,4917,100.0
2025-10-24 05:54:00,34.51,37.51,37.99,188.3,0,97.56,99.52,99.66,100.0,99.25,3660,100.0
2025-10-24 05:55:00,38.62,37.04,28.41,237.81,2,96.47,98.26,99.34,100.0,98.96,3538,100.0
2025-10-24 05:56:00,43.13,37.27,39.27,246.99,0,98.77,98.24,99.94,120.4,98.85,4958,100.0
2025-10-24 05:57:00,41.98,32.01,21.24,223.41,0,99.41,99.85,99.02,108.57,98.52,3145,100.0
2025-10-24 05:58:00,41.53,36.61,27.86,182.31,4,99.32,98.68,99.87,132.03,99.2,3710,100.0
2025-10-24 05:59:00,39.83,36.5,31.5,230.4,1,96.61,98.73,99.67,100.0,98.82,3924,100.0
2025-10-24 06:00:00,43.91,35.8,38.22,237.57,4,99.14,98.08,99.0,133.13,98.96,4092,100.0
2025-10-24 06:01:00,38.97,33.92,29.09,233.14,3,97.95,98.25,99.9,100.0,98.84,4547,100.0
2025-10-24 06:02:00,35.71,38.52,38.21,204.36,1,96.78,99.93,99.71,100.0,99.31,4064,100.0
2025-10-24 06:03:00,35.85,34.74,41.88,236.31,1,96.99,98.13,99.82,100.0,98.91,3539,100.0
2025-10-24 06:04:00,43.16,36.74,34.42,189.13,1,97.18,99.38,99.42,133.64,99.27,3533,100.0
2025-10-24 06:05:00,39.91,36.62,23.75,168.57,0,99.01,98.6,99.42,105.96,99.47,4622,100.0
2025-10-24 06:06:00,35.34,33.26,24.4,181.36,1,99.29,99.6,99.35,100.0,98.87,3771,100.0
2025-10-24 06:07:00,41.42,35.05,32.64,159.82,3,97.64,98.97,99.9,104.46,98.67,3282,100.0
2025-10-24 06:08:00,42.43,33.86,39.32,219.72,0,97.85,99.68,99.4,143.83,99.35,4506,100.0
2025-10-24 06:09:00,38.22,35.04,36.69,225.46,1,99.49,98.83,99.61,100.0,98.54,3180,100.0
2025-10-24 06:10:00,41.05,36.63,29.53,152.62,2,96.08,98.04,99.03,100.0,98.73,3494,100.0
2025-10-24 06:11:00,42.84,35.59,37.0,239.94,2,97.31,99.37,99.93,133.05,98.86,3627,100.0
2025-10-24 06:12:00,39.89,37.03,38.8,181.86,3,96.46,99.91,99.13,100.0,98.67,4623,100.0
2025-10-24 06:13:00,34.82,32.65,30.95,168.09,5,96.31,99.5,99.74,100.0,98.7,3446,100.0
2025-10-24 06:14:00,36.81,37.01,27.53,145.37,1,96.78,98.03,99.58,100.0,98.6,3100,100.0
2025-10-24 06:15:00,40.17,37.88,41.33,158.8,2,97.34,99.15,99.6,100.0,99.43,3109,100.0
2025-10-24 06:16:00,44.11,38.69,21.67,170.74,3,96.79,98.03,99.84,136.3,99.36,3647,100.0
2025-10-24 06:17:00,41.13,32.34,36.8,231.94,1,96.78,99.74,99.29,100.53,99.48,4340,100.0
2025-10-24 06:18:00,39.26,38.57,34.28,218.33,3,96.82,99.5,99.03,100.0,99.03,3409,100.0
2025-10-24 06:19:00,44.43,38.86,41.83,168.12,0,98.22,99.58,99.29,133.93,99.02,3964,100.0
2025-10-24 06:20:00,39.77,34.81,29.25,209.55,2,97.31,99.08,99.27,100.0,98.58,4303,100.0
2025-10-24 06:21:00,43.59,36.71,32.81,218.48,3,96.07,98.69,99.07,150.2,99.22,3608,100.0
2025-10-24 06:22:00,43.73,37.87,23.32,232.26,1,99.08,98.5,99.17,139.02,99.05,3941,100.0
2025-10-24 06:23:00,42.17,33.07,32.21,181.76,1,96.33,99.99,99.58,138.2,98.91,4208,100.0
2025-10-24 06:24:00,41.59,38.43,37.55,173.17,2,98.26,99.79,99.29,122.28,98.54,4668,100.0
2025-10-24 06:25:00,37.1,36.68,32.52,204.99,2,97.7,99.27,99.19,100.0,99.22,3735,100.0
2025-10-24 06:26:00,40.0,32.87,30.85,165.21,1,97.43,99.73,99.6,111.14,98.61,3626,100.0
2025-10-24 06:27:00,38.58,37.93,34.98,197.5,3,96.17,98.54,99.75,100.0,99.13,4049,100.0
2025-10-24 06:28:00,39.19,33.18,37.82,181.21,1,99.47,99.94,99.47,100.0,99.12,4950,100.0
2025-10-24 06:29:00,41.17,33.88,33.88,194.8,4,97.41,99.04,99.1,119.26,99.11,3637,100.0
2025-10-24 06:30:00,43.76,32.83,27.81,243.24,2,96.27,98.22,99.97,121.12,99.15,3881,100.0
2025-10-24 06:31:00,43.87,34.96,22.84,226.17,2,99.6,98.24,99.14,119.3,98.57,4714,100.0
2025-10-24 06:32:00,42.63,36.72,29.58,157.56,3,99.31,98.42,99.17,134.08,99.16,4824,100.0
2025-10-24 06:33:00,38.47,34.31,30.7,189.02,4,98.92,99.1,99.29,100.0,99.4,4435,100.0
2025-10-24 06:34:00,45.46,37.54,27.45,153.39,3,97.13,99.38,99.09,143.11,99.24,3594,100.0
2025-10-24 06:35:00,34.72,35.54,34.57,225.93,1,98.23,98.15,99.2,100.0,98.77,3931,100.0
2025-10-24 06:36:00,43.29,37.17,28.39,164.75,2,99.18,98.44,99.54,116.71,98.92,4960,100.0
2025-10-24 06:37:00,46.63,40.25,35.99,189.91,1,96.39,98.34,99.47,147.4,99.44,4123,100.0
2025-10-24 06:38:00,38.45,37.78,24.1,191.43,2,97.36,99.52,99.12,100.0,98.57,3638,100.0
2025-10-24 06:39:00,37.67,34.45,24.54,204.23,3,99.68,99.66,99.83,100.0,99.32,4254,100.0
2025-10-24 06:40:00,42.6,34.21,43.54,200.99,2,99.34,99.37,99.83,125.35,99.29,4595,100.0
2025-10-24 06:41:00,38.05,32.79,38.88,166.9,3,97.61,98.62,99.19,100.0,98.6,4023,100.0
2025-10-24 06:42:00,44.29,36.4,39.48,232.05,0,99.69,99.38,99.67,151.47,98.72,3058,100.0
2025-10-24 06:43:00,37.37,37.8,33.99,186.36,2,98.45,98.03,99.43,100.0,99.29,3498,100.0
2025-10-24 06:44:00,42.78,39.31,36.57,177.01,1,99.6,99.82,99.77,139.55,99.16,4471,100.0
2025-10-24 06:45:00,35.62,34.57,30.62,213.71,2,97.58,98.15,99.97,100.0,98.54,4058,100.0
2025-10-24 06:46:00,39.32,38.41,35.08,177.83,2,99.06,98.61,99.28,102.28,99.01,3277,100.0
2025-10-24 06:47:00,41.98,38.12,33.35,220.04,2,97.13,99.55,99.06,139.31,99.13,4614,100.0
2025-10-24 06:48:00,40.72,37.49,36.62,247.09,0,96.44,99.38,99.34,114.32,98.73,4256,100.0
2025-10-24 06:49:00,40.19,34.04,40.99,231.24,2,98.02,99.5,99.22,106.46,99.43,4505,100.0
2025-10-24 06:50:00,39.49,35.88,32.88,216.15,2,96.36,98.35,99.31,100.0,98.73,4044,100.0
2025-10-24 06:51:00,40.89,34.85,41.4,199.07,1,97.6,99.08,99.31,100.0,98.7,3933,100.0
2025-10-24 06:52:00,35.26,32.82,40.87,154.14,4,96.34,98.88,99.1,100.0,99.2,4887,100.0
2025-10-24 06:53:00,41.39,35.71,32.71,169.57,3,98.9,98.2,99.39,125.39,98.63,3585,100.0
2025-10-24 06:54:00,36.8,36.45,27.82,202.31,1,98.57,98.09,99.95,100.0,98.8,3583,100.0
2025-10-24 06:55:00,39.73,36.52,27.56,228.23,0,97.59,99.11,99.8,112.18,98.74,3482,100.0
2025-10-24 06:56:00,42.43,32.25,34.64,166.72,3,97.7,99.04,99.75,109.11,98.85,4279,100.0
2025-10-24 06:57:00,38.97,36.24,37.86,149.8,2,98.51,98.3,99.35,108.71,98.64,3166,100.0
2025-10-24 06:58:00,41.5,34.65,25.72,170.01,1,96.88,99.63,99.53,106.87,98.85,4915,100.0
2025-10-24 06:59:00,38.04,39.22,37.93,217.34,2,99.18,99.62,99.57,100.0,99.31,3664,100.0
2025-10-24 07:00:00,34.94,36.11,32.71,155.04,0,97.0,99.67,99.06,100.0,98.68,3507,100.0
2025-10-24 07:01:00,44.71,39.61,35.61,246.36,2,99.11,99.12,99.81,152.21,98.78,4371,100.0
2025-10-24 07:02:00,37.73,35.09,40.07,202.03,1,97.05,98.59,99.98,100.0,98.58,4496,100.0
2025-10-24 07:03:00,41.89,35.31,38.19,159.29,7,96.7,99.56,100.0,127.73,97.08,3366,100.0
2025-10-24 07:04:00,40.04,38.28,41.22,187.88,1,99.84,98.24,99.93,100.0,99.41,3904,100.0
2025-10-24 07:05:00,41.37,33.55,30.34,201.6,0,98.64,99.68,99.02,113.44,98.53,4746,100.0
2025-10-24 07:06:00,35.78,36.76,35.94,205.96,2,98.14,98.79,99.71,100.0,98.79,3452,100.0
2025-10-24 07:07:00,42.92,37.47,38.31,198.29,1,99.57,98.15,99.59,118.51,98.71,3196,100.0
2025-10-24 07:08:00,39.18,38.42,26.46,220.2,2,96.63,98.35,99.35,100.0,99.5,3891,100.0
2025-10-24 07:09:00,39.4,35.95,24.92,193.22,0,99.88,98.95,99.03,100.0,98.6,4579,100.0
2025-10-24 07:10:00,38.25,34.73,40.12,227.99,3,97.77,99.33,99.0,100.0,98.52,3901,100.0
2025-10-24 07:11:00,35.25,35.94,27.71,195.01,5,96.22,99.94,99.36,100.0,99.41,3381,100.0
2025-10-24 07:12:00,43.93,34.39,27.67,246.95,3,97.16,98.46,100.0,125.62,99.48,4853,100.0
2025-10-24 07:13:00,42.33,36.63,22.27,214.44,2,98.18,99.1,99.65,136.53,99.2,3282,100.0
2025-10-24 07:14:00,37.76,32.99,23.53,189.38,2,99.32,98.96,99.62,100.0,99.42,3956,100.0
2025-10-24 07:15:00,36.14,37.27,31.73,159.0,2,99.65,99.7,99.57,100.0,99.08,3831,100.0
2025-10-24 07:16:00,40.11,35.61,31.58,156.83,3,98.56,99.14,99.2,100.0,99.24,4046,100.0
2025-10-24 07:17:00,44.88,39.14,28.86,164.73,1,99.13,98.29,99.87,145.37,98.78,4003,100.0
2025-10-24 07:18:00,39.95,40.08,32.02,241.31,0,99.11,99.1,99.64,100.0,99.04,4864,100.0
2025-10-24 07:19:00,39.68,34.25,37.23,204.63,3,99.7,98.12,99.26,112.76,99.29,3377,100.0
2025-10-24 07:20:00,40.91,38.45,40.74,158.87,4,98.4,99.03,99.93,111.33,98.53,4372,100.0
2025-10-24 07:21:00,35.11,38.37,31.34,244.85,0,98.13,98.45,99.64,100.0,99.07,3719,100.0
2025-10-24 07:22:00,43.13,34.06,23.42,153.89,2,97.39,99.06,99.68,143.67,99.14,3060,100.0
2025-10-24 07:23:00,41.63,34.1,34.06,191.43,2,99.32,98.45,99.14,129.75,98.74,3064,100.0
2025-10-24 07:24:00,40.5,36.7,24.12,226.99,2,98.11,99.18,99.2,100.0,99.09,4645,100.0
2025-10-24 07:25:00,44.2,35.83,23.06,243.52,1,99.89,98.56,99.66,127.74,99.22,4952,100.0
2025-10-24 07:26:00,43.72,35.53,30.74,187.73,3,96.5,98.03,99.61,150.85,99.41,4240,100.0
2025-10-24 07:27:00,44.25,36.3,40.67,233.27,2,96.59,99.89,99.01,130.6,98.64,4397,100.0
2025-10-24 07:28:00,41.02,37.72,40.73,159.18,2,99.23,99.56,99.96,100.0,98.74,4655,100.0
2025-10-24 07:29:00,38.68,35.65,33.96,189.49,0,98.42,98.46,99.97,100.0,99.34,4908,100.0
2025-10-24 07:30:00,35.24,38.81,31.27,197.2,3,96.45,98.72,99.17,100.0,99.03,3874,100.0
2025-10-24 07:31:00,36.89,33.82,24.24,161.96,1,96.25,98.94,99.18,100.0,98.85,3079,100.0
2025-10-24 07:32:00,39.1,34.63,26.64,251.91,1,96.32,99.75,99.51,100.0,98.75,4797,100.0
2025-10-24 07:33:00,40.18,36.53,32.44,159.04,2,98.68,98.19,99.93,100.0,99.17,4270,100.0
2025-10-24 07:34:00,38.23,38.42,37.75,195.56,2,96.54,98.37,99.54,100.0,98.91,3853,100.0
2025-10-24 07:35:00,38.49,35.86,33.62,165.22,1,96.7,98.29,99.14,100.0,98.87,3202,100.0
2025-10-24 07:36:00,40.04,34.26,39.34,232.79,0,98.93,98.37,99.56,115.25,99.43,3368,100.0
2025-10-24 07:37:00,45.36,34.14,41.15,232.03,4,97.36,98.71,99.59,140.84,98.93,3135,100.0
2025-10-24 07:38:00,42.28,35.94,28.53,189.64,0,97.03,99.42,99.18,108.33,99.35,3473,100.0
2025-10-24 07:39:00,36.33,34.9,30.26,162.73,5,99.89,99.29,99.53,100.0,99.47,4998,100.0
2025-10-24 07:40:00,37.87,36.28,37.46,152.22,1,99.12,99.23,99.43,100.0,99.04,4447,100.0
2025-10-24 07:41:00,43.17,39.36,39.86,256.99,1,99.04,99.75,99.05,125.03,99.31,4366,100.0
2025-10-24 07:42:00,39.09,38.07,33.36,202.86,2,97.22,98.04,99.75,100.0,99.4,4000,100.0
2025-10-24 07:43:00,36.7,36.65,27.02,250.11,2,98.09,98.17,99.46,100.0,98.87,3785,100.0
2025-10-24 07:44:00,41.01,34.88,31.79,156.07,2,99.06,98.75,99.03,128.24,98.68,3669,100.0
2025-10-24 07:45:00,41.04,39.62,34.86,246.72,1,98.26,98.2,99.12,100.0,98.51,3302,100.0
2025-10-24 07:46:00,34.46,33.23,40.12,199.57,2,96.43,99.17,99.83,100.0,99.38,3276,100.0
2025-10-24 07:47:00,43.05,36.82,33.87,207.85,0,98.57,98.8,99.06,118.74,98.94,4985,100.0
2025-10-24 07:48:00,42.88,32.36,23.4,191.68,0,98.29,98.32,99.65,113.49,99.31,4467,100.0
2025-10-24 07:49:00,44.03,33.24,32.88,219.76,3,97.73,98.51,99.16,131.76,99.16,3966,100.0
2025-10-24 07:50:00,36.05,33.71,26.84,171.96,1,97.72,99.53,99.03,100.0,99.21,3297,100.0
2025-10-24 07:51:00,42.92,36.47,40.14,153.57,3,96.94,99.57,99.15,130.34,98.71,3978,100.0
2025-10-24 07:52:00,42.25,32.64,39.71,178.07,1,97.43,98.92,99.69,137.43,99.37,3674,100.0
2025-10-24 07:53:00,34.61,37.59,21.34,231.74,0,99.91,98.02,99.02,100.0,99.17,3705,100.0
2025-10-24 07:54:00,44.04,39.12,26.27,177.9,2,96.7,99.85,99.03,136.51,98.71,4548,100.0
2025-10-24 07:55:00,43.97,34.73,34.13,235.99,3,99.84,98.6,99.2,158.02,98.56,4679,100.0
2025-10-24 07:56:00,39.16,33.67,29.25,195.27,1,97.61,99.25,99.5,105.3,99.45,4633,100.0
2025-10-24 07:57:00,35.61,34.39,23.89,194.06,1,97.07,98.19,99.41,100.0,98.91,4269,100.0
2025-10-24 07:58:00,43.89,34.93,36.53,195.95,2,98.05,98.51,99.33,119.14,99.45,3449,100.0
2025-10-24 07:59:00,43.38,37.58,28.27,167.52,4,97.63,99.89,99.99,125.39,99.45,4900,100.0
2025-10-24 08:00:00,41.19,36.78,27.54,186.68,1,99.98,98.38,99.81,108.68,98.58,3649,100.0
2025-10-24 08:01:00,35.05,38.3,26.52,220.69,2,96.38,99.62,99.72,100.0,99.23,4195,100.0
2025-10-24 08:02:00,42.38,36.34,25.97,205.98,1,96.97,99.31,99.68,106.73,99.15,3069,100.0
2025-10-24 08:03:00,43.65,37.37,36.09,171.94,3,98.05,98.31,99.59,156.0,99.26,3644,100.0
2025-10-24 08:04:00,36.69,38.78,24.07,194.38,3,98.42,98.34,99.58,100.0,98.69,3133,100.0
2025-10-24 08:05:00,38.78,35.14,24.38,206.45,4,97.95,99.1,99.87,100.0,99.16,3533,100.0
2025-10-24 08:06:00,42.64,39.76,40.82,199.51,1,97.63,98.45,99.02,111.88,98.95,4784,100.0
2025-10-24 08:07:00,37.78,35.33,29.26,184.77,4,99.33,99.03,99.44,100.0,99.36,3541,100.0
2025-10-24 08:08:00,41.14,37.43,29.58,226.54,3,98.63,99.35,99.44,101.36,99.3,4508,100.0
2025-10-24 08:09:00,35.94,36.24,24.21,183.82,1,97.88,99.41,99.44,100.0,98.91,4184,100.0
2025-10-24 08:10:00,43.88,38.91,33.18,164.7,5,98.75,99.13,99.87,128.96,99.16,4880,100.0
2025-10-24 08:11:00,37.9,35.39,30.89,162.4,1,96.3,98.73,99.24,100.0,99.11,4796,100.0
2025-10-24 08:12:00,43.34,33.76,24.32,226.29,1,98.04,98.9,99.39,118.45,99.29,3479,100.0
2025-10-24 08:13:00,39.42,38.16,28.2,152.76,3,96.72,99.43,99.23,100.0,99.13,4499,100.0
2025-10-24 08:14:00,42.16,36.69,33.72,244.76,3,99.15,98.81,99.56,124.03,99.01,3914,100.0
2025-10-24 08:15:00,36.89,34.6,24.68,223.41,3,99.28,98.37,99.07,100.0,99.08,4557,100.0
2025-10-24 08:16:00,35.47,33.13,40.23,158.7,1,96.73,98.33,99.28,100.0,98.62,4946,100.0
2025-10-24 08:17:00,36.33,38.62,33.84,165.11,0,98.36,98.63,99.45,100.0,99.07,4165,100.0
2025-10-24 08:18:00,38.05,33.78,24.16,174.3,2,96.13,98.05,99.42,100.0,99.07,4619,100.0
2025-10-24 08:19:00,37.98,33.68,37.85,221.72,4,98.47,99.03,99.27,100.0,99.46,3333,100.0
2025-10-24 08:20:00,37.01,34.84,34.36,160.15,5,96.12,99.7,99.71,100.0,99.3,3106,100.0
2025-10-24 08:21:00,38.35,35.17,24.25,224.94,3,99.59,98.72,99.33,100.0,99.18,3915,100.0
2025-10-24 08:22:00,41.03,36.72,27.52,149.98,2,99.83,98.59,99.47,109.64,98.87,3303,100.0
2025-10-24 08:23:00,42.97,34.87,36.57,234.85,0,98.93,99.28,99.2,134.52,98.92,3169,100.0
2025-10-24 08:24:00,41.95,35.33,33.73,226.09,1,98.03,98.75,99.75,122.11,99.2,4191,100.0
2025-10-24 08:25:00,42.83,36.82,35.58,172.67,1,97.36,99.78,99.11,142.99,98.98,3367,100.0
2025-10-24 08:26:00,40.88,37.07,32.49,224.11,2,98.84,98.82,99.53,113.89,99.22,4279,100.0
2025-10-24 08:27:00,38.31,38.23,39.13,158.69,2,96.73,99.18,99.34,100.0,98.76,3852,100.0
2025-10-24 08:28:00,41.09,35.82,40.38,165.69,1,96.33,98.88,99.95,119.8,98.73,3925,100.0
2025-10-24 08:29:00,42.62,33.91,25.72,166.34,1,98.35,99.65,99.78,132.9,98.72,4632,100.0
2025-10-24 08:30:00,38.58,36.58,23.33,230.68,1,97.5,98.28,99.8,100.0,98.62,3907,100.0
2025-10-24 08:31:00,39.49,34.63,28.51,226.71,2,97.22,99.07,99.57,100.0,98.79,3961,100.0
2025-10-24 08:32:00,40.27,36.76,37.16,157.89,6,99.06,98.36,99.41,111.36,96.79,3907,100.0
2025-10-24 08:33:00,35.65,37.58,38.84,192.46,1,96.85,98.46,99.97,100.0,98.88,4109,100.0
2025-10-24 08:34:00,36.51,35.23,27.95,216.04,4,96.85,99.77,99.39,100.0,99.17,3114,100.0
2025-10-24 08:35:00,43.91,36.0,26.58,248.46,4,99.96,99.2,99.3,151.77,98.55,4308,100.0
2025-10-24 08:36:00,39.68,35.4,34.43,160.79,3,97.95,99.84,99.91,100.0,99.46,3137,100.0
2025-10-24 08:37:00,39.15,33.86,28.46,205.94,1,99.88,98.06,99.34,103.54,99.35,4594,100.0
2025-10-24 08:38:00,44.12,37.58,37.06,212.76,0,97.09,99.41,99.24,139.44,99.03,4341,100.0
2025-10-24 08:39:00,36.5,35.76,32.84,229.06,2,96.43,99.22,99.92,100.0,98.79,3811,100.0
2025-10-24 08:40:00,39.25,34.01,41.8,169.34,2,98.34,99.52,99.56,100.0,98.55,3975,100.0
2025-10-24 08:41:00,40.9,39.3,32.3,219.76,2,99.58,99.79,99.9,100.0,98.82,4837,100.0
2025-10-24 08:42:00,38.28,37.59,39.03,192.57,1,96.22,98.03,99.88,100.0,99.08,4330,100.0
2025-10-24 08:43:00,43.68,32.74,25.49,218.69,1,97.77,99.45,99.21,133.99,99.02,3344,100.0
2025-10-24 08:44:00,43.57,36.85,25.62,157.9,0,99.0,99.41,99.75,128.01,98.59,4428,100.0
2025-10-24 08:45:00,44.15,35.66,37.22,222.45,1,99.82,99.73,99.88,161.4,99.14,3163,100.0
2025-10-24 08:46:00,42.14,35.36,21.89,192.38,1,96.01,98.91,99.0,138.78,99.32,4260,100.0
2025-10-24 08:47:00,35.39,36.58,35.63,209.8,4,99.71,99.24,99.58,100.0,98.88,3296,100.0
2025-10-24 08:48:00,35.64,37.2,21.14,237.06,0,96.2,99.99,100.0,100.0,98.63,3395,100.0
2025-10-24 08:49:00,38.89,34.01,27.51,224.86,3,98.22,99.74,99.03,105.4,98.73,3621,100.0
2025-10-24 08:50:00,37.47,34.87,37.33,247.0,0,98.09,99.83,99.89,100.0,99.4,3629,100.0
2025-10-24 08:51:00,36.85,38.23,36.01,186.69,2,96.93,99.12,99.92,100.0,99.16,3492,100.0
2025-10-24 08:52:00,40.91,34.39,40.85,205.97,3,98.86,98.2,99.08,107.91,98.64,3663,100.0
2025-10-24 08:53:00,36.4,34.62,40.54,223.75,1,96.12,99.97,99.53,100.0,98.74,3915,100.0
2025-10-24 08:54:00,37.56,36.63,31.84,175.44,1,99.24,99.37,99.92,100.0,99.38,4727,100.0
2025-10-24 08:55:00,39.83,37.04,34.31,182.53,1,99.35,99.07,99.34,100.0,98.58,3211,100.0
2025-10-24 08:56:00,38.56,35.72,29.83,199.7,2,97.09,99.89,99.31,100.0,99.47,3457,100.0
2025-10-24 08:57:00,40.6,35.15,23.78,246.45,3,98.85,99.57,99.38,111.13,98.71,3110,100.0
2025-10-24 08:58:00,43.51,33.12,37.01,218.0,0,98.89,99.94,99.52,126.7,99.04,3242,100.0
2025-10-24 08:59:00,44.44,35.1,31.02,189.55,0,96.14,99.12,99.5,163.88,98.76,3736,100.0
2025-10-24 09:00:00,73.69,61.15,61.51,387.28,5,97.67,99.2,99.15,455.58,98.61,7465,100.0
2025-10-24 09:01:00,65.86,60.82,58.74,346.63,0,97.57,98.5,99.87,366.88,99.24,7901,100.0
2025-10-24 09:02:00,73.57,60.07,49.04,324.48,1,97.84,99.38,99.42,425.04,99.38,6776,100.0
2025-10-24 09:03:00,73.89,61.45,53.17,382.85,0,99.68,98.79,99.98,446.94,99.45,6132,100.0
2025-10-24 09:04:00,75.51,60.68,48.3,376.35,0,96.05,99.09,99.53,459.66,98.51,7006,100.0
2025-10-24 09:05:00,68.24,64.82,53.34,337.54,2,98.5,99.32,99.46,395.54,98.51,7936,100.0
2025-10-24 09:06:00,66.66,65.24,58.19,402.62,2,96.26,99.9,99.25,383.1,98.59,7275,100.0
2025-10-24 09:07:00,68.81,64.52,52.37,296.31,2,96.14,99.64,99.82,376.1,99.16,6128,100.0
2025-10-24 09:08:00,66.54,63.49,63.47,300.33,1,99.71,99.75,99.91,360.54,98.73,6383,100.0
2025-10-24 09:09:00,74.86,62.17,57.66,338.38,2,97.71,98.67,99.84,451.84,98.68,6471,100.0
2025-10-24 09:10:00,71.57,61.01,47.86,331.5,2,99.53,98.94,99.46,397.02,99.14,6918,100.0
2025-10-24 09:11:00,66.18,61.26,49.78,310.87,2,97.01,98.87,99.55,366.29,98.72,7455,100.0
2025-10-24 09:12:00,69.96,63.03,53.57,389.55,2,98.88,98.43,99.02,418.61,99.46,6640,100.0
2025-10-24 09:13:00,65.97,59.87,58.33,368.45,1,97.79,99.03,99.54,357.48,98.5,6943,100.0
2025-10-24 09:14:00,66.43,65.83,64.24,360.09,3,97.42,99.92,99.6,383.92,98.93,6064,100.0
2025-10-24 09:15:00,66.04,62.41,62.22,351.58,1,96.58,98.11,99.71,373.62,98.66,6650,100.0
2025-10-24 09:16:00,68.01,64.93,59.23,310.92,0,97.78,99.98,99.79,371.8,98.53,6822,100.0
2025-10-24 09:17:00,66.54,61.03,49.18,371.62,0,98.26,99.51,99.16,381.1,98.58,7365,100.0
2025-10-24 09:18:00,71.16,63.87,53.37,330.57,2,99.27,98.96,99.45,392.3,98.62,6863,100.0
2025-10-24 09:19:00,74.33,61.14,45.72,341.18,0,97.34,98.71,99.0,454.5,99.41,7997,100.0
2025-10-24 09:20:00,70.23,62.96,51.64,346.83,2,98.16,99.33,99.57,406.13,98.89,7302,100.0
2025-10-24 09:21:00,65.52,60.97,54.98,394.74,2,99.38,99.08,99.05,351.84,98.89,7799,100.0
2025-10-24 09:22:00,68.15,59.97,62.25,357.03,2,99.15,98.36,99.07,383.97,99.36,7124,100.0
2025-10-24 09:23:00,72.78,65.22,47.36,358.03,5,96.18,99.23,99.21,418.0,99.18,6906,100.0
2025-10-24 09:24:00,72.94,61.99,55.12,308.84,1,99.05,99.43,99.02,429.19,98.55,7138,100.0
2025-10-24 09:25:00,75.54,66.35,52.4,321.65,4,96.9,99.22,99.27,452.5,98.95,6410,100.0
2025-10-24 09:26:00,66.95,63.21,50.03,390.47,1,96.01,99.97,99.04,384.18,99.46,6616,100.0
2025-10-24 09:27:00,71.75,64.9,57.76,328.1,2,98.02,98.74,99.03,435.5,98.54,7805,100.0
2025-10-24 09:28:00,65.34,62.29,57.39,388.62,1,96.67,98.02,99.69,334.11,98.64,7269,100.0
2025-10-24 09:29:00,66.2,60.69,50.38,337.01,0,98.98,99.55,99.37,373.92,98.78,7971,100.0
2025-10-24 09:30:00,69.87,63.94,60.55,343.0,1,97.94,98.55,99.92,411.72,98.99,6907,100.0
2025-10-24 09:31:00,72.34,63.39,58.67,349.83,3,98.49,99.92,99.42,430.13,99.02,7863,100.0
2025-10-24 09:32:00,68.14,64.23,54.32,306.16,3,97.29,99.03,99.12,369.78,99.3,7878,100.0
2025-10-24 09:33:00,74.61,65.56,64.75,381.68,2,97.59,99.46,99.48,440.5,99.31,7499,100.0
2025-10-24 09:34:00,72.79,63.54,58.66,365.49,0,98.25,98.58,99.08,437.19,98.8,6620,100.0
2025-10-24 09:35:00,69.55,62.61,53.63,346.4,1,96.26,99.31,99.6,382.94,99.02,7491,100.0
2025-10-24 09:36:00,66.94,62.3,54.75,382.0,4,96.56,98.0,99.18,360.16,98.77,7334,100.0
2025-10-24 09:37:00,68.04,63.76,47.63,333.8,0,98.84,98.71,99.48,390.84,99.36,7033,100.0
2025-10-24 09:38:00,69.14,65.21,60.36,350.75,4,99.01,99.36,99.54,376.68,99.45,6465,100.0
2025-10-24 09:39:00,69.75,62.67,49.89,306.54,2,98.75,98.26,99.72,397.71,99.48,6864,100.0
2025-10-24 09:40:00,68.24,60.84,58.92,375.14,0,96.66,98.77,99.85,401.75,99.25,6011,100.0
2025-10-24 09:41:00,74.74,60.69,64.65,344.57,1,96.66,98.9,99.04,443.01,99.25,7309,100.0
2025-10-24 09:42:00,69.29,62.93,48.37,364.58,4,98.18,99.87,99.38,399.06,99.08,7683,100.0
2025-10-24 09:43:00,69.26,62.77,54.34,310.38,4,96.14,98.16,99.51,374.6,98.6,6502,100.0
2025-10-24 09:44:00,68.05,65.5,64.82,304.62,2,99.35,99.38,99.06,391.47,99.16,7900,100.0
2025-10-24 09:45:00,71.77,64.1,52.76,358.98,1,99.16,98.11,100.0,398.21,99.05,7041,100.0
2025-10-24 09:46:00,68.65,62.56,50.69,376.82,2,98.07,98.95,99.7,375.88,99.34,7475,100.0
2025-10-24 09:47:00,67.52,60.04,55.19,393.51,0,99.38,99.4,99.18,374.23,99.13,7393,100.0
2025-10-24 09:48:00,65.27,65.23,64.34,378.07,3,99.2,99.22,99.85,348.55,99.49,6438,100.0
2025-10-24 09:49:00,71.38,64.55,57.36,327.28,2,99.05,98.53,99.83,402.32,99.0,7390,100.0
2025-10-24 09:50:00,72.18,64.41,62.75,389.49,2,99.22,98.83,99.55,407.17,99.35,6965,100.0
2025-10-24 09:51:00,71.8,64.31,51.88,381.48,3,97.66,98.09,99.4,437.89,98.96,6838,100.0
2025-10-24 09:52:00,68.26,62.99,55.4,362.86,1,98.53,98.6,99.61,400.94,99.43,7451,100.0
2025-10-24 09:53:00,66.89,64.79,55.05,395.75,1,97.25,98.64,99.28,379.79,98.84,6391,100.0
2025-10-24 09:54:00,64.35,61.02,45.9,372.37,4,96.65,99.31,99.74,348.6,99.44,6784,100.0
2025-10-24 09:55:00,72.92,67.51,66.36,314.91,2,99.45,99.0,99.09,426.86,98.99,6733,100.0
2025-10-24 09:56:00,69.21,66.49,60.71,394.45,1,98.26,98.17,99.49,406.54,98.55,7284,100.0
2025-10-24 09:57:00,74.77,63.08,51.95,357.93,1,96.86,99.34,99.59,441.52,99.48,7289,100.0
2025-10-24 09:58:00,71.95,63.91,50.76,363.95,2,98.32,99.43,99.38,429.57,98.52,6375,100.0
2025-10-24 09:59:00,73.17,59.35,57.68,383.89,4,96.48,98.4,99.65,424.99,98.84,7291,100.0
2025-10-24 10:00:00,69.43,63.99,51.34,339.67,0,97.09,98.03,99.42,395.1,99.0,6681,100.0
2025-10-24 10:01:00,67.68,63.18,64.01,401.36,2,98.45,99.61,99.36,365.09,98.77,7677,100.0
2025-10-24 10:02:00,71.66,61.35,64.91,317.18,1,97.99,98.19,99.76,402.08,99.15,6903,100.0
2025-10-24 10:03:00,73.63,62.16,63.25,327.83,2,96.05,98.8,99.12,425.31,99.19,7142,100.0
2025-10-24 10:04:00,68.79,62.93,59.44,353.62,2,99.64,99.71,99.9,393.53,99.36,7982,100.0
2025-10-24 10:05:00,70.81,65.99,65.17,336.45,2,97.29,98.76,99.42,398.18,98.97,7557,100.0
2025-10-24 10:06:00,65.13,63.87,54.8,389.97,1,96.03,98.17,99.39,339.24,98.54,6450,100.0
2025-10-24 10:07:00,73.77,65.53,50.47,401.06,1,96.65,98.28,99.63,423.94,99.13,6553,100.0
2025-10-24 10:08:00,67.56,65.5,52.49,401.22,9,99.86,98.9,99.93,364.67,96.53,6256,100.0
2025-10-24 10:09:00,66.34,64.75,53.76,321.99,2,97.86,98.14,99.28,371.39,98.87,6174,100.0
2025-10-24 10:10:00,67.85,61.28,61.58,308.5,1,98.6,98.27,99.55,365.94,98.53,7719,100.0
2025-10-24 10:11:00,66.71,59.75,62.41,295.54,1,99.96,99.09,99.81,353.63,98.8,7239,100.0
2025-10-24 10:12:00,74.32,65.58,53.1,351.62,2,96.83,99.69,99.42,448.61,99.34,6618,100.0
2025-10-24 10:13:00,69.45,59.34,49.36,307.24,2,99.04,99.57,99.13,395.56,99.18,6645,100.0
2025-10-24 10:14:00,69.4,62.16,58.14,366.47,1,96.7,99.55,99.53,406.23,98.95,6918,100.0
2025-10-24 10:15:00,67.8,63.42,56.83,334.4,1,96.37,98.22,99.57,388.38,98.96,6828,100.0
2025-10-24 10:16:00,65.41,64.66,48.84,364.56,3,96.05,98.42,99.37,362.48,98.72,6523,100.0
2025-10-24 10:17:00,70.92,61.44,62.94,315.74,2,97.64,98.51,99.26,427.2,98.81,6366,100.0
2025-10-24 10:18:00,68.92,61.65,55.12,315.92,2,98.06,99.58,99.52,371.11,98.71,7788,100.0
2025-10-24 10:19:00,71.96,63.77,55.89,330.01,4,97.74,99.02,99.22,408.78,99.29,6639,100.0
2025-10-24 10:20:00,71.03,62.98,55.81,388.72,0,97.38,98.57,99.33,426.81,98.57,6566,100.0
2025-10-24 10:21:00,72.8,61.75,63.08,335.1,0,98.08,99.02,99.04,436.7,98.64,6426,100.0
2025-10-24 10:22:00,66.16,65.65,62.04,320.94,2,96.45,99.47,99.47,352.98,98.67,7444,100.0
2025-10-24 10:23:00,69.55,61.55,65.02,356.87,2,96.04,99.68,99.07,415.05,98.85,7049,100.0
2025-10-24 10:24:00,71.28,63.21,50.02,359.36,1,97.34,98.6,99.43,424.74,98.83,6544,100.0
2025-10-24 10:25:00,73.16,64.69,61.63,373.1,2,96.13,98.36,99.36,413.74,99.26,7282,100.0
2025-10-24 10:26:00,67.77,62.37,57.54,377.71,1,98.57,98.27,99.3,388.63,99.49,7052,100.0
2025-10-24 10:27:00,68.81,61.49,61.93,391.76,6,96.77,98.63,99.27,375.02,96.75,7739,100.0
2025-10-24 10:28:00,67.67,61.87,56.59,351.86,1,97.05,99.25,99.1,393.12,98.68,6876,100.0
2025-10-24 10:29:00,64.82,63.16,51.28,301.06,4,99.44,99.79,99.04,333.14,98.95,6804,100.0
2025-10-24 10:30:00,69.57,63.93,63.81,325.48,4,99.6,99.79,99.14,393.23,99.02,6803,100.0
2025-10-24 10:31:00,73.33,63.81,47.84,389.5,0,98.38,99.05,99.07,441.09,99.46,6916,100.0
2025-10-24 10:32:00,71.36,63.77,51.55,377.12,1,97.01,98.45,99.86,422.15,98.57,7514,100.0
2025-10-24 10:33:00,71.02,64.94,58.15,339.17,1,97.24,98.04,99.41,393.81,99.16,7825,100.0
2025-10-24 10:34:00,69.26,63.66,61.3,324.23,1,98.91,98.87,99.04,393.75,99.29,6088,100.0
2025-10-24 10:35:00,69.7,63.39,66.66,325.22,1,99.86,98.61,99.15,392.3,98.52,6217,100.0
2025-10-24 10:36:00,70.16,64.49,60.85,307.21,2,97.88,99.67,99.29,421.47,98.99,7827,100.0
2025-10-24 10:37:00,70.28,62.38,60.2,395.8,3,96.22,98.62,99.83,386.58,99.07,7023,100.0
2025-10-24 10:38:00,73.0,63.43,63.09,372.59,3,96.02,99.91,99.25,416.62,98.66,7475,100.0
2025-10-24 10:39:00,65.64,64.1,57.61,315.62,1,97.04,99.28,99.21,362.83,99.47,7724,100.0
2025-10-24 10:40:00,74.09,66.86,60.3,334.08,1,99.05,99.31,99.22,455.34,99.48,7514,100.0
2025-10-24 10:41:00,66.19,64.19,65.32,334.13,1,99.52,99.74,99.36,355.87,98.5,6634,100.0
2025-10-24 10:42:00,72.13,66.41,54.47,316.6,1,96.47,99.14,99.47,411.88,98.98,7736,100.0
2025-10-24 10:43:00,71.41,62.1,51.38,354.0,0,98.93,99.6,99.12,410.16,98.65,7897,100.0
2025-10-24 10:44:00,76.0,60.9,58.07,371.29,1,98.48,98.09,99.92,458.49,99.41,7673,100.0
2025-10-24 10:45:00,63.86,61.88,62.58,331.36,3,97.45,98.13,99.92,331.34,99.3,6703,100.0
2025-10-24 10:46:00,63.47,60.22,62.77,299.32,2,96.28,99.82,99.74,336.51,99.04,7949,100.0
2025-10-24 10:47:00,65.11,61.55,52.24,311.46,1,99.84,98.88,99.93,363.52,99.24,6661,100.0
2025-10-24 10:48:00,68.21,64.8,61.07,378.03,1,98.65,99.3,99.2,390.91,98.88,7773,100.0
2025-10-24 10:49:00,68.55,61.31,49.83,389.37,2,97.14,98.77,99.04,368.24,99.43,7532,100.0
2025-10-24 10:50:00,68.56,60.48,57.07,373.87,1,99.71,99.69,99.8,367.15,98.67,6612,100.0
2025-10-24 10:51:00,69.39,61.79,53.15,349.6,0,97.61,98.99,99.04,400.91,98.58,7295,100.0
2025-10-24 10:52:00,68.06,64.53,63.95,380.8,2,96.99,98.73,99.05,393.43,98.76,6104,100.0
2025-10-24 10:53:00,65.34,65.52,63.85,393.92,3,97.61,99.57,99.93,351.02,98.8,6485,100.0
2025-10-24 10:54:00,71.99,62.71,51.85,355.85,2,96.96,98.57,99.36,400.84,99.24,6940,100.0
2025-10-24 10:55:00,72.97,62.36,64.76,365.07,6,98.79,99.87,99.78,441.32,96.58,7474,100.0
2025-10-24 10:56:00,71.17,63.63,54.63,400.6,5,99.27,99.96,99.85,396.88,99.05,7263,100.0
2025-10-24 10:57:00,65.79,61.45,62.78,316.54,2,99.52,98.61,99.5,363.58,99.15,7959,100.0
2025-10-24 10:58:00,75.05,62.72,61.28,370.08,0,98.21,98.52,99.53,465.81,99.13,7187,100.0
2025-10-24 10:59:00,72.85,64.01,56.08,343.07,3,98.17,99.15,99.48,422.9,99.4,6962,100.0
2025-10-24 11:00:00,73.41,65.67,51.41,385.57,3,98.16,98.77,99.89,437.4,98.8,6288,100.0
2025-10-24 11:01:00,73.11,64.87,54.38,322.09,3,99.57,99.97,99.34,431.31,98.9,6155,100.0
2025-10-24 11:02:00,65.48,64.36,50.6,369.6,0,96.12,99.99,99.12,365.46,99.1,6905,100.0
2025-10-24 11:03:00,63.25,60.39,61.89,379.94,3,99.53,99.46,99.53,337.92,98.72,7982,100.0
2025-10-24 11:04:00,72.03,62.48,63.77,380.56,1,99.96,99.44,99.97,403.75,99.19,7489,100.0
2025-10-24 11:05:00,64.63,59.63,60.23,374.7,4,98.91,99.06,99.12,363.42,99.09,6183,100.0
2025-10-24 11:06:00,72.54,62.36,58.74,337.65,2,99.37,98.42,99.0,411.57,99.34,6830,100.0
2025-10-24 11:07:00,71.8,59.74,48.33,353.92,4,98.63,98.85,99.91,422.63,99.04,7156,100.0
2025-10-24 11:08:00,68.79,60.84,48.57,374.64,0,98.75,99.98,99.68,370.88,99.04,7668,100.0
2025-10-24 11:09:00,77.23,66.38,54.87,338.52,3,98.69,99.18,99.01,477.97,98.63,7651,100.0
2025-10-24 11:10:00,69.95,64.56,62.23,306.69,0,99.1,98.47,99.59,403.84,99.13,6675,100.0
2025-10-24 11:11:00,65.54,63.33,56.44,344.03,2,96.51,99.52,99.64,347.79,98.65,6879,100.0
2025-10-24 11:12:00,73.44,65.04,46.51,386.41,1,98.35,98.92,99.14,446.04,99.19,7882,100.0
2025-10-24 11:13:00,68.1,62.26,52.57,304.17,0,99.05,98.57,99.49,400.2,98.52,7035,100.0
2025-10-24 11:14:00,73.44,60.47,49.24,303.86,1,96.36,99.05,99.98,446.53,98.7,7565,100.0
2025-10-24 11:15:00,74.83,65.01,55.38,326.95,3,98.69,99.78,99.02,467.74,98.69,6698,100.0
2025-10-24 11:16:00,74.49,60.78,57.39,343.99,2,96.13,99.83,99.62,448.38,98.55,6197,100.0
2025-10-24 11:17:00,71.24,62.05,48.32,346.66,1,99.88,99.55,99.14,424.97,99.24,7147,100.0
2025-10-24 11:18:00,71.71,63.47,51.19,366.5,2,97.45,98.8,99.82,414.54,99.24,6925,100.0
2025-10-24 11:19:00,66.06,64.21,64.3,353.77,3,99.44,99.66,99.86,373.62,98.63,6829,100.0
2025-10-24 11:20:00,72.4,62.58,47.4,338.53,2,98.38,98.4,99.97,429.39,98.73,6893,100.0
2025-10-24 11:21:00,68.24,60.46,51.32,353.51,0,96.19,99.08,99.43,369.9,99.21,6175,100.0
2025-10-24 11:22:00,71.78,63.42,49.27,353.24,1,98.65,98.62,99.14,430.61,99.11,7093,100.0
2025-10-24 11:23:00,73.08,61.37,45.99,393.43,3,99.97,99.08,99.96,414.21,99.03,7888,100.0
2025-10-24 11:24:00,66.64,65.43,50.79,309.68,4,97.82,99.95,99.17,384.73,98.79,6379,100.0
2025-10-24 11:25:00,70.52,64.8,52.52,303.84,3,98.0,98.77,99.07,420.17,99.12,6308,100.0
2025-10-24 11:26:00,72.03,63.6,65.7,389.73,0,96.06,98.98,99.31,421.81,98.84,7756,100.0
2025-10-24 11:27:00,67.45,60.9,53.61,317.66,3,99.02,98.55,99.67,366.1,99.33,7668,100.0
2025-10-24 11:28:00,68.78,65.8,50.43,331.63,1,98.81,99.36,99.97,406.67,98.98,7316,100.0
2025-10-24 11:29:00,66.29,61.16,56.9,322.42,1,96.29,99.42,99.01,378.73,98.58,6313,100.0
2025-10-24 11:30:00,73.26,62.42,53.8,388.4,3,97.74,99.6,99.93,434.6,98.79,7899,100.0
2025-10-24 11:31:00,71.13,63.26,57.25,369.62,4,97.58,99.53,99.54,425.94,98.74,7474,100.0
2025-10-24 11:32:00,70.15,66.51,60.14,377.99,0,98.81,98.84,99.32,413.26,98.73,6363,100.0
2025-10-24 11:33:00,67.91,63.3,50.51,352.66,2,97.29,98.55,99.24,362.37,98.93,6489,100.0
2025-10-24 11:34:00,69.72,62.11,55.32,334.66,2,98.84,99.8,99.68,380.62,99.4,7538,100.0
2025-10-24 11:35:00,67.87,60.73,60.82,325.8,1,98.27,98.04,99.53,392.0,99.08,7769,100.0
2025-10-24 11:36:00,70.55,63.19,54.6,319.7,1,97.37,98.99,99.49,414.89,98.9,7354,100.0
2025-10-24 11:37:00,74.4,63.1,57.56,370.18,1,97.17,98.06,99.68,435.16,99.32,7311,100.0
2025-10-24 11:38:00,69.81,61.55,65.27,402.36,2,96.11,99.35,99.26,412.84,99.01,7564,100.0
2025-10-24 11:39:00,66.38,65.5,50.14,358.54,1,99.91,98.6,99.71,369.04,98.53,7724,100.0
2025-10-24 11:40:00,64.52,60.71,57.34,314.78,4,97.53,99.11,99.87,347.16,98.99,6519,100.0
2025-10-24 11:41:00,69.17,61.29,56.46,376.74,5,96.1,99.77,99.05,376.32,98.52,6134,100.0
2025-10-24 11:42:00,73.7,64.91,58.69,379.44,3,98.81,99.66,99.22,429.74,99.19,7147,100.0
2025-10-24 11:43:00,73.48,62.55,59.03,325.08,3,97.02,98.63,99.5,425.65,98.63,7673,100.0
2025-10-24 11:44:00,69.63,64.42,47.97,358.39,3,97.19,98.07,99.77,392.83,98.55,6026,100.0
2025-10-24 11:45:00,72.8,63.8,50.94,342.89,2,97.56,98.36,99.03,414.21,98.51,6866,100.0
2025-10-24 11:46:00,69.3,61.17,47.36,307.58,1,98.21,98.38,99.87,375.04,98.89,7523,100.0
2025-10-24 11:47:00,73.01,61.26,50.46,357.24,4,98.24,98.87,99.76,417.13,98.75,7673,100.0
2025-10-24 11:48:00,66.98,63.65,58.28,382.96,2,99.33,99.83,99.46,367.34,98.83,6533,100.0
2025-10-24 11:49:00,71.44,61.69,58.69,360.66,2,96.07,99.07,99.84,423.51,99.35,6296,100.0
2025-10-24 11:50:00,67.98,61.95,47.79,368.43,1,98.18,98.26,99.31,361.55,99.12,6024,100.0
2025-10-24 11:51:00,69.4,62.94,62.76,354.01,2,96.6,99.98,99.52,409.14,98.61,7180,100.0
2025-10-24 11:52:00,70.95,61.03,52.31,333.49,1,96.0,99.04,99.74,398.66,99.19,7462,100.0
2025-10-24 11:53:00,69.76,63.63,52.92,340.74,2,98.98,99.93,99.89,414.13,99.41,6483,100.0
2025-10-24 11:54:00,73.62,66.07,63.75,382.83,2,98.05,99.0,99.52,445.15,98.9,6913,100.0
2025-10-24 11:55:00,72.65,64.89,55.81,310.5,4,96.38,99.9,99.87,422.38,99.13,7828,100.0
2025-10-24 11:56:00,74.55,65.29,52.1,396.99,1,96.39,98.24,99.76,436.56,99.37,7715,100.0
2025-10-24 11:57:00,65.22,62.48,59.84,363.52,0,97.29,99.22,99.58,364.72,98.56,6960,100.0
2025-10-24 11:58:00,65.36,62.36,55.24,336.32,1,99.63,98.64,99.15,350.93,99.01,6104,100.0
2025-10-24 11:59:00,72.11,63.76,55.35,314.18,3,96.41,98.24,99.44,429.14,99.42,7941,100.0
2025-10-24 12:00:00,71.12,61.1,49.53,402.18,2,98.13,98.31,99.81,397.97,99.21,6301,100.0
2025-10-24 12:01:00,73.88,63.54,54.94,337.13,1,99.42,99.52,99.37,457.88,99.33,6541,100.0
2025-10-24 12:02:00,73.99,59.72,49.89,349.16,3,98.26,99.23,99.21,446.26,99.15,7060,100.0
2025-10-24 12:03:00,67.99,62.8,51.84,378.95,1,98.27,99.81,99.83,395.54,99.42,6376,100.0
2025-10-24 12:04:00,66.21,65.33,51.02,396.11,6,97.32,98.63,99.12,381.18,97.08,7179,100.0
2025-10-24 12:05:00,70.16,65.62,56.85,380.93,5,96.37,98.48,99.92,388.5,98.95,6961,100.0
2025-10-24 12:06:00,73.54,65.64,66.87,402.69,3,99.8,99.98,99.61,443.42,98.78,6403,100.0
2025-10-24 12:07:00,71.15,61.18,53.67,348.09,3,96.9,99.04,99.78,412.42,99.43,7274,100.0
2025-10-24 12:08:00,76.1,63.17,53.06,329.15,2,98.89,98.6,99.76,474.56,99.37,6292,100.0
2025-10-24 12:09:00,67.96,63.07,62.82,339.63,2,97.27,99.51,99.73,394.99,99.09,7532,100.0
2025-10-24 12:10:00,66.6,59.61,52.96,372.09,0,98.3,98.35,99.74,351.63,98.66,6085,100.0
2025-10-24 12:11:00,68.41,63.12,50.76,299.07,6,98.6,99.44,99.82,387.11,97.25,6371,100.0
2025-10-24 12:12:00,75.95,63.49,49.56,339.85,2,96.68,98.44,99.23,476.48,98.66,6825,100.0
2025-10-24 12:13:00,69.99,61.48,49.13,395.74,3,97.02,98.78,99.79,398.9,98.61,6006,100.0
2025-10-24 12:14:00,72.27,63.49,62.09,338.5,2,98.52,98.78,99.25,440.2,98.61,7553,100.0
2025-10-24 12:15:00,69.93,64.16,47.24,336.23,5,96.44,98.33,99.54,401.32,98.97,7469,100.0
2025-10-24 12:16:00,73.16,63.23,63.19,339.38,0,99.05,99.13,99.02,434.48,99.43,6417,100.0
2025-10-24 12:17:00,67.92,63.98,62.52,364.7,2,99.36,99.99,99.87,375.12,98.85,7919,100.0
2025-10-24 12:18:00,69.67,66.36,52.07,334.21,4,97.82,99.31,99.78,377.27,98.72,7406,100.0
2025-10-24 12:19:00,71.36,64.89,62.05,364.38,3,98.12,98.23,99.83,406.4,98.8,6177,100.0
2025-10-24 12:20:00,63.31,62.5,44.65,301.11,2,98.26,99.05,99.43,344.16,99.0,7957,100.0
2025-10-24 12:21:00,73.23,60.8,51.69,354.63,1,98.11,99.21,99.46,446.91,99.06,7572,100.0
2025-10-24 12:22:00,67.97,65.61,55.79,373.89,1,97.75,99.35,99.9,368.41,98.86,6721,100.0
2025-10-24 12:23:00,70.42,65.31,54.09,315.56,1,97.38,99.03,99.52,416.97,99.3,6565,100.0
2025-10-24 12:24:00,70.53,60.69,57.03,376.96,1,97.53,100.0,99.71,388.64,98.73,6314,100.0
2025-10-24 12:25:00,64.84,61.66,52.17,321.93,1,99.76,99.46,99.12,339.13,99.48,6400,100.0
2025-10-24 12:26:00,71.84,62.88,47.05,334.69,0,97.16,98.34,99.22,429.53,99.28,7464,100.0
2025-10-24 12:27:00,71.46,61.15,54.39,343.87,3,97.73,98.3,99.65,417.44,99.35,7037,100.0
2025-10-24 12:28:00,71.25,59.72,48.34,341.26,3,98.72,98.35,99.35,405.11,99.38,7387,100.0
2025-10-24 12:29:00,66.77,65.86,55.67,380.79,4,99.98,98.82,99.66,387.52,98.7,7247,100.0
2025-10-24 12:30:00,69.01,64.4,61.55,359.51,1,97.76,99.15,99.68,373.82,99.19,7882,100.0
2025-10-24 12:31:00,72.69,63.61,47.77,378.58,4,96.94,99.01,99.15,409.32,98.73,6734,100.0
2025-10-24 12:32:00,72.34,64.42,60.11,354.7,4,97.91,98.87,99.35,421.8,99.1,7248,100.0
2025-10-24 12:33:00,75.61,65.6,65.6,376.73,3,99.4,99.81,99.34,439.25,99.16,6220,100.0
2025-10-24 12:34:00,74.26,65.83,61.1,338.8,0,96.25,99.59,99.19,435.15,99.09,6262,100.0
2025-10-24 12:35:00,75.05,65.05,57.89,391.82,3,99.19,99.57,99.32,450.21,98.64,7333,100.0
2025-10-24 12:36:00,66.4,64.42,52.67,392.34,1,98.48,99.83,99.14,345.61,99.47,6273,100.0
2025-10-24 12:37:00,72.8,62.48,51.07,324.21,2,96.55,99.87,99.59,439.21,98.58,6104,100.0
2025-10-24 12:38:00,69.86,65.13,60.52,350.34,0,98.38,98.48,99.39,379.13,99.02,7397,100.0
2025-10-24 12:39:00,68.65,62.92,63.86,352.64,1,96.98,98.66,99.35,387.31,99.02,7334,100.0
2025-10-24 12:40:00,68.59,63.79,58.74,304.94,3,99.64,99.37,99.28,393.26,98.79,6519,100.0
2025-10-24 12:41:00,69.21,63.4,49.92,372.98,1,98.2,98.84,99.67,407.98,98.76,7347,100.0
2025-10-24 12:42:00,66.5,62.55,57.9,363.37,2,96.05,98.15,99.31,352.38,98.99,7697,100.0
2025-10-24 12:43:00,72.23,64.53,58.01,370.07,1,98.28,99.26,99.78,440.1,99.21,7845,100.0
2025-10-24 12:44:00,69.8,64.55,58.41,388.0,0,97.03,98.55,99.43,379.28,99.41,7414,100.0
2025-10-24 12:45:00,66.26,61.36,58.48,392.96,0,97.73,98.4,99.18,371.82,99.33,7842,100.0
2025-10-24 12:46:00,68.13,62.32,51.07,351.76,2,97.7,98.25,99.36,380.65,99.05,6662,100.0
2025-10-24 12:47:00,73.28,63.23,66.04,313.29,2,97.44,98.82,99.56,416.28,99.27,6898,100.0
2025-10-24 12:48:00,72.11,65.59,65.99,401.68,1,96.05,99.41,99.08,416.72,99.16,7996,100.0
2025-10-24 12:49:00,66.78,59.72,46.37,320.06,1,99.0,98.3,99.2,351.2,98.73,6231,100.0
2025-10-24 12:50:00,67.51,64.37,50.29,353.15,1,98.09,99.52,99.28,373.01,99.14,6550,100.0
2025-10-24 12:51:00,67.03,63.29,64.88,390.17,3,96.37,99.56,99.66,361.08,99.38,6159,100.0
2025-10-24 12:52:00,72.91,60.78,57.16,302.37,2,98.64,99.61,99.53,432.51,99.27,6240,100.0
2025-10-24 12:53:00,66.45,64.28,66.23,368.13,3,99.36,99.15,99.98,347.22,98.8,6198,100.0
2025-10-24 12:54:00,73.0,64.27,48.4,341.95,3,98.17,98.71,99.92,427.71,98.79,6114,100.0
2025-10-24 12:55:00,66.76,63.62,60.33,396.96,4,98.41,99.92,99.01,358.44,99.26,6939,100.0
2025-10-24 12:56:00,70.41,62.92,53.1,306.57,3,96.33,98.34,99.45,416.45,98.75,7616,100.0
2025-10-24 12:57:00,66.14,63.58,62.27,375.56,1,97.32,98.39,99.47,355.52,99.12,7131,100.0
2025-10-24 12:58:00,66.64,66.31,47.55,352.66,3,99.4,100.0,99.9,348.63,98.65,7083,100.0
2025-10-24 12:59:00,74.23,62.15,51.16,394.57,2,97.05,99.01,99.74,436.19,98.7,6874,100.0
2025-10-24 13:00:00,75.36,61.78,52.61,383.72,1,98.71,99.02,99.7,436.52,99.0,7345,100.0
2025-10-24 13:01:00,69.54,60.61,48.47,357.76,1,97.76,99.19,99.27,391.57,98.87,6194,100.0
2025-10-24 13:02:00,73.47,61.35,56.98,336.16,1,99.78,99.88,99.41,448.85,98.83,7118,100.0
2025-10-24 13:03:00,73.23,63.73,50.06,341.83,3,96.83,98.5,99.14,429.83,99.22,7758,100.0
2025-10-24 13:04:00,69.73,62.75,55.97,366.18,0,96.37,99.26,99.2,395.38,99.44,7725,100.0
2025-10-24 13:05:00,66.24,60.81,49.51,314.66,1,96.33,98.92,99.53,368.88,98.91,6591,100.0
2025-10-24 13:06:00,69.67,62.29,61.06,391.24,2,99.62,98.54,99.35,402.25,99.07,7755,100.0
2025-10-24 13:07:00,71.36,63.12,47.72,398.73,2,98.95,99.29,99.34,414.43,99.33,7266,100.0
2025-10-24 13:08:00,70.82,62.32,59.99,342.36,0,96.86,98.33,99.79,417.22,99.11,7868,100.0
2025-10-24 13:09:00,66.71,60.93,64.11,364.35,2,98.38,98.85,99.31,382.19,98.66,6035,100.0
2025-10-24 13:10:00,71.95,59.89,63.59,310.98,2,97.95,98.71,99.6,425.17,99.43,7905,100.0
2025-10-24 13:11:00,69.41,60.85,50.41,307.27,2,98.52,99.96,99.11,405.11,99.2,7638,100.0
2025-10-24 13:12:00,71.33,64.56,60.26,357.12,2,96.82,98.22,99.11,428.2,99.11,7870,100.0
2025-10-24 13:13:00,72.74,60.95,57.69,332.28,2,97.01,99.32,99.25,428.72,98.74,7365,100.0
2025-10-24 13:14:00,68.56,62.86,55.86,320.39,1,97.49,98.26,99.36,369.77,98.88,6387,100.0
2025-10-24 13:15:00,70.17,59.8,55.76,326.44,1,98.61,99.52,99.33,418.71,99.25,6807,100.0
2025-10-24 13:16:00,71.27,60.92,63.18,338.82,1,97.69,99.28,99.17,393.56,98.98,6314,100.0
2025-10-24 13:17:00,65.67,63.39,50.28,379.5,2,96.9,98.32,99.71,364.22,98.99,7562,100.0
2025-10-24 13:18:00,71.25,65.28,47.37,299.91,2,96.6,98.51,99.1,405.27,98.63,7249,100.0
2025-10-24 13:19:00,73.33,65.68,64.76,307.15,2,98.66,98.36,99.51,451.83,99.15,6736,100.0
2025-10-24 13:20:00,74.66,63.95,51.6,360.81,3,96.89,99.96,99.41,433.64,99.24,7310,100.0
2025-10-24 13:21:00,73.58,60.32,53.36,333.52,3,99.23,98.23,99.88,445.2,99.06,7498,100.0
2025-10-24 13:22:00,72.27,65.78,55.12,359.93,3,97.88,98.67,99.15,441.6,98.95,6558,100.0
2025-10-24 13:23:00,72.23,61.24,57.64,361.27,2,96.89,99.67,99.31,431.53,99.13,6319,100.0
2025-10-24 13:24:00,71.9,60.95,49.67,306.08,0,98.35,98.4,99.29,421.19,98.91,7690,100.0
2025-10-24 13:25:00,69.9,60.19,52.88,321.83,1,97.67,98.26,99.25,407.07,99.33,6027,100.0
2025-10-24 13:26:00,67.69,64.69,48.58,377.86,4,97.24,98.45,99.13,382.49,99.2,6282,100.0
2025-10-24 13:27:00,71.65,60.95,52.5,394.17,1,97.07,99.86,99.12,421.18,99.29,7844,100.0
2025-10-24 13:28:00,70.55,59.13,52.52,350.17,1,99.47,99.64,99.32,404.6,98.88,7962,100.0
2025-10-24 13:29:00,69.43,60.56,59.51,375.1,1,97.15,98.72,99.22,393.52,98.82,6072,100.0
2025-10-24 13:30:00,64.46,64.98,58.2,303.31,2,96.18,99.49,99.97,332.05,98.92,6475,100.0
2025-10-24 13:31:00,72.67,66.68,50.55,339.53,1,96.52,99.27,99.04,435.82,98.64,6533,100.0
2025-10-24 13:32:00,65.55,62.05,62.71,339.96,0,97.45,98.81,99.28,347.31,98.7,7913,100.0
2025-10-24 13:33:00,68.76,62.07,52.97,354.0,2,96.12,99.12,99.73,394.33,98.9,6006,100.0
2025-10-24 13:34:00,71.38,61.67,56.37,316.22,1,97.75,99.9,99.21,411.68,98.69,6511,100.0
2025-10-24 13:35:00,70.46,64.75,47.63,308.27,3,99.16,99.4,99.61,419.22,98.81,6422,100.0
2025-10-24 13:36:00,64.03,63.54,47.6,359.17,1,97.71,98.95,99.82,345.32,98.56,6897,100.0
2025-10-24 13:37:00,68.13,61.12,51.64,384.64,5,97.33,98.63,99.55,364.94,99.42,7565,100.0
2025-10-24 13:38:00,66.08,62.6,63.45,362.69,1,99.63,98.56,99.9,358.93,99.03,7209,100.0
2025-10-24 13:39:00,67.34,64.61,64.62,325.64,0,98.1,99.19,99.06,380.34,98.79,7917,100.0
2025-10-24 13:40:00,70.92,66.01,58.67,388.65,3,96.62,99.07,99.33,397.51,99.47,7717,100.0
2025-10-24 13:41:00,70.46,66.1,48.35,315.71,4,98.87,98.71,99.82,400.12,99.27,7802,100.0
2025-10-24 13:42:00,69.98,63.83,62.49,319.06,2,97.34,98.5,99.16,405.57,98.57,7197,100.0
2025-10-24 13:43:00,71.2,60.61,53.72,304.03,3,97.38,98.35,99.59,420.91,99.48,7005,100.0
2025-10-24 13:44:00,65.75,60.79,46.28,336.79,3,96.59,98.19,99.26,349.72,98.62,7382,100.0
2025-10-24 13:45:00,74.51,61.26,63.04,331.24,1,96.96,98.32,99.16,462.47,98.86,6392,100.0
2025-10-24 13:46:00,72.69,66.26,59.03,348.42,1,99.52,99.58,99.8,419.81,98.86,7567,100.0
2025-10-24 13:47:00,70.91,63.17,56.13,332.01,3,98.36,98.71,99.83,409.85,99.12,6166,100.0
2025-10-24 13:48:00,75.12,65.47,55.89,333.34,2,99.65,98.69,99.8,452.57,99.16,7518,100.0
2025-10-24 13:49:00,67.85,63.62,61.01,376.96,2,96.5,98.23,99.51,373.86,98.73,6782,100.0
2025-10-24 13:50:00,66.88,66.43,54.75,368.06,2,97.29,99.93,99.87,356.05,99.2,7508,100.0
2025-10-24 13:51:00,63.2,64.16,48.51,380.1,4,99.43,98.94,99.43,347.97,99.3,6038,100.0
2025-10-24 13:52:00,72.55,63.86,50.23,398.63,1,99.71,99.03,99.16,414.55,99.47,6873,100.0
2025-10-24 13:53:00,69.47,63.12,60.28,337.86,3,99.85,99.93,99.45,384.05,98.75,7638,100.0
2025-10-24 13:54:00,67.91,60.78,64.51,338.43,2,98.4,99.98,99.74,375.01,99.27,6043,100.0
2025-10-24 13:55:00,67.42,64.67,51.51,313.95,1,97.68,98.25,99.84,385.4,98.81,7039,100.0
2025-10-24 13:56:00,66.61,60.31,47.83,358.87,1,97.9,99.02,99.79,372.65,98.97,6648,100.0
2025-10-24 13:57:00,64.55,64.64,50.87,318.96,1,97.05,98.87,99.44,331.8,98.54,6941,100.0
2025-10-24 13:58:00,66.35,62.01,45.08,303.83,2,97.17,99.33,99.39,374.49,98.98,7082,100.0
2025-10-24 13:59:00,68.45,60.12,48.53,335.56,0,96.56,99.25,99.63,369.62,99.35,7713,100.0
2025-10-24 14:00:00,72.97,64.55,53.21,331.51,3,98.69,99.57,99.9,428.0,99.06,6577,100.0
2025-10-24 14:01:00,64.12,59.25,60.5,342.21,2,98.38,99.58,99.12,326.0,98.53,7883,100.0
2025-10-24 14:02:00,71.26,61.48,47.73,396.94,2,98.12,99.95,99.12,431.0,98.57,6954,100.0
2025-10-24 14:03:00,73.75,63.47,57.87,317.12,4,98.92,98.16,99.74,436.92,98.62,7789,100.0
2025-10-24 14:04:00,69.39,61.25,59.27,358.06,1,98.82,99.35,99.31,393.04,98.97,6248,100.0
2025-10-24 14:05:00,71.72,61.97,55.7,309.7,4,96.79,98.14,99.85,431.03,99.04,6394,100.0
2025-10-24 14:06:00,73.07,62.14,46.61,378.98,2,99.54,98.41,99.1,442.07,99.12,7739,100.0
2025-10-24 14:07:00,68.75,63.83,47.46,387.74,1,97.94,99.49,99.21,376.82,98.82,7622,100.0
2025-10-24 14:08:00,66.7,64.8,57.44,318.23,1,96.99,99.44,99.37,385.59,98.82,6300,100.0
2025-10-24 14:09:00,67.68,63.62,65.67,394.61,2,96.66,98.6,99.08,359.82,98.94,6968,100.0
2025-10-24 14:10:00,72.83,64.83,53.55,396.13,2,96.46,99.45,99.61,437.01,99.14,7054,100.0
2025-10-24 14:11:00,65.24,64.8,56.13,310.23,1,96.31,99.74,99.79,344.67,99.38,7770,100.0
2025-10-24 14:12:00,71.06,62.34,56.28,338.49,0,96.04,99.55,99.95,399.81,99.04,6612,100.0
2025-10-24 14:13:00,70.65,61.36,61.38,355.98,2,97.62,99.07,99.95,389.24,99.42,6252,100.0
2025-10-24 14:14:00,68.52,61.4,49.98,303.45,0,98.01,99.06,99.76,368.99,99.01,7848,100.0
2025-10-24 14:15:00,74.63,64.04,49.78,321.13,4,97.4,98.03,99.01,445.29,98.57,6312,100.0
2025-10-24 14:16:00,67.91,63.18,53.03,405.2,4,97.63,99.42,99.7,382.02,99.45,6493,100.0
2025-10-24 14:17:00,70.54,64.75,50.5,386.36,5,99.64,98.08,99.01,409.42,98.98,6938,100.0
2025-10-24 14:18:00,65.69,62.99,53.86,321.9,3,96.96,98.42,99.58,352.45,98.82,7045,100.0
2025-10-24 14:19:00,69.15,60.34,52.15,363.69,2,96.76,99.73,99.34,398.99,98.8,7296,100.0
2025-10-24 14:20:00,67.0,62.56,58.3,368.06,1,96.41,99.67,99.98,361.31,98.98,7013,100.0
2025-10-24 14:21:00,65.79,63.37,55.48,347.13,0,96.32,99.93,99.94,338.67,99.04,6129,100.0
2025-10-24 14:22:00,68.11,65.18,66.98,320.49,2,98.18,99.86,99.23,400.85,98.59,7880,100.0
2025-10-24 14:23:00,66.07,61.64,66.42,331.06,0,99.54,99.83,99.74,378.26,98.77,7290,100.0
2025-10-24 14:24:00,74.67,62.52,47.28,324.3,1,96.17,98.8,99.65,455.16,99.03,6871,100.0
2025-10-24 14:25:00,63.62,60.4,57.83,337.12,1,96.07,99.65,99.88,330.85,99.2,6129,100.0
2025-10-24 14:26:00,70.17,64.42,55.93,310.06,1,97.44,99.97,99.43,414.53,98.67,7660,100.0
2025-10-24 14:27:00,69.07,62.66,64.84,385.93,2,96.1,99.07,99.77,379.59,98.58,7691,100.0
2025-10-24 14:28:00,72.62,63.6,61.79,369.48,3,98.82,99.09,99.14,423.58,99.02,6936,100.0
2025-10-24 14:29:00,69.04,63.56,58.87,368.25,3,97.46,98.01,99.6,409.44,99.33,6972,100.0
2025-10-24 14:30:00,71.96,66.08,53.45,372.42,0,96.55,99.88,99.54,429.82,99.37,7868,100.0
2025-10-24 14:31:00,66.77,64.87,59.47,364.38,1,97.26,98.44,99.71,356.33,99.0,6635,100.0
2025-10-24 14:32:00,66.25,63.91,63.7,338.27,0,96.5,98.77,99.5,354.15,98.99,7917,100.0
2025-10-24 14:33:00,66.95,65.71,56.29,371.27,2,99.31,98.53,99.91,352.79,98.73,7936,100.0
2025-10-24 14:34:00,72.48,60.31,48.88,316.82,0,97.94,98.78,99.59,432.39,99.1,6556,100.0
2025-10-24 14:35:00,66.21,64.68,52.56,326.6,2,99.07,99.61,99.99,360.78,98.54,7034,100.0
2025-10-24 14:36:00,68.66,65.01,52.16,345.72,1,98.44,98.69,99.53,371.61,98.84,7163,100.0
2025-10-24 14:37:00,69.87,60.31,53.45,347.73,0,98.4,98.46,99.92,389.45,99.29,7164,100.0
2025-10-24 14:38:00,74.11,61.24,65.31,317.04,3,99.5,99.88,99.75,440.41,98.89,6550,100.0
2025-10-24 14:39:00,70.36,60.51,50.86,337.3,2,99.13,99.89,99.77,388.62,98.82,7205,100.0
2025-10-24 14:40:00,67.88,63.65,60.66,381.29,2,99.96,99.54,99.1,386.73,98.97,6855,100.0
2025-10-24 14:41:00,70.6,60.14,64.83,348.64,3,97.38,98.92,99.26,416.92,99.24,7621,100.0
2025-10-24 14:42:00,66.9,62.86,63.52,371.6,1,96.21,98.01,99.43,378.14,99.36,6862,100.0
2025-10-24 14:43:00,65.58,60.65,53.69,358.86,2,99.97,99.86,99.15,337.75,99.12,7442,100.0
2025-10-24 14:44:00,69.61,62.48,47.18,371.02,1,97.85,98.79,99.46,394.51,99.02,6554,100.0
2025-10-24 14:45:00,69.5,60.45,49.33,307.81,1,96.15,99.59,99.2,395.77,98.87,6658,100.0
2025-10-24 14:46:00,70.12,62.72,51.33,368.1,0,97.13,99.32,99.03,382.26,98.87,6502,100.0
2025-10-24 14:47:00,73.17,65.4,47.88,349.43,2,98.09,98.9,99.22,420.75,99.19,6645,100.0
2025-10-24 14:48:00,69.61,62.18,52.21,339.09,2,99.35,99.61,99.55,389.48,98.67,7639,100.0
2025-10-24 14:49:00,65.52,61.15,54.12,319.9,3,97.12,99.43,99.22,350.57,99.25,6751,100.0
2025-10-24 14:50:00,65.36,63.71,46.47,355.16,2,98.86,99.38,99.3,337.97,99.35,7108,100.0
2025-10-24 14:51:00,71.3,62.23,49.76,322.59,1,97.59,98.15,100.0,417.62,98.65,6260,100.0
2025-10-24 14:52:00,68.67,65.33,62.02,390.76,0,97.48,99.11,99.72,382.42,98.82,6610,100.0
2025-10-24 14:53:00,72.88,62.28,46.31,376.94,1,96.12,98.77,99.46,447.71,98.59,7503,100.0
2025-10-24 14:54:00,74.27,62.95,51.07,376.9,2,96.1,98.01,99.31,435.64,99.22,6651,100.0
2025-10-24 14:55:00,68.55,63.27,57.79,333.12,2,96.94,99.78,99.65,377.97,99.05,7414,100.0
2025-10-24 14:56:00,73.57,59.77,60.33,348.85,2,97.04,98.93,99.92,418.4,98.6,6305,100.0
2025-10-24 14:57:00,72.85,63.34,50.51,319.82,3,98.62,99.59,99.95,443.23,99.28,6825,100.0
2025-10-24 14:58:00,70.21,63.5,46.95,325.24,3,98.06,99.86,99.95,387.15,99.39,7152,100.0
2025-10-24 14:59:00,72.9,61.18,61.13,308.97,3,97.54,99.49,99.8,425.63,98.66,6998,100.0
2025-10-24 15:00:00,72.45,65.41,51.93,386.49,2,96.82,99.09,99.89,413.89,98.78,7895,100.0
2025-10-24 15:01:00,65.49,63.08,56.8,368.71,1,96.44,98.53,99.02,353.06,98.68,6193,100.0
2025-10-24 15:02:00,71.03,60.74,59.59,380.9,4,98.28,98.5,99.34,396.48,99.28,7471,100.0
2025-10-24 15:03:00,69.8,62.05,59.71,307.33,0,98.8,99.1,99.73,389.22,98.61,6859,100.0
2025-10-24 15:04:00,67.74,66.81,48.63,338.86,3,99.43,99.27,99.76,372.8,98.74,7440,100.0
2025-10-24 15:05:00,72.73,64.55,59.92,311.75,1,98.03,98.98,99.83,412.28,99.29,6044,100.0
2025-10-24 15:06:00,69.24,62.37,55.1,323.75,3,96.27,99.97,99.76,396.13,98.7,7254,100.0
2025-10-24 15:07:00,72.42,61.07,46.2,341.28,1,98.9,98.3,99.65,406.68,99.42,7172,100.0
2025-10-24 15:08:00,68.77,61.06,47.97,326.52,3,96.84,98.11,99.99,403.0,98.77,6325,100.0
2025-10-24 15:09:00,76.13,62.61,52.05,319.07,3,99.87,99.08,99.42,472.64,99.06,7791,100.0
2025-10-24 15:10:00,69.4,66.71,60.06,349.31,1,98.66,98.74,99.06,405.95,99.15,7369,100.0
2025-10-24 15:11:00,68.68,61.71,56.27,330.29,2,96.79,99.77,99.63,382.85,99.22,7617,100.0
2025-10-24 15:12:00,68.36,60.61,52.3,319.47,0,96.08,99.03,99.51,364.99,99.2,6053,100.0
2025-10-24 15:13:00,69.37,62.0,63.16,355.14,3,99.1,99.26,99.63,386.3,98.6,7442,100.0
2025-10-24 15:14:00,72.47,66.01,60.91,394.0,3,98.04,98.4,99.08,423.38,99.49,7740,100.0
2025-10-24 15:15:00,68.29,68.16,58.5,333.52,4,96.96,99.93,99.28,379.82,99.25,7646,100.0
2025-10-24 15:16:00,66.83,61.03,59.43,297.52,2,96.48,98.47,99.83,369.87,98.77,6371,100.0
2025-10-24 15:17:00,71.22,61.93,46.93,330.15,2,97.32,99.48,99.95,393.26,99.13,6145,100.0
2025-10-24 15:18:00,73.15,62.77,63.8,372.63,1,97.27,99.53,99.23,417.27,99.14,7233,100.0
2025-10-24 15:19:00,69.33,60.4,48.71,384.2,3,98.7,98.29,99.23,398.84,98.78,7556,100.0
2025-10-24 15:20:00,71.62,62.26,52.4,335.23,1,97.21,98.53,99.34,415.01,98.56,6211,100.0
2025-10-24 15:21:00,72.51,61.26,52.99,364.76,1,99.03,98.98,99.09,411.82,99.19,7758,100.0
2025-10-24 15:22:00,65.75,60.41,45.72,393.12,1,97.08,98.04,99.3,373.52,99.37,7369,100.0
2025-10-24 15:23:00,76.26,65.52,52.22,390.44,3,97.31,99.86,99.07,468.91,99.29,6102,100.0
2025-10-24 15:24:00,73.15,63.34,49.6,387.26,2,96.39,99.51,99.33,425.9,98.71,7608,100.0
2025-10-24 15:25:00,65.89,60.77,53.42,311.32,0,98.09,99.91,99.8,345.96,99.09,7587,100.0
2025-10-24 15:26:00,69.69,61.04,46.67,349.89,3,96.69,99.9,99.42,415.04,98.84,6695,100.0
2025-10-24 15:27:00,72.51,60.91,54.7,340.24,0,97.25,98.8,99.06,405.89,99.1,6411,100.0
2025-10-24 15:28:00,65.34,60.43,45.93,372.9,3,97.8,98.29,100.0,335.73,98.94,6224,100.0
2025-10-24 15:29:00,65.47,64.25,47.38,301.3,4,96.42,98.34,99.18,360.84,98.68,6059,100.0
2025-10-24 15:30:00,71.92,64.67,57.45,338.11,3,99.43,99.48,99.08,427.09,98.95,6260,100.0
2025-10-24 15:31:00,71.17,61.33,63.13,298.91,1,96.14,99.16,99.61,399.62,99.38,7604,100.0
2025-10-24 15:32:00,72.38,64.66,61.47,324.53,5,99.01,98.09,99.27,428.17,98.94,7910,100.0
2025-10-24 15:33:00,69.11,64.28,48.39,381.13,1,97.56,99.94,99.96,371.94,98.81,7798,100.0
2025-10-24 15:34:00,67.11,64.17,65.07,308.87,5,98.53,99.2,99.78,360.26,99.13,7220,100.0
2025-10-24 15:35:00,65.58,61.79,49.89,398.65,5,98.67,98.41,99.66,370.69,98.58,7273,100.0
2025-10-24 15:36:00,66.08,62.15,61.91,361.04,0,96.5,99.77,99.65,341.51,99.1,6337,100.0
2025-10-24 15:37:00,74.35,60.85,47.69,365.23,2,97.43,99.53,99.26,427.02,98.81,7932,100.0
2025-10-24 15:38:00,74.4,64.68,60.91,396.92,1,96.38,99.57,99.65,446.65,99.43,7253,100.0
2025-10-24 15:39:00,63.54,61.36,48.36,352.44,1,99.53,98.15,99.26,342.32,99.21,7173,100.0
2025-10-24 15:40:00,73.67,64.61,64.6,338.89,1,98.1,99.66,99.25,422.33,99.25,7386,100.0
2025-10-24 15:41:00,72.73,64.09,53.82,312.85,2,98.07,98.66,99.52,408.52,98.85,6968,100.0
2025-10-24 15:42:00,66.47,61.07,65.26,358.72,2,98.41,98.0,99.24,384.24,98.61,6157,100.0
2025-10-24 15:43:00,68.83,60.92,55.57,390.56,0,97.76,99.52,99.16,396.78,98.9,7241,100.0
2025-10-24 15:44:00,67.16,58.91,52.05,362.15,4,98.9,99.4,99.01,370.77,99.44,7968,100.0
2025-10-24 15:45:00,70.93,65.35,47.72,333.62,4,99.75,98.73,99.9,391.73,99.35,6606,100.0
2025-10-24 15:46:00,65.36,60.01,55.25,339.39,2,99.49,99.13,99.31,351.74,99.37,6818,100.0
2025-10-24 15:47:00,69.43,62.15,51.37,347.97,2,98.64,99.62,99.02,399.61,99.4,6176,100.0
2025-10-24 15:48:00,72.3,60.38,48.05,396.35,2,96.04,99.91,99.92,407.67,98.87,7933,100.0
2025-10-24 15:49:00,66.41,65.36,50.19,307.61,1,96.55,98.01,99.78,370.36,99.38,7155,100.0
2025-10-24 15:50:00,73.3,62.47,59.54,309.27,3,97.36,98.57,99.63,416.89,98.55,7392,100.0
2025-10-24 15:51:00,74.67,64.63,51.22,337.31,2,98.29,99.68,99.52,450.49,99.47,6638,100.0
2025-10-24 15:52:00,66.76,66.41,60.42,304.55,1,97.17,98.7,99.31,377.42,99.25,7056,100.0
2025-10-24 15:53:00,71.68,62.64,47.47,340.2,0,99.46,99.28,99.98,404.08,99.16,6375,100.0
2025-10-24 15:54:00,71.51,64.25,56.32,348.71,0,97.45,98.6,99.63,406.17,98.73,7697,100.0
2025-10-24 15:55:00,75.54,63.66,49.97,361.05,4,98.67,98.96,99.32,436.52,99.29,7806,100.0
2025-10-24 15:56:00,72.26,62.99,58.75,302.07,4,96.62,99.85,99.78,424.19,98.85,7967,100.0
2025-10-24 15:57:00,66.87,66.31,55.02,314.36,2,97.97,99.65,99.62,375.43,98.65,6504,100.0
2025-10-24 15:58:00,66.87,64.31,45.52,300.49,4,96.15,98.91,99.96,370.52,98.88,7104,100.0
2025-10-24 15:59:00,66.44,64.35,59.4,371.37,4,97.39,98.78,99.57,367.46,99.29,6169,100.0
2025-10-24 16:00:00,71.41,60.67,53.43,313.14,2,96.81,98.95,99.17,429.41,99.42,6452,100.0
2025-10-24 16:01:00,66.37,66.2,53.09,323.03,2,96.83,99.63,99.27,370.44,98.54,7683,100.0
2025-10-24 16:02:00,72.12,62.0,47.12,345.63,2,96.66,99.56,99.62,401.46,99.34,6242,100.0
2025-10-24 16:03:00,69.88,58.7,62.93,377.56,1,96.24,99.62,99.08,409.91,99.32,6613,100.0
2025-10-24 16:04:00,73.58,61.73,55.76,310.69,3,98.12,99.46,99.46,425.32,99.11,7974,100.0
2025-10-24 16:05:00,65.98,61.6,56.38,362.6,1,96.49,99.89,99.08,356.54,99.08,6628,100.0
2025-10-24 16:06:00,66.96,61.63,47.46,381.03,1,99.05,99.66,99.92,374.14,99.35,7518,100.0
2025-10-24 16:07:00,64.25,64.11,56.61,360.02,1,96.43,99.15,99.41,339.2,98.81,7637,100.0
2025-10-24 16:08:00,69.66,63.37,47.09,367.77,0,98.11,98.53,99.31,406.15,99.49,6950,100.0
2025-10-24 16:09:00,70.74,60.78,56.13,305.23,3,99.65,99.55,99.15,418.14,98.89,6790,100.0
2025-10-24 16:10:00,65.48,61.29,63.64,357.95,4,96.09,99.27,99.58,336.35,98.91,7126,100.0
2025-10-24 16:11:00,68.71,61.77,63.62,400.47,1,97.69,98.56,99.49,367.5,99.37,6116,100.0
2025-10-24 16:12:00,73.39,63.2,57.87,359.07,0,97.49,98.24,99.06,416.09,98.93,7459,100.0
2025-10-24 16:13:00,74.03,62.82,51.17,316.63,1,97.05,99.38,99.45,440.3,99.48,6809,100.0
2025-10-24 16:14:00,68.39,65.97,52.03,312.35,3,97.04,98.85,99.16,399.31,99.08,7780,100.0
2025-10-24 16:15:00,69.55,65.29,52.34,338.79,2,96.8,98.09,99.77,396.53,98.81,6105,100.0
2025-10-24 16:16:00,69.66,62.13,57.15,380.52,3,96.6,98.78,99.28,402.71,99.13,6925,100.0
2025-10-24 16:17:00,70.52,64.78,54.92,330.16,1,96.39,98.82,99.92,419.75,99.18,7437,100.0
2025-10-24 16:18:00,65.35,59.2,57.83,334.15,0,97.11,98.94,99.78,346.08,99.16,6086,100.0
2025-10-24 16:19:00,76.2,67.01,58.14,373.63,4,96.62,99.43,99.92,464.68,99.03,7142,100.0
2025-10-24 16:20:00,73.24,60.81,61.42,377.96,0,97.89,98.2,99.4,438.06,98.72,6264,100.0
2025-10-24 16:21:00,71.67,65.17,49.37,391.85,2,99.72,98.95,99.54,417.18,99.03,7645,100.0
2025-10-24 16:22:00,71.1,60.68,57.58,350.73,1,96.34,99.41,99.15,422.57,99.39,6482,100.0
2025-10-24 16:23:00,66.67,60.04,55.88,391.74,1,98.42,99.71,99.87,360.49,99.29,7184,100.0
2025-10-24 16:24:00,67.16,62.81,62.15,380.42,0,97.85,99.74,99.79,374.86,98.71,6649,100.0
2025-10-24 16:25:00,72.7,65.56,59.44,345.37,1,98.94,99.69,99.05,423.01,99.35,7194,100.0
2025-10-24 16:26:00,71.5,63.48,56.92,301.68,1,99.29,99.74,99.53,428.94,98.9,6580,100.0
2025-10-24 16:27:00,69.81,63.33,61.29,360.03,5,96.12,99.44,99.5,380.5,99.25,6785,100.0
2025-10-24 16:28:00,69.35,63.1,54.96,383.89,3,99.51,99.87,99.19,399.62,99.41,6949,100.0
2025-10-24 16:29:00,68.59,65.61,51.39,321.88,2,98.57,99.75,99.09,376.14,99.1,6229,100.0
2025-10-24 16:30:00,71.04,60.48,54.62,320.45,2,98.56,99.43,99.79,397.41,98.76,6184,100.0
2025-10-24 16:31:00,74.4,62.52,49.36,335.32,0,99.35,98.57,99.35,461.62,98.69,6407,100.0
2025-10-24 16:32:00,74.45,63.89,62.68,350.96,2,98.83,99.64,99.58,459.26,99.14,7605,100.0
2025-10-24 16:33:00,71.95,64.68,46.44,387.0,4,96.19,98.58,99.44,410.35,99.37,7928,100.0
2025-10-24 16:34:00,66.32,65.13,62.71,315.56,0,99.6,99.64,99.93,357.55,99.16,7728,100.0
2025-10-24 16:35:00,69.97,64.01,58.19,310.71,4,97.39,98.16,99.52,389.46,99.15,7074,100.0
2025-10-24 16:36:00,75.56,62.16,63.82,403.99,1,99.4,99.58,99.86,455.06,99.32,6308,100.0
2025-10-24 16:37:00,72.28,64.45,65.45,393.87,1,99.23,99.23,99.82,440.36,98.95,7489,100.0
2025-10-24 16:38:00,65.1,65.03,65.12,302.84,4,97.49,98.76,99.94,363.59,98.81,7481,100.0
2025-10-24 16:39:00,71.64,65.13,47.91,370.38,1,98.82,99.79,99.52,415.0,99.32,6050,100.0
2025-10-24 16:40:00,67.18,63.81,53.34,328.22,3,96.63,98.89,99.02,385.36,98.71,7839,100.0
2025-10-24 16:41:00,68.7,65.11,53.91,315.88,1,97.29,98.63,99.35,386.91,98.63,6515,100.0
2025-10-24 16:42:00,68.76,62.56,56.88,404.71,5,97.28,99.95,99.48,404.71,99.26,6423,100.0
2025-10-24 16:43:00,67.89,62.61,54.12,304.91,3,98.37,99.07,99.94,375.62,98.89,7229,100.0
2025-10-24 16:44:00,72.16,65.73,67.24,404.92,0,97.81,98.84,99.19,431.36,99.47,6305,100.0
2025-10-24 16:45:00,66.14,63.94,50.52,336.22,1,98.11,98.22,99.31,350.89,99.23,6301,100.0
2025-10-24 16:46:00,72.62,65.9,57.54,376.35,4,97.49,99.64,99.35,428.0,98.63,7713,100.0
2025-10-24 16:47:00,76.15,67.28,49.38,329.11,1,98.57,99.69,99.13,441.62,99.49,6900,100.0
2025-10-24 16:48:00,72.67,64.91,57.53,368.67,5,97.38,98.65,99.92,433.36,98.96,7331,100.0
2025-10-24 16:49:00,65.51,65.14,55.75,329.92,0,98.71,99.94,99.56,348.43,98.92,7137,100.0
2025-10-24 16:50:00,73.4,61.77,57.54,386.4,3,99.85,98.94,99.1,453.95,99.15,7216,100.0
2025-10-24 16:51:00,74.73,63.68,53.77,320.3,3,98.96,99.37,99.42,444.35,98.77,6681,100.0
2025-10-24 16:52:00,66.02,63.43,65.61,313.49,0,98.67,99.92,99.03,354.0,98.57,6531,100.0
2025-10-24 16:53:00,72.28,63.95,55.0,329.75,5,96.68,99.9,99.17,436.53,99.29,7332,100.0
2025-10-24 16:54:00,71.33,60.97,58.62,344.07,1,99.39,99.16,99.96,410.13,98.67,6629,100.0
2025-10-24 16:55:00,67.56,64.94,50.3,357.38,3,99.02,98.61,99.99,362.25,98.5,7078,100.0
2025-10-24 16:56:00,69.33,61.35,65.38,333.55,1,97.24,99.64,99.25,397.25,99.49,6687,100.0
2025-10-24 16:57:00,70.54,63.13,57.27,392.25,1,96.11,98.08,99.36,403.01,99.31,7272,100.0
2025-10-24 16:58:00,71.24,60.76,59.32,380.07,1,96.95,99.62,99.55,413.81,99.08,6984,100.0
2025-10-24 16:59:00,73.84,63.2,58.13,399.03,1,98.25,99.41,99.13,424.92,98.52,7488,100.0
2025-10-24 17:00:00,70.2,65.77,53.71,395.81,1,96.5,98.85,99.41,408.0,98.61,7512,100.0
2025-10-24 17:01:00,67.22,60.88,61.86,307.86,1,98.96,99.58,99.58,366.22,98.74,7617,100.0
2025-10-24 17:02:00,75.59,64.66,48.78,335.79,2,97.04,99.47,99.66,471.82,99.46,7739,100.0
2025-10-24 17:03:00,71.57,64.03,54.42,395.05,8,98.2,99.07,99.82,406.3,96.86,7114,100.0
2025-10-24 17:04:00,66.26,64.04,58.32,384.62,2,99.14,99.3,99.14,381.99,99.43,7446,100.0
2025-10-24 17:05:00,65.89,61.54,52.84,307.33,1,96.82,98.64,99.33,349.46,99.48,7921,100.0
2025-10-24 17:06:00,71.14,65.15,65.04,357.01,2,97.81,98.3,99.24,414.5,98.76,6955,100.0
2025-10-24 17:07:00,72.45,66.15,47.18,381.17,0,99.77,99.54,99.4,425.05,99.18,7122,100.0
2025-10-24 17:08:00,72.52,64.78,64.4,359.62,2,97.37,99.23,99.29,433.02,99.35,7970,100.0
2025-10-24 17:09:00,66.58,62.65,60.7,357.2,0,97.39,99.59,99.49,373.53,99.14,7886,100.0
2025-10-24 17:10:00,69.58,62.56,51.18,360.12,1,96.44,98.57,99.47,380.43,99.18,7740,100.0
2025-10-24 17:11:00,70.18,65.92,49.93,312.3,4,98.74,99.14,99.26,385.04,98.51,6360,100.0
2025-10-24 17:12:00,74.29,62.5,63.35,345.4,1,96.95,98.08,99.19,446.84,98.93,6323,100.0
2025-10-24 17:13:00,70.4,65.77,60.61,307.29,2,98.15,99.09,99.09,408.28,99.4,7303,100.0
2025-10-24 17:14:00,72.72,65.51,55.47,316.82,0,99.81,99.09,99.68,431.69,99.06,7118,100.0
2025-10-24 17:15:00,70.48,65.87,49.16,375.31,1,96.87,99.58,99.23,407.86,98.58,6445,100.0
2025-10-24 17:16:00,72.77,62.65,52.16,355.21,3,98.76,99.25,99.48,439.04,99.27,7918,100.0
2025-10-24 17:17:00,75.59,61.9,59.91,389.73,2,96.9,99.14,99.65,471.04,99.3,7869,100.0
2025-10-24 17:18:00,66.16,60.46,47.12,390.08,6,97.02,98.74,99.02,368.24,97.06,6202,100.0
2025-10-24 17:19:00,74.38,65.78,49.5,326.02,1,99.78,99.33,99.68,435.41,99.12,6422,100.0
2025-10-24 17:20:00,64.16,62.41,50.98,358.02,5,98.99,98.97,99.33,338.92,98.87,7957,100.0
2025-10-24 17:21:00,68.04,63.07,52.92,321.05,2,98.47,99.55,99.07,372.98,98.85,7384,100.0
2025-10-24 17:22:00,65.33,62.73,59.91,366.63,1,98.35,98.19,99.97,337.46,99.38,6076,100.0
2025-10-24 17:23:00,69.67,64.64,58.05,346.17,0,98.64,99.2,99.46,386.09,98.72,7940,100.0
2025-10-24 17:24:00,68.28,62.79,49.79,347.93,1,96.04,98.76,99.9,380.28,99.15,7635,100.0
2025-10-24 17:25:00,70.54,63.39,56.49,312.56,2,96.33,99.08,99.84,406.72,98.93,7873,100.0
2025-10-24 17:26:00,65.66,64.72,49.52,358.81,1,97.54,98.83,99.63,342.78,98.54,7211,100.0
2025-10-24 17:27:00,65.98,61.17,65.95,303.9,1,99.28,99.16,99.47,358.21,99.17,7677,100.0
2025-10-24 17:28:00,67.87,63.14,57.09,341.96,2,97.31,99.05,99.87,366.93,99.02,7751,100.0
2025-10-24 17:29:00,65.23,63.66,49.58,312.9,1,98.41,98.39,99.11,350.44,98.56,7077,100.0
2025-10-24 17:30:00,66.79,62.87,51.49,323.57,1,96.06,98.32,99.34,348.29,99.36,7167,100.0
2025-10-24 17:31:00,65.42,61.48,59.43,303.72,1,97.57,99.94,99.46,358.72,98.91,6630,100.0
2025-10-24 17:32:00,72.71,61.33,61.49,375.37,0,96.76,99.04,99.36,430.15,99.26,7096,100.0
2025-10-24 17:33:00,71.02,62.65,59.74,389.86,2,96.45,99.82,99.68,423.81,99.15,6247,100.0
2025-10-24 17:34:00,69.77,65.4,59.49,312.93,3,99.22,99.06,99.09,405.71,98.99,6669,100.0
2025-10-24 17:35:00,74.89,65.43,47.53,373.22,1,96.87,98.1,99.64,459.17,98.68,6418,100.0
2025-10-24 17:36:00,70.08,60.17,53.58,309.72,2,98.94,98.92,99.49,406.07,98.8,7874,100.0
2025-10-24 17:37:00,66.74,64.68,61.2,385.24,1,99.39,99.91,99.75,372.91,99.31,6083,100.0
2025-10-24 17:38:00,65.12,63.75,60.61,360.47,1,99.08,98.09,99.76,369.47,99.5,6792,100.0
2025-10-24 17:39:00,66.81,61.11,56.56,382.81,0,96.67,99.18,99.09,383.28,99.0,6773,100.0
2025-10-24 17:40:00,65.74,66.25,53.6,363.32,4,99.38,99.63,99.64,376.96,99.03,6427,100.0
2025-10-24 17:41:00,68.42,63.1,55.34,387.52,4,99.47,98.23,99.51,392.7,98.85,6046,100.0
2025-10-24 17:42:00,72.82,64.75,51.32,352.59,3,97.88,99.6,99.69,415.49,98.89,6936,100.0
2025-10-24 17:43:00,72.51,62.8,52.34,341.82,1,97.34,98.4,99.4,428.57,98.69,6852,100.0
2025-10-24 17:44:00,72.25,65.99,54.64,402.11,1,99.23,99.02,99.34,412.39,99.32,7127,100.0
2025-10-24 17:45:00,72.31,63.57,51.35,339.08,0,97.36,99.83,99.57,404.93,99.26,7535,100.0
2025-10-24 17:46:00,65.93,62.76,53.12,305.19,0,97.68,99.76,99.96,369.04,98.73,7843,100.0
2025-10-24 17:47:00,76.15,63.61,57.81,341.45,2,97.82,98.34,99.43,464.92,99.3,7383,100.0
2025-10-24 17:48:00,66.4,65.72,60.54,381.9,7,99.54,98.58,99.19,361.43,97.45,6120,100.0
2025-10-24 17:49:00,70.96,65.3,60.56,388.66,1,99.31,99.65,99.25,407.2,98.95,7026,100.0
2025-10-24 17:50:00,70.53,62.0,47.16,393.55,1,97.19,99.29,99.21,389.51,99.05,6658,100.0
2025-10-24 17:51:00,74.41,66.55,58.89,376.95,3,96.75,98.58,99.69,460.98,98.62,7278,100.0
2025-10-24 17:52:00,65.3,64.2,51.78,336.8,1,97.76,98.39,99.31,348.6,98.58,6103,100.0
2025-10-24 17:53:00,73.89,64.79,56.82,319.28,1,97.54,99.47,99.41,457.07,98.75,6053,100.0
2025-10-24 17:54:00,73.61,60.1,57.6,345.87,2,97.27,98.49,99.02,441.25,99.11,7703,100.0
2025-10-24 17:55:00,72.0,63.86,50.66,374.12,4,98.67,98.43,99.58,401.47,98.71,7841,100.0
2025-10-24 17:56:00,69.16,59.21,54.13,309.11,2,98.05,98.73,99.46,400.65,99.01,7829,100.0
2025-10-24 17:57:00,69.83,63.65,63.81,389.65,4,97.54,98.56,99.6,411.92,99.13,6945,100.0
2025-10-24 17:58:00,73.53,61.21,57.18,394.72,1,96.92,98.32,99.02,442.96,99.28,7640,100.0
2025-10-24 17:59:00,66.83,66.48,59.47,314.32,0,98.04,98.49,99.24,348.81,98.98,6173,100.0
2025-10-24 18:00:00,34.18,32.69,21.36,220.18,3,96.15,98.85,99.26,100.0,99.4,3892,100.0
2025-10-24 18:01:00,37.3,38.22,30.36,228.42,1,96.09,98.47,99.65,100.0,98.64,3112,100.0
2025-10-24 18:02:00,42.26,34.6,27.37,208.86,2,99.41,99.2,99.88,130.4,99.26,4573,100.0
2025-10-24 18:03:00,35.33,38.16,35.76,245.62,0,99.69,99.71,99.23,100.0,99.13,4351,100.0
2025-10-24 18:04:00,41.35,35.29,39.93,197.26,4,96.49,98.58,99.9,114.64,98.51,4163,100.0
2025-10-24 18:05:00,40.97,33.84,25.46,161.7,2,97.8,99.16,99.66,128.23,99.05,3531,100.0
2025-10-24 18:06:00,45.06,37.34,22.92,197.38,5,99.57,99.28,99.38,156.02,98.86,3004,100.0
2025-10-24 18:07:00,42.88,37.88,36.67,171.29,1,98.0,98.53,99.88,130.54,98.95,4743,100.0
2025-10-24 18:08:00,36.73,33.78,25.94,180.11,1,96.73,98.4,99.67,100.0,98.78,3058,100.0
2025-10-24 18:09:00,36.94,37.04,35.66,229.19,1,97.17,99.3,99.43,100.0,98.5,3519,100.0
2025-10-24 18:10:00,36.74,36.24,25.66,201.11,0,98.72,99.17,99.26,100.0,99.09,3537,100.0
2025-10-24 18:11:00,39.76,39.39,27.25,176.3,2,97.64,99.66,99.84,104.27,99.08,3031,100.0
2025-10-24 18:12:00,43.95,34.3,42.06,174.57,0,97.16,98.28,99.22,131.9,99.09,4227,100.0
2025-10-24 18:13:00,40.43,34.85,41.15,180.1,2,97.72,98.68,99.07,116.72,99.21,3566,100.0
2025-10-24 18:14:00,37.32,38.56,23.98,236.09,2,97.68,98.9,99.52,100.0,98.89,3894,100.0
2025-10-24 18:15:00,38.45,37.0,39.92,160.17,1,99.76,99.19,99.14,100.0,98.97,4245,100.0
2025-10-24 18:16:00,43.03,36.97,24.09,241.28,2,97.85,99.18,99.48,122.57,98.94,3623,100.0
2025-10-24 18:17:00,37.99,33.09,21.71,212.37,0,99.29,98.73,99.25,100.0,98.65,4698,100.0
2025-10-24 18:18:00,36.6,33.26,37.93,205.62,0,99.57,98.79,99.43,100.0,98.72,4101,100.0
2025-10-24 18:19:00,36.23,37.06,37.25,191.34,3,96.69,99.19,99.37,100.0,99.14,4981,100.0
2025-10-24 18:20:00,39.04,35.58,39.67,190.43,4,96.57,99.93,99.39,100.0,98.77,4244,100.0
2025-10-24 18:21:00,44.7,38.17,29.74,238.19,1,96.75,98.49,99.92,166.13,98.73,3806,100.0
2025-10-24 18:22:00,42.02,31.85,38.85,150.12,1,99.88,98.02,99.96,102.72,98.63,4925,100.0
2025-10-24 18:23:00,40.79,36.44,28.5,147.39,2,99.02,99.38,99.47,122.33,99.15,4479,100.0
2025-10-24 18:24:00,37.46,37.18,38.12,207.42,4,97.44,98.19,99.73,100.0,99.12,4418,100.0
2025-10-24 18:25:00,35.65,33.71,29.27,218.4,2,96.42,98.23,99.23,100.0,98.88,4128,100.0
2025-10-24 18:26:00,39.88,34.93,30.78,188.84,1,99.07,98.62,99.19,113.62,98.97,4020,100.0
2025-10-24 18:27:00,37.5,34.19,34.2,217.66,5,98.85,99.3,99.1,100.0,99.38,3826,100.0
2025-10-24 18:28:00,37.69,36.49,35.68,202.52,2,96.17,99.66,99.03,100.0,99.04,3676,100.0
2025-10-24 18:29:00,36.77,36.7,28.34,157.42,2,96.53,98.68,99.55,100.0,98.73,4941,100.0
2025-10-24 18:30:00,34.38,32.52,27.17,153.59,1,97.15,99.15,99.41,100.0,99.2,4705,100.0
2025-10-24 18:31:00,40.07,37.6,34.19,223.79,2,99.23,98.15,99.61,120.23,98.68,4486,100.0
2025-10-24 18:32:00,40.72,35.2,30.83,212.98,5,97.85,99.37,99.13,122.6,98.9,3906,100.0
2025-10-24 18:33:00,44.32,34.5,23.34,181.74,2,98.26,99.59,99.26,144.15,98.64,3186,100.0
2025-10-24 18:34:00,40.25,36.34,40.14,182.81,1,99.38,98.07,99.41,100.0,98.76,3488,100.0
2025-10-24 18:35:00,38.57,38.32,36.05,238.33,2,99.92,99.19,99.49,102.73,98.88,4497,100.0
2025-10-24 18:36:00,39.48,36.73,30.63,245.51,4,98.75,99.27,99.26,111.32,98.86,4630,100.0
2025-10-24 18:37:00,36.09,34.57,34.09,173.21,4,99.29,98.05,99.43,100.0,98.59,3414,100.0
2025-10-24 18:38:00,42.65,37.0,39.67,222.07,0,99.36,98.55,99.63,137.56,99.4,4850,100.0
2025-10-24 18:39:00,43.62,36.46,33.84,148.28,0,97.57,99.59,99.59,125.6,98.62,3936,100.0
2025-10-24 18:40:00,36.8,38.2,23.4,151.6,0,98.77,98.02,99.39,100.0,98.57,4864,100.0
2025-10-24 18:41:00,36.12,33.72,34.04,174.1,0,99.0,98.74,99.91,100.0,99.17,3652,100.0
2025-10-24 18:42:00,38.65,36.22,32.69,218.72,1,96.76,99.2,99.25,100.0,98.53,3512,100.0
2025-10-24 18:43:00,40.13,38.0,29.76,181.01,1,97.42,98.27,99.25,100.0,98.56,4594,100.0
2025-10-24 18:44:00,37.52,34.52,37.34,173.9,2,99.13,99.25,99.72,100.0,99.32,3480,100.0
2025-10-24 18:45:00,35.15,36.39,25.59,186.79,1,96.51,99.33,99.45,100.0,99.02,4237,100.0
2025-10-24 18:46:00,40.28,32.83,33.88,171.13,0,97.86,98.62,99.23,102.79,98.84,3590,100.0
2025-10-24 18:47:00,42.28,33.24,29.61,172.96,1,99.69,99.32,99.19,125.7,98.65,4770,100.0
2025-10-24 18:48:00,42.22,38.45,26.18,238.48,2,98.74,99.09,99.48,119.36,98.88,3606,100.0
2025-10-24 18:49:00,40.87,38.83,35.34,225.19,3,97.09,98.77,99.58,100.0,99.34,3606,100.0
2025-10-24 18:50:00,38.74,32.98,21.65,225.96,2,98.59,98.19,99.19,100.0,98.94,3388,100.0
2025-10-24 18:51:00,43.84,34.8,30.68,184.38,2,99.63,98.31,99.92,141.11,98.72,3503,100.0
2025-10-24 18:52:00,42.1,33.01,26.0,188.98,3,96.69,98.32,99.61,116.52,99.36,3971,100.0
2025-10-24 18:53:00,44.5,35.28,41.74,219.07,3,96.98,98.49,99.97,138.46,99.38,3274,100.0
2025-10-24 18:54:00,46.6,38.54,24.0,235.82,1,98.48,99.85,99.0,184.94,98.8,4215,100.0
2025-10-24 18:55:00,36.63,36.53,31.18,170.59,2,98.37,99.28,99.14,100.0,98.51,3553,100.0
2025-10-24 18:56:00,35.36,37.68,28.7,183.84,4,99.7,98.27,99.57,100.0,99.47,3175,100.0
2025-10-24 18:57:00,44.3,37.21,36.3,163.79,2,98.95,98.37,99.15,137.32,99.14,4347,100.0
2025-10-24 18:58:00,43.42,36.83,32.72,235.1,5,96.9,99.77,99.49,153.43,99.05,3773,100.0
2025-10-24 18:59:00,37.47,35.32,26.74,243.82,2,96.25,98.84,99.94,100.0,99.29,3118,100.0
2025-10-24 19:00:00,37.63,33.52,26.9,225.86,2,96.58,98.43,99.19,100.0,99.35,3475,100.0
2025-10-24 19:01:00,35.97,33.95,40.02,167.6,1,98.64,98.49,99.84,100.0,99.0,4326,100.0
2025-10-24 19:02:00,41.69,34.1,36.91,204.98,0,96.56,99.66,99.57,103.25,99.29,4172,100.0
2025-10-24 19:03:00,36.94,35.9,40.84,226.47,1,96.9,98.36,99.38,100.0,98.68,3099,100.0
2025-10-24 19:04:00,35.52,36.22,27.32,186.71,1,97.53,98.23,99.36,100.0,99.21,4738,100.0
2025-10-24 19:05:00,42.85,35.49,32.06,235.3,4,96.48,99.43,99.91,147.6,98.55,4273,100.0
2025-10-24 19:06:00,39.0,34.59,38.97,172.3,1,97.14,98.11,99.8,100.0,99.49,3624,100.0
2025-10-24 19:07:00,41.92,34.99,34.02,183.33,1,98.8,99.04,99.38,101.8,98.56,4584,100.0
2025-10-24 19:08:00,34.83,37.7,35.07,156.48,1,99.48,99.01,99.37,100.0,99.25,4306,100.0
2025-10-24 19:09:00,44.97,37.83,23.74,172.02,1,98.48,98.41,99.96,138.71,98.86,4547,100.0
2025-10-24 19:10:00,40.69,37.91,23.61,167.6,2,97.72,99.58,99.36,100.0,99.05,4743,100.0
2025-10-24 19:11:00,43.14,35.9,42.59,224.79,1,99.62,98.95,99.73,117.4,98.61,4256,100.0
2025-10-24 19:12:00,37.14,35.03,23.04,156.12,3,98.71,98.61,99.31,100.0,99.06,3745,100.0
2025-10-24 19:13:00,37.54,36.35,34.62,231.99,2,97.45,99.11,99.03,100.0,99.48,4655,100.0
2025-10-24 19:14:00,45.09,35.7,32.05,221.62,3,97.0,99.28,99.39,152.81,98.56,4408,100.0
2025-10-24 19:15:00,41.5,38.34,28.18,241.44,2,98.03,99.29,99.6,130.95,99.42,4244,100.0
2025-10-24 19:16:00,38.03,34.31,28.02,218.25,2,96.67,98.82,99.06,100.0,99.32,3874,100.0
2025-10-24 19:17:00,45.11,33.29,40.76,216.97,3,99.62,99.75,99.52,136.13,99.32,4059,100.0
2025-10-24 19:18:00,40.67,34.36,29.92,172.43,3,97.19,99.6,99.32,102.99,98.58,4137,100.0
2025-10-24 19:19:00,42.84,36.49,32.71,238.17,3,96.19,99.4,99.32,113.5,98.65,4016,100.0
2025-10-24 19:20:00,41.11,39.42,25.02,170.39,1,99.02,98.73,99.6,121.69,99.05,4066,100.0
2025-10-24 19:21:00,40.23,37.72,33.32,193.99,4,97.57,99.04,99.73,115.81,98.56,3329,100.0
2025-10-24 19:22:00,43.3,35.77,36.78,204.65,2,99.45,98.84,99.63,145.67,98.83,4715,100.0
2025-10-24 19:23:00,39.18,34.71,37.47,186.82,4,98.23,98.15,99.04,100.0,98.51,3555,100.0
2025-10-24 19:24:00,39.46,36.9,31.6,192.47,2,97.86,98.52,99.06,100.0,99.43,4010,100.0
2025-10-24 19:25:00,45.05,34.52,28.07,215.18,1,99.38,98.06,99.67,165.74,98.67,3806,100.0
2025-10-24 19:26:00,38.73,36.87,28.65,213.41,1,96.06,98.37,99.13,100.0,99.44,3430,100.0
2025-10-24 19:27:00,37.66,37.24,26.99,211.01,1,99.86,98.4,99.89,100.0,98.66,3213,100.0
2025-10-24 19:28:00,41.92,32.51,34.21,157.28,4,98.16,98.55,99.18,135.31,99.05,4600,100.0
2025-10-24 19:29:00,42.93,33.14,39.89,228.21,1,96.23,98.18,99.19,109.48,98.82,4844,100.0
2025-10-24 19:30:00,39.48,35.93,31.45,186.76,2,97.96,99.35,99.83,100.0,99.04,3997,100.0
2025-10-24 19:31:00,40.18,38.96,23.65,188.23,5,97.06,98.18,99.11,105.49,98.57,4359,100.0
2025-10-24 19:32:00,37.38,35.04,28.85,198.63,3,97.36,99.11,99.25,100.0,98.51,4890,100.0
2025-10-24 19:33:00,42.68,38.21,22.64,156.53,1,97.09,99.95,99.36,145.98,98.62,3770,100.0
2025-10-24 19:34:00,43.0,36.35,35.36,197.49,4,98.1,99.75,99.86,129.1,98.81,3421,100.0
2025-10-24 19:35:00,34.8,32.25,39.85,205.54,1,97.22,99.74,99.51,100.0,99.3,4500,100.0
2025-10-24 19:36:00,44.31,34.75,41.44,188.35,2,98.48,99.93,99.56,147.75,99.43,4145,100.0
2025-10-24 19:37:00,37.11,35.51,28.67,165.05,1,96.68,98.52,99.76,100.0,99.19,4992,100.0
2025-10-24 19:38:00,42.35,36.75,27.55,256.91,2,96.43,99.27,99.85,130.04,99.24,4216,100.0
2025-10-24 19:39:00,43.78,36.05,31.1,234.59,1,96.07,99.33,99.08,124.62,98.7,4018,100.0
2025-10-24 19:40:00,34.57,37.2,24.18,204.2,1,97.39,98.51,99.43,100.0,98.55,3366,100.0
2025-10-24 19:41:00,35.3,38.43,32.98,229.53,3,98.4,98.25,99.31,100.0,99.14,3433,100.0
2025-10-24 19:42:00,40.52,38.98,37.43,173.73,1,98.89,99.53,99.68,107.07,98.9,4968,100.0
2025-10-24 19:43:00,35.35,33.79,34.04,225.92,2,99.45,98.88,99.13,100.0,99.03,3458,100.0
2025-10-24 19:44:00,42.37,38.78,37.84,165.72,4,99.44,98.14,99.87,131.46,98.53,4221,100.0
2025-10-24 19:45:00,45.63,36.59,25.67,255.46,3,98.7,99.42,99.75,168.35,98.57,4868,100.0
2025-10-24 19:46:00,45.12,36.17,36.88,190.53,2,99.64,99.51,99.01,133.79,98.88,4560,100.0
2025-10-24 19:47:00,40.13,40.72,42.75,248.29,0,99.86,99.18,99.59,100.0,99.11,4057,100.0
2025-10-24 19:48:00,39.07,32.41,21.06,164.5,4,98.8,98.81,99.38,100.0,98.61,3405,100.0
2025-10-24 19:49:00,41.22,36.79,33.99,170.9,5,97.65,99.55,99.3,126.35,98.83,4589,100.0
2025-10-24 19:50:00,37.28,37.64,30.61,154.02,1,98.22,98.52,99.07,100.0,99.35,3090,100.0
2025-10-24 19:51:00,37.49,36.61,28.2,177.04,1,98.59,98.18,99.32,100.0,98.8,4365,100.0
2025-10-24 19:52:00,41.9,33.08,25.77,197.22,6,98.79,98.88,99.83,116.83,97.21,4740,100.0
2025-10-24 19:53:00,41.97,36.37,32.98,222.97,0,98.55,98.75,99.14,136.24,99.0,3913,100.0
2025-10-24 19:54:00,39.14,38.4,31.24,232.45,1,98.87,98.71,99.3,100.0,99.08,3229,100.0
2025-10-24 19:55:00,42.74,36.24,25.96,204.74,3,98.65,98.11,99.5,141.45,99.17,3465,100.0
2025-10-24 19:56:00,43.8,35.81,37.38,209.45,2,99.34,99.93,99.21,153.36,98.67,3982,100.0
2025-10-24 19:57:00,38.89,34.88,38.08,235.49,1,99.39,98.1,99.45,100.0,99.41,4153,100.0
2025-10-24 19:58:00,36.55,33.97,30.82,219.23,3,99.77,99.91,99.11,100.0,99.35,3754,100.0
2025-10-24 19:59:00,40.5,37.5,22.42,178.4,2,99.84,99.81,99.81,116.78,98.99,4750,100.0
2025-10-24 20:00:00,36.15,34.66,25.67,178.95,3,96.56,99.48,99.07,100.0,99.34,4926,100.0
2025-10-24 20:01:00,36.1,34.85,24.48,185.33,2,96.9,98.53,99.74,100.0,98.64,4211,100.0
2025-10-24 20:02:00,40.95,36.07,28.99,149.44,2,97.19,99.23,99.9,101.65,98.72,4803,100.0
2025-10-24 20:03:00,43.92,38.1,34.33,198.48,2,97.67,99.51,99.81,122.21,99.18,3605,100.0
2025-10-24 20:04:00,45.91,38.82,29.17,227.44,2,99.34,99.29,99.86,148.0,98.63,4630,100.0
2025-10-24 20:05:00,42.98,33.43,34.03,162.48,0,98.17,99.9,99.59,127.01,98.78,3562,100.0
2025-10-24 20:06:00,34.83,36.92,27.48,161.45,3,97.66,99.65,99.05,100.0,98.89,3905,100.0
2025-10-24 20:07:00,39.91,35.45,24.58,188.31,5,97.9,99.56,99.59,109.44,99.46,3494,100.0
2025-10-24 20:08:00,44.02,36.31,26.3,234.17,2,97.19,99.83,99.8,155.54,98.55,4322,100.0
2025-10-24 20:09:00,38.38,38.02,40.53,230.13,3,99.32,99.13,99.71,100.0,99.36,4056,100.0
2025-10-24 20:10:00,43.25,36.68,42.48,230.57,3,99.94,99.23,99.19,151.59,98.6,4274,100.0
2025-10-24 20:11:00,43.66,38.19,22.41,193.96,0,97.04,99.88,99.88,142.96,99.4,3632,100.0
2025-10-24 20:12:00,42.86,33.91,29.5,157.48,1,98.34,99.52,99.11,110.81,99.38,3260,100.0
2025-10-24 20:13:00,40.41,34.37,33.63,165.26,1,97.72,98.84,99.92,101.3,98.57,4086,100.0
2025-10-24 20:14:00,40.19,33.06,29.61,162.1,2,97.25,99.98,99.28,100.0,99.37,4299,100.0
2025-10-24 20:15:00,43.04,38.7,43.23,184.63,2,97.23,98.61,99.33,139.12,99.09,4431,100.0
2025-10-24 20:16:00,40.82,37.08,28.58,158.92,4,98.3,99.63,99.63,126.5,99.18,4121,100.0
2025-10-24 20:17:00,44.97,36.22,41.36,151.3,2,96.35,98.53,99.57,158.56,99.41,3463,100.0
2025-10-24 20:18:00,43.67,34.69,29.67,160.78,0,99.31,98.59,99.35,137.95,99.17,3093,100.0
2025-10-24 20:19:00,41.63,37.33,39.9,169.93,3,96.32,99.2,99.66,119.64,98.99,3426,100.0
2025-10-24 20:20:00,40.13,35.53,40.52,179.33,0,99.04,98.34,99.54,100.0,99.04,4162,100.0
2025-10-24 20:21:00,41.66,35.27,23.27,209.91,2,97.65,99.08,99.09,119.34,98.61,3355,100.0
2025-10-24 20:22:00,44.51,35.65,34.03,165.71,3,97.4,98.55,99.3,144.5,98.53,4302,100.0
2025-10-24 20:23:00,44.02,37.55,37.77,225.14,1,97.26,98.35,99.85,137.09,99.31,3580,100.0
2025-10-24 20:24:00,36.49,35.21,23.41,241.12,1,99.77,99.25,99.62,100.0,99.19,3971,100.0
2025-10-24 20:25:00,37.61,37.02,27.02,206.11,0,97.41,98.11,99.15,100.0,99.48,4129,100.0
2025-10-24 20:26:00,36.93,32.98,39.85,202.15,1,96.69,98.41,99.6,100.0,99.39,4193,100.0
2025-10-24 20:27:00,35.72,35.02,35.43,204.48,1,98.66,99.04,99.07,100.0,98.95,4629,100.0
2025-10-24 20:28:00,34.8,33.94,39.21,164.55,2,98.58,99.41,99.23,100.0,98.9,4397,100.0
2025-10-24 20:29:00,43.71,33.65,33.3,178.59,3,96.68,99.23,99.44,125.45,98.56,4829,100.0
2025-10-24 20:30:00,34.34,36.57,40.69,242.06,2,97.55,99.66,99.79,100.0,98.95,4936,100.0
2025-10-24 20:31:00,37.32,36.84,35.16,151.84,1,96.14,99.21,99.08,100.0,98.74,4106,100.0
2025-10-24 20:32:00,38.0,34.98,40.05,244.33,0,96.44,98.11,99.39,100.0,99.3,3709,100.0
2025-10-24 20:33:00,41.13,37.84,24.5,239.51,1,99.18,98.2,99.03,121.89,99.39,3800,100.0
2025-10-24 20:34:00,37.4,36.31,28.43,212.58,1,99.01,99.08,99.32,100.0,98.79,3730,100.0
2025-10-24 20:35:00,38.43,34.11,30.49,229.86,3,97.88,98.2,99.61,100.0,99.18,4200,100.0
2025-10-24 20:36:00,37.84,36.21,31.36,192.86,4,97.5,98.88,99.15,100.0,98.64,4830,100.0
2025-10-24 20:37:00,39.69,33.65,22.56,220.27,3,96.67,98.65,99.06,100.0,99.08,3914,100.0
2025-10-24 20:38:00,39.98,37.89,22.83,235.12,4,99.76,98.86,99.11,110.43,99.37,4858,100.0
2025-10-24 20:39:00,40.56,35.79,34.16,182.15,4,96.54,98.37,99.6,100.0,99.11,4450,100.0
2025-10-24 20:40:00,36.14,36.57,35.06,147.01,1,96.83,99.1,99.04,100.0,98.97,4187,100.0
2025-10-24 20:41:00,39.77,34.93,32.32,152.45,2,97.02,99.13,99.48,100.0,99.46,3299,100.0
2025-10-24 20:42:00,41.12,33.92,37.78,175.2,2,97.2,98.31,99.64,108.86,98.56,4073,100.0
2025-10-24 20:43:00,39.76,36.14,24.23,197.74,1,98.49,98.36,99.31,100.0,99.26,3452,100.0
2025-10-24 20:44:00,43.04,36.49,28.93,232.21,2,97.83,99.9,99.64,137.59,98.89,4953,100.0
2025-10-24 20:45:00,38.68,32.78,37.64,199.35,1,99.97,99.29,99.47,100.0,98.57,4290,100.0
2025-10-24 20:46:00,38.75,37.57,37.25,172.99,1,97.51,98.34,99.92,100.0,98.67,3981,100.0
2025-10-24 20:47:00,44.14,35.13,30.52,181.94,2,96.37,99.54,99.98,141.07,99.36,4737,100.0
2025-10-24 20:48:00,40.84,37.37,37.61,174.63,2,99.41,99.02,99.29,100.0,99.28,3249,100.0
2025-10-24 20:49:00,43.21,34.65,37.77,223.66,3,98.32,99.05,99.35,131.79,98.87,4315,100.0
2025-10-24 20:50:00,38.87,36.4,22.67,239.33,1,96.61,99.36,99.55,100.0,99.04,3337,100.0
2025-10-24 20:51:00,43.29,35.0,34.84,242.63,0,97.55,98.27,99.91,127.35,98.71,4352,100.0
2025-10-24 20:52:00,43.86,39.84,25.14,164.65,4,99.11,99.54,99.22,133.91,98.71,3093,100.0
2025-10-24 20:53:00,35.74,34.02,22.78,193.22,0,99.39,99.42,99.78,100.0,99.16,3226,100.0
2025-10-24 20:54:00,36.09,37.86,25.61,194.17,2,97.95,99.99,99.12,100.0,98.59,4015,100.0
2025-10-24 20:55:00,38.34,37.19,33.28,207.37,3,97.29,99.56,99.63,100.0,99.42,3887,100.0
2025-10-24 20:56:00,39.57,35.86,32.37,241.93,1,99.68,98.38,99.75,100.0,99.33,4812,100.0
2025-10-24 20:57:00,35.95,33.81,40.4,226.56,0,96.73,98.82,99.86,100.0,99.22,3167,100.0
2025-10-24 20:58:00,37.39,35.53,39.57,175.04,3,97.67,99.24,99.88,100.0,99.11,3456,100.0
2025-10-24 20:59:00,36.92,37.7,35.04,184.56,4,99.76,98.89,99.8,100.0,98.99,4306,100.0
2025-10-24 21:00:00,37.4,37.21,24.27,200.75,4,98.53,99.81,99.58,100.0,98.56,4071,100.0
2025-10-24 21:01:00,36.61,34.82,22.33,210.76,3,98.89,98.16,99.26,100.0,98.66,3368,100.0
2025-10-24 21:02:00,43.76,37.18,28.56,209.98,7,97.97,98.97,99.77,154.56,96.59,4753,100.0
2025-10-24 21:03:00,43.78,33.74,35.42,248.61,1,99.7,98.35,99.07,126.93,98.98,4630,100.0
2025-10-24 21:04:00,35.72,34.23,39.35,214.61,2,99.55,99.89,99.05,100.0,98.94,4476,100.0
2025-10-24 21:05:00,36.54,35.62,22.18,224.93,1,97.51,98.41,99.81,100.0,99.43,4861,100.0
2025-10-24 21:06:00,42.58,33.3,36.08,156.04,2,98.72,99.34,99.5,106.84,98.61,4318,100.0
2025-10-24 21:07:00,41.83,34.43,33.88,242.59,4,96.76,98.97,99.45,105.67,99.18,4482,100.0
2025-10-24 21:08:00,36.66,33.98,28.38,189.53,3,98.01,99.01,99.1,100.0,98.78,3093,100.0
2025-10-24 21:09:00,40.35,32.45,29.72,206.5,3,96.78,98.88,99.87,100.0,99.03,4241,100.0
2025-10-24 21:10:00,42.75,36.62,35.92,239.61,4,99.35,99.85,99.62,143.0,99.24,3845,100.0
2025-10-24 21:11:00,39.08,35.76,39.9,210.38,1,98.67,99.11,99.94,100.0,99.3,3565,100.0
2025-10-24 21:12:00,37.68,35.32,36.11,188.67,1,98.49,99.95,99.63,100.0,99.38,3311,100.0
2025-10-24 21:13:00,44.73,33.71,33.13,206.97,2,99.53,98.36,99.96,166.7,99.2,4297,100.0
2025-10-24 21:14:00,35.54,32.91,34.87,167.2,2,98.97,99.06,99.87,100.0,98.69,4794,100.0
2025-10-24 21:15:00,40.91,39.5,28.38,222.28,1,100.0,98.02,99.59,100.0,99.05,3199,100.0
2025-10-24 21:16:00,37.76,34.0,23.59,196.6,3,97.65,99.19,99.32,100.0,99.11,4436,100.0
2025-10-24 21:17:00,43.46,35.67,24.93,246.32,2,98.63,98.39,99.87,135.36,99.03,4861,100.0
2025-10-24 21:18:00,37.36,35.87,26.81,174.72,2,99.23,98.95,99.38,100.0,98.99,4629,100.0
2025-10-24 21:19:00,36.68,37.64,38.96,224.81,2,97.45,98.28,99.27,100.0,98.75,4323,100.0
2025-10-24 21:20:00,39.78,32.43,33.14,240.68,3,98.11,98.76,99.05,100.0,99.32,3519,100.0
2025-10-24 21:21:00,38.59,36.4,27.12,228.52,1,98.3,98.7,99.55,100.0,98.51,4296,100.0
2025-10-24 21:22:00,44.25,34.38,27.7,157.87,3,99.62,99.06,99.97,152.55,99.41,4296,100.0
2025-10-24 21:23:00,43.45,35.07,33.37,156.2,3,99.54,98.22,99.9,139.52,99.46,4007,100.0
2025-10-24 21:24:00,36.04,32.06,26.3,199.69,0,96.74,99.72,99.09,100.0,98.5,4437,100.0
2025-10-24 21:25:00,43.4,38.2,39.9,189.83,4,98.04,98.67,99.01,119.78,98.83,4211,100.0
2025-10-24 21:26:00,41.14,35.81,36.42,192.16,0,96.02,99.42,99.9,118.52,98.53,3438,100.0
2025-10-24 21:27:00,44.79,37.5,37.07,232.26,3,99.75,98.26,99.45,151.89,99.49,3798,100.0
2025-10-24 21:28:00,41.06,36.47,33.81,233.52,0,99.04,98.34,99.77,122.63,99.13,3878,100.0
2025-10-24 21:29:00,42.45,33.21,35.1,173.88,1,96.72,98.9,99.53,121.2,99.11,3106,100.0
2025-10-24 21:30:00,41.64,37.12,32.31,192.6,1,98.38,98.98,99.63,130.54,99.33,4614,100.0
2025-10-24 21:31:00,39.74,35.81,26.76,156.29,4,96.49,98.53,99.53,102.35,98.87,3209,100.0
2025-10-24 21:32:00,39.46,32.95,26.87,179.91,2,96.1,98.35,99.82,100.0,99.04,3980,100.0
2025-10-24 21:33:00,36.89,37.41,39.9,166.89,5,99.87,99.45,99.08,100.0,99.46,3667,100.0
2025-10-24 21:34:00,39.74,37.17,31.28,158.71,2,97.76,99.64,99.35,116.48,98.88,4566,100.0
2025-10-24 21:35:00,37.47,35.01,36.44,155.79,0,97.07,98.5,99.07,100.0,98.79,4445,100.0
2025-10-24 21:36:00,38.97,37.05,31.58,223.31,3,96.31,98.59,99.8,100.0,98.59,4276,100.0
2025-10-24 21:37:00,42.52,33.06,31.88,165.85,2,97.42,98.62,99.67,140.39,98.61,3965,100.0
2025-10-24 21:38:00,38.32,33.39,37.37,196.84,2,96.05,99.74,99.09,100.0,98.69,4705,100.0
2025-10-24 21:39:00,41.21,35.6,35.44,178.74,2,96.94,99.48,99.72,100.0,99.48,4352,100.0
2025-10-24 21:40:00,38.77,32.12,34.83,149.53,3,98.98,99.97,99.07,100.0,98.71,3410,100.0
2025-10-24 21:41:00,36.93,37.6,34.4,144.77,3,99.82,98.61,99.35,100.0,98.89,4417,100.0
2025-10-24 21:42:00,37.27,35.77,40.58,177.13,2,96.36,99.96,99.57,100.0,98.51,3968,100.0
2025-10-24 21:43:00,39.69,34.0,22.64,167.07,3,98.12,98.85,99.88,100.0,99.11,4871,100.0
2025-10-24 21:44:00,35.57,38.46,32.59,166.68,2,98.11,98.27,99.45,100.0,98.96,4925,100.0
2025-10-24 21:45:00,40.91,38.83,28.35,152.43,1,98.96,98.38,99.76,110.6,98.72,4226,100.0
2025-10-24 21:46:00,43.6,37.05,34.16,194.21,2,99.85,99.74,99.61,129.01,98.92,4696,100.0
2025-10-24 21:47:00,37.27,37.32,27.41,191.79,0,99.88,98.22,99.76,100.0,99.33,4031,100.0
2025-10-24 21:48:00,41.2,38.55,27.2,186.48,1,99.24,99.18,99.75,131.63,99.48,3895,100.0
2025-10-24 21:49:00,37.98,36.94,36.4,180.34,1,99.64,98.2,99.25,100.0,98.97,3241,100.0
2025-10-24 21:50:00,43.88,34.85,23.61,243.71,1,98.44,99.62,99.71,131.27,98.74,4765,100.0
2025-10-24 21:51:00,35.32,36.33,20.84,183.87,4,99.76,98.47,99.32,100.0,99.3,4152,100.0
2025-10-24 21:52:00,37.78,33.79,40.98,201.06,3,99.18,98.95,99.91,100.0,98.53,3298,100.0
2025-10-24 21:53:00,41.49,37.28,21.8,232.38,3,96.89,98.43,99.58,121.22,99.4,3975,100.0
2025-10-24 21:54:00,44.3,38.17,22.76,202.38,2,97.68,98.99,99.27,126.26,99.26,3756,100.0
2025-10-24 21:55:00,43.87,38.67,23.77,218.44,3,97.85,98.52,99.9,120.64,98.61,4213,100.0
2025-10-24 21:56:00,39.0,35.7,31.52,179.69,2,99.87,99.16,99.33,100.0,98.72,3032,100.0
2025-10-24 21:57:00,40.26,39.39,38.38,184.26,4,96.32,98.44,99.66,100.0,99.03,3873,100.0
2025-10-24 21:58:00,44.29,36.76,35.92,149.07,0,98.75,98.22,99.9,147.78,98.57,4227,100.0
2025-10-24 21:59:00,43.17,37.92,30.17,196.74,6,99.68,99.3,99.38,150.71,97.45,4561,100.0
2025-10-24 22:00:00,39.28,33.45,24.63,209.89,1,97.77,99.52,99.07,109.48,98.98,4024,100.0
2025-10-24 22:01:00,36.91,36.07,21.34,218.43,0,97.78,98.29,99.17,100.0,98.57,3299,100.0
2025-10-24 22:02:00,40.46,39.59,27.08,215.38,0,96.67,99.82,99.99,124.48,99.3,3399,100.0
2025-10-24 22:03:00,38.28,33.85,23.5,225.33,3,97.28,99.38,99.86,100.0,98.62,4917,100.0
2025-10-24 22:04:00,36.45,38.2,28.23,198.33,2,98.82,98.64,99.38,100.0,98.75,4806,100.0
2025-10-24 22:05:00,35.2,33.54,34.71,246.64,4,98.2,98.24,99.84,100.0,99.42,3841,100.0
2025-10-24 22:06:00,39.86,34.37,30.16,157.95,1,96.71,98.45,99.02,100.0,98.62,4313,100.0
2025-10-24 22:07:00,36.21,38.07,37.42,230.3,1,96.31,99.38,99.92,100.0,99.36,4305,100.0
2025-10-24 22:08:00,36.81,37.51,32.85,239.6,2,98.35,98.8,99.17,100.0,98.91,4239,100.0
2025-10-24 22:09:00,40.61,38.55,34.56,189.58,2,97.12,98.9,99.26,114.85,99.36,3593,100.0
2025-10-24 22:10:00,40.81,35.51,39.34,184.87,4,97.58,98.1,99.61,120.03,99.24,4165,100.0
2025-10-24 22:11:00,38.57,37.17,32.58,233.97,1,96.01,99.49,99.6,100.0,99.34,3954,100.0
2025-10-24 22:12:00,43.28,35.88,36.83,245.48,1,96.24,99.21,99.76,151.5,99.11,3895,100.0
2025-10-24 22:13:00,43.95,33.77,35.76,180.71,5,98.29,98.84,99.93,158.36,98.6,4097,100.0
2025-10-24 22:14:00,43.88,35.54,33.53,193.29,3,98.48,98.93,99.34,121.51,99.43,4723,100.0
2025-10-24 22:15:00,38.13,36.41,39.39,202.4,1,97.26,98.92,99.85,100.0,99.3,3465,100.0
2025-10-24 22:16:00,43.25,31.89,27.79,223.93,1,99.41,99.18,99.56,128.52,98.66,4151,100.0
2025-10-24 22:17:00,41.93,36.82,25.42,224.49,2,97.21,98.94,99.73,108.24,99.3,3638,100.0
2025-10-24 22:18:00,42.63,33.78,30.01,210.25,2,97.5,99.4,99.91,137.41,98.76,4080,100.0
2025-10-24 22:19:00,39.97,33.23,40.95,197.52,5,99.84,99.23,99.33,109.23,99.25,4549,100.0
2025-10-24 22:20:00,39.19,34.13,31.55,181.44,1,99.32,99.16,99.49,111.69,99.26,3263,100.0
2025-10-24 22:21:00,39.4,35.96,34.44,219.31,1,96.41,98.18,99.76,111.0,98.7,4846,100.0
2025-10-24 22:22:00,36.08,34.16,31.51,238.88,2,96.53,99.85,99.08,100.0,99.38,3239,100.0
2025-10-24 22:23:00,39.86,33.07,30.84,227.06,1,97.01,99.58,99.97,100.0,98.57,3251,100.0
2025-10-24 22:24:00,40.97,34.58,42.04,250.36,4,98.93,99.78,99.09,100.0,99.18,3095,100.0
2025-10-24 22:25:00,37.12,36.34,26.72,245.25,2,98.05,99.62,99.97,100.0,98.7,3726,100.0
2025-10-24 22:26:00,40.16,35.59,39.03,168.15,3,99.33,99.24,99.13,113.0,98.67,4399,100.0
2025-10-24 22:27:00,36.46,35.1,36.72,208.68,2,97.92,99.97,99.8,100.0,98.79,4409,100.0
2025-10-24 22:28:00,43.58,37.41,31.83,173.52,2,96.13,98.84,99.59,130.16,99.22,4045,100.0
2025-10-24 22:29:00,37.66,37.15,23.17,149.94,0,99.26,99.6,99.83,100.0,98.99,3639,100.0
2025-10-24 22:30:00,36.33,37.27,27.15,242.65,2,97.21,98.46,99.83,100.0,99.42,4174,100.0
2025-10-24 22:31:00,42.73,35.95,36.43,184.88,5,98.97,99.41,99.97,142.38,99.25,3158,100.0
2025-10-24 22:32:00,38.77,37.13,34.08,220.38,0,96.21,99.86,99.21,100.0,99.05,3699,100.0
2025-10-24 22:33:00,41.38,37.85,25.92,178.96,3,96.86,98.64,99.75,129.17,99.01,3497,100.0
2025-10-24 22:34:00,45.27,35.59,39.53,222.96,1,99.31,98.95,99.77,142.44,98.85,3829,100.0
2025-10-24 22:35:00,41.9,37.11,28.13,247.36,2,99.22,99.57,99.97,136.92,99.38,4173,100.0
2025-10-24 22:36:00,43.0,33.84,36.35,241.06,3,99.83,99.0,99.46,134.12,98.71,4327,100.0
2025-10-24 22:37:00,41.0,33.36,25.02,231.04,4,96.08,98.94,99.25,106.73,98.96,4731,100.0
2025-10-24 22:38:00,37.47,35.98,32.62,201.11,2,99.76,98.93,99.58,100.0,98.71,4023,100.0
2025-10-24 22:39:00,44.2,37.88,29.62,211.96,0,96.19,98.23,99.69,146.81,99.42,4417,100.0
2025-10-24 22:40:00,36.47,33.85,28.05,167.99,1,97.82,99.22,99.35,100.0,99.04,4752,100.0
2025-10-24 22:41:00,42.8,33.12,31.2,229.52,4,98.23,99.51,99.67,111.3,98.74,4375,100.0
2025-10-24 22:42:00,41.89,33.1,25.2,237.96,1,96.07,99.87,99.37,123.72,98.91,3426,100.0
2025-10-24 22:43:00,43.81,38.72,41.79,154.29,0,99.43,98.35,99.56,141.26,99.16,3075,100.0
2025-10-24 22:44:00,36.89,38.77,38.72,164.66,2,97.16,99.33,99.9,100.0,98.85,4415,100.0
2025-10-24 22:45:00,38.32,34.18,25.98,148.36,1,98.91,98.07,99.38,100.0,99.1,4729,100.0
2025-10-24 22:46:00,37.7,37.68,36.76,168.0,1,97.99,98.64,99.9,100.0,98.82,4752,100.0
2025-10-24 22:47:00,45.97,38.08,41.0,156.53,3,98.28,98.52,99.57,151.36,98.78,3654,100.0
2025-10-24 22:48:00,43.7,35.27,33.67,204.11,1,96.42,99.66,99.11,125.29,99.41,4615,100.0
2025-10-24 22:49:00,34.87,36.36,31.65,183.18,1,99.82,98.34,99.19,100.0,98.71,3625,100.0
2025-10-24 22:50:00,37.52,38.91,24.4,158.29,1,98.99,99.12,99.86,100.0,98.64,3371,100.0
2025-10-24 22:51:00,38.13,38.18,30.75,235.18,0,98.75,98.93,99.17,100.0,98.82,4641,100.0
2025-10-24 22:52:00,42.88,33.65,27.0,202.52,2,96.48,98.02,99.91,126.43,98.73,3659,100.0
2025-10-24 22:53:00,42.32,40.29,38.56,255.54,0,96.71,98.73,99.24,141.49,98.67,3339,100.0
2025-10-24 22:54:00,40.72,34.71,39.24,254.17,5,96.22,98.15,99.59,100.0,98.53,3153,100.0
2025-10-24 22:55:00,35.56,36.67,24.74,233.97,3,98.62,99.83,99.18,100.0,98.72,3531,100.0
2025-10-24 22:56:00,35.5,37.95,35.02,225.22,2,99.83,98.82,99.52,100.0,98.6,3420,100.0
2025-10-24 22:57:00,38.69,39.27,22.83,253.41,2,99.14,99.9,99.45,100.0,98.72,3531,100.0
2025-10-24 22:58:00,40.57,34.19,23.23,190.52,0,96.23,98.15,99.82,114.74,98.81,3607,100.0
2025-10-24 22:59:00,39.27,37.01,40.03,201.82,1,96.23,99.48,99.4,109.39,98.81,4596,100.0
2025-10-24 23:00:00,41.81,35.05,39.22,156.57,1,97.35,98.82,99.56,112.31,99.14,3374,100.0
2025-10-24 23:01:00,42.88,36.6,29.02,203.1,4,98.94,99.5,99.22,143.67,99.21,3107,100.0
2025-10-24 23:02:00,36.16,35.64,40.18,236.27,0,97.76,99.02,99.69,100.0,99.33,4192,100.0
2025-10-24 23:03:00,46.01,37.98,24.65,206.79,1,98.72,99.36,99.49,168.76,98.61,4895,100.0
2025-10-24 23:04:00,35.49,34.5,24.15,237.34,1,97.61,99.02,99.72,100.0,98.79,4063,100.0
2025-10-24 23:05:00,40.41,33.79,36.41,168.63,3,99.78,99.47,99.88,100.0,98.82,3058,100.0
2025-10-24 23:06:00,39.18,37.08,31.75,197.74,2,99.2,98.55,99.67,100.0,98.64,3329,100.0
2025-10-24 23:07:00,39.42,35.0,27.41,180.62,1,96.35,99.76,99.81,100.0,98.82,4373,100.0
2025-10-24 23:08:00,43.64,36.54,25.8,185.82,3,97.42,98.01,99.94,144.86,99.46,4700,100.0
2025-10-24 23:09:00,37.94,34.67,24.08,226.73,3,99.53,98.35,99.59,100.0,98.85,3806,100.0
2025-10-24 23:10:00,36.66,34.49,21.59,178.58,1,98.13,99.6,99.15,100.0,98.91,3876,100.0
2025-10-24 23:11:00,40.2,35.4,35.1,168.04,6,97.3,99.77,99.67,116.58,97.38,4054,100.0
2025-10-24 23:12:00,37.52,37.24,23.09,155.59,4,99.43,98.39,99.6,100.0,98.77,3199,100.0
2025-10-24 23:13:00,36.93,31.92,27.33,188.87,2,96.3,98.4,99.82,100.0,99.08,4077,100.0
2025-10-24 23:14:00,36.34,33.21,28.03,173.59,1,97.9,99.46,99.91,100.0,98.57,3390,100.0
2025-10-24 23:15:00,45.61,35.35,23.73,246.48,1,96.6,98.85,99.37,173.1,98.71,3172,100.0
2025-10-24 23:16:00,38.64,35.14,30.32,239.04,3,99.54,98.26,99.19,100.0,98.64,4280,100.0
2025-10-24 23:17:00,38.21,34.69,39.61,208.7,2,96.25,99.12,99.45,100.0,99.36,3993,100.0
2025-10-24 23:18:00,40.13,31.62,24.05,228.97,0,98.44,98.48,99.54,102.5,99.16,3343,100.0
2025-10-24 23:19:00,40.15,36.75,24.26,222.65,0,97.05,98.72,99.31,110.84,98.77,4501,100.0
2025-10-24 23:20:00,43.97,35.19,31.25,224.49,0,98.8,98.13,99.55,144.15,98.64,4701,100.0
2025-10-24 23:21:00,40.3,33.64,38.83,230.54,2,98.81,98.6,99.6,107.9,98.72,3257,100.0
2025-10-24 23:22:00,43.74,39.13,24.44,246.77,2,97.93,99.36,99.09,156.47,99.42,4774,100.0
2025-10-24 23:23:00,39.7,38.59,25.11,244.08,3,99.8,98.13,99.89,100.0,99.31,3098,100.0
2025-10-24 23:24:00,44.04,33.71,28.68,176.12,5,97.95,99.0,99.73,120.85,98.94,4962,100.0
2025-10-24 23:25:00,40.91,34.8,24.78,182.75,4,97.02,99.53,99.46,118.14,98.78,3742,100.0
2025-10-24 23:26:00,40.36,33.47,41.53,180.75,0,97.02,98.8,99.23,100.0,99.01,4592,100.0
2025-10-24 23:27:00,40.04,34.04,22.47,235.44,1,97.35,99.39,99.25,100.0,98.76,4103,100.0
2025-10-24 23:28:00,36.03,38.71,39.35,155.36,2,97.35,98.14,99.78,100.0,98.71,4537,100.0
2025-10-24 23:29:00,34.49,34.18,32.11,156.04,2,97.08,98.68,99.39,100.0,98.71,4820,100.0
2025-10-24 23:30:00,40.72,37.78,21.5,146.61,1,97.57,98.75,99.1,117.02,98.61,3547,100.0
2025-10-24 23:31:00,42.21,36.66,31.39,154.57,2,99.94,98.69,99.42,118.65,99.13,4146,100.0
2025-10-24 23:32:00,45.73,39.02,37.87,162.32,1,99.42,99.3,99.03,166.25,98.84,4086,100.0
2025-10-24 23:33:00,41.11,34.21,30.29,194.22,5,97.2,98.8,99.44,124.8,99.03,4631,100.0
2025-10-24 23:34:00,36.41,34.41,38.84,207.77,3,97.02,98.57,99.51,100.0,99.49,3123,100.0
2025-10-24 23:35:00,37.9,37.47,42.13,204.07,1,99.61,98.1,99.07,100.0,98.97,4862,100.0
2025-10-24 23:36:00,35.37,34.57,28.81,149.26,0,98.38,99.72,99.61,100.0,98.65,4478,100.0
2025-10-24 23:37:00,42.8,38.66,42.43,165.08,1,98.15,98.11,99.28,139.72,98.55,4635,100.0
2025-10-24 23:38:00,41.61,37.16,25.64,187.66,1,98.61,98.54,99.46,117.49,98.92,4027,100.0
2025-10-24 23:39:00,35.51,32.55,22.33,242.63,0,97.54,99.58,99.85,100.0,99.14,4447,100.0
2025-10-24 23:40:00,44.48,37.7,30.59,252.39,3,97.97,99.57,99.27,141.06,98.65,4403,100.0
2025-10-24 23:41:00,40.07,34.24,34.44,202.9,4,97.91,99.93,99.71,120.61,98.89,3785,100.0
2025-10-24 23:42:00,36.24,35.25,21.87,192.98,3,97.24,98.19,99.99,100.0,99.24,4389,100.0
2025-10-24 23:43:00,39.11,37.5,26.22,186.13,2,96.3,99.91,99.69,100.0,99.32,4833,100.0
2025-10-24 23:44:00,42.66,38.62,29.14,224.73,1,98.89,98.17,99.86,143.23,99.37,3001,100.0
2025-10-24 23:45:00,45.31,40.09,43.96,164.75,5,99.51,99.24,99.25,160.34,99.01,4434,100.0
2025-10-24 23:46:00,43.17,36.38,35.33,222.0,2,97.88,99.38,99.8,150.43,99.36,3083,100.0
2025-10-24 23:47:00,36.7,37.03,23.58,249.21,2,97.72,98.48,99.1,100.0,99.48,3610,100.0
2025-10-24 23:48:00,39.08,35.8,34.4,207.75,3,99.67,98.98,99.01,102.24,98.85,4997,100.0
2025-10-24 23:49:00,42.5,36.17,39.1,188.14,0,96.39,99.31,99.21,114.55,98.65,3512,100.0
2025-10-24 23:50:00,37.25,34.55,29.65,250.06,2,99.82,99.21,99.1,100.0,98.94,3701,100.0
2025-10-24 23:51:00,45.24,37.79,40.48,215.12,1,97.58,98.06,99.5,143.27,98.55,3949,100.0
2025-10-24 23:52:00,40.32,38.08,28.76,244.33,1,99.78,99.02,99.6,107.54,98.89,3888,100.0
2025-10-24 23:53:00,40.46,39.0,26.64,242.82,2,97.85,98.2,99.82,100.0,98.8,4346,100.0
2025-10-24 23:54:00,41.88,37.23,30.34,188.43,3,98.91,98.35,99.05,137.71,99.04,4101,100.0
2025-10-24 23:55:00,41.12,34.39,36.98,213.84,1,96.93,99.28,99.67,103.06,98.59,4595,100.0
2025-10-24 23:56:00,42.24,38.26,27.82,196.95,1,99.63,98.09,99.05,115.23,98.82,3079,100.0
2025-10-24 23:57:00,44.32,34.94,25.41,166.95,1,98.31,98.4,99.84,130.65,98.93,4104,100.0
2025-10-24 23:58:00,40.93,32.98,37.24,201.35,3,96.03,99.68,99.81,112.08,98.88,4609,100.0
2025-10-24 23:59:00,41.46,34.41,27.21,212.38,1,99.36,99.01,99.2,117.26,99.38,3110,100.0
2025-10-25 00:00:00,35.35,34.33,27.06,240.06,2,97.55,98.89,99.84,100.0,98.57,4649,100.0
2025-10-25 00:01:00,35.66,36.05,22.37,209.96,2,96.27,99.07,99.92,100.0,99.33,3678,100.0
2025-10-25 00:02:00,40.41,38.18,24.25,215.49,3,97.64,98.93,99.37,109.35,98.77,3366,100.0
2025-10-25 00:03:00,38.66,36.71,38.96,212.05,2,99.01,98.96,99.27,100.0,98.92,4240,100.0
2025-10-25 00:04:00,43.8,34.95,40.62,168.22,1,98.19,99.08,100.0,118.05,98.95,3613,100.0
2025-10-25 00:05:00,40.9,39.85,39.79,178.28,3,98.39,98.94,99.55,119.95,99.47,3821,100.0
2025-10-25 00:06:00,37.47,38.69,31.0,197.39,1,98.98,99.8,99.5,100.0,98.81,3168,100.0
2025-10-25 00:07:00,43.05,35.93,41.32,225.97,2,97.1,99.98,99.23,116.39,98.97,4035,100.0
2025-10-25 00:08:00,37.43,37.08,31.27,225.27,0,97.26,98.6,99.46,100.0,98.76,4635,100.0
2025-10-25 00:09:00,43.01,36.86,34.95,203.61,4,97.65,98.15,99.34,125.53,98.99,3950,100.0
2025-10-25 00:10:00,43.47,33.78,33.46,203.86,1,98.0,99.04,99.9,121.26,98.8,3480,100.0
2025-10-25 00:11:00,43.67,34.93,40.82,247.29,0,96.87,98.77,99.87,121.6,98.84,4402,100.0
2025-10-25 00:12:00,43.77,34.47,33.41,207.23,2,97.67,98.12,99.73,148.45,99.32,4428,100.0
2025-10-25 00:13:00,42.26,37.39,36.21,157.5,1,97.95,98.3,99.01,131.86,99.2,3773,100.0
2025-10-25 00:14:00,37.68,33.76,32.22,169.39,2,98.08,98.46,99.7,100.0,99.19,3679,100.0
2025-10-25 00:15:00,43.21,35.85,23.35,241.52,3,98.93,99.73,99.96,151.68,99.1,3174,100.0
2025-10-25 00:16:00,40.13,34.0,31.09,209.32,2,96.61,99.74,99.74,100.0,99.09,4175,100.0
2025-10-25 00:17:00,43.11,38.15,35.84,223.12,1,98.74,98.94,99.98,139.44,98.87,4820,100.0
2025-10-25 00:18:00,35.45,36.63,32.98,199.51,1,97.84,98.04,99.16,100.0,99.29,3239,100.0
2025-10-25 00:19:00,43.18,34.63,35.45,196.42,2,99.65,99.54,99.22,120.81,99.19,4401,100.0
2025-10-25 00:20:00,43.23,37.26,21.18,198.86,0,97.41,99.74,99.67,146.3,99.06,4548,100.0
2025-10-25 00:21:00,39.73,35.92,33.83,163.39,2,97.51,99.84,99.31,112.28,99.14,4686,100.0
2025-10-25 00:22:00,35.67,35.64,27.97,215.96,3,99.01,99.45,99.14,100.0,99.33,3070,100.0
2025-10-25 00:23:00,36.16,35.78,22.72,184.31,1,96.56,98.24,99.54,100.0,99.32,4164,100.0
2025-10-25 00:24:00,38.69,34.31,30.72,212.71,1,97.48,99.78,99.82,100.26,98.68,3158,100.0
2025-10-25 00:25:00,44.21,37.81,33.25,224.12,1,96.68,99.18,99.71,147.88,98.75,4244,100.0
2025-10-25 00:26:00,40.82,35.4,38.66,213.51,3,97.87,99.34,99.82,100.0,99.23,4365,100.0
2025-10-25 00:27:00,36.52,33.96,32.09,191.37,0,96.35,99.8,99.19,100.0,98.97,3166,100.0
2025-10-25 00:28:00,42.07,38.13,39.33,204.9,2,97.15,99.33,99.17,112.57,99.43,4020,100.0
2025-10-25 00:29:00,35.37,36.16,25.46,147.83,5,97.28,98.51,99.6,100.0,98.91,4309,100.0
2025-10-25 00:30:00,40.63,37.11,33.58,205.77,1,98.97,99.79,99.65,113.64,99.14,4647,100.0
2025-10-25 00:31:00,38.65,37.91,27.08,159.93,0,96.39,98.91,99.6,100.0,99.06,3413,100.0
2025-10-25 00:32:00,42.93,37.04,28.78,190.56,3,96.3,98.16,99.45,110.02,99.41,3772,100.0
2025-10-25 00:33:00,39.23,35.27,28.39,161.4,2,97.34,98.68,99.88,100.0,99.01,4568,100.0
2025-10-25 00:34:00,37.87,38.05,25.94,224.2,1,98.4,99.38,99.2,100.0,98.73,3622,100.0
2025-10-25 00:35:00,41.58,33.62,39.64,210.18,1,99.29,99.14,99.77,100.0,99.11,4379,100.0
2025-10-25 00:36:00,45.66,35.29,24.48,233.63,1,96.36,98.46,99.0,155.4,98.87,3091,100.0
2025-10-25 00:37:00,37.39,37.43,38.13,150.3,0,99.99,99.3,99.68,100.0,99.0,4015,100.0
2025-10-25 00:38:00,42.05,39.66,23.46,245.14,2,96.2,98.47,99.64,109.18,99.35,4829,100.0
2025-10-25 00:39:00,34.21,35.24,21.25,206.61,3,99.81,99.73,99.1,100.0,98.84,3607,100.0
2025-10-25 00:40:00,38.15,33.03,31.76,158.49,3,96.29,98.44,99.5,100.0,98.6,4416,100.0
2025-10-25 00:41:00,41.43,37.44,41.52,250.1,4,99.99,99.27,99.49,112.39,98.73,3953,100.0
2025-10-25 00:42:00,42.55,33.59,38.26,203.88,2,98.79,98.73,99.95,135.1,98.93,3346,100.0
2025-10-25 00:43:00,41.42,37.22,42.23,228.67,1,98.32,98.24,99.7,100.0,99.07,4964,100.0
2025-10-25 00:44:00,44.45,34.08,26.72,243.17,1,96.17,99.8,99.07,145.66,98.72,3054,100.0
2025-10-25 00:45:00,37.98,37.05,23.87,235.56,1,97.62,99.62,99.93,100.0,99.18,4753,100.0
2025-10-25 00:46:00,42.59,38.53,41.46,238.03,0,99.73,98.1,99.76,117.27,99.28,3029,100.0
2025-10-25 00:47:00,36.81,33.18,36.65,167.42,5,98.68,98.73,99.28,100.0,98.9,4144,100.0
2025-10-25 00:48:00,45.33,36.7,33.04,238.61,1,96.69,99.09,99.62,169.86,99.33,4292,100.0
2025-10-25 00:49:00,41.85,36.1,32.52,150.31,0,99.41,98.56,99.35,116.51,98.54,4923,100.0
2025-10-25 00:50:00,35.79,35.88,41.32,215.97,2,98.98,98.55,99.28,100.0,98.52,3108,100.0
2025-10-25 00:51:00,35.28,37.69,22.66,160.19,2,97.42,99.72,99.08,100.0,98.74,3975,100.0
2025-10-25 00:52:00,37.64,38.99,38.42,182.03,3,98.58,98.43,99.32,100.0,98.71,4784,100.0
2025-10-25 00:53:00,39.59,34.3,23.63,230.19,1,98.17,99.31,99.91,100.0,98.85,3238,100.0
2025-10-25 00:54:00,39.02,35.6,39.36,156.61,4,96.14,98.3,99.17,105.19,99.46,3805,100.0
2025-10-25 00:55:00,40.48,34.01,29.83,206.67,3,97.31,98.44,99.87,100.0,99.27,4263,100.0
2025-10-25 00:56:00,41.16,34.09,41.47,187.99,0,98.13,98.72,99.91,112.0,98.55,3476,100.0
2025-10-25 00:57:00,37.57,37.84,23.66,184.24,4,98.7,99.9,99.04,100.0,98.79,3296,100.0
2025-10-25 00:58:00,41.28,35.82,42.77,218.15,3,98.71,99.5,99.27,132.72,99.0,3738,100.0
2025-10-25 00:59:00,38.43,35.12,27.71,211.52,3,97.07,99.77,99.1,100.0,98.83,4625,100.0
2025-10-25 01:00:00,45.65,36.97,42.34,170.42,2,96.7,98.76,99.93,143.79,99.46,4343,100.0
2025-10-25 01:01:00,41.82,34.69,34.6,202.12,3,99.66,98.76,99.51,132.35,99.18,4892,100.0
2025-10-25 01:02:00,36.16,33.32,36.1,203.55,3,99.5,99.29,99.92,100.0,98.93,4428,100.0
2025-10-25 01:03:00,43.65,34.84,32.11,177.86,0,98.79,99.14,99.4,124.97,98.69,3558,100.0
2025-10-25 01:04:00,44.9,36.19,32.81,209.34,2,98.85,99.83,99.67,162.16,99.02,4010,100.0
2025-10-25 01:05:00,45.52,39.47,34.84,190.42,2,99.92,99.43,99.16,149.78,98.72,3172,100.0
2025-10-25 01:06:00,38.18,36.43,24.45,234.53,1,99.7,98.19,99.1,100.0,98.86,4343,100.0
2025-10-25 01:07:00,40.67,35.0,34.65,196.07,1,97.44,99.02,99.38,100.0,98.82,3437,100.0
2025-10-25 01:08:00,44.04,33.72,30.21,237.46,0,98.42,99.74,99.17,152.95,99.15,4642,100.0
2025-10-25 01:09:00,34.79,32.74,23.94,243.29,3,96.85,98.47,99.73,100.0,99.0,4667,100.0
2025-10-25 01:10:00,41.33,35.18,30.45,150.63,1,97.41,98.27,99.22,129.62,99.47,3066,100.0
2025-10-25 01:11:00,45.38,39.04,33.57,204.57,2,96.3,99.96,99.82,149.01,98.57,4914,100.0
2025-10-25 01:12:00,44.45,37.26,32.2,156.49,1,96.88,98.14,99.9,152.82,98.95,4862,100.0
2025-10-25 01:13:00,36.22,38.08,22.62,225.67,1,98.65,99.27,99.93,100.0,99.27,4843,100.0
2025-10-25 01:14:00,36.4,37.19,31.88,230.79,3,98.4,99.74,99.03,100.0,99.45,3540,100.0
2025-10-25 01:15:00,37.78,34.06,26.0,183.18,3,96.72,99.61,99.13,100.0,99.14,4072,100.0
2025-10-25 01:16:00,38.25,35.98,24.38,229.91,5,96.96,98.82,99.46,100.0,98.79,4419,100.0
2025-10-25 01:17:00,34.84,35.93,24.92,179.5,2,99.91,99.2,99.02,100.0,99.19,3512,100.0
2025-10-25 01:18:00,41.61,38.35,25.27,166.44,2,98.75,98.12,99.53,121.68,98.88,3251,100.0
2025-10-25 01:19:00,36.67,34.27,23.47,190.08,2,98.68,99.44,99.61,100.0,98.62,4216,100.0
2025-10-25 01:20:00,44.56,33.75,42.53,210.72,2,97.83,98.27,99.02,134.22,98.52,4195,100.0
2025-10-25 01:21:00,38.18,38.82,34.79,227.04,1,99.07,98.94,100.0,100.0,99.35,3575,100.0
2025-10-25 01:22:00,41.24,36.41,32.34,215.54,4,99.37,99.96,99.58,118.8,99.35,4345,100.0
2025-10-25 01:23:00,36.54,35.22,33.81,194.24,2,96.11,98.08,99.36,100.0,98.77,4026,100.0
2025-10-25 01:24:00,40.9,34.87,22.87,165.75,3,99.57,98.16,99.17,100.0,99.37,3013,100.0
2025-10-25 01:25:00,36.66,39.02,36.26,213.92,3,98.61,98.65,99.67,100.0,98.71,4189,100.0
2025-10-25 01:26:00,37.51,34.31,40.43,148.72,4,99.95,99.74,99.21,100.0,98.98,3722,100.0
2025-10-25 01:27:00,41.01,35.84,33.64,222.02,3,97.03,99.57,99.6,128.27,98.79,4946,100.0
2025-10-25 01:28:00,41.99,32.63,29.48,153.75,1,99.92,98.02,99.93,125.66,99.32,3716,100.0
2025-10-25 01:29:00,39.6,35.66,34.79,187.47,1,96.34,98.43,99.08,109.14,98.5,4303,100.0
2025-10-25 01:30:00,40.62,38.01,36.31,193.98,0,97.73,99.75,99.8,101.1,99.37,3877,100.0
2025-10-25 01:31:00,36.71,38.0,31.62,192.14,2,96.83,98.52,99.38,100.0,99.31,3414,100.0
2025-10-25 01:32:00,39.31,35.46,31.91,233.47,0,97.55,98.06,99.52,110.86,98.66,3510,100.0
2025-10-25 01:33:00,42.19,37.29,34.14,175.18,0,96.89,99.28,99.3,135.58,99.12,3099,100.0
2025-10-25 01:34:00,40.49,38.44,23.82,231.83,2,99.14,98.72,99.92,106.92,98.66,4093,100.0
2025-10-25 01:35:00,42.19,36.17,33.22,150.45,2,98.72,98.37,99.35,125.01,98.94,4403,100.0
2025-10-25 01:36:00,37.49,33.89,31.69,156.45,1,99.79,99.68,99.97,100.0,98.71,4922,100.0
2025-10-25 01:37:00,45.15,34.92,34.28,172.29,1,98.75,98.58,99.37,153.46,98.93,4046,100.0
2025-10-25 01:38:00,41.22,34.62,21.26,228.81,3,98.6,99.98,99.31,110.18,98.65,4742,100.0
2025-10-25 01:39:00,41.56,34.39,34.98,201.96,1,96.87,98.41,99.72,105.99,99.48,3368,100.0
2025-10-25 01:40:00,44.72,37.61,33.8,231.67,3,97.55,98.77,99.63,147.32,99.31,3656,100.0
2025-10-25 01:41:00,41.11,39.4,24.62,180.92,0,96.25,98.03,99.37,125.08,98.74,3648,100.0
2025-10-25 01:42:00,37.32,37.24,36.78,185.64,0,97.53,99.43,99.71,100.0,98.85,4404,100.0
2025-10-25 01:43:00,44.54,37.79,26.63,246.5,1,97.35,99.45,99.87,146.54,98.64,3247,100.0
2025-10-25 01:44:00,38.98,37.51,31.02,232.02,1,96.86,98.7,99.54,100.0,98.67,3306,100.0
2025-10-25 01:45:00,35.05,33.62,36.96,155.16,5,99.51,98.64,99.31,100.0,99.21,3588,100.0
2025-10-25 01:46:00,35.51,36.64,39.71,237.37,0,97.57,98.57,99.45,100.0,98.91,4921,100.0
2025-10-25 01:47:00,41.45,34.89,38.97,193.66,0,97.41,99.63,99.22,107.61,98.77,4796,100.0
2025-10-25 01:48:00,43.27,38.24,32.87,238.45,2,99.16,99.49,99.53,133.27,99.32,4378,100.0
2025-10-25 01:49:00,42.13,33.65,40.53,219.3,3,98.8,99.69,99.39,118.17,98.69,4031,100.0
2025-10-25 01:50:00,42.71,39.4,27.05,249.94,2,98.81,99.07,99.65,137.17,98.69,3684,100.0
2025-10-25 01:51:00,42.67,37.26,34.62,175.52,1,99.74,99.27,99.41,134.3,98.96,3701,100.0
2025-10-25 01:52:00,45.11,34.9,25.03,192.68,0,97.98,99.65,99.35,150.1,99.07,4827,100.0
2025-10-25 01:53:00,44.27,36.8,22.21,169.0,1,98.83,98.18,99.29,143.03,99.27,3688,100.0
2025-10-25 01:54:00,40.79,35.46,35.68,149.25,3,97.72,98.69,99.25,108.4,99.34,4530,100.0
2025-10-25 01:55:00,37.55,33.15,19.71,158.04,1,99.68,98.63,99.79,100.0,99.46,3389,100.0
2025-10-25 01:56:00,36.17,32.81,23.1,207.38,1,96.89,98.64,99.94,100.0,98.61,3739,100.0
2025-10-25 01:57:00,41.86,38.65,36.48,166.66,1,97.93,98.69,99.95,100.45,98.76,3519,100.0
2025-10-25 01:58:00,42.29,34.3,39.26,216.8,0,99.67,98.09,99.61,126.93,99.11,4696,100.0
2025-10-25 01:59:00,36.1,36.1,33.33,189.08,3,96.12,99.86,99.31,100.0,98.82,3007,100.0
2025-10-25 02:00:00,42.96,33.82,41.6,209.92,3,99.01,98.99,99.53,148.93,99.1,4083,100.0
2025-10-25 02:01:00,43.54,35.55,31.28,220.05,1,98.47,98.37,99.44,147.58,98.81,4484,100.0
2025-10-25 02:02:00,35.67,35.42,28.11,195.66,6,97.14,99.57,99.32,100.0,96.6,4356,100.0
2025-10-25 02:03:00,39.72,36.57,24.13,246.67,3,96.74,98.86,99.32,105.54,98.52,4760,100.0
2025-10-25 02:04:00,41.71,38.2,39.09,161.63,2,97.21,99.25,99.29,112.37,99.24,4186,100.0
2025-10-25 02:05:00,42.93,37.53,37.82,166.94,1,96.49,99.7,99.0,134.42,99.37,3334,100.0
2025-10-25 02:06:00,38.66,40.25,38.58,210.58,2,98.39,98.14,99.6,100.0,98.86,3180,100.0
2025-10-25 02:07:00,41.37,36.27,29.11,197.13,0,96.34,98.29,99.55,105.0,98.74,4260,100.0
2025-10-25 02:08:00,42.68,34.12,24.1,230.4,5,98.46,99.35,99.29,146.54,99.31,4829,100.0
2025-10-25 02:09:00,37.54,33.99,23.59,241.74,3,98.48,99.6,99.47,100.0,99.42,4730,100.0
2025-10-25 02:10:00,42.41,38.24,36.72,151.27,3,96.15,98.42,99.76,111.78,99.47,3733,100.0
2025-10-25 02:11:00,35.78,33.29,24.34,178.91,5,97.35,99.07,99.17,100.0,98.7,4679,100.0
2025-10-25 02:12:00,36.16,37.33,37.81,162.56,4,99.19,99.56,99.65,100.0,99.35,4761,100.0
2025-10-25 02:13:00,37.66,35.68,30.31,189.1,5,96.54,99.84,99.96,100.0,99.15,3180,100.0
2025-10-25 02:14:00,41.33,36.16,25.65,230.3,1,98.47,99.74,99.87,110.81,99.19,4650,100.0
2025-10-25 02:15:00,38.68,36.51,36.19,241.53,2,99.73,99.79,99.92,105.53,99.35,3421,100.0
2025-10-25 02:16:00,33.96,32.92,37.59,218.13,2,97.27,98.91,99.36,100.0,99.11,3236,100.0
2025-10-25 02:17:00,44.4,36.6,39.44,199.03,4,96.67,99.4,99.04,142.05,99.05,3805,100.0
2025-10-25 02:18:00,34.47,34.67,39.36,161.42,2,97.54,98.2,99.05,100.0,98.65,4117,100.0
2025-10-25 02:19:00,39.23,33.51,30.51,174.47,3,96.77,99.11,99.84,100.0,99.11,3339,100.0
2025-10-25 02:20:00,42.09,37.52,33.57,231.96,2,96.04,98.01,99.11,118.31,98.51,3765,100.0
2025-10-25 02:21:00,41.53,32.84,36.51,162.77,1,97.3,99.0,99.68,126.31,98.52,3290,100.0
2025-10-25 02:22:00,45.26,35.36,27.32,211.46,0,98.9,98.96,99.71,138.94,98.96,3690,100.0
2025-10-25 02:23:00,40.46,36.91,36.44,240.4,1,96.45,98.67,99.38,102.23,99.43,4819,100.0
2025-10-25 02:24:00,38.06,35.06,36.87,169.02,4,96.42,99.43,99.11,100.0,99.37,4072,100.0
2025-10-25 02:25:00,37.66,33.86,32.1,180.49,1,99.78,98.42,99.57,100.0,99.32,4398,100.0
2025-10-25 02:26:00,44.45,34.62,38.65,231.14,1,96.67,98.95,99.47,128.78,98.79,3755,100.0
2025-10-25 02:27:00,41.66,37.26,32.56,169.82,2,97.12,99.09,99.34,131.15,98.76,4765,100.0
2025-10-25 02:28:00,35.59,36.8,29.63,171.47,1,99.32,99.12,99.12,100.0,99.03,3344,100.0
2025-10-25 02:29:00,36.63,34.9,33.57,228.96,2,99.93,98.27,99.75,100.0,98.58,4622,100.0
2025-10-25 02:30:00,38.96,38.08,39.58,154.32,3,97.53,98.3,99.28,109.36,99.36,3613,100.0
2025-10-25 02:31:00,40.52,38.49,35.12,180.58,0,99.2,98.57,99.14,100.0,98.61,3227,100.0
2025-10-25 02:32:00,45.52,38.31,25.51,252.69,0,99.01,99.96,99.89,163.87,99.02,4999,100.0
2025-10-25 02:33:00,41.35,38.06,25.73,214.47,0,99.23,98.83,99.26,103.84,99.48,4732,100.0
2025-10-25 02:34:00,39.02,36.57,32.93,238.83,6,99.28,99.82,99.75,100.0,96.72,4275,100.0
2025-10-25 02:35:00,42.79,36.36,25.74,200.8,3,97.84,99.52,99.69,143.23,98.81,3988,100.0
2025-10-25 02:36:00,40.04,36.2,39.13,227.17,2,99.77,98.85,99.04,115.53,98.67,4802,100.0
2025-10-25 02:37:00,42.55,36.4,38.18,172.26,2,97.02,99.58,99.84,140.51,98.68,4804,100.0
2025-10-25 02:38:00,40.0,34.69,23.43,217.66,0,99.34,98.62,99.67,100.0,99.16,3106,100.0
2025-10-25 02:39:00,36.96,38.36,30.35,206.52,2,99.36,98.12,99.86,100.0,99.29,3554,100.0
2025-10-25 02:40:00,41.66,37.92,32.12,204.68,1,97.28,98.88,99.64,100.41,99.37,3632,100.0
2025-10-25 02:41:00,35.83,35.79,23.79,177.92,3,98.03,99.13,99.3,100.0,99.27,4371,100.0
2025-10-25 02:42:00,36.3,36.63,42.03,157.83,1,98.34,99.71,99.24,100.0,99.03,3710,100.0
2025-10-25 02:43:00,43.4,33.9,40.42,231.74,0,97.11,99.83,99.86,133.67,99.05,3161,100.0
2025-10-25 02:44:00,38.51,34.54,29.47,203.62,1,96.42,99.31,99.05,100.0,99.47,4778,100.0
2025-10-25 02:45:00,38.57,34.52,41.51,195.92,1,96.67,99.48,99.2,100.0,98.82,4826,100.0
2025-10-25 02:46:00,43.6,39.75,37.22,169.56,2,99.31,99.76,99.41,131.26,98.62,4875,100.0
2025-10-25 02:47:00,40.33,37.59,25.61,206.24,3,99.98,99.37,99.5,117.5,98.97,3904,100.0
2025-10-25 02:48:00,33.83,33.85,34.73,189.35,2,98.58,99.64,99.7,100.0,99.38,4350,100.0
2025-10-25 02:49:00,43.95,38.87,33.2,211.84,3,97.72,99.74,99.04,144.71,99.45,3623,100.0
2025-10-25 02:50:00,40.45,37.91,28.43,241.26,2,97.44,98.66,99.19,100.0,99.34,3951,100.0
2025-10-25 02:51:00,42.63,36.71,30.61,196.47,0,98.7,99.02,99.07,131.45,98.71,3276,100.0
2025-10-25 02:52:00,41.14,34.2,28.77,170.74,1,96.05,98.44,99.78,125.15,99.2,3866,100.0
2025-10-25 02:53:00,43.99,37.87,42.95,199.3,1,98.5,99.87,99.79,149.16,99.02,3360,100.0
2025-10-25 02:54:00,40.7,37.43,23.79,148.59,4,99.07,98.34,99.82,121.79,98.81,3366,100.0
2025-10-25 02:55:00,35.13,35.92,40.65,189.81,3,97.04,98.75,99.22,100.0,98.69,4586,100.0
2025-10-25 02:56:00,37.28,37.97,24.78,167.1,1,99.97,99.06,99.65,100.0,99.45,3668,100.0
2025-10-25 02:57:00,34.47,34.38,22.74,237.19,3,96.68,99.93,99.32,100.0,99.0,3488,100.0
2025-10-25 02:58:00,43.46,34.96,34.65,230.56,3,98.41,98.07,99.33,128.44,99.37,3947,100.0
2025-10-25 02:59:00,43.88,36.93,29.75,251.33,3,99.34,99.48,99.38,156.3,98.84,3077,100.0
2025-10-25 03:00:00,42.45,37.16,29.9,216.34,2,97.6,99.62,99.51,137.07,98.67,3503,100.0
2025-10-25 03:01:00,37.62,37.13,39.78,148.86,3,97.14,99.33,99.42,100.0,99.47,4331,100.0
2025-10-25 03:02:00,42.73,33.68,30.37,246.48,3,96.25,99.87,99.03,142.67,99.38,4082,100.0
2025-10-25 03:03:00,44.99,38.02,26.62,240.34,1,99.91,99.37,99.19,164.72,99.32,3206,100.0
2025-10-25 03:04:00,43.67,37.11,39.71,232.86,1,98.88,99.23,99.23,153.72,99.19,4604,100.0
2025-10-25 03:05:00,42.32,33.43,27.16,223.95,1,97.69,98.48,99.75,108.75,99.11,3056,100.0
2025-10-25 03:06:00,35.72,35.45,21.64,244.95,1,99.46,98.13,99.87,100.0,98.62,3226,100.0
2025-10-25 03:07:00,42.69,37.91,29.78,238.97,1,97.66,98.67,99.54,119.01,98.72,4081,100.0
2025-10-25 03:08:00,42.88,36.03,37.12,168.51,1,98.23,99.06,99.63,114.93,99.3,4750,100.0
2025-10-25 03:09:00,40.33,37.2,38.51,215.63,3,99.2,99.99,99.76,100.0,98.62,4089,100.0
2025-10-25 03:10:00,38.27,35.78,28.2,233.98,1,98.58,99.56,99.42,100.0,98.95,3401,100.0
2025-10-25 03:11:00,39.96,36.45,25.97,215.9,3,99.48,99.37,99.13,100.0,99.26,3398,100.0
2025-10-25 03:12:00,37.87,35.53,38.87,201.36,1,98.49,98.08,99.15,100.0,99.39,4775,100.0
2025-10-25 03:13:00,37.59,36.94,29.67,157.37,1,99.94,99.3,99.13,100.0,99.11,3414,100.0
2025-10-25 03:14:00,41.07,40.59,26.34,174.85,2,97.55,98.34,99.5,120.04,99.26,3606,100.0
2025-10-25 03:15:00,41.75,38.68,22.0,213.87,2,96.5,99.84,99.03,116.28,98.7,3294,100.0
2025-10-25 03:16:00,38.26,34.94,30.73,156.42,1,96.32,99.67,99.1,100.0,99.14,4860,100.0
2025-10-25 03:17:00,35.26,34.82,26.86,192.58,2,99.32,98.07,99.57,100.0,98.62,4363,100.0
2025-10-25 03:18:00,34.84,34.75,39.24,217.38,4,99.52,98.7,99.17,100.0,98.58,3422,100.0
2025-10-25 03:19:00,42.89,35.06,31.18,200.94,1,99.66,99.36,99.65,142.35,99.18,3242,100.0
2025-10-25 03:20:00,40.55,36.35,31.96,184.13,5,97.49,98.17,99.35,105.76,98.71,3356,100.0
2025-10-25 03:21:00,36.68,32.49,30.38,206.12,3,96.01,98.27,99.72,100.0,99.27,3648,100.0
2025-10-25 03:22:00,43.98,37.38,41.85,215.84,1,97.72,99.44,99.14,127.57,98.58,3335,100.0
2025-10-25 03:23:00,37.97,36.93,30.54,163.21,1,96.53,99.46,99.1,100.0,99.38,4067,100.0
2025-10-25 03:24:00,38.56,35.44,36.19,212.59,2,97.81,99.7,99.12,100.0,98.59,3077,100.0
2025-10-25 03:25:00,45.22,36.8,42.1,238.69,10,98.26,99.65,99.83,165.17,97.33,3853,94.0
2025-10-25 03:26:00,37.98,37.52,36.67,177.98,2,97.67,98.34,99.55,100.0,98.64,4400,100.0
2025-10-25 03:27:00,42.41,38.5,36.45,172.74,5,96.88,98.8,99.41,139.28,99.49,3909,100.0
2025-10-25 03:28:00,36.36,33.1,27.95,219.82,0,99.49,99.45,99.37,100.0,98.61,4557,100.0
2025-10-25 03:29:00,42.52,35.05,26.92,207.0,4,96.22,99.77,99.01,123.14,98.76,3820,100.0
2025-10-25 03:30:00,41.14,35.81,35.81,160.94,3,99.89,98.9,99.19,100.0,98.78,4545,100.0
2025-10-25 03:31:00,37.11,32.77,29.97,166.58,2,97.79,98.06,99.53,100.0,98.84,4870,100.0
2025-10-25 03:32:00,36.93,38.45,36.73,238.67,3,99.13,99.15,99.43,100.0,99.46,4819,100.0
2025-10-25 03:33:00,37.28,34.59,40.17,168.4,0,97.91,98.89,99.55,100.0,98.71,4605,100.0
2025-10-25 03:34:00,41.37,33.64,42.25,185.11,4,96.01,98.36,99.76,127.1,98.72,3157,100.0
2025-10-25 03:35:00,39.04,38.4,32.26,222.15,5,99.15,99.41,99.78,100.0,99.08,3370,100.0
2025-10-25 03:36:00,41.52,34.39,27.98,226.99,3,98.81,99.42,99.4,112.02,99.08,4355,100.0
2025-10-25 03:37:00,34.48,35.93,30.99,147.52,0,96.8,98.71,99.76,100.0,99.26,3995,100.0
2025-10-25 03:38:00,42.87,33.7,37.35,220.09,2,98.35,98.35,99.11,116.71,98.62,3247,100.0
2025-10-25 03:39:00,43.15,37.89,36.0,224.84,3,98.95,98.85,99.35,145.42,98.83,3951,100.0
2025-10-25 03:40:00,41.08,35.36,34.96,194.26,3,97.83,99.28,99.82,109.06,99.34,3354,100.0
2025-10-25 03:41:00,39.94,34.42,23.0,234.24,3,98.34,99.74,99.95,104.21,98.88,4030,100.0
2025-10-25 03:42:00,37.87,36.84,40.04,162.0,0,99.9,99.61,99.41,100.0,99.43,4588,100.0
2025-10-25 03:43:00,42.94,39.16,36.44,226.72,4,98.41,98.7,99.05,115.62,98.61,4097,100.0
2025-10-25 03:44:00,42.45,36.88,37.1,199.72,3,99.75,99.46,99.97,107.14,98.65,4805,100.0
2025-10-25 03:45:00,34.28,35.76,26.35,190.36,1,98.34,98.41,99.41,100.0,99.17,4299,100.0
2025-10-25 03:46:00,38.08,34.79,24.68,203.27,2,96.57,99.76,99.94,100.0,99.09,4923,100.0
2025-10-25 03:47:00,39.67,33.27,29.47,167.91,2,99.74,99.99,99.53,100.0,98.94,4750,100.0
2025-10-25 03:48:00,44.09,37.21,22.84,229.36,1,98.25,98.88,99.3,144.49,99.24,3986,100.0
2025-10-25 03:49:00,44.21,36.51,33.31,211.11,1,98.05,99.77,99.55,126.49,99.23,4032,100.0
2025-10-25 03:50:00,38.29,38.93,37.95,176.64,2,97.47,99.51,99.06,100.0,98.97,4429,100.0
2025-10-25 03:51:00,40.3,38.09,32.33,175.92,1,96.47,99.04,99.98,100.0,99.28,3733,100.0
2025-10-25 03:52:00,42.2,34.21,25.2,221.31,2,99.26,99.03,99.74,107.49,98.71,3396,100.0
2025-10-25 03:53:00,36.93,35.03,39.39,227.71,1,98.94,99.65,99.42,100.0,99.07,4984,100.0
2025-10-25 03:54:00,44.53,34.68,30.45,204.64,1,98.74,98.5,99.48,130.73,98.61,3734,100.0
2025-10-25 03:55:00,43.15,36.82,35.45,194.7,2,96.1,99.69,99.95,132.68,98.95,4529,100.0
2025-10-25 03:56:00,35.03,38.31,25.27,207.16,2,97.3,98.92,99.38,100.0,99.43,3748,100.0
2025-10-25 03:57:00,37.24,37.25,28.07,196.95,3,96.27,99.33,99.19,100.0,98.74,4889,100.0
2025-10-25 03:58:00,40.64,33.8,26.67,188.69,4,98.61,99.44,99.48,118.34,99.02,4029,100.0
2025-10-25 03:59:00,41.57,37.83,34.02,242.7,4,96.02,99.33,99.92,116.42,98.67,3918,100.0
2025-10-25 04:00:00,40.53,36.24,28.64,247.56,2,98.64,99.96,99.58,101.59,99.11,3068,100.0
2025-10-25 04:01:00,45.37,35.0,34.13,194.58,2,96.83,99.7,99.45,158.98,98.87,4068,100.0
2025-10-25 04:02:00,39.93,37.54,34.76,166.37,1,97.43,98.55,99.08,106.42,99.22,4324,100.0
2025-10-25 04:03:00,35.78,35.6,28.04,143.26,3,99.59,98.51,99.09,100.0,99.2,4085,100.0
2025-10-25 04:04:00,45.97,39.33,28.53,223.68,3,96.38,98.19,99.69,176.83,99.08,4135,100.0
2025-10-25 04:05:00,43.94,39.36,41.38,213.37,3,97.19,99.17,99.7,127.43,99.31,4751,100.0
2025-10-25 04:06:00,38.52,38.14,36.97,154.41,3,96.07,98.45,99.61,100.0,98.51,3139,100.0
2025-10-25 04:07:00,39.97,36.67,38.35,210.0,1,97.4,99.03,99.02,118.12,99.42,4328,100.0
2025-10-25 04:08:00,43.44,34.39,29.09,187.35,2,99.55,98.44,99.34,134.18,98.97,4963,100.0
2025-10-25 04:09:00,40.61,35.2,27.35,205.99,3,96.91,98.31,99.91,126.03,99.09,4454,100.0
2025-10-25 04:10:00,39.54,33.92,23.83,237.91,4,98.89,98.59,99.55,100.0,99.18,3455,100.0
2025-10-25 04:11:00,38.34,36.63,27.84,176.74,2,97.74,98.04,99.7,100.0,99.33,4099,100.0
2025-10-25 04:12:00,40.27,35.5,29.31,205.04,1,99.86,99.14,99.83,122.48,99.43,3798,100.0
2025-10-25 04:13:00,39.27,36.4,34.45,171.29,2,99.97,99.99,99.35,106.64,98.76,3320,100.0
2025-10-25 04:14:00,35.81,38.14,29.87,167.87,3,98.66,98.71,99.11,100.0,98.82,4337,100.0
2025-10-25 04:15:00,36.24,35.34,26.16,201.9,4,99.26,98.69,99.62,100.0,99.33,3444,100.0
2025-10-25 04:16:00,36.81,35.72,37.44,161.87,3,98.64,99.93,99.63,100.0,99.01,3675,100.0
2025-10-25 04:17:00,38.93,37.01,23.29,184.37,3,99.5,99.96,99.36,100.0,99.49,3701,100.0
2025-10-25 04:18:00,33.93,32.53,25.13,240.65,2,96.57,98.97,99.91,100.0,99.4,3131,100.0
2025-10-25 04:19:00,36.53,33.81,25.18,162.19,0,97.4,98.32,99.14,100.0,98.7,3012,100.0
2025-10-25 04:20:00,41.31,37.56,39.44,162.46,1,97.85,98.85,99.2,124.08,99.41,3516,100.0
2025-10-25 04:21:00,38.71,35.09,36.95,161.72,0,96.7,99.09,99.25,106.58,98.9,3940,100.0
2025-10-25 04:22:00,43.06,35.13,36.69,173.62,3,98.46,99.06,99.21,144.53,98.93,3891,100.0
2025-10-25 04:23:00,36.65,38.32,32.73,194.49,2,96.92,99.49,99.16,100.0,98.96,3905,100.0
2025-10-25 04:24:00,35.19,36.5,32.59,174.66,2,98.34,99.22,99.86,100.0,98.81,4932,100.0
2025-10-25 04:25:00,40.48,35.35,28.12,163.86,2,96.88,98.64,99.76,101.57,98.53,4026,100.0
2025-10-25 04:26:00,43.5,33.93,28.44,242.87,2,99.74,98.29,99.36,128.3,98.62,3201,100.0
2025-10-25 04:27:00,36.07,33.9,39.63,194.87,1,96.95,98.33,99.38,100.0,98.79,4191,100.0
2025-10-25 04:28:00,40.28,36.32,27.61,191.87,3,97.85,98.17,99.27,122.0,99.4,4242,100.0
2025-10-25 04:29:00,42.99,35.07,25.74,209.4,4,99.07,98.57,99.97,120.47,98.87,3952,100.0
2025-10-25 04:30:00,38.54,37.02,36.31,188.59,1,99.48,99.77,99.07,100.0,99.38,4472,100.0
2025-10-25 04:31:00,37.47,34.88,27.08,199.63,4,97.1,98.87,99.59,100.0,99.14,3763,100.0
2025-10-25 04:32:00,40.23,34.59,31.12,237.57,2,98.27,98.79,99.3,103.29,98.66,3535,100.0
2025-10-25 04:33:00,44.7,39.35,31.06,239.39,0,96.87,99.19,99.68,137.09,99.44,4246,100.0
2025-10-25 04:34:00,41.87,31.73,35.55,157.44,2,99.27,99.01,99.06,100.03,98.75,4427,100.0
2025-10-25 04:35:00,40.29,36.87,25.67,226.75,1,98.33,99.53,99.02,100.0,98.6,4692,100.0
2025-10-25 04:36:00,35.84,37.79,39.73,243.42,3,97.9,99.03,99.08,100.0,98.5,3062,100.0
2025-10-25 04:37:00,36.23,39.13,42.88,184.57,0,96.08,99.8,99.36,100.0,98.88,4814,100.0
2025-10-25 04:38:00,39.6,33.2,27.08,237.39,2,98.32,99.53,99.19,112.24,98.69,4220,100.0
2025-10-25 04:39:00,40.15,34.71,32.87,236.24,2,98.14,98.59,99.93,100.0,98.52,4619,100.0
2025-10-25 04:40:00,43.73,37.73,26.17,215.01,3,96.38,99.21,99.19,135.18,98.89,3167,100.0
2025-10-25 04:41:00,36.47,38.08,34.0,249.75,3,96.69,98.9,99.29,100.0,99.15,3606,100.0
2025-10-25 04:42:00,43.33,40.17,37.14,194.11,0,97.95,99.15,99.56,135.32,98.88,4915,100.0
2025-10-25 04:43:00,41.89,34.91,22.89,210.83,1,97.87,99.94,99.49,133.06,98.64,3904,100.0
2025-10-25 04:44:00,40.0,35.24,34.02,203.6,1,97.77,99.94,99.27,100.0,99.34,4040,100.0
2025-10-25 04:45:00,34.96,36.19,39.38,218.71,1,96.72,99.17,99.15,100.0,98.73,3636,100.0
2025-10-25 04:46:00,37.47,33.13,24.59,188.81,2,97.66,98.82,99.6,100.0,99.17,4676,100.0
2025-10-25 04:47:00,36.33,37.63,35.47,176.8,4,97.29,99.55,99.86,100.0,99.23,3995,100.0
2025-10-25 04:48:00,44.14,34.19,26.8,221.66,2,97.94,99.63,99.88,147.37,99.18,3047,100.0
2025-10-25 04:49:00,37.05,37.42,32.53,208.28,4,97.36,99.34,99.23,100.0,99.19,3676,100.0
2025-10-25 04:50:00,42.79,37.52,34.51,226.98,2,98.96,98.1,99.77,143.31,99.33,3697,100.0
2025-10-25 04:51:00,44.09,35.61,28.92,204.91,1,96.65,98.34,99.23,156.33,98.9,3000,100.0
2025-10-25 04:52:00,36.3,35.75,34.82,242.02,4,99.44,98.86,99.74,100.0,99.05,3658,100.0
2025-10-25 04:53:00,40.88,37.45,35.82,195.69,4,98.37,99.05,99.51,112.92,99.3,3092,100.0
2025-10-25 04:54:00,46.05,37.62,26.57,236.23,5,98.99,99.0,99.13,163.17,98.59,4524,100.0
2025-10-25 04:55:00,36.73,36.44,33.76,228.4,1,99.46,98.46,99.78,100.0,99.32,4031,100.0
2025-10-25 04:56:00,42.11,32.88,24.72,153.26,3,97.88,98.47,99.95,111.66,99.43,3976,100.0
2025-10-25 04:57:00,40.83,38.92,33.35,183.99,2,97.68,98.24,99.94,113.92,98.69,4578,100.0
2025-10-25 04:58:00,44.77,38.06,25.07,207.73,2,96.59,99.93,99.85,162.05,98.75,4116,100.0
2025-10-25 04:59:00,38.35,36.86,28.91,196.15,2,97.98,98.99,99.04,100.0,99.01,3268,100.0
2025-10-25 05:00:00,37.39,36.5,34.25,238.33,2,96.96,99.78,99.48,100.0,99.41,4878,100.0
2025-10-25 05:01:00,38.54,32.39,21.68,206.05,7,97.57,98.63,99.15,100.0,97.41,4942,100.0
2025-10-25 05:02:00,45.1,34.56,39.23,181.8,2,97.79,99.01,99.9,153.94,99.45,3635,100.0
2025-10-25 05:03:00,39.01,32.44,40.85,168.7,2,97.68,98.65,99.95,100.95,98.71,4080,100.0
2025-10-25 05:04:00,45.0,34.31,23.65,215.38,2,96.76,99.68,99.34,156.43,98.65,4601,100.0
2025-10-25 05:05:00,46.4,40.18,34.17,182.9,1,98.49,98.87,99.48,163.01,99.29,4662,100.0
2025-10-25 05:06:00,43.57,32.69,27.03,233.76,2,97.63,98.1,99.45,115.73,98.82,4430,100.0
2025-10-25 05:07:00,41.64,35.12,21.66,160.11,1,96.87,99.05,99.13,131.08,98.56,4551,100.0
2025-10-25 05:08:00,41.96,37.16,37.73,183.34,2,96.37,99.21,99.96,116.78,99.31,3940,100.0
2025-10-25 05:09:00,36.33,35.15,29.83,170.18,2,97.23,99.85,99.01,100.0,98.53,4535,100.0
2025-10-25 05:10:00,42.98,36.09,24.16,234.75,1,99.07,98.06,99.62,126.61,98.93,4608,100.0
2025-10-25 05:11:00,34.45,36.69,35.1,233.86,1,96.19,98.88,99.72,100.0,98.75,4541,100.0
2025-10-25 05:12:00,41.88,35.14,36.84,174.09,1,99.01,98.15,99.85,104.28,99.09,3667,100.0
2025-10-25 05:13:00,39.72,32.29,38.3,214.77,2,98.47,99.28,99.15,108.89,98.96,4600,100.0
2025-10-25 05:14:00,36.81,34.9,23.45,220.46,1,97.21,98.82,99.34,100.0,98.79,3162,100.0
2025-10-25 05:15:00,32.9,33.5,27.57,230.64,0,98.8,98.53,99.5,100.0,98.98,4525,100.0
2025-10-25 05:16:00,34.42,36.8,38.96,177.64,2,97.11,99.64,99.0,100.0,98.98,4441,100.0
2025-10-25 05:17:00,40.02,35.89,35.93,203.64,5,97.38,99.88,99.38,100.0,99.06,4698,100.0
2025-10-25 05:18:00,37.6,34.76,31.99,181.19,1,97.11,99.9,99.88,100.0,99.3,3887,100.0
2025-10-25 05:19:00,42.67,34.3,32.5,246.11,3,96.97,98.26,99.29,127.63,99.43,3793,100.0
2025-10-25 05:20:00,40.87,38.77,34.01,188.57,2,97.62,99.05,99.78,100.0,99.31,3540,100.0
2025-10-25 05:21:00,42.27,37.72,39.31,245.78,5,97.81,99.64,99.74,122.31,99.01,4282,100.0
2025-10-25 05:22:00,44.65,35.35,36.44,157.24,0,99.54,99.81,99.57,150.38,98.91,4193,100.0
2025-10-25 05:23:00,41.82,32.47,30.07,227.93,0,96.8,99.03,99.62,126.49,98.68,4195,100.0
2025-10-25 05:24:00,34.33,32.77,36.68,189.19,4,96.29,99.05,99.96,100.0,99.04,3819,100.0
2025-10-25 05:25:00,40.13,34.79,40.66,222.39,3,99.43,99.56,99.67,100.0,99.07,4786,100.0
2025-10-25 05:26:00,41.44,38.88,34.77,240.62,2,97.75,98.28,99.23,116.02,99.04,4598,100.0
2025-10-25 05:27:00,40.16,38.97,29.11,197.96,2,98.08,98.15,99.15,100.0,98.6,3292,100.0
2025-10-25 05:28:00,42.08,38.62,36.28,212.53,3,96.28,98.33,99.62,121.71,99.05,3771,100.0
2025-10-25 05:29:00,43.91,37.96,23.71,173.44,1,96.56,98.02,99.98,128.36,98.92,4253,100.0
2025-10-25 05:30:00,41.64,37.65,25.79,225.86,0,97.28,98.86,99.1,118.82,98.84,3270,100.0
2025-10-25 05:31:00,37.27,36.05,25.92,194.12,4,98.08,98.53,99.93,100.0,99.32,3298,100.0
2025-10-25 05:32:00,39.7,33.84,36.86,161.44,1,98.38,99.18,99.55,100.0,98.96,4856,100.0
2025-10-25 05:33:00,45.19,36.49,28.05,253.29,2,99.64,98.24,99.32,157.59,98.59,3783,100.0
2025-10-25 05:34:00,35.3,37.1,30.45,175.51,2,98.71,98.02,99.97,100.0,98.9,4335,100.0
2025-10-25 05:35:00,38.77,36.5,38.92,209.62,1,97.76,98.37,99.38,100.0,99.29,4026,100.0
2025-10-25 05:36:00,38.35,36.05,27.19,225.9,0,96.56,99.14,99.65,100.0,99.17,3403,100.0
2025-10-25 05:37:00,35.48,32.37,30.84,220.26,3,99.42,99.84,99.87,100.0,99.49,4922,100.0
2025-10-25 05:38:00,37.23,34.35,32.63,240.5,2,98.95,98.2,99.72,100.0,99.22,4354,100.0
2025-10-25 05:39:00,39.99,36.72,27.33,224.68,1,98.99,98.37,99.27,100.0,99.15,3646,100.0
2025-10-25 05:40:00,37.27,35.16,23.51,243.45,4,97.73,98.04,99.16,100.0,99.43,4854,100.0
2025-10-25 05:41:00,41.81,35.66,27.02,189.75,5,97.98,98.93,99.01,110.99,98.54,4769,100.0
2025-10-25 05:42:00,34.27,31.95,25.4,180.94,2,98.72,98.09,99.52,100.0,99.28,3645,100.0
2025-10-25 05:43:00,38.26,38.91,38.93,204.19,1,97.77,98.29,99.36,100.0,99.0,3258,100.0
2025-10-25 05:44:00,40.76,34.85,24.26,225.45,3,97.81,98.62,99.87,100.0,99.0,4096,100.0
2025-10-25 05:45:00,41.77,37.2,35.43,188.12,1,98.11,99.24,99.74,103.59,99.12,3654,100.0
2025-10-25 05:46:00,35.65,33.96,22.62,244.2,1,96.46,99.39,99.87,100.0,99.19,4321,100.0
2025-10-25 05:47:00,39.08,31.79,35.88,196.31,1,98.9,99.28,99.15,100.0,99.01,4308,100.0
2025-10-25 05:48:00,38.43,36.07,36.98,208.39,0,99.96,98.06,99.87,100.52,98.71,4550,100.0
2025-10-25 05:49:00,40.87,36.33,26.03,201.52,2,97.95,99.75,99.82,100.0,98.99,4207,100.0
2025-10-25 05:50:00,43.92,36.98,28.91,204.58,0,98.99,99.55,99.94,155.11,98.63,4091,100.0
2025-10-25 05:51:00,42.47,38.28,28.37,250.76,2,96.71,99.12,99.12,138.43,98.55,4705,100.0
2025-10-25 05:52:00,34.76,37.86,37.49,210.5,0,98.03,99.87,99.11,100.0,99.3,4322,100.0
2025-10-25 05:53:00,39.87,39.05,33.47,241.52,4,96.87,99.96,99.47,118.62,98.75,3202,100.0
2025-10-25 05:54:00,39.25,32.21,39.9,177.19,3,96.34,99.03,99.32,100.0,98.64,4117,100.0
2025-10-25 05:55:00,38.52,38.22,24.31,153.36,1,99.44,99.76,99.95,100.0,99.12,3732,100.0
2025-10-25 05:56:00,37.13,35.68,22.74,187.48,3,96.11,99.42,99.77,100.0,98.7,4009,100.0
2025-10-25 05:57:00,40.93,38.56,33.39,236.42,0,96.21,98.53,99.47,119.37,98.87,4482,100.0
2025-10-25 05:58:00,44.59,33.92,27.92,249.81,3,96.2,99.02,99.07,139.17,98.52,3091,100.0
2025-10-25 05:59:00,43.25,39.86,38.93,196.01,2,96.15,98.52,99.34,132.07,99.2,4312,100.0
2025-10-25 06:00:00,41.66,34.69,30.07,221.5,2,97.15,98.9,99.03,113.89,98.99,3120,100.0
2025-10-25 06:01:00,35.61,33.27,29.52,201.24,2,98.39,98.13,99.08,100.0,99.26,4677,100.0
2025-10-25 06:02:00,43.46,36.6,43.83,259.17,3,98.41,99.58,99.0,131.89,98.76,4596,100.0
2025-10-25 06:03:00,45.3,34.84,26.66,251.53,1,96.3,99.93,99.43,170.72,99.08,4444,100.0
2025-10-25 06:04:00,42.56,33.78,36.02,156.04,2,97.55,99.18,99.8,115.9,99.32,4295,100.0
2025-10-25 06:05:00,38.31,34.68,35.89,221.63,2,98.3,99.22,99.24,100.0,99.36,3359,100.0
2025-10-25 06:06:00,38.72,36.04,33.13,245.75,1,96.46,98.1,99.75,106.45,98.58,3569,100.0
2025-10-25 06:07:00,42.29,37.45,25.07,235.64,2,99.14,98.11,99.73,140.62,98.83,3677,100.0
2025-10-25 06:08:00,39.33,36.13,35.37,209.78,0,98.53,98.39,99.53,100.0,98.94,3835,100.0
2025-10-25 06:09:00,37.73,33.27,36.54,190.97,1,97.9,98.87,99.41,100.0,98.75,4589,100.0
2025-10-25 06:10:00,38.4,37.45,36.0,220.72,3,99.47,99.65,99.92,100.0,98.63,3660,100.0
2025-10-25 06:11:00,36.54,34.24,26.46,221.56,2,96.87,98.63,99.68,100.0,98.92,3084,100.0
2025-10-25 06:12:00,39.1,32.16,33.71,208.09,2,96.95,99.86,99.88,100.0,98.82,3019,100.0
2025-10-25 06:13:00,37.17,37.1,32.49,232.23,2,99.02,99.24,99.26,100.0,99.17,3020,100.0
2025-10-25 06:14:00,40.96,32.44,27.55,175.02,5,99.28,99.35,99.7,106.72,99.15,3474,100.0
2025-10-25 06:15:00,40.36,38.87,35.76,217.85,3,97.81,99.33,99.88,105.11,98.92,3078,100.0
2025-10-25 06:16:00,42.99,35.13,24.35,239.54,5,96.21,99.93,99.55,140.72,99.05,4522,100.0
2025-10-25 06:17:00,36.18,33.84,40.98,196.51,4,99.67,98.36,99.63,100.0,99.24,4496,100.0
2025-10-25 06:18:00,39.98,33.23,23.24,228.9,2,96.16,98.74,99.15,100.0,99.08,4609,100.0
2025-10-25 06:19:00,40.74,39.05,24.63,206.94,3,99.91,99.51,99.65,122.36,99.09,3584,100.0
2025-10-25 06:20:00,41.11,39.07,33.67,205.25,1,96.48,99.34,99.46,112.99,99.43,4565,100.0
2025-10-25 06:21:00,37.09,36.39,39.76,157.79,4,99.57,99.26,99.19,100.0,98.84,4908,100.0
2025-10-25 06:22:00,34.07,37.36,39.23,151.33,3,97.37,98.66,99.43,100.0,99.47,4056,100.0
2025-10-25 06:23:00,38.11,32.52,24.42,240.89,1,96.69,99.18,99.39,100.0,99.47,3149,100.0
2025-10-25 06:24:00,36.85,37.14,38.5,223.85,3,99.85,98.93,99.47,100.0,98.62,4470,100.0
2025-10-25 06:25:00,41.42,35.17,36.07,169.05,0,96.13,99.12,99.05,127.37,99.21,4751,100.0
2025-10-25 06:26:00,37.8,34.84,33.21,244.29,2,99.59,99.16,99.15,100.0,99.13,4779,100.0
2025-10-25 06:27:00,42.79,36.26,33.45,203.19,0,99.74,99.98,99.3,140.63,99.5,3038,100.0
2025-10-25 06:28:00,39.66,39.35,26.55,192.9,2,96.88,98.26,99.5,100.0,99.24,4747,100.0
2025-10-25 06:29:00,34.55,34.81,29.79,230.42,1,99.7,99.86,99.13,100.0,99.34,4178,100.0
2025-10-25 06:30:00,35.75,33.57,22.27,214.45,0,96.38,98.33,99.69,100.0,98.68,4873,100.0
2025-10-25 06:31:00,37.72,37.08,40.54,153.57,4,97.52,98.86,99.97,100.0,99.44,3270,100.0
2025-10-25 06:32:00,37.77,37.22,42.02,226.26,2,97.88,99.15,99.01,100.0,99.12,4308,100.0
2025-10-25 06:33:00,43.53,33.9,27.57,203.0,3,98.86,98.81,99.58,141.66,98.51,4152,100.0
2025-10-25 06:34:00,35.86,38.02,39.49,196.69,2,98.15,98.61,99.59,100.0,99.45,3609,100.0
2025-10-25 06:35:00,44.07,36.63,33.82,161.38,2,96.57,98.46,99.62,145.26,98.96,4261,100.0
2025-10-25 06:36:00,40.11,36.5,32.41,216.48,2,98.48,98.09,99.23,100.0,99.09,3420,100.0
2025-10-25 06:37:00,34.97,36.93,21.06,200.16,3,99.16,98.67,99.15,100.0,98.59,4436,100.0
2025-10-25 06:38:00,41.47,39.09,34.09,187.36,5,97.18,99.12,99.57,104.34,99.3,3674,100.0
2025-10-25 06:39:00,42.11,38.6,41.48,234.18,3,96.43,99.14,99.68,117.12,99.45,3502,100.0
2025-10-25 06:40:00,40.66,33.64,26.49,209.35,2,97.98,98.93,99.18,100.0,98.93,3419,100.0
2025-10-25 06:41:00,38.62,36.11,23.87,167.73,5,96.52,98.87,99.63,100.0,99.2,3267,100.0
2025-10-25 06:42:00,38.12,37.35,36.88,175.07,3,96.78,99.64,99.48,100.0,98.86,4428,100.0
2025-10-25 06:43:00,41.53,35.84,36.12,187.85,2,98.6,99.33,99.86,108.03,99.14,3685,100.0
2025-10-25 06:44:00,42.6,37.79,28.91,169.85,0,99.64,99.31,99.82,130.75,98.66,3607,100.0
2025-10-25 06:45:00,39.02,36.07,23.69,220.25,1,96.24,99.39,99.55,106.43,98.7,4915,100.0
2025-10-25 06:46:00,43.7,34.54,28.44,239.51,2,97.85,99.69,99.59,118.96,98.91,4399,100.0
2025-10-25 06:47:00,44.37,39.28,39.29,239.93,3,97.95,99.62,99.62,156.77,98.95,3356,100.0
2025-10-25 06:48:00,46.13,34.88,27.57,178.12,1,97.85,98.78,99.88,151.64,99.24,4950,100.0
2025-10-25 06:49:00,41.45,33.18,24.16,233.31,2,98.82,99.42,99.67,119.77,99.26,4401,100.0
2025-10-25 06:50:00,35.94,37.74,33.76,245.77,5,98.32,98.17,99.77,100.0,99.06,3387,100.0
2025-10-25 06:51:00,42.91,38.21,37.91,170.12,1,96.63,99.37,99.71,148.6,98.88,4451,100.0
2025-10-25 06:52:00,42.87,32.42,21.59,170.22,1,97.69,99.04,99.31,136.9,98.87,4322,100.0
2025-10-25 06:53:00,38.43,33.89,33.24,205.21,1,97.74,99.12,99.64,100.0,98.65,3732,100.0
2025-10-25 06:54:00,39.7,37.46,32.33,158.54,2,97.85,99.16,99.71,100.0,98.97,3815,100.0
2025-10-25 06:55:00,35.07,35.95,36.7,230.6,0,98.26,99.97,99.76,100.0,98.53,3125,100.0
2025-10-25 06:56:00,41.88,36.46,35.69,218.01,2,99.45,99.78,99.71,127.15,98.76,3626,100.0
2025-10-25 06:57:00,41.15,36.75,29.21,241.75,0,97.56,98.52,99.93,100.0,98.97,3084,100.0
2025-10-25 06:58:00,44.09,35.26,33.72,249.17,3,97.33,98.57,99.84,148.27,98.71,4710,100.0
2025-10-25 06:59:00,38.06,36.8,25.44,220.58,2,98.18,99.84,99.79,100.0,98.58,4311,100.0
2025-10-25 07:00:00,36.66,36.83,30.38,157.73,1,96.09,99.23,99.99,100.0,99.38,3252,100.0
2025-10-25 07:01:00,37.14,36.99,24.75,205.46,5,97.85,98.49,99.67,100.0,99.39,4202,100.0
2025-10-25 07:02:00,43.53,37.93,42.03,179.11,0,98.53,98.13,99.55,143.28,99.17,3675,100.0
2025-10-25 07:03:00,42.4,35.48,38.74,240.31,2,97.86,98.46,99.7,130.06,98.61,4795,100.0
2025-10-25 07:04:00,39.76,33.95,41.04,206.58,0,97.74,99.67,99.39,100.0,98.54,4558,100.0
2025-10-25 07:05:00,39.54,34.5,37.96,158.51,1,96.16,99.71,99.46,100.0,98.55,4732,100.0
2025-10-25 07:06:00,44.52,35.07,25.89,175.57,2,100.0,98.34,99.12,158.51,99.35,4099,100.0
2025-10-25 07:07:00,38.4,35.33,28.72,239.8,0,98.84,99.91,99.75,100.0,98.58,3061,100.0
2025-10-25 07:08:00,40.03,36.98,24.21,235.24,2,98.18,98.51,99.93,100.0,98.81,4901,100.0
2025-10-25 07:09:00,35.78,35.0,24.14,153.04,0,96.06,99.42,99.39,100.0,99.13,4613,100.0
2025-10-25 07:10:00,38.53,37.28,30.67,200.47,2,97.85,99.1,99.42,100.0,98.57,3708,100.0
2025-10-25 07:11:00,41.84,34.68,30.7,185.77,2,97.74,99.51,99.01,122.53,99.48,3805,100.0
2025-10-25 07:12:00,40.93,34.66,36.25,156.93,0,97.12,98.35,99.82,119.65,99.47,3133,100.0
2025-10-25 07:13:00,38.0,38.92,24.25,199.6,2,99.41,98.8,99.7,100.0,99.18,3899,100.0
2025-10-25 07:14:00,37.9,38.51,30.72,240.13,0,98.53,98.91,99.04,100.0,98.88,3426,100.0
2025-10-25 07:15:00,35.67,37.65,34.05,208.49,1,98.17,99.91,99.45,100.0,98.57,4408,100.0
2025-10-25 07:16:00,40.83,34.83,32.75,214.75,0,97.2,99.68,99.17,114.36,99.34,4249,100.0
2025-10-25 07:17:00,43.25,36.23,40.05,219.71,2,99.15,98.34,99.99,118.52,99.04,3034,100.0
2025-10-25 07:18:00,39.65,33.44,40.71,185.45,4,98.56,98.17,99.43,113.05,98.62,4410,100.0
2025-10-25 07:19:00,37.08,33.4,26.05,186.82,3,97.02,99.89,99.22,100.0,98.99,3903,100.0
2025-10-25 07:20:00,43.45,35.48,21.57,198.47,1,97.83,99.4,99.07,123.81,98.53,4113,100.0
2025-10-25 07:21:00,44.15,35.89,25.23,207.59,2,96.87,98.68,99.08,143.17,99.47,4607,100.0
2025-10-25 07:22:00,41.59,38.4,26.5,173.32,2,96.85,99.21,99.46,128.56,99.27,3471,100.0
2025-10-25 07:23:00,40.21,38.95,32.55,194.31,0,98.31,99.89,99.91,110.54,98.84,4475,100.0
2025-10-25 07:24:00,45.13,35.88,35.55,219.88,1,97.92,98.53,99.84,143.41,98.78,4352,100.0
2025-10-25 07:25:00,39.77,36.87,24.59,195.33,2,99.28,98.67,99.88,111.4,98.65,4819,100.0
2025-10-25 07:26:00,36.53,33.6,24.12,149.28,2,96.89,98.11,99.05,100.0,98.51,4729,100.0
2025-10-25 07:27:00,36.27,38.15,36.4,170.78,1,96.88,98.49,99.6,100.0,98.71,4695,100.0
2025-10-25 07:28:00,36.42,35.34,29.62,239.79,1,96.02,99.55,99.11,100.0,99.45,3722,100.0
2025-10-25 07:29:00,44.97,35.17,37.18,220.62,2,96.31,99.36,99.66,130.42,99.1,3289,100.0
2025-10-25 07:30:00,37.28,36.25,36.36,242.69,2,98.89,99.65,99.7,100.0,99.06,3439,100.0
2025-10-25 07:31:00,41.78,36.54,39.92,203.9,4,96.58,99.61,99.81,110.39,98.94,3825,100.0
2025-10-25 07:32:00,39.98,33.42,27.12,155.24,3,97.72,98.31,99.67,110.75,98.83,4023,100.0
2025-10-25 07:33:00,34.7,31.77,25.15,221.34,2,99.31,99.24,99.09,100.0,99.02,3275,100.0
2025-10-25 07:34:00,36.88,37.36,23.47,235.58,1,98.22,98.84,99.27,100.0,99.31,3234,100.0
2025-10-25 07:35:00,35.97,32.63,29.32,141.56,1,96.75,99.7,99.82,100.0,99.22,4111,100.0
2025-10-25 07:36:00,42.68,37.34,38.5,234.22,4,98.24,99.04,99.12,140.89,98.82,3420,100.0
2025-10-25 07:37:00,42.7,32.72,25.39,196.23,2,97.96,99.26,99.87,139.29,99.28,3984,100.0
2025-10-25 07:38:00,44.79,35.61,41.82,166.83,2,98.3,99.87,99.27,144.77,98.64,4089,100.0
2025-10-25 07:39:00,39.56,36.16,24.05,236.61,3,96.94,98.21,99.07,100.0,98.59,3796,100.0
2025-10-25 07:40:00,42.7,36.78,23.47,174.75,1,99.21,98.49,99.83,117.71,98.72,4883,100.0
2025-10-25 07:41:00,43.26,37.66,24.86,187.63,0,96.64,98.53,99.14,148.56,98.58,4718,100.0
2025-10-25 07:42:00,39.05,37.25,38.58,179.48,1,98.0,98.45,99.3,100.0,99.41,4646,100.0
2025-10-25 07:43:00,38.75,35.81,39.41,157.88,1,97.12,98.44,99.55,100.0,98.96,3052,100.0
2025-10-25 07:44:00,40.5,38.8,32.34,243.34,2,97.85,99.66,99.71,100.0,99.43,3893,100.0
2025-10-25 07:45:00,36.22,37.88,29.81,162.37,2,98.72,99.96,99.08,100.0,99.01,4322,100.0
2025-10-25 07:46:00,41.77,36.53,26.27,152.44,3,97.95,98.32,99.67,107.67,98.76,4429,100.0
2025-10-25 07:47:00,42.69,38.04,23.0,227.87,1,99.65,99.91,99.19,119.22,98.8,4899,100.0
2025-10-25 07:48:00,40.83,36.94,26.52,197.6,2,99.77,99.3,99.76,101.21,98.5,4904,100.0
2025-10-25 07:49:00,43.44,35.5,29.39,192.83,3,99.16,98.12,99.86,120.19,98.99,4017,100.0
2025-10-25 07:50:00,43.34,39.08,24.03,230.37,0,99.18,99.59,99.19,121.73,98.58,3480,100.0
2025-10-25 07:51:00,41.62,36.55,28.1,220.25,1,97.28,99.88,99.67,134.24,98.96,3040,100.0
2025-10-25 07:52:00,44.39,34.82,35.15,234.47,2,98.91,98.68,99.63,133.81,99.24,4392,100.0
2025-10-25 07:53:00,35.11,33.63,23.66,153.59,0,97.3,99.53,99.53,100.0,98.55,3208,100.0
2025-10-25 07:54:00,40.63,35.65,38.07,237.5,0,96.91,98.16,99.31,110.2,98.77,3379,100.0
2025-10-25 07:55:00,37.92,32.39,40.52,241.97,0,96.76,99.13,99.31,100.0,98.55,4346,100.0
2025-10-25 07:56:00,37.96,36.29,42.17,220.03,2,96.68,99.0,99.29,100.0,98.53,3547,100.0
2025-10-25 07:57:00,42.1,34.32,24.61,194.6,1,99.39,99.7,99.42,125.19,99.22,4407,100.0
2025-10-25 07:58:00,45.4,34.24,24.68,241.33,1,99.06,98.21,99.84,153.3,98.79,4235,100.0
2025-10-25 07:59:00,35.48,35.28,30.54,167.72,3,99.08,98.88,99.31,100.0,98.7,3846,100.0
2025-10-25 08:00:00,34.03,37.04,38.02,203.61,4,99.26,99.6,99.92,100.0,99.27,4092,100.0
2025-10-25 08:01:00,40.05,34.85,37.39,190.72,3,96.56,99.48,99.67,100.97,98.64,3241,100.0
2025-10-25 08:02:00,41.53,36.41,33.26,169.96,0,99.32,99.69,99.75,126.18,98.71,3217,100.0
2025-10-25 08:03:00,37.03,37.15,30.37,153.71,2,97.54,98.43,99.37,100.0,99.12,4291,100.0
2025-10-25 08:04:00,37.58,36.22,30.2,162.82,2,97.43,98.06,99.24,100.0,99.32,4504,100.0
2025-10-25 08:05:00,42.6,32.94,23.94,176.81,1,96.6,99.0,99.02,110.1,98.82,3478,100.0
2025-10-25 08:06:00,38.47,37.72,40.91,186.92,0,98.53,99.43,99.48,100.0,99.25,3832,100.0
2025-10-25 08:07:00,34.34,37.81,26.36,207.33,2,98.96,98.49,99.94,100.0,99.27,4489,100.0
2025-10-25 08:08:00,35.59,33.55,29.19,186.2,2,99.61,98.11,99.35,100.0,98.54,4295,100.0
2025-10-25 08:09:00,36.92,35.46,42.12,245.52,1,98.16,98.57,99.73,100.0,98.97,4914,100.0
2025-10-25 08:10:00,42.75,34.56,26.17,210.12,0,97.92,98.67,99.85,131.33,99.14,3653,100.0
2025-10-25 08:11:00,36.79,35.94,40.52,207.64,0,99.85,99.67,99.88,100.0,99.4,3518,100.0
2025-10-25 08:12:00,44.99,35.13,24.93,224.02,2,97.72,99.44,99.6,167.5,99.31,4145,100.0
2025-10-25 08:13:00,39.85,38.94,33.01,243.73,2,99.96,99.51,99.58,100.0,99.1,3091,100.0
2025-10-25 08:14:00,36.03,34.45,34.73,239.44,3,97.23,99.68,99.77,100.0,98.99,4283,100.0
2025-10-25 08:15:00,34.92,36.38,40.59,153.54,1,97.48,98.74,99.96,100.0,99.14,4284,100.0
2025-10-25 08:16:00,37.56,36.14,21.68,194.07,5,98.62,98.99,99.99,100.0,98.75,4925,100.0
2025-10-25 08:17:00,38.37,38.72,32.34,222.98,1,96.8,98.48,99.16,100.0,99.01,3525,100.0
2025-10-25 08:18:00,38.75,36.01,21.73,228.67,2,99.8,98.38,99.63,100.6,98.93,3670,100.0
2025-10-25 08:19:00,36.85,37.87,38.45,185.0,1,97.72,98.55,99.28,100.0,99.28,4532,100.0
2025-10-25 08:20:00,45.23,36.38,30.2,250.22,4,99.8,98.28,99.24,148.4,99.26,3179,100.0
2025-10-25 08:21:00,37.09,35.76,23.36,184.6,3,97.33,98.74,99.54,100.0,98.82,4246,100.0
2025-10-25 08:22:00,37.19,36.3,40.2,203.39,1,97.97,99.65,99.6,100.0,99.38,3370,100.0
2025-10-25 08:23:00,44.22,35.01,34.87,190.57,4,98.08,99.66,99.68,140.18,99.04,3581,100.0
2025-10-25 08:24:00,41.49,38.16,21.96,223.84,1,98.34,99.79,99.57,118.39,99.5,4795,100.0
2025-10-25 08:25:00,41.54,36.23,26.03,235.36,1,96.22,98.39,99.81,134.34,99.22,3332,100.0
2025-10-25 08:26:00,43.76,34.29,32.59,213.98,2,99.84,99.16,99.19,148.23,98.55,3330,100.0
2025-10-25 08:27:00,39.28,36.62,30.67,181.95,1,98.71,99.9,99.15,107.06,98.69,3841,100.0
2025-10-25 08:28:00,36.84,34.14,40.14,177.19,1,98.55,99.67,99.29,100.0,98.95,4369,100.0
2025-10-25 08:29:00,37.78,32.92,24.32,172.33,3,98.62,99.68,99.2,100.0,99.16,4631,100.0
2025-10-25 08:30:00,40.84,38.46,33.77,199.33,4,96.9,98.73,99.59,128.1,98.57,3377,100.0
2025-10-25 08:31:00,44.54,35.5,37.25,258.41,5,98.53,98.03,99.06,126.98,98.61,3864,100.0
2025-10-25 08:32:00,37.82,34.95,22.52,220.34,0,96.14,98.94,99.48,100.0,99.21,4017,100.0
2025-10-25 08:33:00,43.88,35.85,26.68,252.17,1,99.31,99.23,99.59,124.15,99.26,3407,100.0
2025-10-25 08:34:00,38.44,35.62,26.22,200.12,3,98.89,98.33,99.74,100.0,98.97,4770,100.0
2025-10-25 08:35:00,45.11,38.11,38.02,227.79,1,98.35,98.11,99.03,164.62,99.04,3032,100.0
2025-10-25 08:36:00,45.31,38.75,31.82,183.16,3,98.49,99.49,99.85,158.78,99.36,3563,100.0
2025-10-25 08:37:00,40.84,34.55,39.43,166.16,5,96.5,99.87,99.04,107.83,98.82,4109,100.0
2025-10-25 08:38:00,38.64,37.33,42.22,241.91,2,99.15,99.46,99.29,100.0,99.15,4051,100.0
2025-10-25 08:39:00,38.53,32.83,29.67,244.07,2,99.18,99.5,99.94,100.0,99.45,3083,100.0
2025-10-25 08:40:00,41.5,39.87,26.51,206.51,4,98.03,98.4,99.64,126.46,98.57,4198,100.0
2025-10-25 08:41:00,39.85,33.91,41.0,195.47,2,96.32,98.14,99.19,108.01,99.5,4621,100.0
2025-10-25 08:42:00,41.63,35.89,36.2,212.36,1,96.48,99.0,99.36,113.26,98.89,4422,100.0
2025-10-25 08:43:00,35.8,37.91,30.42,179.11,0,97.42,99.25,99.8,100.0,99.07,3872,100.0
2025-10-25 08:44:00,45.22,38.24,25.89,246.21,3,97.91,98.86,99.9,150.42,98.72,3457,100.0
2025-10-25 08:45:00,36.35,36.35,28.53,207.89,3,96.22,98.55,99.51,100.0,98.6,3490,100.0
2025-10-25 08:46:00,40.1,36.23,35.81,193.51,1,99.3,99.12,99.98,112.36,99.33,4565,100.0
2025-10-25 08:47:00,37.78,36.59,32.98,164.36,0,98.0,99.17,99.35,100.0,98.65,4612,100.0
2025-10-25 08:48:00,45.07,35.59,34.45,170.19,0,96.16,99.9,99.04,154.81,98.56,4429,100.0
2025-10-25 08:49:00,39.22,33.74,33.39,180.04,1,97.53,98.94,99.04,100.0,99.01,4496,100.0
2025-10-25 08:50:00,39.7,38.4,28.05,242.41,3,99.2,98.58,99.6,100.0,99.09,4577,100.0
2025-10-25 08:51:00,43.24,34.45,25.71,157.98,2,97.93,99.97,99.56,147.24,98.59,4804,100.0
2025-10-25 08:52:00,37.96,36.93,33.28,171.93,2,98.09,99.56,99.97,100.0,98.54,4438,100.0
2025-10-25 08:53:00,44.6,37.95,31.86,205.5,3,98.98,99.07,99.64,163.73,99.44,4660,100.0
2025-10-25 08:54:00,44.29,33.62,30.99,185.39,1,98.49,99.02,99.93,141.86,98.58,4778,100.0
2025-10-25 08:55:00,40.37,36.53,35.76,229.59,3,97.66,99.06,99.05,100.0,98.69,4740,100.0
2025-10-25 08:56:00,41.48,35.1,24.33,201.88,4,98.45,99.55,99.23,100.16,99.08,4491,100.0
2025-10-25 08:57:00,39.44,34.33,34.98,218.76,3,96.17,98.8,99.77,104.51,99.44,3036,100.0
2025-10-25 08:58:00,40.93,37.69,30.28,187.82,2,97.21,98.44,99.01,116.94,99.23,4583,100.0
2025-10-25 08:59:00,35.77,37.72,27.61,234.35,1,98.07,99.06,99.9,100.0,99.33,4706,100.0
2025-10-25 09:00:00,53.14,43.33,35.88,214.77,1,99.77,99.79,99.8,246.46,99.34,4350,100.0
2025-10-25 09:01:00,45.89,46.17,36.82,262.48,2,99.54,98.65,99.89,147.0,98.66,5231,100.0
2025-10-25 09:02:00,45.79,47.2,39.92,250.38,1,98.44,98.86,99.15,177.04,98.55,4086,100.0
2025-10-25 09:03:00,55.71,44.02,31.2,244.36,2,99.27,99.06,99.81,261.64,99.26,4918,100.0
2025-10-25 09:04:00,51.13,43.67,34.53,274.53,2,97.47,99.65,99.67,196.52,98.97,5850,100.0
2025-10-25 09:05:00,45.05,45.26,39.03,224.39,3,99.51,99.18,99.04,147.64,98.94,5550,100.0
2025-10-25 09:06:00,45.54,42.55,45.63,251.1,1,99.85,98.94,99.56,174.8,99.25,4755,100.0
2025-10-25 09:07:00,48.99,43.19,39.5,256.82,3,97.28,98.56,99.1,204.79,99.31,5580,100.0
2025-10-25 09:08:00,50.64,45.95,46.11,211.23,1,97.88,99.17,99.31,190.81,99.01,4118,100.0
2025-10-25 09:09:00,47.44,41.37,33.18,205.05,1,96.22,98.6,99.89,188.12,99.38,4783,100.0
2025-10-25 09:10:00,48.99,45.55,44.64,287.42,3,97.38,99.73,99.5,204.12,99.47,4575,100.0
2025-10-25 09:11:00,46.3,44.05,43.81,285.97,3,96.2,98.66,99.85,172.16,98.53,4309,100.0
2025-10-25 09:12:00,51.39,42.56,41.53,284.58,4,97.17,98.18,99.2,233.25,99.37,4692,100.0
2025-10-25 09:13:00,54.08,47.17,50.13,207.83,4,98.81,99.62,99.52,240.85,98.94,4415,100.0
2025-10-25 09:14:00,46.36,47.49,46.9,242.32,1,99.89,98.17,99.88,183.47,98.79,5623,100.0
2025-10-25 09:15:00,55.41,48.67,45.69,268.37,0,97.88,98.79,99.02,245.54,99.24,4608,100.0
2025-10-25 09:16:00,51.65,42.59,49.32,212.21,5,97.64,99.87,99.72,232.95,98.72,4136,100.0
2025-10-25 09:17:00,45.74,42.8,47.32,289.69,3,97.76,98.31,99.62,138.07,98.93,5969,100.0
2025-10-25 09:18:00,44.42,43.8,38.27,203.32,4,99.39,98.99,99.64,128.55,98.76,5304,100.0
2025-10-25 09:19:00,48.48,42.33,32.45,267.64,6,98.95,98.35,99.78,198.5,96.54,5048,100.0
2025-10-25 09:20:00,51.73,42.91,45.55,228.33,2,97.32,99.21,99.62,218.18,98.65,5290,100.0
2025-10-25 09:21:00,46.75,44.09,49.06,281.36,1,98.27,98.17,99.48,165.74,99.49,4063,100.0
2025-10-25 09:22:00,47.01,46.53,45.46,271.86,0,99.15,98.46,99.26,165.78,99.16,5130,100.0
2025-10-25 09:23:00,54.14,47.53,46.12,240.27,2,99.77,98.1,99.75,247.21,98.82,4956,100.0
2025-10-25 09:24:00,45.84,43.55,41.79,238.63,3,98.17,98.21,99.29,143.3,99.3,5399,100.0
2025-10-25 09:25:00,51.45,44.67,38.79,239.66,3,98.99,98.67,99.22,226.18,98.95,4406,100.0
2025-10-25 09:26:00,50.0,44.15,31.49,291.84,4,97.24,98.39,99.15,216.72,99.24,5872,100.0
2025-10-25 09:27:00,53.18,44.73,49.3,261.53,2,97.5,98.01,99.69,247.76,99.42,5594,100.0
2025-10-25 09:28:00,47.65,44.2,38.45,285.74,0,99.03,99.15,99.69,192.21,99.44,4020,100.0
2025-10-25 09:29:00,52.12,42.03,31.69,283.8,2,99.26,99.69,99.21,240.53,99.29,4893,100.0
2025-10-25 09:30:00,50.42,44.21,43.6,243.63,0,99.5,98.9,99.73,194.26,98.76,4730,100.0
2025-10-25 09:31:00,47.85,43.24,35.83,211.03,0,99.91,98.15,99.35,191.93,98.5,5559,100.0
2025-10-25 09:32:00,45.12,45.97,34.36,240.53,2,99.93,98.04,99.2,150.12,98.67,4497,100.0
2025-10-25 09:33:00,54.48,45.38,30.52,245.67,4,99.03,99.06,99.81,244.37,98.61,4620,100.0
2025-10-25 09:34:00,54.26,47.36,41.37,220.88,0,97.41,99.54,99.25,234.23,98.62,5418,100.0
2025-10-25 09:35:00,47.98,45.86,40.6,299.86,3,97.08,98.03,99.72,171.05,98.98,4330,100.0
2025-10-25 09:36:00,46.57,41.86,29.62,213.52,4,98.74,99.78,99.62,173.79,98.6,4714,100.0
2025-10-25 09:37:00,44.45,42.35,35.09,291.03,0,97.81,99.54,99.51,147.95,99.43,5302,100.0
2025-10-25 09:38:00,44.84,46.83,48.78,258.55,2,97.8,98.07,99.63,151.46,98.54,4415,100.0
2025-10-25 09:39:00,49.25,44.19,44.36,259.94,3,96.75,99.08,99.98,202.08,99.32,5465,100.0
2025-10-25 09:40:00,50.18,42.21,37.75,219.91,1,99.15,99.14,99.37,187.39,99.17,5677,100.0
2025-10-25 09:41:00,53.03,42.44,49.16,229.83,1,97.71,99.17,99.55,217.03,98.78,5483,100.0
2025-10-25 09:42:00,53.25,47.03,45.49,229.36,3,99.75,99.75,99.77,240.03,99.0,4236,100.0
2025-10-25 09:43:00,48.85,41.39,38.77,258.1,1,98.78,99.68,99.64,191.73,98.92,5344,100.0
2025-10-25 09:44:00,49.08,46.27,40.08,226.64,2,97.16,99.45,99.03,170.94,98.89,5898,100.0
2025-10-25 09:45:00,43.72,46.07,39.52,201.13,1,98.05,99.24,99.68,126.68,98.77,5697,100.0
2025-10-25 09:46:00,49.87,43.39,38.54,206.4,1,99.7,98.04,99.32,216.12,99.22,4024,100.0
2025-10-25 09:47:00,43.91,44.79,41.43,276.7,3,96.52,98.01,99.12,143.03,98.91,5584,100.0
2025-10-25 09:48:00,50.02,46.76,40.67,217.31,3,97.02,99.21,99.74,184.99,99.02,5124,100.0
2025-10-25 09:49:00,44.84,43.61,28.69,263.07,0,96.58,99.58,99.41,156.11,99.15,4301,100.0
2025-10-25 09:50:00,47.86,45.01,46.91,229.79,1,98.98,98.64,99.38,180.86,99.01,4551,100.0
2025-10-25 09:51:00,50.09,43.38,38.16,232.74,5,99.57,99.33,99.12,184.67,99.26,5367,100.0
2025-10-25 09:52:00,49.43,43.7,31.88,276.67,4,98.79,99.97,99.59,198.08,99.29,4047,100.0
2025-10-25 09:53:00,44.63,45.93,41.62,290.66,2,96.72,98.58,99.86,158.46,99.07,4717,100.0
2025-10-25 09:54:00,48.25,44.21,38.15,236.46,2,98.36,99.04,99.35,193.89,98.54,4539,100.0
2025-10-25 09:55:00,50.4,47.81,31.89,260.62,1,99.47,99.75,99.27,218.47,98.88,4094,100.0
2025-10-25 09:56:00,47.72,45.95,34.3,224.11,3,99.69,98.32,99.73,186.27,98.95,5128,100.0
2025-10-25 09:57:00,44.76,46.94,30.1,285.02,1,99.03,99.76,99.7,132.49,98.85,5220,100.0
2025-10-25 09:58:00,47.99,43.66,47.04,216.88,3,99.17,99.84,99.78,187.96,99.02,5535,100.0
2025-10-25 09:59:00,50.95,44.58,40.06,266.37,3,99.98,98.11,99.61,226.85,98.6,5980,100.0
2025-10-25 10:00:00,44.41,41.28,40.28,262.82,1,98.11,99.79,99.13,156.02,99.27,5362,100.0
2025-10-25 10:01:00,47.62,42.41,45.79,256.7,2,96.83,98.84,99.35,194.18,98.82,5798,100.0
2025-10-25 10:02:00,50.81,45.8,32.35,237.38,1,98.75,98.99,99.03,225.53,99.19,4105,100.0
2025-10-25 10:03:00,52.28,47.08,38.18,275.81,1,99.88,98.01,99.52,206.68,99.1,4009,100.0
2025-10-25 10:04:00,53.25,46.88,33.63,201.31,2,97.1,99.86,99.88,230.67,99.29,5490,100.0
2025-10-25 10:05:00,49.37,42.33,45.14,266.11,1,99.18,99.54,99.97,192.22,99.33,4014,100.0
2025-10-25 10:06:00,45.22,45.42,36.08,254.66,3,99.98,98.25,99.27,169.53,99.49,5115,100.0
2025-10-25 10:07:00,46.04,47.63,43.48,256.88,1,97.38,99.25,99.0,175.03,99.26,4469,100.0
2025-10-25 10:08:00,52.51,43.1,34.48,268.44,2,99.68,98.9,99.0,234.41,99.5,4104,100.0
2025-10-25 10:09:00,50.02,43.57,40.2,225.32,1,96.36,99.08,99.32,217.14,98.69,5551,100.0
2025-10-25 10:10:00,50.3,41.82,35.04,204.04,0,99.98,99.53,99.34,210.22,99.03,5835,100.0
2025-10-25 10:11:00,48.05,45.49,30.69,275.53,3,96.63,98.37,99.73,200.23,98.95,4343,100.0
2025-10-25 10:12:00,52.13,45.59,35.8,259.28,1,97.64,99.75,99.75,238.47,99.39,4494,100.0
2025-10-25 10:13:00,52.85,45.11,48.47,215.72,2,97.92,99.89,99.82,216.46,98.78,5952,100.0
2025-10-25 10:14:00,53.8,46.13,49.57,297.15,4,97.83,99.33,99.27,244.26,98.65,4838,100.0
2025-10-25 10:15:00,45.32,46.54,35.36,289.15,3,99.22,99.37,99.65,162.3,98.92,4827,100.0
2025-10-25 10:16:00,47.62,45.04,35.28,214.37,2,99.13,99.35,99.39,184.12,99.41,4431,100.0
2025-10-25 10:17:00,49.85,46.3,31.23,272.99,4,96.59,99.92,99.58,206.95,99.04,5486,100.0
2025-10-25 10:18:00,53.11,42.01,38.7,216.95,3,97.69,98.47,99.1,220.17,99.4,4967,100.0
2025-10-25 10:19:00,49.84,46.05,46.75,199.65,0,97.71,98.4,99.47,203.02,98.99,5358,100.0
2025-10-25 10:20:00,52.23,48.0,32.14,201.33,1,99.23,98.5,99.25,237.14,98.93,5315,100.0
2025-10-25 10:21:00,46.71,45.33,47.52,271.26,1,96.41,99.84,99.61,147.75,99.34,4653,100.0
2025-10-25 10:22:00,53.41,47.59,46.96,219.29,2,99.91,98.45,99.62,227.22,99.48,5049,100.0
2025-10-25 10:23:00,46.93,47.41,38.47,287.39,2,99.93,98.93,99.37,151.01,98.73,4625,100.0
2025-10-25 10:24:00,54.78,48.34,45.47,273.69,1,96.31,99.42,99.31,244.82,99.11,5901,100.0
2025-10-25 10:25:00,54.81,47.21,39.69,284.65,2,97.05,98.93,99.79,254.39,98.64,5382,100.0
2025-10-25 10:26:00,45.34,42.14,30.17,200.43,5,98.24,98.88,99.42,143.26,99.08,4522,100.0
2025-10-25 10:27:00,46.66,46.69,43.18,230.61,1,99.95,98.35,99.94,149.34,99.21,4444,100.0
2025-10-25 10:28:00,47.46,47.66,44.2,213.11,1,99.54,99.42,99.7,169.04,99.15,4345,100.0
2025-10-25 10:29:00,50.97,45.57,44.04,225.67,0,99.87,98.31,99.34,224.56,99.09,4430,100.0
2025-10-25 10:30:00,56.13,46.78,36.3,287.42,2,97.46,98.47,99.22,255.87,98.55,5696,100.0
2025-10-25 10:31:00,53.45,47.61,31.33,256.77,0,98.36,98.19,99.39,227.4,98.83,4383,100.0
2025-10-25 10:32:00,54.24,46.02,32.71,258.24,0,98.05,99.72,99.2,259.69,98.89,4436,100.0
2025-10-25 10:33:00,50.19,47.35,35.59,218.1,2,97.01,98.24,99.71,203.04,99.4,5353,100.0
2025-10-25 10:34:00,48.31,41.92,47.54,265.46,3,98.2,99.48,99.36,182.8,99.15,4553,100.0
2025-10-25 10:35:00,52.09,42.35,46.01,194.25,2,99.79,98.43,99.49,223.22,99.46,5275,100.0
2025-10-25 10:36:00,53.51,46.46,30.88,257.63,0,96.39,99.92,99.7,219.48,98.84,5358,100.0
2025-10-25 10:37:00,53.33,41.86,30.94,207.53,2,98.14,98.68,99.17,214.6,98.6,4774,100.0
2025-10-25 10:38:00,51.27,44.27,43.84,232.08,4,99.09,99.21,99.2,203.56,99.42,4389,100.0
2025-10-25 10:39:00,49.43,47.1,36.37,216.74,1,99.93,99.3,99.51,191.88,99.12,4714,100.0
2025-10-25 10:40:00,45.38,46.84,48.27,220.81,2,98.02,98.15,99.14,142.71,99.41,5898,100.0
2025-10-25 10:41:00,48.26,42.83,35.65,229.08,1,98.31,98.74,99.62,185.26,98.96,4238,100.0
2025-10-25 10:42:00,51.97,43.68,35.16,277.2,3,99.98,98.68,99.43,220.54,99.06,4040,100.0
2025-10-25 10:43:00,53.0,46.55,31.52,280.02,1,98.08,99.95,99.48,225.36,99.02,4465,100.0
2025-10-25 10:44:00,48.96,43.62,49.02,200.72,1,99.3,99.46,99.96,177.99,98.6,5179,100.0
2025-10-25 10:45:00,49.78,44.33,45.97,257.18,3,97.81,98.58,99.58,213.92,99.15,4388,100.0
2025-10-25 10:46:00,49.12,43.51,38.5,234.73,4,98.56,99.52,99.09,204.52,98.78,4763,100.0
2025-10-25 10:47:00,48.99,47.88,48.62,220.19,2,98.23,98.73,99.72,203.4,98.51,5095,100.0
2025-10-25 10:48:00,51.27,46.14,43.53,243.97,0,97.69,99.39,99.16,223.77,99.11,4663,100.0
2025-10-25 10:49:00,54.26,46.44,36.85,223.63,2,98.75,98.94,99.85,250.78,99.06,5559,100.0
2025-10-25 10:50:00,52.07,42.29,48.97,272.28,2,96.04,98.65,99.1,233.55,98.88,5239,100.0
2025-10-25 10:51:00,51.91,41.93,48.15,258.55,0,98.16,99.74,99.9,229.0,99.47,4998,100.0
2025-10-25 10:52:00,48.2,46.12,29.72,215.55,4,98.67,98.4,99.53,187.33,99.23,5813,100.0
2025-10-25 10:53:00,52.46,43.43,46.39,203.89,3,96.24,99.75,99.26,237.15,98.82,5468,100.0
2025-10-25 10:54:00,47.59,46.38,44.24,293.62,3,98.04,99.52,99.05,169.3,99.39,4213,100.0
2025-10-25 10:55:00,50.8,45.84,36.26,243.03,1,96.65,99.8,99.18,194.96,99.08,5968,100.0
2025-10-25 10:56:00,54.41,47.04,51.06,266.99,3,99.28,98.39,99.46,224.99,99.03,4147,100.0
2025-10-25 10:57:00,44.26,41.66,43.64,196.7,2,99.95,98.0,99.16,129.97,99.37,4695,100.0
2025-10-25 10:58:00,46.04,42.47,42.85,231.48,0,97.54,99.14,99.05,162.4,99.28,5128,100.0
2025-10-25 10:59:00,48.23,44.1,38.52,284.34,0,97.42,99.92,99.83,167.7,98.85,4035,100.0
2025-10-25 11:00:00,48.35,47.03,32.22,230.01,5,97.2,98.17,99.38,194.45,98.76,5656,100.0
2025-10-25 11:01:00,51.03,44.38,38.66,278.58,2,99.26,98.42,99.31,210.18,99.25,4315,100.0
2025-10-25 11:02:00,53.24,42.75,39.66,242.65,2,99.68,98.11,99.88,220.75,98.58,4638,100.0
2025-10-25 11:03:00,49.66,43.81,32.21,245.48,0,96.04,99.66,99.57,191.18,98.9,4912,100.0
2025-10-25 11:04:00,48.86,46.05,33.47,206.67,1,96.56,99.32,99.16,201.08,99.3,4567,100.0
2025-10-25 11:05:00,48.75,45.41,37.57,203.26,2,96.28,98.35,99.93,180.18,98.88,5331,100.0
2025-10-25 11:06:00,53.4,44.16,36.13,269.72,0,99.61,99.62,99.38,221.44,99.36,5912,100.0
2025-10-25 11:07:00,44.85,47.45,37.1,277.47,2,99.85,99.26,99.3,153.57,98.59,4662,100.0
2025-10-25 11:08:00,50.7,46.63,37.15,300.44,1,97.08,99.25,99.76,196.65,99.28,4672,100.0
2025-10-25 11:09:00,45.47,41.97,45.2,217.82,2,99.96,98.54,99.66,142.51,98.69,5617,100.0
2025-10-25 11:10:00,46.43,44.25,35.92,226.55,2,99.7,98.12,99.75,168.65,98.86,5876,100.0
2025-10-25 11:11:00,49.54,44.02,45.68,239.18,2,98.3,99.31,99.49,187.83,99.04,4799,100.0
2025-10-25 11:12:00,51.3,42.04,41.06,205.1,3,99.61,99.46,99.88,211.56,98.92,5185,100.0
2025-10-25 11:13:00,49.59,43.05,46.54,219.22,3,96.09,99.31,99.55,203.56,99.45,4902,100.0
2025-10-25 11:14:00,45.53,44.31,40.87,294.13,6,97.82,98.44,99.71,143.22,96.97,4049,100.0
2025-10-25 11:15:00,46.32,44.67,45.02,269.45,1,97.22,98.99,99.95,168.82,98.63,5608,100.0
2025-10-25 11:16:00,51.69,44.3,47.53,260.64,5,99.39,99.58,99.37,231.97,99.09,4743,100.0
2025-10-25 11:17:00,48.09,42.77,32.18,280.08,3,99.77,99.05,99.11,174.76,98.64,5495,100.0
2025-10-25 11:18:00,44.48,41.82,42.76,216.67,3,99.51,98.94,99.41,156.59,98.53,5036,100.0
2025-10-25 11:19:00,52.15,46.73,33.06,238.79,3,96.86,98.35,99.99,224.83,99.22,4314,100.0
2025-10-25 11:20:00,51.79,46.86,36.93,286.2,3,98.67,98.65,99.08,223.96,99.08,5860,100.0
2025-10-25 11:21:00,46.66,45.17,35.43,252.39,4,99.05,99.81,99.48,181.54,99.48,5216,100.0
2025-10-25 11:22:00,50.82,45.35,28.15,214.99,0,99.11,98.35,99.11,220.04,99.07,4306,100.0
2025-10-25 11:23:00,54.49,45.23,38.51,270.42,0,97.34,98.16,99.74,235.92,99.34,4837,100.0
2025-10-25 11:24:00,51.26,47.47,37.62,214.49,2,97.9,98.53,99.51,198.54,99.08,4874,100.0
2025-10-25 11:25:00,55.09,42.84,45.4,236.74,3,99.51,98.78,99.07,239.19,98.53,4278,100.0
2025-10-25 11:26:00,53.77,45.69,37.15,206.2,0,98.93,99.09,99.12,252.17,99.02,5674,100.0
2025-10-25 11:27:00,52.74,43.96,44.01,298.99,2,97.73,98.6,99.28,225.77,98.81,4295,100.0
2025-10-25 11:28:00,47.92,46.81,42.44,288.83,2,99.3,98.9,99.65,188.9,98.75,5952,100.0
2025-10-25 11:29:00,48.36,47.3,34.04,302.47,1,97.48,99.81,99.52,190.48,98.72,5891,100.0
2025-10-25 11:30:00,46.43,42.6,31.41,245.34,2,98.36,99.26,99.25,167.03,98.8,4313,100.0
2025-10-25 11:31:00,51.53,46.81,32.8,287.44,4,99.95,99.76,99.04,205.41,99.04,5712,100.0
2025-10-25 11:32:00,52.51,44.39,44.93,231.1,3,96.59,99.16,99.81,232.73,98.93,5605,100.0
2025-10-25 11:33:00,49.67,45.77,36.59,205.14,1,99.58,98.26,99.32,189.92,99.28,5087,100.0
2025-10-25 11:34:00,54.04,46.34,30.46,201.3,1,98.96,98.41,99.88,244.78,98.99,4224,100.0
2025-10-25 11:35:00,46.18,42.63,34.11,209.77,2,97.2,98.9,99.61,151.26,99.11,4367,100.0
2025-10-25 11:36:00,46.47,48.55,45.5,301.2,2,96.61,99.47,99.69,181.61,98.8,5258,100.0
2025-10-25 11:37:00,55.15,47.65,47.0,290.61,2,99.95,99.55,99.23,261.41,98.86,4493,100.0
2025-10-25 11:38:00,54.54,47.49,45.58,204.23,0,98.59,99.6,99.05,247.97,99.2,4327,100.0
2025-10-25 11:39:00,46.79,47.61,38.05,227.6,0,96.15,98.52,99.62,172.06,98.73,5485,100.0
2025-10-25 11:40:00,55.65,44.48,40.38,212.36,3,96.57,98.01,99.64,273.9,99.4,5881,100.0
2025-10-25 11:41:00,51.7,44.44,40.35,271.71,1,96.27,98.95,99.09,215.39,99.31,4306,100.0
2025-10-25 11:42:00,45.5,43.94,41.84,245.54,1,97.36,98.83,99.46,137.73,98.56,4168,100.0
2025-10-25 11:43:00,45.91,41.63,35.54,238.64,1,97.78,99.88,99.75,151.9,99.03,5397,100.0
2025-10-25 11:44:00,51.57,47.24,45.8,271.53,2,98.26,99.28,99.34,214.57,99.27,5437,100.0
2025-10-25 11:45:00,47.49,43.96,42.13,242.61,1,97.3,98.74,99.43,185.56,98.52,4289,100.0
2025-10-25 11:46:00,53.76,41.77,35.18,274.03,6,97.42,99.47,99.56,240.69,96.93,5688,100.0
2025-10-25 11:47:00,48.55,45.55,46.97,296.45,2,97.03,98.5,99.48,176.82,98.64,4107,100.0
2025-10-25 11:48:00,54.19,46.11,38.66,230.38,0,99.96,98.76,99.37,237.82,99.28,5316,100.0
2025-10-25 11:49:00,53.86,42.02,48.64,256.08,4,99.75,98.28,99.78,255.14,98.87,4886,100.0
2025-10-25 11:50:00,50.03,43.83,40.97,238.81,3,98.18,99.9,99.45,184.72,98.51,4816,100.0
2025-10-25 11:51:00,54.99,48.27,44.46,301.42,0,97.48,99.59,99.84,233.6,99.09,5332,100.0
2025-10-25 11:52:00,46.26,45.42,34.98,233.73,4,96.31,98.71,99.57,171.59,98.52,4389,100.0
2025-10-25 11:53:00,49.33,44.12,39.11,232.47,2,97.17,98.53,99.54,208.99,99.32,5805,100.0
2025-10-25 11:54:00,47.13,44.81,42.8,238.43,2,99.31,98.11,99.74,179.03,99.37,5689,100.0
2025-10-25 11:55:00,45.36,44.99,40.94,263.72,1,98.52,99.19,99.01,159.94,99.0,5545,100.0
2025-10-25 11:56:00,51.59,47.42,34.44,291.47,2,98.84,98.67,99.99,207.46,98.53,5635,100.0
2025-10-25 11:57:00,45.63,47.99,42.19,244.89,3,99.38,99.84,99.99,150.79,99.08,5962,100.0
2025-10-25 11:58:00,55.75,44.13,45.84,277.06,5,97.12,99.58,99.36,246.11,99.42,4681,100.0
2025-10-25 11:59:00,45.41,45.09,40.6,240.19,1,97.18,98.97,99.97,173.29,98.59,5812,100.0
2025-10-25 12:00:00,47.03,46.1,37.58,192.73,4,96.81,98.24,99.8,170.88,98.79,5849,100.0
2025-10-25 12:01:00,49.17,45.9,32.79,275.17,7,96.29,98.55,99.86,211.54,96.92,4935,100.0
2025-10-25 12:02:00,50.81,46.88,36.52,245.44,1,99.19,99.08,99.56,197.73,98.92,4689,100.0
2025-10-25 12:03:00,51.91,40.6,31.33,255.22,2,99.53,99.86,99.78,206.1,99.29,4633,100.0
2025-10-25 12:04:00,46.25,44.64,38.18,214.02,0,97.29,98.81,99.48,158.8,98.88,5926,100.0
2025-10-25 12:05:00,55.06,44.99,49.69,213.01,0,97.32,98.37,99.7,255.64,99.47,5507,100.0
2025-10-25 12:06:00,44.05,42.46,32.15,276.42,3,96.09,98.89,99.93,146.04,99.36,4087,100.0
2025-10-25 12:07:00,48.1,41.84,36.14,225.01,3,98.03,98.19,99.87,179.1,98.6,5967,100.0
2025-10-25 12:08:00,49.74,44.23,34.58,269.2,1,98.8,99.14,99.29,214.3,99.22,4604,100.0
2025-10-25 12:09:00,52.99,43.4,48.87,287.6,3,99.45,99.26,99.56,223.44,99.4,5212,100.0
2025-10-25 12:10:00,47.33,43.0,49.92,290.65,3,97.35,98.91,99.34,162.26,99.41,5517,100.0
2025-10-25 12:11:00,50.9,44.28,45.58,213.56,1,99.77,99.34,99.47,224.62,99.24,5537,100.0
2025-10-25 12:12:00,48.74,44.07,42.39,238.19,0,99.85,99.81,99.01,202.08,99.02,5010,100.0
2025-10-25 12:13:00,46.9,43.35,35.84,256.73,1,99.22,98.7,99.2,165.51,99.21,4647,100.0
2025-10-25 12:14:00,45.29,43.21,43.66,250.14,3,99.66,98.06,99.96,165.01,98.75,5970,100.0
2025-10-25 12:15:00,49.14,46.57,48.3,248.04,3,97.17,98.21,99.44,178.8,98.68,4230,100.0
2025-10-25 12:16:00,51.44,46.76,35.41,279.69,5,98.79,99.83,99.05,202.04,98.81,5585,100.0
2025-10-25 12:17:00,45.27,46.43,43.25,286.99,0,98.49,98.2,99.06,170.6,98.72,4378,100.0
2025-10-25 12:18:00,53.1,45.74,33.42,250.08,3,99.8,98.83,99.69,244.45,98.67,4965,100.0
2025-10-25 12:19:00,51.27,45.98,33.73,206.35,3,97.35,99.14,99.06,200.99,99.38,4308,100.0
2025-10-25 12:20:00,54.35,48.21,47.24,273.8,2,98.88,98.81,99.38,240.51,99.13,5804,100.0
2025-10-25 12:21:00,53.74,45.34,29.94,236.85,0,98.23,98.79,99.74,241.45,98.68,4307,100.0
2025-10-25 12:22:00,48.59,44.84,38.83,267.24,0,97.42,98.19,99.05,169.16,98.92,5388,100.0
2025-10-25 12:23:00,49.19,43.14,42.58,218.0,4,98.48,98.62,99.82,190.06,99.24,4623,100.0
2025-10-25 12:24:00,51.05,47.22,32.34,297.09,3,96.38,99.86,99.2,204.74,98.69,4522,100.0
2025-10-25 12:25:00,48.88,46.15,46.18,205.62,2,97.1,98.17,99.48,207.59,99.38,5748,100.0
2025-10-25 12:26:00,52.35,45.9,36.72,281.84,3,97.49,98.99,99.14,226.02,99.16,4005,100.0
2025-10-25 12:27:00,48.64,41.33,30.94,228.13,0,98.29,99.47,99.33,203.78,99.21,5977,100.0
2025-10-25 12:28:00,51.8,43.74,29.18,217.11,1,98.85,99.11,99.1,208.44,98.64,4159,100.0
2025-10-25 12:29:00,48.85,46.83,47.4,251.12,1,97.32,98.09,99.92,168.94,98.54,4600,100.0
2025-10-25 12:30:00,50.05,45.66,30.74,295.57,3,96.67,98.72,99.18,217.02,98.83,4799,100.0
2025-10-25 12:31:00,47.88,49.1,42.96,265.13,1,98.72,99.81,99.28,193.57,98.94,4450,100.0
2025-10-25 12:32:00,53.38,42.24,37.77,213.31,2,96.43,98.4,99.94,225.01,99.11,4577,100.0
2025-10-25 12:33:00,52.27,45.84,49.26,233.24,2,98.91,99.54,99.86,230.25,98.67,4671,100.0
2025-10-25 12:34:00,54.94,44.03,47.96,218.93,3,97.64,99.93,99.31,260.61,98.98,5210,100.0
2025-10-25 12:35:00,52.94,46.89,41.62,228.82,0,98.71,99.41,99.77,246.61,98.66,5780,100.0
2025-10-25 12:36:00,47.84,43.02,31.28,235.61,2,98.7,98.4,99.06,190.13,98.95,5954,100.0
2025-10-25 12:37:00,50.59,42.56,48.07,279.27,1,98.01,99.08,99.58,194.56,98.55,5083,100.0
2025-10-25 12:38:00,50.92,43.3,36.63,207.61,0,97.91,99.32,99.95,214.54,98.68,5814,100.0
2025-10-25 12:39:00,53.91,44.53,40.56,250.5,3,97.33,99.23,99.09,248.93,99.34,4933,100.0
2025-10-25 12:40:00,45.69,47.01,41.85,287.82,1,99.75,99.8,99.07,171.48,99.43,4906,100.0
2025-10-25 12:41:00,53.18,44.12,30.39,250.88,2,97.76,98.21,99.59,236.75,99.16,4105,100.0
2025-10-25 12:42:00,50.77,45.89,35.79,294.16,2,98.14,98.6,99.45,214.69,98.57,4406,100.0
2025-10-25 12:43:00,51.79,41.7,41.33,223.2,3,99.98,98.29,99.87,212.97,99.46,4002,100.0
2025-10-25 12:44:00,52.77,48.7,45.45,255.19,2,96.25,99.53,99.37,216.2,99.27,5735,100.0
2025-10-25 12:45:00,47.09,45.26,31.51,287.92,0,97.56,99.81,99.58,182.98,98.63,4229,100.0
2025-10-25 12:46:00,48.0,43.42,50.88,235.89,2,98.26,98.4,99.09,175.84,99.29,5938,100.0
2025-10-25 12:47:00,48.8,46.47,47.76,238.56,1,97.55,98.91,99.64,193.85,99.04,4456,100.0
2025-10-25 12:48:00,50.5,42.0,33.69,222.7,5,99.54,98.11,99.54,188.53,99.1,4094,100.0
2025-10-25 12:49:00,49.61,40.86,31.51,266.36,2,98.12,99.85,99.41,189.25,99.47,4848,100.0
2025-10-25 12:50:00,45.6,45.78,44.76,244.35,3,96.35,99.91,99.03,154.8,99.03,4282,100.0
2025-10-25 12:51:00,50.13,43.94,46.28,283.47,2,97.43,98.81,99.45,199.44,98.59,4326,100.0
2025-10-25 12:52:00,44.43,44.4,30.36,190.56,1,96.24,98.17,99.94,128.54,99.34,5553,100.0
2025-10-25 12:53:00,52.33,44.82,32.02,271.68,3,97.17,99.99,99.87,217.66,99.49,4139,100.0
2025-10-25 12:54:00,51.94,47.38,45.46,272.45,2,98.47,99.52,99.92,215.09,98.55,4253,100.0
2025-10-25 12:55:00,52.08,46.2,32.65,257.56,2,99.86,98.94,99.77,221.45,99.36,5265,100.0
2025-10-25 12:56:00,52.89,43.6,45.72,270.79,0,99.47,99.04,99.93,209.33,99.36,5540,100.0
2025-10-25 12:57:00,49.59,44.07,39.96,273.77,3,97.57,98.34,99.01,204.8,98.81,5740,100.0
2025-10-25 12:58:00,50.65,48.05,48.53,253.73,2,97.91,99.5,99.4,189.81,98.5,5745,100.0
2025-10-25 12:59:00,51.36,42.99,48.0,272.03,4,97.35,99.07,99.04,200.08,99.36,5312,100.0
2025-10-25 13:00:00,49.55,47.07,31.18,269.83,1,97.34,99.04,99.03,187.87,98.51,4543,100.0
2025-10-25 13:01:00,56.03,45.66,50.24,286.67,2,97.38,98.61,99.44,243.2,99.32,4163,100.0
2025-10-25 13:02:00,50.78,44.12,29.25,239.28,4,96.51,98.37,99.94,191.76,98.98,4152,100.0
2025-10-25 13:03:00,52.55,44.28,42.2,206.97,1,97.3,98.38,99.48,241.24,98.9,5807,100.0
2025-10-25 13:04:00,53.55,46.82,34.8,287.51,1,99.33,99.23,99.25,250.96,99.04,4047,100.0
2025-10-25 13:05:00,51.09,48.34,34.06,234.19,1,96.31,98.93,99.82,200.47,99.21,5146,100.0
2025-10-25 13:06:00,50.57,43.61,30.68,242.39,1,98.79,99.42,99.93,186.76,99.41,5348,100.0
2025-10-25 13:07:00,50.19,46.9,30.15,273.28,1,99.08,98.72,99.25,204.97,98.98,4314,100.0
2025-10-25 13:08:00,49.01,43.05,37.9,220.42,1,97.13,98.43,99.36,203.33,99.0,4847,100.0
2025-10-25 13:09:00,51.84,47.54,37.06,286.27,3,97.43,98.83,99.81,201.69,99.29,4266,100.0
2025-10-25 13:10:00,48.67,47.87,45.7,219.71,2,98.64,99.6,99.35,181.99,98.77,4373,100.0
2025-10-25 13:11:00,54.67,46.29,31.14,293.21,0,99.7,98.9,99.49,248.26,98.59,5329,100.0
2025-10-25 13:12:00,54.81,45.57,45.14,238.57,4,98.57,98.17,99.86,256.93,99.45,5556,100.0
2025-10-25 13:13:00,48.67,46.19,42.69,292.05,3,99.0,98.95,99.72,205.56,98.68,4104,100.0
2025-10-25 13:14:00,45.48,45.15,37.26,197.38,2,96.16,98.13,99.19,163.48,99.29,4687,100.0
2025-10-25 13:15:00,46.5,47.8,45.99,217.71,1,99.6,99.87,99.08,150.87,98.71,4361,100.0
2025-10-25 13:16:00,50.66,43.12,34.27,294.57,0,96.75,99.03,99.56,215.07,98.71,4788,100.0
2025-10-25 13:17:00,47.69,46.87,37.01,225.2,1,99.4,98.56,99.82,196.55,98.52,4383,100.0
2025-10-25 13:18:00,49.16,42.68,39.09,199.74,1,96.79,98.72,99.14,204.44,99.02,4620,100.0
2025-10-25 13:19:00,48.13,43.6,40.28,254.02,3,98.2,98.99,99.9,190.22,98.98,4456,100.0
2025-10-25 13:20:00,47.53,45.4,35.25,224.69,3,97.01,99.97,99.62,155.68,99.39,4564,100.0
2025-10-25 13:21:00,51.51,44.96,34.49,265.23,1,99.21,99.29,99.92,212.59,99.01,4138,100.0
2025-10-25 13:22:00,48.05,44.11,33.01,283.24,1,97.56,99.1,99.48,183.0,99.38,4058,100.0
2025-10-25 13:23:00,52.75,44.15,37.54,258.32,1,98.54,98.35,99.29,226.86,99.17,5514,100.0
2025-10-25 13:24:00,46.87,46.19,49.7,282.47,3,98.37,98.28,99.08,160.06,98.73,4091,100.0
2025-10-25 13:25:00,55.33,48.36,45.42,285.86,0,97.09,99.18,99.89,261.62,98.52,4478,100.0
2025-10-25 13:26:00,53.35,46.94,33.12,284.31,2,97.02,99.37,99.22,214.32,98.93,4086,100.0
2025-10-25 13:27:00,44.1,42.14,43.09,287.6,2,99.16,98.9,99.48,153.07,98.62,4911,100.0
2025-10-25 13:28:00,54.33,47.48,49.21,309.48,0,97.65,98.82,99.75,234.94,98.52,4149,100.0
2025-10-25 13:29:00,55.02,48.1,35.91,297.51,3,96.67,98.4,99.81,243.02,99.18,5536,100.0
2025-10-25 13:30:00,48.32,41.74,44.89,273.53,4,96.75,99.35,99.83,191.13,99.46,5946,100.0
2025-10-25 13:31:00,51.63,46.23,36.22,202.86,3,98.86,98.54,99.44,214.41,98.54,5704,100.0
2025-10-25 13:32:00,49.74,46.33,43.96,208.3,1,98.93,98.4,99.75,182.62,99.26,5028,100.0
2025-10-25 13:33:00,53.91,45.5,35.49,270.7,1,99.31,99.46,99.06,256.15,98.7,5487,100.0
2025-10-25 13:34:00,47.55,45.32,35.38,249.59,0,99.63,99.62,99.02,194.95,99.43,5318,100.0
2025-10-25 13:35:00,48.52,46.99,46.75,240.04,7,96.99,98.59,99.54,188.77,96.82,4963,100.0
2025-10-25 13:36:00,43.93,41.4,40.61,283.98,2,99.81,99.72,99.49,154.57,98.94,4914,100.0
2025-10-25 13:37:00,52.4,44.37,48.2,224.21,4,98.34,98.35,99.75,224.39,98.6,5598,100.0
2025-10-25 13:38:00,45.8,44.89,38.61,220.67,2,96.58,99.17,99.26,144.49,98.83,5273,100.0
2025-10-25 13:39:00,55.93,47.95,48.64,228.31,2,96.8,99.69,99.33,258.26,98.86,4694,100.0
2025-10-25 13:40:00,43.81,41.27,43.21,229.71,5,97.33,99.02,99.5,138.95,99.35,5428,100.0
2025-10-25 13:41:00,46.5,45.31,33.22,240.71,1,99.85,98.44,99.18,164.22,99.39,4375,100.0
2025-10-25 13:42:00,50.72,46.47,31.11,252.13,1,99.88,99.96,99.99,201.74,99.2,5745,100.0
2025-10-25 13:43:00,49.97,44.78,44.36,249.86,4,97.96,99.85,99.56,198.72,99.47,4132,100.0
2025-10-25 13:44:00,49.22,43.74,38.42,288.93,2,99.94,99.95,99.87,200.49,98.93,4253,100.0
2025-10-25 13:45:00,54.16,45.26,41.31,210.61,2,96.69,99.23,99.86,242.63,99.36,4374,100.0
2025-10-25 13:46:00,46.22,41.09,32.11,278.78,3,97.91,98.91,99.9,166.81,98.94,5038,100.0
2025-10-25 13:47:00,55.24,45.21,40.14,222.16,5,98.97,99.52,99.34,265.66,99.47,4208,100.0
2025-10-25 13:48:00,49.79,45.81,41.47,258.59,3,97.1,98.61,99.74,190.5,98.73,5967,100.0
2025-10-25 13:49:00,46.13,44.03,47.02,221.29,1,98.34,98.01,99.88,156.32,99.0,4497,100.0
2025-10-25 13:50:00,45.64,44.43,40.66,255.26,3,98.1,99.11,99.63,142.8,99.46,5144,100.0
2025-10-25 13:51:00,49.77,46.44,33.5,246.66,4,98.1,99.01,99.7,203.86,98.51,4166,100.0
2025-10-25 13:52:00,52.07,46.42,48.07,278.25,1,96.51,99.75,99.39,202.76,98.85,5737,100.0
2025-10-25 13:53:00,51.11,46.21,35.55,204.37,1,100.0,99.74,99.12,231.03,99.31,5696,100.0
2025-10-25 13:54:00,45.17,43.8,42.17,232.05,1,99.92,98.23,99.07,155.05,99.12,5048,100.0
2025-10-25 13:55:00,50.15,48.76,38.49,239.16,3,96.52,99.6,99.73,185.73,99.24,5795,100.0
2025-10-25 13:56:00,48.96,46.77,32.25,214.52,4,99.61,98.32,99.37,199.23,98.56,4969,100.0
2025-10-25 13:57:00,48.46,47.21,40.31,285.69,0,98.23,99.38,99.15,198.5,99.38,5355,100.0
2025-10-25 13:58:00,49.78,44.11,42.97,257.9,1,96.76,99.97,99.93,187.93,98.56,4649,100.0
2025-10-25 13:59:00,53.65,43.49,49.88,221.38,2,96.79,99.18,99.79,244.63,99.09,4860,100.0
2025-10-25 14:00:00,47.0,46.39,35.17,211.55,5,97.26,99.73,99.26,166.5,99.01,5612,100.0
2025-10-25 14:01:00,49.69,45.32,47.41,301.78,2,98.78,99.37,99.49,205.93,98.56,5988,100.0
2025-10-25 14:02:00,53.07,47.32,48.39,220.85,3,97.95,99.63,99.31,225.04,99.14,4138,100.0
2025-10-25 14:03:00,48.19,46.2,42.74,251.29,4,96.3,98.35,99.32,190.34,99.04,4111,100.0
2025-10-25 14:04:00,48.9,44.44,40.96,290.36,1,99.36,98.51,99.12,205.29,98.88,4835,100.0
2025-10-25 14:05:00,54.76,46.29,48.3,230.79,4,96.81,98.28,99.1,250.49,99.37,5747,100.0
2025-10-25 14:06:00,45.43,46.38,37.61,273.73,2,96.58,99.84,99.72,172.08,99.31,4458,100.0
2025-10-25 14:07:00,52.24,45.54,35.77,287.78,1,98.28,99.54,99.16,242.09,99.1,5723,100.0
2025-10-25 14:08:00,51.48,43.28,39.77,248.18,0,97.36,98.67,99.04,198.96,99.07,4644,100.0
2025-10-25 14:09:00,50.47,45.24,43.54,287.23,1,98.23,99.48,99.38,195.33,99.18,5327,100.0
2025-10-25 14:10:00,45.74,45.52,36.27,299.71,4,97.33,98.96,99.69,164.32,99.25,5240,100.0
2025-10-25 14:11:00,56.18,45.41,31.66,223.11,0,96.61,98.43,99.27,242.74,98.78,4297,100.0
2025-10-25 14:12:00,47.09,42.61,33.75,287.58,2,98.06,99.47,99.6,172.37,98.86,5261,100.0
2025-10-25 14:13:00,52.76,42.54,45.67,244.36,2,96.64,98.04,99.37,220.43,99.14,4325,100.0
2025-10-25 14:14:00,53.0,42.53,45.19,214.8,0,96.23,99.63,99.53,222.84,99.14,4754,100.0
2025-10-25 14:15:00,54.32,47.33,40.46,206.72,2,96.64,99.33,99.21,262.39,99.32,4362,100.0
2025-10-25 14:16:00,51.05,44.9,33.86,226.15,0,98.27,99.52,99.42,228.31,98.64,5781,100.0
2025-10-25 14:17:00,47.23,48.99,38.12,221.04,4,98.39,98.9,99.51,170.75,99.14,5847,100.0
2025-10-25 14:18:00,49.86,47.17,40.13,206.65,3,96.9,98.85,99.24,202.49,98.8,4336,100.0
2025-10-25 14:19:00,44.76,45.17,41.1,215.3,0,96.54,98.61,99.52,163.06,98.71,4430,100.0
2025-10-25 14:20:00,51.94,44.1,46.81,245.12,3,98.73,98.28,99.9,238.02,98.82,5125,100.0
2025-10-25 14:21:00,50.22,46.59,38.31,288.02,0,98.97,98.03,99.96,183.81,99.3,5399,100.0
2025-10-25 14:22:00,47.2,45.14,48.72,222.01,2,98.75,98.25,99.88,168.61,99.37,5469,100.0
2025-10-25 14:23:00,52.55,44.08,46.02,254.89,2,99.59,99.15,99.05,236.89,98.53,4198,100.0
