transaction_id,customer_id,timestamp,transaction_type,amount,merchant_category,device_type,location,processing_time_ms,is_fraud
TXN0000006217,CUST001141,2025-09-11 18:10:33,UPI,2263.76,Education,Web_Mobile,Delhi,1250.51,0
TXN0000008782,CUST001598,2025-08-23 17:26:34,UPI,41978.43,Fuel,ATM,Delhi,1072.2,0
TXN0000022311,CUST004059,2025-10-05 01:52:37,IMPS,72791.1,Travel,Web_Desktop,Pune,908.33,0
TXN0000010022,CUST001835,2025-09-19 04:37:34,UPI,20349.39,Retail,Mobile_iOS,Mumbai,391.9,0
TXN0000027277,CUST004976,2025-08-16 00:53:38,RTGS,1428038.37,Healthcare,Mobile_Android,Chennai,796.37,0
TXN0000018198,CUST003308,2025-10-26 21:20:36,UPI,26885.23,Fuel,Mobile_iOS,Mumbai,1589.97,0
TXN0000012843,CUST002339,2025-09-16 01:34:35,UPI,1909.92,Utilities,Mobile_iOS,Bangalore,419.97,0
TXN0000020654,CUST003748,2025-10-13 02:41:36,UPI,44694.91,Other,Web_Desktop,Mumbai,376.57,0
TXN0000013877,CUST002528,2025-08-21 18:52:35,Card_Payment,72168.14,Retail,ATM,Ahmedabad,540.51,0
TXN0000001454,CUST000260,2025-08-07 21:50:32,NEFT,280724.98,Retail,Web_Desktop,Mumbai,126.99,1
TXN0000010338,CUST001891,2025-08-11 15:31:34,IMPS,85464.2,Food,Web_Mobile,Bangalore,1730.39,0
TXN0000012377,CUST002252,2025-08-18 03:01:35,IMPS,142586.0,Food,ATM,Pune,1657.46,0
TXN0000013549,CUST002464,2025-10-24 01:09:35,UPI,24001.57,Fuel,Mobile_Android,Kolkata,1102.92,0
TXN0000008787,CUST001599,2025-09-06 01:49:34,UPI,28029.47,Food,Mobile_Android,Ahmedabad,1231.89,0
TXN0000016274,CUST002958,2025-09-05 21:42:36,IMPS,143807.1,Online_Shopping,Mobile_Android,Bangalore,1216.42,0
TXN0000024174,CUST004409,2025-10-16 17:59:37,Card_Payment,1781.42,Fuel,ATM,Kolkata,1199.6,0
TXN0000023798,CUST004338,2025-08-07 14:42:37,RTGS,1234314.23,Food,Web_Desktop,Mumbai,293.24,0
TXN0000007744,CUST001418,2025-10-30 20:48:34,NEFT,455891.75,Education,Mobile_iOS,Hyderabad,1529.76,0
TXN0000008726,CUST001591,2025-08-07 02:50:34,UPI,21803.24,Fuel,ATM,Kolkata,1844.75,0
TXN0000021086,CUST003830,2025-10-11 22:09:37,NEFT,118313.05,Online_Shopping,Mobile_iOS,Kolkata,1767.21,0
TXN0000019729,CUST003587,2025-08-10 01:46:36,UPI,45483.19,Retail,Mobile_iOS,Hyderabad,1538.27,0
TXN0000018792,CUST003410,2025-08-08 15:07:36,Card_Payment,51582.61,Online_Shopping,Mobile_iOS,Chennai,1778.86,0
TXN0000008797,CUST001600,2025-10-18 17:48:34,UPI,42729.49,Retail,Mobile_iOS,Bangalore,1484.57,0
TXN0000026555,CUST004849,2025-09-06 10:57:38,IMPS,175025.63,Entertainment,Web_Mobile,Hyderabad,725.18,0
TXN0000014101,CUST002568,2025-10-04 09:37:35,UPI,40007.48,Education,Web_Mobile,Hyderabad,1800.91,0
TXN0000009110,CUST001663,2025-10-31 22:17:34,NEFT,132465.83,Healthcare,ATM,Chennai,1806.82,0
TXN0000013730,CUST002498,2025-08-08 15:20:35,UPI,34849.38,Retail,Mobile_Android,Mumbai,1667.19,0
TXN0000001449,CUST000259,2025-09-28 18:55:32,ATM_Withdrawal,10000.0,Education,Web_Desktop,Hyderabad,699.75,0
TXN0000008674,CUST001581,2025-09-08 14:23:34,IMPS,154863.96,Food,ATM,Hyderabad,1735.17,0
TXN0000006464,CUST001187,2025-08-20 08:25:33,UPI,42754.01,Retail,Web_Mobile,Mumbai,212.94,0
TXN0000012429,CUST002262,2025-09-28 10:44:35,IMPS,187995.77,Other,Web_Mobile,Chennai,1571.98,0
TXN0000012566,CUST002287,2025-08-06 17:26:35,RTGS,352836.87,Food,Mobile_Android,Mumbai,1923.58,0
TXN0000001445,CUST000259,2025-09-28 11:00:32,UPI,22891.9,Retail,ATM,Hyderabad,1572.52,0
TXN0000026777,CUST004885,2025-10-10 13:37:38,UPI,4175.11,Entertainment,Mobile_iOS,Chennai,1332.08,0
TXN0000008138,CUST001488,2025-10-31 10:38:34,Card_Payment,51896.51,Healthcare,ATM,Delhi,1804.37,0
TXN0000020237,CUST003674,2025-08-21 03:11:36,UPI,4604.94,Fuel,ATM,Bangalore,560.36,0
TXN0000025522,CUST004644,2025-08-31 05:59:37,Card_Payment,67684.6,Entertainment,Mobile_Android,Pune,1902.27,0
TXN0000014007,CUST002552,2025-08-28 17:22:35,RTGS,1958552.65,Healthcare,Mobile_iOS,Delhi,272.5,0
TXN0000003230,CUST000587,2025-09-01 08:34:33,RTGS,892633.9,Entertainment,Web_Desktop,Delhi,1683.47,0
TXN0000001123,CUST000206,2025-08-12 15:29:32,Card_Payment,88302.28,Travel,Web_Desktop,Ahmedabad,766.03,0
TXN0000003198,CUST000581,2025-08-07 21:21:33,RTGS,374601.88,Utilities,Mobile_iOS,Mumbai,1830.03,0
TXN0000010317,CUST001888,2025-10-10 12:27:34,UPI,17793.08,Healthcare,ATM,Chennai,1437.24,0
TXN0000017013,CUST003095,2025-09-16 01:58:36,NEFT,152591.91,Retail,Web_Mobile,Bangalore,438.68,1
TXN0000024551,CUST004477,2025-08-24 13:43:37,RTGS,1465873.36,Healthcare,Web_Desktop,Mumbai,352.8,0
TXN0000018574,CUST003377,2025-10-22 13:41:36,RTGS,544051.32,Travel,Mobile_iOS,Delhi,1573.76,0
TXN0000015940,CUST002903,2025-10-25 22:18:35,Card_Payment,42987.89,Other,Web_Desktop,Ahmedabad,715.48,0
TXN0000014688,CUST002664,2025-11-02 13:20:35,UPI,27371.44,Education,ATM,Kolkata,913.59,0
TXN0000012037,CUST002198,2025-10-05 07:20:35,Card_Payment,64545.73,Other,Mobile_iOS,Pune,1498.04,0
TXN0000013370,CUST002430,2025-08-06 14:28:35,UPI,13420.74,Food,Mobile_Android,Pune,1062.38,0
TXN0000003691,CUST000665,2025-10-26 21:51:33,IMPS,167164.56,Utilities,ATM,Kolkata,493.85,0
TXN0000013838,CUST002522,2025-10-11 04:52:35,NEFT,12745.08,Utilities,ATM,Ahmedabad,837.33,0
TXN0000008052,CUST001473,2025-10-23 13:06:34,IMPS,13711.35,Retail,Mobile_Android,Pune,497.5,1
TXN0000019637,CUST003567,2025-08-26 21:50:36,NEFT,440985.11,Other,ATM,Bangalore,1775.97,0
TXN0000013596,CUST002472,2025-08-27 05:32:35,RTGS,1310929.76,Travel,Web_Desktop,Delhi,1943.88,0
TXN0000024313,CUST004434,2025-09-22 19:44:37,IMPS,94550.74,Travel,Mobile_Android,Hyderabad,1636.92,0
TXN0000011312,CUST002064,2025-10-09 02:20:34,NEFT,382286.28,Education,ATM,Mumbai,1273.49,0
TXN0000006391,CUST001175,2025-09-28 20:31:33,IMPS,157649.31,Utilities,ATM,Pune,1378.83,0
TXN0000024392,CUST004448,2025-10-26 00:04:37,IMPS,74969.17,Utilities,Web_Desktop,Delhi,143.76,1
TXN0000010005,CUST001832,2025-10-19 22:57:34,RTGS,1499105.89,Food,Web_Desktop,Chennai,926.66,0
TXN0000019876,CUST003614,2025-09-29 23:56:36,Card_Payment,70111.92,Retail,ATM,Kolkata,1970.21,0
TXN0000008959,CUST001630,2025-08-09 21:49:34,IMPS,125333.05,Fuel,Mobile_Android,Chennai,204.97,1
TXN0000015641,CUST002852,2025-09-23 18:49:35,UPI,4137.76,Education,Web_Desktop,Chennai,1676.63,0
TXN0000003452,CUST000625,2025-10-12 01:06:33,RTGS,236068.69,Healthcare,Web_Desktop,Hyderabad,1215.06,0
TXN0000021022,CUST003818,2025-08-07 11:52:37,RTGS,1816485.82,Entertainment,Mobile_iOS,Bangalore,550.1,0
TXN0000005562,CUST001025,2025-08-12 02:02:33,Card_Payment,27139.18,Other,Mobile_Android,Kolkata,812.33,0
TXN0000017367,CUST003164,2025-09-14 08:33:36,UPI,26386.43,Education,Web_Desktop,Chennai,1581.63,0
TXN0000025436,CUST004628,2025-08-10 05:07:37,IMPS,103541.46,Fuel,ATM,Delhi,714.73,0
TXN0000025179,CUST004584,2025-08-30 11:24:37,UPI,26133.38,Entertainment,Mobile_iOS,Kolkata,791.61,0
TXN0000005872,CUST001080,2025-10-17 21:35:33,Card_Payment,98928.96,Healthcare,Web_Desktop,Chennai,610.34,0
TXN0000004344,CUST000787,2025-10-10 00:29:33,UPI,13320.37,Other,ATM,Kolkata,439.44,0
TXN0000004746,CUST000866,2025-09-23 10:46:33,Card_Payment,18985.72,Entertainment,Web_Desktop,Hyderabad,690.48,0
TXN0000005706,CUST001053,2025-09-09 14:12:33,Card_Payment,12478.96,Fuel,Web_Mobile,International,416.06,0
TXN0000024785,CUST004515,2025-08-27 15:03:37,NEFT,46644.62,Education,Web_Desktop,Bangalore,1152.98,0
TXN0000019657,CUST003570,2025-09-22 18:26:36,IMPS,138824.34,Entertainment,Mobile_iOS,Hyderabad,1005.9,0
TXN0000010821,CUST001974,2025-08-08 10:54:34,RTGS,619705.27,Entertainment,Mobile_iOS,Bangalore,143.59,1
TXN0000018082,CUST003292,2025-09-10 15:36:36,NEFT,209763.11,Online_Shopping,Mobile_Android,Pune,328.95,0
TXN0000001890,CUST000348,2025-08-16 10:31:32,RTGS,544395.1,Travel,Web_Desktop,Chennai,376.97,0
TXN0000023193,CUST004225,2025-09-02 18:24:37,ATM_Withdrawal,10000.0,Other,Web_Desktop,Ahmedabad,394.63,1
TXN0000019985,CUST003630,2025-08-25 14:01:36,ATM_Withdrawal,2000.0,Education,Web_Mobile,Delhi,1689.78,0
TXN0000014262,CUST002599,2025-08-07 07:21:35,NEFT,264003.5,Fuel,Web_Desktop,Pune,1641.57,0
TXN0000007568,CUST001389,2025-09-11 21:35:34,RTGS,983308.22,Entertainment,Web_Mobile,Ahmedabad,859.66,0
TXN0000016729,CUST003047,2025-09-18 16:37:36,Card_Payment,66542.43,Online_Shopping,Mobile_Android,Pune,1438.21,0
TXN0000003980,CUST000718,2025-09-25 06:45:33,IMPS,25935.86,Travel,ATM,Pune,923.79,0
TXN0000006165,CUST001133,2025-08-07 12:23:33,NEFT,65372.66,Entertainment,Mobile_Android,Delhi,1691.15,0
TXN0000012619,CUST002299,2025-10-26 01:32:35,NEFT,206660.42,Food,Web_Desktop,Mumbai,1931.07,0
TXN0000023217,CUST004227,2025-08-22 17:09:37,NEFT,280337.86,Retail,Mobile_Android,Ahmedabad,202.73,0
TXN0000026441,CUST004825,2025-08-12 20:04:38,RTGS,611621.43,Retail,ATM,Kolkata,1911.77,0
TXN0000010126,CUST001854,2025-10-30 00:14:34,UPI,9917.67,Travel,Mobile_Android,Chennai,1096.99,0
TXN0000011960,CUST002183,2025-09-27 15:57:35,Card_Payment,77302.33,Other,Mobile_iOS,Kolkata,296.64,0
TXN0000000100,CUST000022,2025-08-08 14:42:32,IMPS,197333.08,Travel,ATM,Kolkata,741.02,0
TXN0000021413,CUST003889,2025-10-05 13:09:37,IMPS,146081.53,Entertainment,ATM,Mumbai,809.79,0
TXN0000013755,CUST002505,2025-10-28 00:33:35,IMPS,175699.48,Entertainment,Mobile_Android,Kolkata,207.93,0
TXN0000018430,CUST003350,2025-09-05 03:34:36,UPI,4602.85,Food,Web_Mobile,Mumbai,881.21,0
TXN0000027406,CUST004998,2025-08-31 11:44:38,IMPS,9274.29,Fuel,Mobile_Android,Kolkata,1377.78,0
TXN0000023199,CUST004226,2025-09-08 06:45:37,IMPS,188813.67,Online_Shopping,Web_Desktop,Ahmedabad,1166.41,0
TXN0000026467,CUST004832,2025-08-24 14:04:38,NEFT,25158.72,Healthcare,Web_Mobile,Pune,666.84,0
TXN0000015436,CUST002813,2025-09-10 06:11:35,NEFT,469123.88,Retail,Mobile_Android,Delhi,509.73,0
TXN0000001806,CUST000332,2025-09-11 12:10:32,UPI,11642.07,Food,Web_Mobile,Mumbai,637.62,0
TXN0000020898,CUST003796,2025-11-02 15:47:36,UPI,28848.0,Online_Shopping,Web_Mobile,Delhi,208.38,0
TXN0000015668,CUST002856,2025-09-11 17:39:35,UPI,31710.14,Online_Shopping,ATM,Mumbai,1924.4,0
TXN0000019699,CUST003582,2025-10-05 15:34:36,Card_Payment,1402.43,Fuel,Web_Mobile,Hyderabad,398.01,1
TXN0000015817,CUST002885,2025-09-24 12:14:35,IMPS,2001.59,Utilities,Web_Desktop,Hyderabad,770.62,0
TXN0000017465,CUST003185,2025-10-16 01:09:36,UPI,15219.22,Entertainment,Web_Mobile,International,201.22,1
TXN0000014801,CUST002686,2025-10-25 14:37:35,NEFT,216972.57,Food,Web_Mobile,Mumbai,1523.22,0
TXN0000010799,CUST001972,2025-09-28 21:34:34,IMPS,104036.07,Food,Web_Mobile,Mumbai,1129.38,0
TXN0000021374,CUST003882,2025-09-27 10:28:37,UPI,24184.61,Healthcare,Web_Mobile,Delhi,423.11,0
TXN0000015595,CUST002844,2025-10-25 02:01:35,IMPS,37528.5,Utilities,Mobile_iOS,Pune,1172.35,0
TXN0000015988,CUST002912,2025-08-16 09:40:35,UPI,21007.33,Entertainment,Mobile_iOS,Mumbai,749.28,0
TXN0000000429,CUST000086,2025-09-17 19:03:32,UPI,14061.19,Online_Shopping,Web_Desktop,Kolkata,1483.45,0
TXN0000023017,CUST004183,2025-09-21 15:25:37,UPI,46523.8,Food,Web_Desktop,Bangalore,394.54,0
TXN0000010409,CUST001903,2025-08-16 00:18:34,UPI,7091.87,Online_Shopping,Web_Desktop,Delhi,455.54,0
TXN0000020763,CUST003769,2025-10-30 00:47:36,IMPS,70951.29,Fuel,Web_Mobile,Bangalore,656.87,0
TXN0000013115,CUST002386,2025-09-06 07:21:35,UPI,11734.34,Education,Web_Mobile,Kolkata,1195.46,0
TXN0000006858,CUST001263,2025-08-11 21:02:34,IMPS,8066.12,Food,Mobile_Android,Hyderabad,759.71,0
TXN0000015667,CUST002856,2025-08-09 02:09:35,UPI,23955.2,Entertainment,Web_Mobile,Bangalore,1900.69,0
TXN0000010273,CUST001881,2025-08-22 09:03:34,UPI,7934.32,Entertainment,ATM,Kolkata,1679.53,0
TXN0000006401,CUST001177,2025-10-09 23:58:33,RTGS,1291503.52,Utilities,Web_Mobile,Mumbai,1721.04,0
TXN0000012481,CUST002271,2025-09-14 15:00:35,Card_Payment,48727.34,Other,ATM,Hyderabad,1981.93,0
TXN0000011097,CUST002026,2025-08-22 22:36:34,RTGS,1761719.69,Education,Mobile_Android,Delhi,1406.0,0
TXN0000000627,CUST000123,2025-08-28 22:00:32,IMPS,53123.04,Education,Web_Mobile,Chennai,1455.89,0
TXN0000002301,CUST000425,2025-10-13 04:38:33,IMPS,86106.54,Other,Mobile_Android,Delhi,1688.23,0
TXN0000008455,CUST001543,2025-10-06 10:54:34,NEFT,190904.14,Retail,Web_Mobile,Ahmedabad,1030.12,0
TXN0000008744,CUST001593,2025-09-21 23:46:34,UPI,18975.04,Retail,ATM,Mumbai,1410.57,0
TXN0000020231,CUST003674,2025-08-20 06:30:36,UPI,4484.34,Online_Shopping,Web_Mobile,Chennai,951.77,0
TXN0000019084,CUST003469,2025-09-27 22:20:36,NEFT,12519.85,Fuel,ATM,Mumbai,724.82,0
TXN0000014082,CUST002565,2025-10-22 13:55:35,UPI,31540.25,Online_Shopping,Web_Mobile,Pune,1867.94,0
TXN0000024360,CUST004442,2025-10-14 11:30:37,RTGS,363713.87,Other,Web_Mobile,Mumbai,212.04,0
TXN0000026278,CUST004797,2025-08-09 15:51:38,RTGS,1280225.08,Education,Mobile_Android,Delhi,936.21,0
TXN0000017595,CUST003206,2025-08-16 11:12:36,IMPS,110325.92,Other,Web_Mobile,Ahmedabad,357.06,1
TXN0000012841,CUST002339,2025-09-24 10:17:35,UPI,21668.62,Travel,Web_Desktop,Other,812.48,0
TXN0000000517,CUST000104,2025-10-05 11:26:32,RTGS,274872.92,Travel,Web_Desktop,Bangalore,1379.13,0
TXN0000024158,CUST004406,2025-09-20 14:48:37,UPI,32627.45,Food,Web_Mobile,Pune,1139.06,0
TXN0000005395,CUST000993,2025-08-29 02:52:33,IMPS,57397.59,Healthcare,Web_Desktop,Delhi,480.11,0
TXN0000008318,CUST001518,2025-08-11 01:28:34,ATM_Withdrawal,10000.0,Utilities,Web_Mobile,Hyderabad,1941.43,0
TXN0000025486,CUST004638,2025-09-18 03:14:37,UPI,12461.99,Retail,Web_Mobile,Mumbai,370.65,0
TXN0000021697,CUST003943,2025-08-10 04:17:37,UPI,38271.47,Online_Shopping,Mobile_Android,Mumbai,1813.55,0
TXN0000009321,CUST001704,2025-08-15 21:34:34,RTGS,1903356.92,Fuel,Web_Mobile,Chennai,1852.86,0
TXN0000026581,CUST004853,2025-09-09 19:38:38,UPI,19420.24,Retail,Web_Mobile,Delhi,1075.03,0
TXN0000009310,CUST001703,2025-08-30 12:33:34,ATM_Withdrawal,5000.0,Retail,Mobile_iOS,Ahmedabad,521.5,0
TXN0000001973,CUST000362,2025-09-16 22:40:32,NEFT,470435.72,Retail,Web_Mobile,Ahmedabad,579.18,0
TXN0000017898,CUST003257,2025-10-04 19:22:36,Card_Payment,29346.99,Online_Shopping,Web_Desktop,Other,828.8,0
TXN0000009646,CUST001764,2025-08-17 18:46:34,NEFT,142396.33,Fuel,Web_Mobile,Pune,587.64,0
TXN0000003754,CUST000675,2025-10-02 21:37:33,IMPS,145911.49,Utilities,Web_Mobile,Ahmedabad,347.28,0
TXN0000008478,CUST001549,2025-09-28 22:33:34,Card_Payment,24498.0,Fuel,Mobile_iOS,International,459.67,1
TXN0000000274,CUST000058,2025-08-25 01:37:32,Card_Payment,90378.61,Other,Mobile_iOS,Hyderabad,1036.75,0
TXN0000010958,CUST001998,2025-09-08 20:35:34,ATM_Withdrawal,20000.0,Education,Web_Desktop,Bangalore,289.68,0
TXN0000012755,CUST002322,2025-09-03 03:30:35,ATM_Withdrawal,10000.0,Healthcare,Web_Mobile,Mumbai,1293.21,0
TXN0000002725,CUST000495,2025-10-22 21:12:33,ATM_Withdrawal,2000.0,Healthcare,Mobile_Android,Delhi,1031.13,0
TXN0000018767,CUST003407,2025-09-16 01:58:36,NEFT,32071.68,Other,Mobile_iOS,Pune,356.33,0
TXN0000024545,CUST004477,2025-08-08 12:04:37,IMPS,6392.79,Education,Web_Mobile,Mumbai,1568.05,0
TXN0000014056,CUST002561,2025-08-28 06:36:35,UPI,15529.22,Education,Web_Mobile,Delhi,1061.89,0
TXN0000020762,CUST003769,2025-09-27 00:07:36,NEFT,265991.54,Online_Shopping,Web_Desktop,Bangalore,1964.88,0
TXN0000012126,CUST002216,2025-10-19 01:50:35,NEFT,59295.39,Food,Web_Desktop,Mumbai,597.16,0
TXN0000006975,CUST001285,2025-10-11 21:27:34,UPI,42266.28,Food,Mobile_iOS,Bangalore,641.22,0
TXN0000005408,CUST000995,2025-08-27 18:47:33,NEFT,386179.57,Healthcare,Web_Mobile,Pune,1970.2,0
TXN0000005999,CUST001104,2025-11-02 13:26:33,NEFT,62620.06,Fuel,Mobile_Android,Bangalore,1153.68,0
TXN0000005338,CUST000981,2025-08-20 17:43:33,UPI,834.43,Utilities,ATM,Pune,1973.22,0
TXN0000002241,CUST000415,2025-09-01 22:57:33,RTGS,535101.85,Online_Shopping,ATM,Ahmedabad,1317.92,0
TXN0000025890,CUST004717,2025-09-26 18:25:38,UPI,38867.54,Online_Shopping,Web_Mobile,Delhi,688.44,0
TXN0000017113,CUST003117,2025-09-25 08:31:36,NEFT,308653.95,Entertainment,Web_Desktop,Delhi,835.62,0
TXN0000006815,CUST001256,2025-10-09 03:27:34,UPI,20100.7,Retail,Mobile_Android,Pune,1693.43,0
TXN0000015312,CUST002790,2025-09-01 03:17:35,IMPS,160056.74,Healthcare,Mobile_Android,Pune,1345.71,0
TXN0000026127,CUST004767,2025-09-21 17:45:38,UPI,19584.87,Other,Web_Desktop,Chennai,451.52,0
TXN0000001685,CUST000309,2025-08-28 14:07:32,Card_Payment,76702.28,Utilities,Mobile_iOS,Hyderabad,698.26,0
TXN0000006011,CUST001106,2025-11-02 22:49:33,NEFT,459383.06,Retail,ATM,Chennai,778.12,0
TXN0000018249,CUST003315,2025-11-02 16:03:36,Card_Payment,90584.04,Fuel,Mobile_Android,Delhi,1995.66,0
TXN0000013488,CUST002452,2025-09-01 14:14:35,UPI,37531.93,Retail,ATM,Hyderabad,1045.21,0
TXN0000016208,CUST002945,2025-10-09 16:56:35,Card_Payment,29648.19,Food,Web_Mobile,Ahmedabad,582.13,0
TXN0000007709,CUST001411,2025-10-31 06:10:34,NEFT,353406.18,Online_Shopping,ATM,Kolkata,1479.55,0
TXN0000020750,CUST003765,2025-09-01 16:54:36,IMPS,187524.48,Healthcare,Web_Desktop,Mumbai,955.75,0
TXN0000003698,CUST000665,2025-08-16 11:05:33,IMPS,99403.95,Food,Web_Desktop,Kolkata,1037.68,0
TXN0000002716,CUST000494,2025-10-20 02:09:33,IMPS,143686.49,Education,Mobile_Android,Delhi,1859.97,0
TXN0000009971,CUST001826,2025-10-28 17:26:34,UPI,41296.98,Travel,ATM,Chennai,1522.53,0
TXN0000003266,CUST000592,2025-10-02 16:01:33,IMPS,121191.51,Travel,Mobile_Android,Chennai,953.19,0
TXN0000007628,CUST001397,2025-09-19 07:15:34,NEFT,140632.61,Education,Mobile_Android,Kolkata,1729.15,0
TXN0000024746,CUST004510,2025-09-09 20:54:37,UPI,17676.14,Food,Web_Desktop,Hyderabad,1483.97,0
TXN0000024415,CUST004452,2025-08-28 00:46:37,ATM_Withdrawal,20000.0,Entertainment,Web_Mobile,Pune,1391.33,0
TXN0000014282,CUST002601,2025-09-03 05:49:35,UPI,29570.91,Travel,Mobile_iOS,Kolkata,1131.93,0
TXN0000005450,CUST001004,2025-09-01 09:53:33,IMPS,40309.19,Retail,Mobile_Android,Pune,810.91,0
TXN0000025789,CUST004694,2025-10-29 19:56:38,NEFT,187876.13,Fuel,Web_Desktop,Chennai,234.24,0
TXN0000024147,CUST004404,2025-08-20 07:47:37,RTGS,833762.05,Online_Shopping,Web_Mobile,Pune,1963.54,0
TXN0000013244,CUST002408,2025-09-28 21:26:35,NEFT,306325.74,Education,Mobile_Android,Kolkata,354.43,0
TXN0000023130,CUST004209,2025-09-19 00:00:37,Card_Payment,56113.8,Online_Shopping,Web_Desktop,Mumbai,1487.7,0
TXN0000010736,CUST001961,2025-08-27 07:43:34,IMPS,51832.63,Other,Mobile_iOS,Delhi,1434.18,0
TXN0000020435,CUST003708,2025-10-26 20:47:36,UPI,36968.67,Travel,Mobile_Android,Delhi,1034.27,0
TXN0000016138,CUST002934,2025-08-09 13:14:35,IMPS,120371.41,Travel,Mobile_iOS,Hyderabad,572.77,0
TXN0000022390,CUST004074,2025-08-07 14:17:37,UPI,29731.17,Other,Web_Mobile,Ahmedabad,1133.24,0
TXN0000017231,CUST003138,2025-08-08 03:24:36,RTGS,1064213.16,Travel,Mobile_Android,Mumbai,1699.14,0
TXN0000019495,CUST003542,2025-08-27 02:50:36,NEFT,392298.7,Fuel,Mobile_iOS,Hyderabad,1951.0,0
TXN0000014818,CUST002692,2025-08-31 19:03:35,IMPS,55256.33,Utilities,Web_Desktop,Bangalore,946.4,0
TXN0000005972,CUST001096,2025-09-03 19:37:33,IMPS,97040.33,Food,Web_Mobile,Bangalore,314.08,0
TXN0000002885,CUST000524,2025-10-08 21:59:33,UPI,11091.81,Utilities,Mobile_Android,Delhi,1156.62,0
TXN0000001367,CUST000243,2025-09-06 14:16:32,UPI,38266.14,Fuel,Web_Mobile,Mumbai,538.14,0
TXN0000006532,CUST001202,2025-10-30 01:23:33,IMPS,88228.57,Food,Web_Desktop,Chennai,1945.29,0
TXN0000024594,CUST004485,2025-10-15 22:04:37,RTGS,1676802.26,Food,ATM,Ahmedabad,209.29,1
TXN0000004878,CUST000890,2025-09-18 06:18:33,UPI,45709.2,Travel,ATM,Other,913.2,0
TXN0000014145,CUST002576,2025-09-28 12:05:35,ATM_Withdrawal,20000.0,Food,Web_Mobile,Ahmedabad,434.76,0
TXN0000005845,CUST001075,2025-10-14 05:23:33,IMPS,64649.99,Entertainment,Web_Mobile,Chennai,1003.89,0
TXN0000016430,CUST002990,2025-10-25 01:45:36,NEFT,470656.32,Entertainment,Mobile_Android,Mumbai,1572.09,0
TXN0000000734,CUST000141,2025-11-02 00:28:32,NEFT,92498.73,Retail,Mobile_Android,Bangalore,1505.67,0
TXN0000023970,CUST004375,2025-08-31 13:29:37,RTGS,492700.18,Online_Shopping,ATM,Mumbai,1552.72,0
TXN0000006605,CUST001216,2025-08-27 10:51:33,NEFT,147305.79,Online_Shopping,Mobile_Android,Kolkata,1868.07,0
TXN0000007389,CUST001358,2025-09-25 12:42:34,Card_Payment,40530.69,Food,Mobile_Android,Chennai,1106.91,0
TXN0000021233,CUST003856,2025-09-10 11:23:37,IMPS,58901.32,Food,Web_Desktop,Bangalore,1874.21,0
TXN0000016794,CUST003059,2025-10-17 04:07:36,RTGS,1222008.71,Online_Shopping,Web_Desktop,Hyderabad,1157.49,0
TXN0000023995,CUST004379,2025-10-13 02:00:37,UPI,25046.65,Food,Mobile_iOS,Ahmedabad,1493.91,0
TXN0000002981,CUST000542,2025-09-10 06:51:33,UPI,47628.6,Education,Web_Desktop,Delhi,427.22,0
TXN0000027030,CUST004933,2025-10-23 22:27:38,Card_Payment,41373.19,Utilities,Web_Desktop,Hyderabad,1404.62,0
TXN0000007256,CUST001338,2025-10-26 16:27:34,Card_Payment,11880.25,Food,ATM,Chennai,542.32,0
TXN0000018663,CUST003391,2025-08-15 14:00:36,UPI,21182.07,Retail,ATM,Mumbai,1237.61,0
TXN0000008923,CUST001623,2025-10-31 03:42:34,UPI,27532.42,Retail,Web_Desktop,Kolkata,247.26,0
TXN0000019413,CUST003529,2025-09-16 13:50:36,ATM_Withdrawal,5000.0,Travel,Web_Mobile,Bangalore,293.97,1
TXN0000013632,CUST002481,2025-09-19 02:21:35,UPI,40356.94,Retail,Mobile_Android,Delhi,1706.18,0
TXN0000012153,CUST002220,2025-08-15 03:57:35,IMPS,8987.59,Other,Mobile_Android,Kolkata,422.53,1
TXN0000024221,CUST004420,2025-08-21 13:14:37,IMPS,161786.02,Online_Shopping,ATM,Bangalore,427.67,0
TXN0000020723,CUST003759,2025-09-28 20:37:36,UPI,36924.47,Education,Mobile_iOS,Kolkata,1324.83,0
TXN0000015681,CUST002858,2025-10-04 15:34:35,UPI,45615.46,Travel,ATM,Chennai,1683.68,0
TXN0000002497,CUST000459,2025-09-10 08:03:33,NEFT,346683.27,Fuel,Web_Desktop,Bangalore,1277.03,0
TXN0000027169,CUST004957,2025-10-17 00:46:38,RTGS,955857.27,Food,Web_Mobile,Mumbai,1358.96,0
TXN0000017035,CUST003101,2025-10-20 12:58:36,NEFT,303591.37,Food,Web_Mobile,Bangalore,1474.28,0
TXN0000003422,CUST000619,2025-10-23 20:21:33,IMPS,95335.19,Online_Shopping,ATM,Kolkata,735.46,0
TXN0000005688,CUST001049,2025-08-28 00:51:33,NEFT,407466.23,Retail,Mobile_Android,Bangalore,691.62,0
TXN0000002394,CUST000440,2025-10-24 19:28:33,Card_Payment,93625.58,Entertainment,Mobile_Android,Hyderabad,1839.08,0
TXN0000014921,CUST002710,2025-09-26 13:14:35,NEFT,474818.35,Online_Shopping,ATM,Delhi,369.6,0
TXN0000005648,CUST001043,2025-08-14 07:31:33,IMPS,162446.7,Food,Web_Desktop,International,287.13,0
TXN0000014728,CUST002671,2025-08-05 08:03:35,NEFT,208437.53,Healthcare,Mobile_iOS,Bangalore,1412.36,0
TXN0000015818,CUST002885,2025-09-09 19:36:35,UPI,35795.48,Travel,Mobile_Android,Delhi,1522.82,0
TXN0000006577,CUST001210,2025-10-03 12:40:33,IMPS,2227.74,Retail,ATM,Kolkata,663.44,0
TXN0000018509,CUST003366,2025-10-19 07:42:36,UPI,23836.05,Food,Mobile_iOS,Bangalore,1458.74,0
TXN0000020745,CUST003765,2025-10-01 20:34:36,UPI,2395.16,Travel,Mobile_iOS,Hyderabad,1722.9,0
TXN0000009937,CUST001819,2025-10-02 18:52:34,UPI,21436.87,Travel,Mobile_iOS,Bangalore,1617.52,0
TXN0000020843,CUST003787,2025-10-19 02:22:36,IMPS,47509.08,Online_Shopping,Web_Mobile,Hyderabad,546.19,0
TXN0000014361,CUST002614,2025-09-13 05:35:35,UPI,17877.0,Travel,ATM,Chennai,533.43,0
TXN0000024362,CUST004442,2025-10-02 05:50:37,IMPS,32884.97,Online_Shopping,Mobile_Android,Delhi,1524.11,0
TXN0000020676,CUST003751,2025-11-01 00:52:36,UPI,21320.3,Utilities,ATM,Bangalore,239.46,0
TXN0000008166,CUST001491,2025-08-05 18:23:34,Card_Payment,84777.98,Food,ATM,Hyderabad,1766.14,0
TXN0000005305,CUST000973,2025-10-02 01:24:33,Card_Payment,6667.74,Healthcare,Web_Desktop,Chennai,1916.55,0
TXN0000013992,CUST002548,2025-09-25 18:23:35,Card_Payment,80526.03,Food,Mobile_iOS,Mumbai,736.97,0
TXN0000011265,CUST002057,2025-10-28 10:00:34,IMPS,114243.75,Online_Shopping,ATM,Mumbai,1750.33,0
TXN0000000007,CUST000002,2025-09-08 09:21:32,UPI,25584.27,Other,ATM,Chennai,318.04,0
TXN0000015284,CUST002784,2025-10-26 16:34:35,UPI,24134.54,Online_Shopping,ATM,Mumbai,1614.88,0
TXN0000014654,CUST002659,2025-08-31 21:48:35,Card_Payment,37898.05,Food,Mobile_iOS,Ahmedabad,753.52,0
TXN0000022059,CUST004015,2025-09-26 12:59:37,NEFT,102404.25,Healthcare,Web_Mobile,Hyderabad,1668.46,0
TXN0000020458,CUST003711,2025-09-11 14:00:36,UPI,30983.46,Fuel,ATM,Pune,1952.62,0
TXN0000019835,CUST003605,2025-09-04 08:11:36,Card_Payment,50685.36,Education,Mobile_Android,Hyderabad,1537.3,0
TXN0000006634,CUST001223,2025-08-29 20:06:33,IMPS,159106.27,Travel,Mobile_iOS,Delhi,989.72,0
TXN0000007101,CUST001313,2025-10-05 07:18:34,NEFT,491913.99,Travel,Web_Mobile,Pune,969.43,0
TXN0000007924,CUST001450,2025-10-29 14:24:34,UPI,37282.02,Healthcare,Mobile_iOS,Hyderabad,1197.82,0
TXN0000005674,CUST001047,2025-08-24 18:58:33,NEFT,396576.92,Healthcare,Web_Mobile,Chennai,604.3,0
TXN0000002702,CUST000492,2025-10-01 03:51:33,UPI,17383.14,Online_Shopping,Web_Mobile,Kolkata,868.67,0
TXN0000020073,CUST003647,2025-10-20 04:00:36,IMPS,149746.98,Retail,Mobile_Android,Mumbai,1607.37,0
TXN0000003844,CUST000692,2025-08-18 02:36:33,IMPS,82186.15,Travel,Web_Mobile,Kolkata,787.75,0
TXN0000025703,CUST004679,2025-10-16 06:47:37,RTGS,1588987.72,Utilities,Mobile_iOS,Kolkata,1865.75,0
TXN0000027293,CUST004980,2025-10-28 05:31:38,RTGS,1315746.19,Retail,Web_Mobile,Kolkata,963.11,0
TXN0000011779,CUST002149,2025-08-10 10:45:35,UPI,17066.56,Fuel,Mobile_iOS,Pune,1949.84,0
TXN0000020704,CUST003756,2025-08-22 23:50:36,IMPS,104434.6,Fuel,Mobile_Android,Ahmedabad,596.09,0
TXN0000024054,CUST004391,2025-09-17 17:50:37,UPI,47722.92,Healthcare,Web_Mobile,Pune,939.48,0
TXN0000004169,CUST000754,2025-10-12 04:05:33,UPI,21963.4,Travel,Mobile_Android,Mumbai,1995.09,0
TXN0000026287,CUST004798,2025-10-15 00:17:38,ATM_Withdrawal,5000.0,Online_Shopping,Mobile_Android,Pune,382.36,0
TXN0000026815,CUST004892,2025-08-29 16:01:38,NEFT,225618.3,Travel,Web_Mobile,Mumbai,1391.48,0
TXN0000017157,CUST003125,2025-08-21 08:01:36,IMPS,94143.77,Healthcare,Web_Mobile,Kolkata,400.44,0
TXN0000004603,CUST000839,2025-08-28 04:07:33,IMPS,134338.16,Utilities,ATM,Mumbai,533.77,0
TXN0000025840,CUST004706,2025-10-30 02:06:38,UPI,19422.07,Utilities,Web_Desktop,International,1112.71,0
TXN0000017211,CUST003135,2025-09-08 11:28:36,IMPS,121180.29,Education,Mobile_iOS,Ahmedabad,1142.46,0
TXN0000026955,CUST004919,2025-08-05 16:02:38,IMPS,33166.57,Entertainment,Web_Desktop,Mumbai,632.14,0
TXN0000011932,CUST002179,2025-10-07 12:15:35,RTGS,568318.18,Retail,Mobile_iOS,Mumbai,839.18,0
TXN0000026297,CUST004799,2025-10-23 12:43:38,UPI,11142.23,Retail,Mobile_iOS,Bangalore,1895.31,0
TXN0000014281,CUST002601,2025-09-26 03:50:35,ATM_Withdrawal,2000.0,Retail,Mobile_Android,Kolkata,446.54,0
TXN0000007503,CUST001377,2025-09-25 23:08:34,UPI,9770.14,Other,Mobile_Android,Pune,1108.11,0
TXN0000005222,CUST000955,2025-08-09 07:40:33,UPI,5992.31,Retail,ATM,Chennai,913.06,0
TXN0000003231,CUST000587,2025-09-29 21:03:33,UPI,13974.53,Fuel,Mobile_iOS,Delhi,1003.53,0
TXN0000005664,CUST001045,2025-10-31 19:16:33,IMPS,198918.83,Healthcare,Web_Desktop,Delhi,149.68,1
TXN0000020382,CUST003700,2025-10-14 07:29:36,ATM_Withdrawal,20000.0,Online_Shopping,Mobile_Android,Pune,436.45,0
TXN0000010510,CUST001922,2025-09-27 01:55:34,IMPS,57107.86,Healthcare,Web_Desktop,Bangalore,451.6,1
TXN0000008252,CUST001507,2025-10-12 03:29:34,UPI,42770.87,Food,Web_Mobile,Chennai,687.02,0
TXN0000013675,CUST002488,2025-10-21 09:31:35,NEFT,221449.86,Healthcare,ATM,Pune,813.15,0
TXN0000013689,CUST002490,2025-09-15 18:53:35,UPI,18762.49,Other,ATM,Ahmedabad,789.73,0
TXN0000001471,CUST000263,2025-09-22 00:04:32,UPI,11188.44,Entertainment,Mobile_Android,Bangalore,1538.72,0
TXN0000019198,CUST003488,2025-10-12 15:32:36,ATM_Withdrawal,20000.0,Travel,Web_Desktop,Pune,787.63,0
TXN0000018911,CUST003435,2025-09-19 19:50:36,Card_Payment,8182.16,Retail,Mobile_Android,Ahmedabad,1984.7,0
TXN0000018315,CUST003329,2025-08-06 22:55:36,Card_Payment,15506.98,Utilities,Mobile_iOS,Bangalore,735.57,0
TXN0000002363,CUST000436,2025-10-16 19:41:33,NEFT,215753.56,Online_Shopping,Mobile_iOS,Ahmedabad,798.23,0
TXN0000013794,CUST002514,2025-11-02 06:23:35,IMPS,180025.26,Retail,Web_Desktop,Chennai,1017.71,0
TXN0000022024,CUST004009,2025-08-14 06:28:37,IMPS,117845.84,Fuel,ATM,Bangalore,337.02,0
TXN0000004690,CUST000857,2025-10-25 19:36:33,IMPS,61841.03,Other,Mobile_iOS,Pune,402.71,0
TXN0000024488,CUST004465,2025-09-27 14:37:37,NEFT,18984.99,Other,Mobile_iOS,Bangalore,1221.83,0
TXN0000013631,CUST002481,2025-08-17 00:29:35,NEFT,370670.76,Fuel,Mobile_iOS,Delhi,904.48,0
TXN0000008758,CUST001594,2025-09-15 11:10:34,UPI,1633.18,Utilities,Web_Mobile,Kolkata,295.78,0
TXN0000008105,CUST001482,2025-09-05 05:18:34,UPI,46652.01,Education,Mobile_Android,Chennai,525.32,0
TXN0000007901,CUST001447,2025-10-23 11:40:34,RTGS,635601.8,Retail,Web_Desktop,Delhi,1324.99,0
TXN0000010145,CUST001858,2025-09-15 14:28:34,RTGS,1100581.1,Online_Shopping,Web_Desktop,Mumbai,457.93,0
TXN0000013353,CUST002428,2025-08-06 04:14:35,UPI,17960.64,Entertainment,Web_Desktop,Chennai,483.8,0
TXN0000021012,CUST003816,2025-10-06 13:28:37,UPI,20365.74,Travel,Web_Mobile,Hyderabad,1726.16,0
TXN0000023530,CUST004288,2025-10-13 07:50:37,UPI,42123.87,Fuel,Web_Desktop,Kolkata,1280.18,0
TXN0000004388,CUST000795,2025-08-05 21:14:33,NEFT,483659.08,Online_Shopping,Web_Mobile,Kolkata,876.65,0
TXN0000002251,CUST000417,2025-09-19 18:03:33,Card_Payment,62416.28,Utilities,Web_Mobile,Hyderabad,826.97,0
TXN0000008874,CUST001614,2025-09-11 07:14:34,UPI,2680.18,Fuel,Web_Mobile,Bangalore,737.91,0
TXN0000013218,CUST002404,2025-09-12 12:39:35,RTGS,1191285.02,Online_Shopping,Web_Desktop,Bangalore,1203.86,0
TXN0000011317,CUST002066,2025-09-09 17:16:34,UPI,42574.6,Healthcare,ATM,Chennai,343.13,0
TXN0000027349,CUST004989,2025-10-12 18:22:38,UPI,33780.97,Other,Mobile_Android,Hyderabad,1146.2,0
TXN0000012018,CUST002193,2025-09-22 05:14:35,Card_Payment,2535.81,Healthcare,Web_Mobile,Mumbai,899.29,0
TXN0000015678,CUST002857,2025-08-31 19:12:35,IMPS,102072.31,Fuel,Mobile_Android,Delhi,1397.71,0
TXN0000007835,CUST001436,2025-08-20 03:12:34,UPI,43506.45,Other,ATM,Pune,1446.75,0
TXN0000019508,CUST003544,2025-10-18 20:10:36,NEFT,249566.38,Retail,Web_Mobile,Chennai,1574.18,0
TXN0000007648,CUST001401,2025-08-06 15:28:34,UPI,38006.02,Retail,Mobile_iOS,Pune,1036.92,0
TXN0000003877,CUST000700,2025-10-21 08:25:33,NEFT,155605.44,Healthcare,ATM,Mumbai,743.86,0
TXN0000007326,CUST001348,2025-09-21 04:17:34,Card_Payment,28846.9,Entertainment,Web_Desktop,Hyderabad,1235.05,0
TXN0000002282,CUST000423,2025-09-14 03:18:33,NEFT,346432.38,Travel,Mobile_iOS,Kolkata,970.08,0
TXN0000019311,CUST003509,2025-09-14 06:12:36,Card_Payment,81857.82,Utilities,Web_Desktop,Mumbai,243.13,0
TXN0000014055,CUST002561,2025-10-03 22:52:35,NEFT,436505.46,Other,Web_Mobile,International,317.02,0
TXN0000005709,CUST001053,2025-08-14 07:29:33,UPI,30676.58,Other,Web_Desktop,Kolkata,905.91,0
TXN0000014054,CUST002561,2025-10-10 06:35:35,NEFT,478618.47,Healthcare,Web_Mobile,Delhi,534.61,0
TXN0000008311,CUST001517,2025-08-16 07:50:34,NEFT,156241.27,Education,Mobile_Android,Pune,219.91,0
TXN0000025412,CUST004625,2025-09-27 18:29:37,NEFT,327095.37,Utilities,ATM,Delhi,1850.18,0
TXN0000022561,CUST004106,2025-08-17 07:49:37,NEFT,374772.25,Food,Mobile_Android,Mumbai,402.75,0
TXN0000005392,CUST000993,2025-10-01 19:18:33,RTGS,764642.38,Fuel,Mobile_Android,Delhi,1566.2,0
TXN0000015777,CUST002880,2025-10-28 17:08:35,NEFT,416415.44,Retail,Mobile_Android,Bangalore,1200.15,0
TXN0000002755,CUST000501,2025-09-17 00:27:33,UPI,16270.12,Fuel,Web_Mobile,Hyderabad,207.61,0
TXN0000003269,CUST000592,2025-10-31 06:43:33,Card_Payment,93917.14,Travel,Web_Mobile,Chennai,1094.84,0
TXN0000016642,CUST003027,2025-08-17 20:49:36,Card_Payment,44905.31,Retail,ATM,Kolkata,1949.45,0
TXN0000020953,CUST003806,2025-09-05 04:53:36,NEFT,432256.84,Online_Shopping,Web_Mobile,Mumbai,1623.98,0
TXN0000000251,CUST000053,2025-10-04 12:56:32,IMPS,159550.6,Education,ATM,Delhi,315.05,0
TXN0000008095,CUST001480,2025-08-05 08:58:34,UPI,26647.54,Other,ATM,Ahmedabad,1681.64,0
TXN0000020204,CUST003670,2025-09-12 05:44:36,NEFT,296526.54,Utilities,Mobile_iOS,Pune,475.24,0
TXN0000020409,CUST003704,2025-10-18 13:28:36,NEFT,158253.83,Travel,ATM,Bangalore,1208.33,0
TXN0000011143,CUST002036,2025-08-28 09:47:34,RTGS,1251381.28,Education,Mobile_Android,Chennai,1042.54,0
TXN0000017713,CUST003228,2025-10-26 13:32:36,UPI,44095.66,Healthcare,ATM,Delhi,1497.94,0
TXN0000017497,CUST003191,2025-09-28 14:21:36,UPI,7577.43,Fuel,Web_Desktop,Kolkata,747.29,0
TXN0000022405,CUST004077,2025-08-27 16:44:37,Card_Payment,55061.47,Education,Web_Desktop,Mumbai,221.47,1
TXN0000014658,CUST002660,2025-10-27 04:06:35,UPI,22355.65,Online_Shopping,Mobile_iOS,Kolkata,936.83,0
TXN0000013439,CUST002443,2025-08-18 16:46:35,RTGS,640301.28,Retail,Web_Desktop,Chennai,1844.95,0
TXN0000010036,CUST001837,2025-09-29 14:53:34,IMPS,134052.19,Food,Mobile_Android,Ahmedabad,1449.53,0
TXN0000020724,CUST003759,2025-11-02 23:02:36,IMPS,93032.52,Healthcare,Web_Desktop,Kolkata,525.58,0
TXN0000003109,CUST000567,2025-10-07 03:00:33,IMPS,154617.53,Online_Shopping,Web_Mobile,Bangalore,981.26,0
TXN0000024325,CUST004435,2025-10-30 16:43:37,IMPS,36748.01,Online_Shopping,Mobile_iOS,Ahmedabad,1876.65,0
TXN0000022711,CUST004131,2025-10-13 18:25:37,RTGS,610299.97,Travel,ATM,Kolkata,1433.46,0
TXN0000010667,CUST001949,2025-09-10 11:45:34,Card_Payment,26685.25,Healthcare,ATM,Chennai,1076.49,0
TXN0000024858,CUST004528,2025-08-26 16:39:37,UPI,37150.07,Food,Web_Mobile,Hyderabad,1116.53,0
TXN0000003015,CUST000549,2025-09-13 06:46:33,UPI,6543.69,Healthcare,Mobile_iOS,Chennai,1012.47,0
TXN0000001088,CUST000200,2025-08-19 03:15:32,UPI,10268.3,Utilities,ATM,Bangalore,857.87,0
TXN0000023058,CUST004191,2025-08-17 02:47:37,UPI,15419.55,Food,ATM,Kolkata,1284.27,0
TXN0000021841,CUST003975,2025-10-01 10:51:37,UPI,2401.02,Retail,Web_Desktop,Bangalore,1162.89,0
TXN0000021310,CUST003871,2025-09-27 08:13:37,UPI,49626.98,Other,Mobile_Android,Delhi,1567.22,0
TXN0000025039,CUST004558,2025-11-02 02:20:37,UPI,32398.52,Travel,Web_Mobile,Ahmedabad,293.31,1
TXN0000007052,CUST001302,2025-09-03 11:33:34,ATM_Withdrawal,2000.0,Other,Mobile_iOS,Pune,1273.19,0
TXN0000009775,CUST001789,2025-09-29 16:03:34,NEFT,68776.66,Utilities,ATM,Pune,1659.46,0
TXN0000013525,CUST002458,2025-09-20 15:15:35,UPI,19860.32,Healthcare,Web_Desktop,Kolkata,843.5,0
TXN0000020306,CUST003687,2025-10-17 03:11:36,UPI,30884.89,Healthcare,Web_Desktop,Ahmedabad,1127.76,0
TXN0000001902,CUST000351,2025-10-29 09:41:32,UPI,31161.67,Other,Mobile_iOS,Delhi,1043.3,0
TXN0000011239,CUST002053,2025-10-11 17:43:34,UPI,6313.49,Food,Web_Mobile,Bangalore,1245.07,0
TXN0000014641,CUST002658,2025-09-04 16:18:35,IMPS,139009.62,Other,Mobile_iOS,Ahmedabad,801.96,0
TXN0000022447,CUST004086,2025-08-24 21:51:37,UPI,5632.68,Online_Shopping,Mobile_Android,Bangalore,1375.41,0
TXN0000008545,CUST001558,2025-10-26 22:43:34,Card_Payment,50939.43,Healthcare,Web_Desktop,Bangalore,536.21,0
TXN0000015140,CUST002751,2025-09-26 01:48:35,NEFT,272381.79,Utilities,ATM,Pune,567.15,0
TXN0000011772,CUST002148,2025-09-02 20:37:35,Card_Payment,19244.5,Entertainment,Web_Mobile,Pune,1254.39,0
TXN0000019571,CUST003554,2025-11-02 11:35:36,UPI,10637.71,Food,ATM,Ahmedabad,1560.34,0
TXN0000000580,CUST000115,2025-10-07 18:59:32,Card_Payment,17712.22,Travel,Web_Desktop,Bangalore,1000.48,0
TXN0000011477,CUST002093,2025-09-05 18:24:35,UPI,46771.68,Travel,Mobile_iOS,Mumbai,357.6,0
TXN0000019973,CUST003629,2025-10-30 17:13:36,IMPS,123538.52,Retail,Mobile_Android,Pune,1715.69,0
TXN0000000853,CUST000161,2025-08-25 09:40:32,RTGS,1596044.36,Food,Mobile_Android,Mumbai,1463.28,0
TXN0000002154,CUST000399,2025-08-31 12:46:33,NEFT,411652.71,Fuel,ATM,Chennai,1462.55,0
TXN0000009359,CUST001712,2025-09-13 18:08:34,IMPS,196223.09,Fuel,Mobile_Android,Other,1321.31,0
TXN0000005747,CUST001059,2025-09-20 00:22:33,UPI,36820.32,Utilities,Web_Mobile,Kolkata,1898.11,0
TXN0000015829,CUST002886,2025-08-30 00:27:35,UPI,20768.03,Food,Web_Desktop,Bangalore,401.99,0
TXN0000023512,CUST004283,2025-08-09 17:43:37,ATM_Withdrawal,10000.0,Entertainment,Mobile_Android,Kolkata,426.5,0
TXN0000009702,CUST001773,2025-09-09 17:03:34,RTGS,1470393.97,Education,Web_Mobile,Ahmedabad,1522.74,0
TXN0000020628,CUST003743,2025-08-29 08:43:36,IMPS,43263.99,Retail,Mobile_Android,Delhi,559.3,0
TXN0000025875,CUST004714,2025-09-25 17:35:38,Card_Payment,32377.44,Food,Web_Desktop,Ahmedabad,321.0,1
TXN0000012028,CUST002196,2025-08-13 21:18:35,NEFT,278883.89,Online_Shopping,Web_Mobile,Hyderabad,493.89,0
TXN0000023752,CUST004326,2025-10-04 23:05:37,UPI,48133.27,Healthcare,Web_Desktop,Chennai,1253.01,0
TXN0000016686,CUST003036,2025-08-13 14:33:36,Card_Payment,63172.52,Entertainment,Web_Mobile,Ahmedabad,620.2,0
TXN0000009052,CUST001650,2025-08-28 11:35:34,UPI,27429.44,Retail,Web_Desktop,Delhi,663.0,0
TXN0000009454,CUST001729,2025-10-26 21:04:34,IMPS,20449.09,Utilities,Web_Desktop,Mumbai,1953.61,0
TXN0000010258,CUST001878,2025-09-24 18:17:34,IMPS,174873.83,Entertainment,Mobile_iOS,Delhi,211.35,0
TXN0000022874,CUST004158,2025-09-16 19:15:37,NEFT,438958.08,Food,Mobile_Android,Bangalore,366.44,0
TXN0000003299,CUST000597,2025-10-27 11:24:33,NEFT,395591.89,Online_Shopping,Web_Mobile,Kolkata,411.46,0
TXN0000022641,CUST004118,2025-08-21 02:18:37,Card_Payment,25241.21,Other,Web_Desktop,Pune,1937.19,0
TXN0000005118,CUST000935,2025-10-25 04:20:33,IMPS,43773.06,Fuel,ATM,Delhi,1608.09,0
TXN0000013788,CUST002512,2025-10-14 21:30:35,UPI,29296.85,Food,ATM,Kolkata,1189.93,0
TXN0000019445,CUST003534,2025-10-27 18:48:36,UPI,44251.31,Education,Web_Mobile,Pune,1365.55,0
TXN0000020973,CUST003809,2025-08-09 06:49:36,IMPS,139366.57,Education,Web_Desktop,Hyderabad,1519.25,0
TXN0000012634,CUST002303,2025-10-21 22:07:35,UPI,37681.46,Food,Mobile_Android,Hyderabad,1785.15,0
TXN0000011009,CUST002007,2025-09-09 20:51:34,UPI,30386.7,Other,ATM,Delhi,385.86,0
TXN0000001490,CUST000265,2025-10-23 08:41:32,IMPS,131194.36,Healthcare,Web_Mobile,Hyderabad,793.85,0
TXN0000027046,CUST004936,2025-08-27 23:41:38,Card_Payment,86112.94,Travel,Web_Mobile,Hyderabad,574.15,0
TXN0000025284,CUST004605,2025-09-18 04:53:37,UPI,575.32,Healthcare,Mobile_Android,Bangalore,1078.19,0
TXN0000025556,CUST004651,2025-10-16 10:55:37,UPI,16977.24,Other,ATM,Bangalore,228.09,0
TXN0000005467,CUST001008,2025-08-07 02:22:33,RTGS,1337932.11,Online_Shopping,Mobile_Android,Ahmedabad,530.15,0
TXN0000012574,CUST002289,2025-10-21 15:20:35,UPI,45364.59,Online_Shopping,Web_Desktop,Chennai,796.57,0
TXN0000003426,CUST000620,2025-09-24 14:23:33,UPI,19476.1,Other,Web_Desktop,Chennai,1544.16,0
TXN0000007582,CUST001392,2025-09-09 08:57:34,IMPS,159315.04,Other,Mobile_iOS,Ahmedabad,1582.84,0
TXN0000018568,CUST003377,2025-09-17 12:48:36,UPI,37552.74,Entertainment,Mobile_Android,Delhi,600.5,0
TXN0000025367,CUST004617,2025-09-06 17:28:37,Card_Payment,17551.16,Education,Mobile_Android,Ahmedabad,1787.47,0
TXN0000018544,CUST003372,2025-10-16 05:30:36,RTGS,777597.65,Travel,Mobile_iOS,Bangalore,1921.62,0
TXN0000000197,CUST000042,2025-09-03 01:47:32,UPI,441.71,Retail,Mobile_Android,Chennai,902.05,0
TXN0000026298,CUST004799,2025-08-09 23:59:38,NEFT,403189.35,Entertainment,Mobile_Android,Bangalore,492.07,0
TXN0000019044,CUST003462,2025-10-15 02:24:36,ATM_Withdrawal,10000.0,Utilities,Web_Mobile,Kolkata,660.03,0
TXN0000024241,CUST004423,2025-09-26 21:20:37,IMPS,159609.17,Healthcare,Mobile_iOS,Delhi,569.2,0
TXN0000015354,CUST002799,2025-08-06 05:40:35,UPI,9898.16,Entertainment,Mobile_iOS,Ahmedabad,1532.49,0
TXN0000027314,CUST004983,2025-09-19 04:09:38,IMPS,24279.95,Education,ATM,Hyderabad,1277.0,0
TXN0000018725,CUST003400,2025-10-04 12:27:36,UPI,39667.75,Food,Mobile_iOS,International,1183.0,0
TXN0000027312,CUST004983,2025-09-23 07:33:38,RTGS,675576.72,Retail,Mobile_iOS,Hyderabad,1228.51,0
TXN0000016818,CUST003062,2025-10-15 07:34:36,UPI,13997.68,Online_Shopping,Mobile_Android,Bangalore,1640.5,0
TXN0000016458,CUST002995,2025-10-22 02:27:36,UPI,13649.01,Healthcare,Mobile_Android,Chennai,705.1,0
TXN0000010057,CUST001842,2025-10-25 11:45:34,IMPS,79765.81,Retail,Mobile_iOS,Bangalore,1090.91,0
TXN0000009145,CUST001671,2025-08-28 18:04:34,UPI,36253.62,Other,Web_Desktop,Chennai,1659.45,0
TXN0000004085,CUST000739,2025-10-21 13:30:33,UPI,18662.8,Retail,Mobile_iOS,Hyderabad,1770.68,0
TXN0000025705,CUST004679,2025-09-07 14:03:37,IMPS,120477.1,Entertainment,ATM,Kolkata,1324.59,0
TXN0000018165,CUST003303,2025-08-09 19:12:36,UPI,24503.89,Food,Web_Mobile,Bangalore,1213.46,0
TXN0000001599,CUST000286,2025-08-27 20:18:32,NEFT,475376.85,Fuel,Mobile_iOS,Ahmedabad,921.3,0
TXN0000025687,CUST004674,2025-09-29 01:40:37,UPI,36533.58,Food,Mobile_Android,Pune,1145.84,0
TXN0000020330,CUST003691,2025-09-12 13:02:36,UPI,18991.22,Travel,Mobile_Android,Hyderabad,1966.58,0
TXN0000016583,CUST003017,2025-09-23 22:23:36,UPI,47345.97,Utilities,Mobile_iOS,Kolkata,1666.8,0
TXN0000019944,CUST003625,2025-09-13 04:52:36,NEFT,426556.42,Online_Shopping,Mobile_iOS,Kolkata,1329.72,0
TXN0000015040,CUST002732,2025-08-15 05:25:35,Card_Payment,43291.96,Healthcare,Mobile_Android,Mumbai,658.23,0
TXN0000010477,CUST001916,2025-09-30 19:47:34,UPI,47503.53,Education,ATM,Bangalore,1790.65,0
TXN0000016369,CUST002980,2025-08-30 16:56:36,IMPS,166666.64,Food,ATM,Bangalore,644.42,0
TXN0000014783,CUST002681,2025-08-07 10:00:35,Card_Payment,28946.4,Fuel,Mobile_iOS,Hyderabad,395.29,1
TXN0000018093,CUST003293,2025-09-08 09:30:36,UPI,37875.86,Food,Mobile_Android,Kolkata,1728.57,0
TXN0000000706,CUST000134,2025-10-21 11:30:32,IMPS,144663.53,Retail,ATM,Bangalore,560.16,0
TXN0000006920,CUST001274,2025-09-25 23:38:34,UPI,12496.8,Food,Web_Mobile,Bangalore,1059.64,0
TXN0000008189,CUST001495,2025-09-22 13:03:34,RTGS,1544209.87,Retail,Mobile_iOS,Kolkata,1382.81,0
TXN0000015096,CUST002741,2025-09-28 02:29:35,IMPS,143196.78,Education,ATM,Kolkata,573.83,0
TXN0000022507,CUST004096,2025-10-12 17:29:37,UPI,1087.46,Travel,ATM,Hyderabad,1090.88,0
TXN0000020041,CUST003640,2025-09-27 16:32:36,RTGS,651434.22,Education,Web_Desktop,Hyderabad,1205.49,0
TXN0000025536,CUST004645,2025-08-26 09:20:37,UPI,5558.26,Education,ATM,Mumbai,1822.49,0
TXN0000026081,CUST004756,2025-09-27 09:58:38,ATM_Withdrawal,5000.0,Utilities,ATM,Ahmedabad,527.83,0
TXN0000012424,CUST002260,2025-10-18 14:56:35,UPI,44637.07,Fuel,ATM,Delhi,269.14,1
TXN0000009398,CUST001718,2025-10-17 10:39:34,Card_Payment,3918.63,Retail,Web_Mobile,Mumbai,1052.79,0
TXN0000001643,CUST000296,2025-09-12 05:00:32,IMPS,158433.61,Food,ATM,Mumbai,577.03,0
TXN0000004107,CUST000744,2025-09-30 07:22:33,RTGS,333160.09,Utilities,Mobile_iOS,Hyderabad,1830.49,0
TXN0000003579,CUST000646,2025-09-26 05:56:33,UPI,31467.17,Food,Web_Desktop,Pune,1518.31,0
TXN0000009505,CUST001739,2025-10-29 12:25:34,UPI,18089.71,Travel,Mobile_Android,Mumbai,1325.44,0
TXN0000012108,CUST002213,2025-08-25 03:51:35,IMPS,66363.72,Travel,Mobile_iOS,Pune,879.5,0
TXN0000020371,CUST003699,2025-08-11 09:52:36,UPI,44413.04,Entertainment,Web_Mobile,Ahmedabad,804.77,0
TXN0000003830,CUST000689,2025-10-31 06:52:33,NEFT,207946.68,Healthcare,Mobile_Android,Ahmedabad,980.38,0
TXN0000027328,CUST004986,2025-09-20 18:25:38,UPI,9722.01,Food,Web_Mobile,Bangalore,682.46,0
TXN0000012379,CUST002252,2025-10-15 05:23:35,Card_Payment,76789.94,Travel,ATM,Pune,1467.39,0
TXN0000008466,CUST001545,2025-11-02 01:15:34,IMPS,66549.11,Education,ATM,Mumbai,509.32,0
TXN0000024620,CUST004488,2025-08-25 09:54:37,UPI,3375.32,Healthcare,Mobile_iOS,Ahmedabad,969.45,0
TXN0000021449,CUST003895,2025-10-22 20:25:37,IMPS,26868.13,Other,Mobile_Android,Pune,1630.72,0
TXN0000015239,CUST002774,2025-09-26 02:33:35,IMPS,24162.03,Fuel,Mobile_Android,Hyderabad,872.67,0
TXN0000015571,CUST002840,2025-10-06 20:06:35,IMPS,19621.2,Education,Mobile_iOS,Delhi,1124.42,0
TXN0000003411,CUST000618,2025-08-30 07:01:33,UPI,33805.3,Healthcare,Mobile_Android,Chennai,1612.89,0
TXN0000020197,CUST003669,2025-08-27 23:06:36,UPI,42796.6,Utilities,ATM,Delhi,739.61,0
TXN0000008080,CUST001478,2025-08-20 16:19:34,Card_Payment,20136.54,Food,ATM,Chennai,875.82,0
TXN0000008345,CUST001522,2025-08-22 01:06:34,IMPS,154626.98,Online_Shopping,Mobile_iOS,Other,257.15,0
TXN0000017706,CUST003226,2025-08-23 17:31:36,UPI,13446.11,Education,Mobile_iOS,Bangalore,416.28,0
TXN0000000122,CUST000026,2025-10-01 17:42:32,RTGS,223551.83,Travel,Web_Desktop,Delhi,1579.57,0
TXN0000012797,CUST002331,2025-08-18 21:28:35,ATM_Withdrawal,10000.0,Travel,ATM,Pune,946.37,0
TXN0000005465,CUST001008,2025-08-25 00:08:33,NEFT,80426.0,Healthcare,ATM,Ahmedabad,939.54,0
TXN0000020404,CUST003703,2025-10-03 10:43:36,Card_Payment,40359.64,Education,Mobile_iOS,Pune,1900.24,0
TXN0000021125,CUST003836,2025-08-17 07:47:37,UPI,15923.18,Entertainment,Web_Mobile,Pune,1802.22,0
TXN0000004409,CUST000800,2025-09-21 20:41:33,Card_Payment,38371.12,Education,ATM,Pune,874.38,0
TXN0000008693,CUST001585,2025-09-13 16:32:34,IMPS,191892.52,Other,Mobile_iOS,Delhi,979.02,0
TXN0000018009,CUST003277,2025-08-19 20:53:36,UPI,5240.16,Healthcare,Web_Mobile,Kolkata,1043.06,0
TXN0000025053,CUST004560,2025-09-28 09:48:37,IMPS,77753.18,Online_Shopping,Mobile_Android,International,314.85,0
TXN0000017539,CUST003198,2025-10-23 08:46:36,UPI,38913.43,Food,Mobile_iOS,Bangalore,381.26,0
TXN0000018373,CUST003340,2025-09-21 04:02:36,NEFT,306160.61,Retail,Mobile_Android,Hyderabad,1822.57,0
TXN0000000506,CUST000103,2025-09-06 08:15:32,RTGS,1146717.76,Fuel,Web_Mobile,Delhi,1406.6,0
TXN0000012413,CUST002258,2025-08-22 08:31:35,RTGS,1055105.76,Online_Shopping,Mobile_Android,Chennai,330.13,0
TXN0000026719,CUST004876,2025-09-16 02:16:38,Card_Payment,86997.65,Entertainment,Web_Mobile,Chennai,592.22,0
TXN0000013986,CUST002548,2025-10-03 20:10:35,ATM_Withdrawal,5000.0,Online_Shopping,ATM,Mumbai,1824.46,0
TXN0000023161,CUST004215,2025-08-09 03:55:37,NEFT,86621.76,Entertainment,Mobile_Android,Ahmedabad,1025.19,0
TXN0000015335,CUST002795,2025-10-26 11:58:35,UPI,21873.0,Other,ATM,Mumbai,315.76,1
TXN0000007890,CUST001445,2025-09-10 07:44:34,IMPS,192017.81,Other,Web_Desktop,Mumbai,377.0,0
TXN0000000313,CUST000064,2025-09-30 04:41:32,UPI,17176.51,Education,Mobile_Android,Delhi,1878.86,0
TXN0000006493,CUST001194,2025-08-07 20:19:33,IMPS,119893.84,Food,Web_Desktop,Chennai,1069.4,0
TXN0000006699,CUST001234,2025-08-24 11:17:34,Card_Payment,91120.41,Utilities,Mobile_iOS,Mumbai,1844.85,0
TXN0000020118,CUST003657,2025-08-09 11:49:36,Card_Payment,13056.01,Retail,Web_Mobile,Chennai,709.06,0
TXN0000018522,CUST003368,2025-10-26 06:36:36,UPI,8932.3,Healthcare,ATM,Kolkata,1950.26,0
TXN0000009126,CUST001667,2025-08-27 05:32:34,IMPS,696.11,Education,ATM,Chennai,434.77,0
TXN0000020319,CUST003689,2025-09-27 12:45:36,NEFT,476772.09,Travel,ATM,Hyderabad,1967.62,0
TXN0000005590,CUST001031,2025-09-30 06:50:33,UPI,21470.88,Other,ATM,Ahmedabad,1960.04,0
TXN0000017932,CUST003264,2025-10-29 13:37:36,UPI,29478.2,Travel,Web_Desktop,Chennai,268.29,0
TXN0000016172,CUST002939,2025-09-28 01:12:35,RTGS,1668406.05,Online_Shopping,Web_Mobile,Chennai,1618.12,0
TXN0000004891,CUST000891,2025-10-03 13:01:33,UPI,12510.9,Utilities,Mobile_iOS,Chennai,1316.6,0
TXN0000017014,CUST003096,2025-11-01 16:51:36,UPI,34905.66,Education,Web_Desktop,Chennai,373.01,0
TXN0000021579,CUST003919,2025-08-10 04:13:37,UPI,20956.74,Fuel,Web_Mobile,Pune,421.17,0
TXN0000000981,CUST000182,2025-08-29 08:30:32,Card_Payment,65661.37,Travel,Mobile_iOS,Chennai,588.24,0
TXN0000009725,CUST001776,2025-10-25 01:46:34,UPI,7443.82,Education,Mobile_iOS,Mumbai,355.42,1
TXN0000013254,CUST002410,2025-09-26 10:35:35,RTGS,675907.01,Utilities,Mobile_Android,Ahmedabad,1653.05,0
TXN0000006758,CUST001247,2025-10-28 17:56:34,UPI,25718.38,Retail,Mobile_iOS,Mumbai,1517.66,0
TXN0000023187,CUST004224,2025-10-24 18:38:37,ATM_Withdrawal,2000.0,Healthcare,Mobile_iOS,Delhi,1398.64,0
TXN0000023996,CUST004379,2025-08-31 18:47:37,UPI,27689.95,Entertainment,ATM,International,244.65,1
TXN0000007072,CUST001307,2025-09-04 03:21:34,IMPS,31481.1,Online_Shopping,ATM,Mumbai,374.88,0
TXN0000018130,CUST003299,2025-09-17 05:00:36,UPI,301.44,Entertainment,Web_Desktop,Delhi,835.59,0
TXN0000026750,CUST004881,2025-08-28 15:56:38,Card_Payment,46091.19,Online_Shopping,Web_Desktop,Bangalore,1700.08,0
TXN0000004979,CUST000904,2025-09-28 16:07:33,Card_Payment,41997.09,Travel,Mobile_Android,Pune,1810.29,0
TXN0000026493,CUST004837,2025-11-03 00:06:38,UPI,1845.09,Food,Web_Desktop,Ahmedabad,1487.35,0
TXN0000006751,CUST001247,2025-08-16 14:22:34,NEFT,187571.71,Education,Mobile_iOS,Mumbai,1234.78,0
TXN0000023109,CUST004203,2025-08-18 14:23:37,UPI,14485.51,Utilities,Web_Desktop,Mumbai,223.2,0
TXN0000022389,CUST004074,2025-10-28 02:11:37,IMPS,130590.63,Entertainment,Web_Desktop,Ahmedabad,1516.51,0
TXN0000026797,CUST004889,2025-08-08 17:22:38,NEFT,88866.58,Online_Shopping,Mobile_iOS,Delhi,290.18,0
TXN0000024596,CUST004485,2025-08-05 03:34:37,UPI,43357.48,Education,Web_Mobile,Ahmedabad,943.34,0
TXN0000010855,CUST001982,2025-10-03 01:24:34,Card_Payment,1080.59,Entertainment,ATM,Bangalore,1864.35,0
TXN0000002719,CUST000495,2025-08-08 12:22:33,UPI,12270.58,Retail,Web_Mobile,Delhi,875.46,0
TXN0000001289,CUST000230,2025-09-30 06:56:32,UPI,12939.47,Other,Mobile_Android,Delhi,1847.14,0
TXN0000026170,CUST004776,2025-10-18 22:27:38,UPI,1609.92,Entertainment,ATM,Chennai,355.9,0
TXN0000010046,CUST001841,2025-09-20 16:30:34,RTGS,1505015.61,Fuel,Mobile_Android,International,568.49,0
TXN0000008905,CUST001620,2025-09-04 16:40:34,IMPS,143511.37,Food,ATM,Pune,1871.01,0
TXN0000014876,CUST002702,2025-08-20 05:07:35,UPI,34157.41,Food,Web_Desktop,Ahmedabad,1070.03,0
TXN0000025810,CUST004698,2025-09-04 07:11:38,IMPS,152159.87,Online_Shopping,Web_Mobile,Bangalore,656.86,0
TXN0000001662,CUST000302,2025-09-10 00:06:32,Card_Payment,64515.4,Other,Mobile_Android,Delhi,457.03,0
TXN0000016279,CUST002960,2025-08-19 06:31:36,UPI,17542.29,Utilities,ATM,Ahmedabad,1944.17,0
TXN0000010428,CUST001906,2025-08-16 05:42:34,NEFT,409641.7,Education,Web_Mobile,Delhi,856.66,0
TXN0000026632,CUST004862,2025-09-19 06:10:38,UPI,42179.59,Healthcare,Mobile_Android,Kolkata,725.3,0
TXN0000009346,CUST001711,2025-08-08 11:04:34,Card_Payment,29198.71,Education,Mobile_Android,Ahmedabad,993.22,0
TXN0000002753,CUST000500,2025-08-07 05:09:33,Card_Payment,93692.72,Education,Mobile_Android,Bangalore,496.19,0
TXN0000008666,CUST001579,2025-08-30 10:54:34,UPI,34898.38,Retail,ATM,Bangalore,393.28,0
TXN0000005216,CUST000954,2025-10-21 07:38:33,UPI,47789.61,Utilities,Web_Mobile,Delhi,484.1,0
TXN0000003395,CUST000614,2025-08-05 19:21:33,Card_Payment,68750.92,Online_Shopping,Web_Mobile,Other,543.25,0
TXN0000017203,CUST003134,2025-08-14 04:00:36,IMPS,55276.87,Food,ATM,Mumbai,1218.73,0
TXN0000018387,CUST003343,2025-09-18 15:43:36,IMPS,47328.74,Utilities,ATM,Kolkata,678.31,0
TXN0000007504,CUST001378,2025-10-06 22:22:34,IMPS,156779.39,Retail,Web_Desktop,Bangalore,726.59,0
TXN0000019428,CUST003532,2025-10-24 20:08:36,UPI,29785.17,Other,Mobile_iOS,Mumbai,954.69,0
TXN0000002142,CUST000395,2025-09-05 19:10:33,RTGS,272450.51,Retail,ATM,Bangalore,756.18,0
TXN0000014071,CUST002563,2025-10-30 03:51:35,RTGS,1215359.6,Healthcare,Mobile_Android,Kolkata,909.1,0
TXN0000006658,CUST001226,2025-10-03 21:27:33,ATM_Withdrawal,20000.0,Travel,Mobile_Android,Ahmedabad,1980.05,0
TXN0000002477,CUST000456,2025-10-26 07:31:33,UPI,35613.73,Healthcare,ATM,Ahmedabad,1060.7,0
TXN0000019519,CUST003545,2025-10-12 03:31:36,NEFT,175969.85,Retail,Web_Desktop,Ahmedabad,1495.2,0
TXN0000010431,CUST001907,2025-10-20 17:27:34,ATM_Withdrawal,2000.0,Food,Web_Desktop,Chennai,1224.63,0
TXN0000004345,CUST000787,2025-08-23 20:12:33,UPI,3593.95,Healthcare,Mobile_Android,Kolkata,1837.64,0
TXN0000010313,CUST001887,2025-09-19 19:40:34,Card_Payment,72399.25,Online_Shopping,Mobile_Android,Ahmedabad,1881.44,0
TXN0000004247,CUST000770,2025-09-13 05:43:33,IMPS,49206.76,Fuel,Web_Desktop,Pune,397.45,0
TXN0000002389,CUST000440,2025-08-30 05:39:33,ATM_Withdrawal,20000.0,Education,Web_Mobile,Hyderabad,1364.47,0
TXN0000019751,CUST003591,2025-10-02 09:31:36,RTGS,1931548.63,Entertainment,ATM,Pune,770.19,0
TXN0000001110,CUST000204,2025-08-09 03:52:32,UPI,1949.2,Travel,Web_Desktop,Hyderabad,1496.5,0
TXN0000021964,CUST003998,2025-08-24 04:52:37,IMPS,134744.54,Travel,Mobile_Android,Mumbai,1904.99,0
TXN0000013697,CUST002491,2025-09-20 02:54:35,NEFT,98034.35,Healthcare,Web_Mobile,Chennai,1227.93,0
TXN0000007577,CUST001391,2025-09-30 17:33:34,NEFT,81793.67,Other,Web_Desktop,Delhi,1053.72,0
TXN0000017784,CUST003239,2025-09-08 12:58:36,UPI,1098.89,Fuel,Web_Mobile,Bangalore,1017.72,0
TXN0000008583,CUST001563,2025-09-22 08:43:34,UPI,8839.31,Education,Mobile_iOS,Delhi,711.0,0
TXN0000008088,CUST001479,2025-10-05 12:07:34,UPI,28935.35,Food,Web_Mobile,Hyderabad,1975.94,0
TXN0000006934,CUST001277,2025-08-05 04:16:34,UPI,32224.22,Fuel,ATM,Chennai,1938.28,0
TXN0000008477,CUST001548,2025-09-28 01:28:34,UPI,37561.83,Retail,Mobile_Android,Delhi,1770.57,0
TXN0000017103,CUST003116,2025-09-28 04:12:36,NEFT,301908.1,Other,ATM,Chennai,1967.16,0
TXN0000016265,CUST002955,2025-10-01 11:09:36,UPI,37898.55,Online_Shopping,ATM,Ahmedabad,939.68,0
TXN0000022132,CUST004029,2025-08-23 12:14:37,ATM_Withdrawal,10000.0,Fuel,Web_Desktop,Kolkata,1643.89,0
TXN0000007303,CUST001343,2025-10-08 13:53:34,Card_Payment,57944.9,Travel,Web_Mobile,Hyderabad,1595.73,0
TXN0000015348,CUST002797,2025-09-18 00:01:35,IMPS,21854.63,Fuel,Mobile_iOS,Chennai,351.41,0
TXN0000027101,CUST004945,2025-10-14 00:49:38,IMPS,88636.61,Education,Web_Desktop,Bangalore,1489.25,0
TXN0000015246,CUST002776,2025-10-27 06:28:35,IMPS,14041.25,Utilities,ATM,Pune,201.73,0
TXN0000009101,CUST001659,2025-08-15 14:30:34,UPI,31446.25,Travel,Web_Desktop,Bangalore,1991.85,0
TXN0000018879,CUST003428,2025-10-01 06:33:36,Card_Payment,74442.37,Online_Shopping,Mobile_iOS,Kolkata,599.41,0
TXN0000021651,CUST003931,2025-09-23 10:17:37,Card_Payment,12183.84,Fuel,ATM,Bangalore,1940.56,0
TXN0000004071,CUST000736,2025-10-04 07:35:33,UPI,28865.86,Entertainment,Web_Desktop,Hyderabad,1178.55,0
TXN0000024566,CUST004480,2025-09-14 03:37:37,UPI,25880.44,Other,Mobile_iOS,Bangalore,1961.4,0
TXN0000011260,CUST002056,2025-09-21 15:50:34,UPI,1017.41,Retail,ATM,Pune,1385.11,0
TXN0000004297,CUST000777,2025-08-19 07:44:33,UPI,29144.19,Retail,Mobile_iOS,Pune,907.75,0
TXN0000008022,CUST001467,2025-10-09 06:16:34,UPI,28426.2,Other,Web_Desktop,Kolkata,694.41,0
TXN0000009990,CUST001830,2025-08-20 21:08:34,UPI,29693.75,Education,Mobile_iOS,Chennai,465.34,0
TXN0000011300,CUST002062,2025-08-31 12:26:34,UPI,43711.67,Healthcare,Web_Desktop,Bangalore,316.12,0
TXN0000011419,CUST002084,2025-08-09 02:09:34,IMPS,34351.05,Retail,Web_Desktop,Bangalore,1648.44,0
TXN0000010013,CUST001834,2025-09-08 20:39:34,RTGS,497629.13,Fuel,Mobile_iOS,Ahmedabad,1241.13,0
TXN0000021153,CUST003840,2025-10-02 19:17:37,UPI,21936.68,Online_Shopping,Mobile_iOS,Chennai,744.14,0
TXN0000001267,CUST000227,2025-09-25 04:22:32,NEFT,490410.56,Fuel,Web_Desktop,Delhi,1923.22,0
TXN0000013215,CUST002404,2025-08-08 12:37:35,Card_Payment,16550.71,Travel,Mobile_Android,Bangalore,387.09,0
TXN0000002158,CUST000399,2025-09-03 13:18:33,RTGS,836240.65,Retail,Mobile_iOS,Chennai,1585.36,0
TXN0000018308,CUST003328,2025-08-21 14:47:36,UPI,25037.72,Fuel,ATM,Ahmedabad,1213.49,0
TXN0000025376,CUST004618,2025-09-25 05:21:37,IMPS,87052.27,Education,Web_Desktop,Chennai,1795.2,0
TXN0000012403,CUST002255,2025-09-14 00:17:35,NEFT,223362.6,Utilities,Mobile_Android,Hyderabad,159.63,1
TXN0000006028,CUST001108,2025-10-15 00:04:33,NEFT,71576.8,Food,Mobile_iOS,Chennai,945.46,0
TXN0000004294,CUST000777,2025-09-16 04:14:33,NEFT,136018.07,Healthcare,Web_Desktop,Pune,319.18,0
TXN0000017461,CUST003184,2025-08-07 02:54:36,Card_Payment,20860.75,Travel,Mobile_iOS,Mumbai,1429.16,0
TXN0000020609,CUST003738,2025-09-17 01:47:36,UPI,40761.37,Entertainment,Mobile_iOS,Bangalore,1439.98,0
TXN0000013053,CUST002375,2025-08-29 15:51:35,NEFT,487607.42,Utilities,Mobile_iOS,Pune,1032.69,0
TXN0000002542,CUST000465,2025-10-14 03:39:33,RTGS,1668076.23,Education,Web_Mobile,Pune,1639.56,0
TXN0000019733,CUST003588,2025-10-18 05:35:36,RTGS,1366369.6,Entertainment,Mobile_Android,Pune,1149.3,0
TXN0000002326,CUST000428,2025-10-27 04:20:33,IMPS,127063.11,Utilities,Mobile_iOS,Pune,234.85,0
TXN0000012543,CUST002282,2025-09-11 04:04:35,UPI,15519.44,Retail,Web_Desktop,Delhi,495.83,0
TXN0000002731,CUST000496,2025-09-27 06:03:33,Card_Payment,97083.08,Retail,Web_Mobile,Ahmedabad,248.1,1
TXN0000004037,CUST000729,2025-08-12 00:56:33,IMPS,86596.9,Entertainment,Mobile_iOS,International,1104.2,0
TXN0000022528,CUST004099,2025-09-27 20:52:37,UPI,23405.48,Retail,Web_Mobile,Bangalore,213.0,0
TXN0000016945,CUST003083,2025-10-24 23:37:36,NEFT,155712.69,Other,Mobile_Android,Mumbai,1516.45,0
TXN0000021724,CUST003948,2025-09-15 15:58:37,NEFT,484817.54,Entertainment,Mobile_iOS,Bangalore,1356.54,0
TXN0000003586,CUST000647,2025-08-16 11:01:33,IMPS,192271.38,Travel,Web_Desktop,Mumbai,1892.0,0
TXN0000003182,CUST000579,2025-10-06 09:57:33,RTGS,1930538.19,Utilities,Web_Mobile,Kolkata,1323.52,0
TXN0000000463,CUST000094,2025-08-13 02:41:32,UPI,48066.81,Entertainment,Web_Desktop,Hyderabad,1498.02,0
TXN0000015920,CUST002900,2025-08-09 02:51:35,UPI,31079.96,Online_Shopping,Mobile_Android,Ahmedabad,273.65,1
TXN0000024931,CUST004541,2025-10-03 00:33:37,IMPS,104525.5,Healthcare,Web_Desktop,Kolkata,307.97,1
TXN0000021785,CUST003964,2025-08-06 13:48:37,RTGS,1605363.51,Food,Web_Mobile,Kolkata,1134.22,0
TXN0000023719,CUST004322,2025-09-11 16:21:37,UPI,45299.15,Travel,Web_Desktop,Ahmedabad,1758.25,0
TXN0000015591,CUST002844,2025-09-10 12:56:35,UPI,28982.36,Travel,ATM,Pune,1400.5,0
TXN0000014758,CUST002677,2025-10-28 12:21:35,NEFT,341060.41,Utilities,Web_Desktop,Kolkata,1791.41,0
TXN0000000324,CUST000065,2025-10-30 17:09:32,RTGS,609682.76,Other,Web_Desktop,International,1291.59,0
TXN0000027182,CUST004959,2025-09-04 00:25:38,RTGS,1344415.18,Utilities,ATM,Bangalore,1881.91,0
TXN0000009823,CUST001797,2025-09-02 22:09:34,NEFT,269782.61,Food,Web_Desktop,Pune,1116.3,0
TXN0000007885,CUST001445,2025-08-30 16:34:34,Card_Payment,15640.68,Food,Mobile_Android,Mumbai,1800.57,0
TXN0000011092,CUST002025,2025-08-16 17:11:34,Card_Payment,6412.74,Utilities,Web_Mobile,Kolkata,1297.93,0
TXN0000010276,CUST001881,2025-09-27 20:32:34,RTGS,890909.43,Travel,Mobile_Android,Delhi,730.03,0
TXN0000006864,CUST001265,2025-10-16 08:50:34,Card_Payment,84805.58,Travel,Web_Desktop,Mumbai,335.42,0
TXN0000013124,CUST002389,2025-10-04 23:29:35,IMPS,16170.66,Other,Mobile_iOS,Kolkata,471.4,0
TXN0000007222,CUST001333,2025-10-03 06:06:34,UPI,38315.25,Other,Web_Desktop,Chennai,456.64,0
TXN0000003051,CUST000557,2025-10-31 07:50:33,UPI,39868.13,Other,Web_Desktop,Chennai,348.09,0
TXN0000004116,CUST000746,2025-10-06 05:54:33,IMPS,21777.96,Education,Web_Desktop,Bangalore,208.45,0
TXN0000023599,CUST004301,2025-08-26 20:23:37,IMPS,91534.64,Entertainment,Web_Desktop,Bangalore,1012.72,0
TXN0000025465,CUST004634,2025-09-03 04:52:37,UPI,46851.3,Entertainment,Web_Desktop,Bangalore,283.78,0
TXN0000020905,CUST003797,2025-10-01 02:05:36,UPI,15649.98,Education,Mobile_Android,Pune,1764.39,0
TXN0000002919,CUST000529,2025-08-20 10:25:33,UPI,43101.75,Education,ATM,Delhi,560.09,0
TXN0000005139,CUST000939,2025-10-01 04:59:33,IMPS,6049.25,Food,Mobile_Android,Pune,1921.87,0
TXN0000002623,CUST000477,2025-08-24 05:44:33,RTGS,1139250.78,Fuel,ATM,Bangalore,440.1,0
TXN0000015547,CUST002835,2025-09-16 10:36:35,UPI,971.21,Travel,Web_Mobile,Pune,505.98,0
TXN0000012355,CUST002250,2025-09-18 02:35:35,UPI,18393.0,Utilities,Mobile_Android,Mumbai,1400.07,0
TXN0000011397,CUST002081,2025-09-11 05:38:34,RTGS,1309953.51,Fuel,ATM,Ahmedabad,819.49,0
TXN0000005733,CUST001057,2025-10-26 08:08:33,Card_Payment,52282.44,Retail,Mobile_iOS,Kolkata,654.85,0
TXN0000009566,CUST001749,2025-08-07 06:38:34,IMPS,193478.66,Travel,Mobile_Android,Chennai,1416.81,0
TXN0000010883,CUST001985,2025-10-02 01:21:34,IMPS,99823.93,Education,Web_Desktop,Chennai,1121.45,0
TXN0000000906,CUST000170,2025-09-19 02:04:32,UPI,19683.61,Retail,Mobile_Android,Pune,409.08,0
TXN0000005730,CUST001057,2025-09-14 01:11:33,UPI,27397.18,Entertainment,Mobile_iOS,Kolkata,1177.04,0
TXN0000024667,CUST004496,2025-09-11 03:30:37,UPI,16488.52,Entertainment,Web_Mobile,Hyderabad,1664.27,0
TXN0000011075,CUST002023,2025-10-19 07:25:34,UPI,47586.38,Travel,Web_Mobile,Delhi,232.1,1
TXN0000016738,CUST003049,2025-08-08 09:18:36,IMPS,127907.58,Healthcare,Mobile_Android,Pune,363.02,0
TXN0000020357,CUST003697,2025-09-25 04:45:36,UPI,13863.03,Travel,Web_Mobile,Delhi,1086.64,0
TXN0000012053,CUST002199,2025-10-19 19:42:35,UPI,9853.47,Food,Web_Mobile,Ahmedabad,937.93,0
TXN0000023070,CUST004193,2025-08-11 02:34:37,IMPS,65676.97,Other,Mobile_Android,Pune,1942.35,0
TXN0000020838,CUST003785,2025-09-26 14:23:36,IMPS,60962.48,Education,Mobile_Android,Hyderabad,713.65,0
TXN0000008271,CUST001510,2025-08-24 21:22:34,IMPS,186380.89,Online_Shopping,Mobile_Android,Pune,1135.36,0
TXN0000022727,CUST004134,2025-09-10 21:11:37,UPI,14413.71,Travel,Web_Desktop,Chennai,209.27,0
TXN0000019551,CUST003552,2025-09-10 11:48:36,IMPS,170379.69,Travel,Web_Desktop,Kolkata,1498.22,0
TXN0000022511,CUST004097,2025-10-15 21:00:37,NEFT,17729.86,Online_Shopping,Mobile_iOS,Kolkata,1180.77,0
TXN0000004406,CUST000799,2025-08-06 03:43:33,ATM_Withdrawal,2000.0,Utilities,Mobile_iOS,Hyderabad,1951.38,0
TXN0000012494,CUST002272,2025-08-18 20:07:35,Card_Payment,72345.25,Entertainment,Web_Mobile,Bangalore,301.65,0
TXN0000002843,CUST000518,2025-10-24 12:20:33,IMPS,170646.72,Retail,Web_Mobile,Hyderabad,563.64,0
TXN0000022861,CUST004155,2025-09-06 11:29:37,IMPS,163042.89,Healthcare,Web_Desktop,Delhi,1006.54,0
TXN0000019873,CUST003614,2025-08-23 18:06:36,NEFT,223034.88,Healthcare,Mobile_Android,Kolkata,857.58,0
TXN0000018887,CUST003429,2025-08-25 20:17:36,IMPS,77434.77,Healthcare,Mobile_iOS,Other,1001.43,0
TXN0000021664,CUST003935,2025-09-26 05:19:37,Card_Payment,73002.51,Healthcare,Web_Desktop,Bangalore,637.09,0
TXN0000020079,CUST003649,2025-09-01 22:29:36,Card_Payment,44570.06,Fuel,Mobile_Android,Kolkata,1111.28,0
TXN0000000867,CUST000163,2025-09-07 12:54:32,UPI,18688.52,Retail,Web_Desktop,International,929.37,0
TXN0000011177,CUST002043,2025-10-01 04:53:34,ATM_Withdrawal,5000.0,Travel,ATM,Delhi,1619.74,0
TXN0000013725,CUST002497,2025-10-04 21:07:35,NEFT,411073.35,Other,Web_Desktop,Pune,1904.91,0
TXN0000013192,CUST002400,2025-10-21 00:11:35,Card_Payment,25339.95,Travel,Mobile_iOS,Pune,1524.87,0
TXN0000015261,CUST002778,2025-09-26 07:35:35,UPI,21926.68,Fuel,Web_Desktop,Mumbai,783.35,0
TXN0000021505,CUST003908,2025-10-17 21:38:37,IMPS,73284.31,Food,ATM,Delhi,214.8,0
TXN0000017776,CUST003239,2025-10-24 02:17:36,NEFT,300416.39,Utilities,Mobile_Android,Bangalore,250.73,0
TXN0000014534,CUST002641,2025-09-11 10:08:35,NEFT,36021.12,Other,Web_Desktop,Delhi,342.59,0
TXN0000023722,CUST004323,2025-08-06 17:11:37,Card_Payment,52519.53,Other,Web_Mobile,Mumbai,1126.98,0
TXN0000013247,CUST002408,2025-09-22 15:39:35,NEFT,117091.59,Utilities,Mobile_iOS,Kolkata,1039.42,0
TXN0000011124,CUST002031,2025-09-22 18:18:34,UPI,41411.55,Travel,Web_Desktop,Chennai,244.89,0
TXN0000005844,CUST001075,2025-08-09 15:31:33,UPI,35923.07,Healthcare,ATM,Chennai,930.96,0
TXN0000021624,CUST003926,2025-10-17 11:25:37,Card_Payment,52261.7,Other,Mobile_iOS,Ahmedabad,1013.12,0
TXN0000008338,CUST001522,2025-08-30 15:01:34,IMPS,70767.07,Other,Web_Mobile,Ahmedabad,1525.19,0
TXN0000025578,CUST004654,2025-10-08 14:06:37,UPI,6164.41,Online_Shopping,Mobile_iOS,Mumbai,976.95,0
TXN0000009713,CUST001775,2025-08-14 22:21:34,RTGS,1458011.12,Travel,Mobile_Android,Chennai,288.25,0
TXN0000026230,CUST004787,2025-08-19 15:01:38,Card_Payment,74067.26,Food,Web_Desktop,Pune,1848.39,0
TXN0000019243,CUST003496,2025-08-17 19:52:36,UPI,47087.3,Online_Shopping,ATM,Bangalore,524.44,0
TXN0000010352,CUST001892,2025-08-10 07:39:34,NEFT,266454.87,Education,Mobile_Android,Kolkata,769.01,0
TXN0000010780,CUST001969,2025-08-16 11:32:34,UPI,31398.53,Retail,ATM,Pune,1894.89,0
TXN0000026016,CUST004740,2025-08-26 21:54:38,IMPS,168771.8,Healthcare,Web_Mobile,Chennai,436.49,0
TXN0000026796,CUST004889,2025-08-14 14:55:38,NEFT,412417.76,Utilities,Mobile_Android,Ahmedabad,1423.78,0
TXN0000011716,CUST002138,2025-08-15 23:19:35,UPI,40036.36,Travel,Web_Mobile,Pune,738.58,0
TXN0000013382,CUST002432,2025-09-16 23:29:35,UPI,11866.92,Education,Web_Desktop,Delhi,955.21,0
TXN0000019077,CUST003469,2025-09-02 18:37:36,UPI,37678.96,Food,Web_Mobile,Delhi,243.14,0
TXN0000023878,CUST004359,2025-09-24 23:28:37,UPI,42062.67,Food,Mobile_Android,Chennai,469.24,1
TXN0000007641,CUST001400,2025-08-16 11:54:34,IMPS,113638.63,Retail,Mobile_Android,Delhi,632.79,0
TXN0000010979,CUST002003,2025-08-14 03:46:34,IMPS,149333.16,Utilities,Mobile_Android,Mumbai,1422.89,0
TXN0000007202,CUST001330,2025-11-01 08:06:34,UPI,47480.91,Fuel,ATM,Pune,1992.01,0
TXN0000011687,CUST002133,2025-08-17 18:43:35,UPI,40469.53,Healthcare,Mobile_Android,Ahmedabad,1783.79,0
TXN0000014907,CUST002708,2025-08-11 07:28:35,Card_Payment,72059.69,Fuel,Mobile_iOS,Kolkata,1338.93,0
TXN0000007452,CUST001370,2025-09-09 08:23:34,UPI,11396.6,Utilities,Web_Mobile,Mumbai,608.0,0
TXN0000018422,CUST003349,2025-08-30 16:44:36,UPI,21765.55,Food,ATM,Chennai,545.93,0
TXN0000016915,CUST003076,2025-10-16 13:38:36,NEFT,413115.27,Online_Shopping,Mobile_iOS,Bangalore,1586.8,0
TXN0000009241,CUST001689,2025-09-04 04:11:34,Card_Payment,65661.94,Fuel,Web_Desktop,Chennai,636.95,0
TXN0000026840,CUST004898,2025-09-14 02:22:38,ATM_Withdrawal,20000.0,Other,Web_Desktop,Chennai,941.88,0
TXN0000023645,CUST004310,2025-10-04 04:55:37,UPI,31240.47,Retail,ATM,Chennai,1050.63,0
TXN0000025682,CUST004673,2025-10-23 12:11:37,UPI,49623.2,Retail,ATM,Mumbai,324.81,0
TXN0000006949,CUST001281,2025-09-04 10:24:34,RTGS,884282.19,Other,Mobile_iOS,Delhi,282.2,0
TXN0000010262,CUST001879,2025-11-02 02:05:34,NEFT,318164.18,Travel,Mobile_Android,Mumbai,1424.51,0
TXN0000014259,CUST002597,2025-08-16 17:37:35,NEFT,369269.17,Utilities,Mobile_Android,Ahmedabad,1160.51,0
TXN0000026116,CUST004765,2025-10-18 13:35:38,UPI,40807.78,Utilities,Web_Mobile,Kolkata,1223.52,0
TXN0000003173,CUST000578,2025-09-06 22:44:33,UPI,17877.79,Online_Shopping,ATM,Mumbai,405.22,0
TXN0000023681,CUST004316,2025-08-08 23:19:37,Card_Payment,12383.64,Food,Web_Mobile,Kolkata,969.27,0
TXN0000016095,CUST002929,2025-10-23 21:30:35,ATM_Withdrawal,2000.0,Food,ATM,Bangalore,624.28,0
TXN0000002317,CUST000427,2025-08-18 00:29:33,NEFT,426215.67,Utilities,Mobile_Android,Mumbai,1392.86,0
TXN0000019545,CUST003551,2025-08-26 01:58:36,Card_Payment,81391.21,Other,Web_Desktop,Other,256.88,0
TXN0000023221,CUST004228,2025-09-23 02:20:37,UPI,27100.08,Other,Web_Desktop,Chennai,328.55,0
TXN0000013460,CUST002448,2025-10-23 16:49:35,UPI,12894.57,Travel,Mobile_iOS,Ahmedabad,247.69,0
TXN0000020430,CUST003707,2025-10-13 16:03:36,Card_Payment,45121.92,Online_Shopping,ATM,Delhi,1107.45,0
TXN0000022716,CUST004132,2025-09-24 23:04:37,IMPS,8326.71,Other,Web_Mobile,Mumbai,765.57,0
TXN0000018364,CUST003337,2025-08-22 11:00:36,NEFT,17273.13,Online_Shopping,Web_Desktop,Delhi,1505.65,0
TXN0000005099,CUST000932,2025-09-15 22:34:33,UPI,15027.74,Online_Shopping,Web_Desktop,Chennai,1399.7,0
TXN0000023393,CUST004263,2025-09-12 20:33:37,RTGS,1837133.41,Food,Web_Mobile,Mumbai,171.66,1
TXN0000018791,CUST003410,2025-09-30 03:00:36,UPI,29796.58,Fuel,Web_Mobile,Chennai,1992.26,0
TXN0000016585,CUST003017,2025-09-17 22:27:36,NEFT,225279.29,Education,ATM,Kolkata,458.12,0
TXN0000008575,CUST001562,2025-10-28 18:38:34,UPI,25220.15,Retail,Web_Mobile,Delhi,1985.46,0
TXN0000009771,CUST001788,2025-10-14 14:38:34,RTGS,421100.39,Online_Shopping,Mobile_Android,Pune,632.13,0
TXN0000009404,CUST001720,2025-10-02 01:00:34,UPI,9403.62,Online_Shopping,ATM,Mumbai,816.29,0
TXN0000004485,CUST000814,2025-09-02 03:40:33,RTGS,306314.64,Healthcare,Web_Mobile,Kolkata,564.74,0
TXN0000015484,CUST002822,2025-09-15 23:19:35,IMPS,21039.96,Education,Web_Desktop,Mumbai,1810.53,0
TXN0000021568,CUST003917,2025-10-23 18:56:37,UPI,28072.73,Utilities,Web_Mobile,Delhi,1435.18,0
TXN0000025930,CUST004724,2025-08-14 09:05:38,NEFT,176679.39,Online_Shopping,Mobile_Android,Mumbai,1708.56,0
TXN0000016804,CUST003060,2025-08-20 16:12:36,Card_Payment,82214.02,Food,Web_Mobile,Hyderabad,769.72,0
TXN0000000346,CUST000068,2025-09-21 06:19:32,UPI,11554.28,Entertainment,Mobile_iOS,Bangalore,364.34,0
TXN0000001570,CUST000281,2025-09-01 20:47:32,UPI,13443.54,Online_Shopping,ATM,Bangalore,1338.11,0
TXN0000026836,CUST004897,2025-10-20 10:43:38,ATM_Withdrawal,5000.0,Education,Web_Mobile,Hyderabad,1532.21,0
TXN0000016937,CUST003081,2025-08-06 14:05:36,RTGS,1835702.16,Fuel,Web_Desktop,Pune,1099.69,0
TXN0000015819,CUST002885,2025-10-10 09:15:35,IMPS,103259.22,Utilities,ATM,Hyderabad,556.73,0
TXN0000022671,CUST004124,2025-09-22 14:38:37,NEFT,57518.54,Online_Shopping,Web_Desktop,Chennai,1078.95,0
TXN0000021036,CUST003822,2025-08-19 18:16:37,UPI,41064.98,Retail,Web_Mobile,Bangalore,1733.98,0
TXN0000016607,CUST003020,2025-08-12 10:56:36,UPI,41142.99,Other,Mobile_Android,Bangalore,1209.07,0
TXN0000006601,CUST001216,2025-10-08 16:53:33,UPI,11650.12,Healthcare,Mobile_iOS,Kolkata,748.76,0
TXN0000018869,CUST003427,2025-08-29 01:21:36,RTGS,1129825.55,Healthcare,Mobile_iOS,Other,725.57,0
TXN0000005226,CUST000957,2025-10-02 23:54:33,IMPS,148736.97,Online_Shopping,Web_Mobile,Hyderabad,1217.87,0
TXN0000004207,CUST000762,2025-10-25 17:07:33,UPI,22873.62,Online_Shopping,Mobile_Android,Bangalore,1169.82,0
TXN0000018758,CUST003405,2025-10-31 01:46:36,NEFT,132200.08,Fuel,ATM,Pune,1023.37,0
TXN0000016870,CUST003070,2025-08-17 02:19:36,NEFT,171940.34,Food,Mobile_Android,Kolkata,1895.25,0
TXN0000019181,CUST003486,2025-09-13 19:57:36,UPI,18930.38,Entertainment,Web_Mobile,Mumbai,242.9,0
TXN0000013251,CUST002410,2025-08-27 14:48:35,RTGS,717251.54,Fuel,Web_Desktop,Bangalore,1011.92,0
TXN0000024089,CUST004395,2025-09-07 19:44:37,Card_Payment,91945.27,Utilities,Web_Desktop,Kolkata,1749.88,0
TXN0000006174,CUST001134,2025-10-17 09:57:33,Card_Payment,83248.71,Food,Web_Desktop,Bangalore,285.95,0
TXN0000020922,CUST003800,2025-10-29 10:27:36,IMPS,111508.31,Entertainment,ATM,Other,625.19,0
TXN0000015396,CUST002805,2025-10-24 00:07:35,IMPS,56476.51,Fuel,Web_Desktop,Chennai,310.89,0
TXN0000014130,CUST002572,2025-09-26 05:02:35,ATM_Withdrawal,10000.0,Online_Shopping,Mobile_iOS,Mumbai,659.71,0
TXN0000013348,CUST002427,2025-09-13 23:03:35,IMPS,26146.55,Utilities,Mobile_iOS,Ahmedabad,1303.08,0
TXN0000015036,CUST002731,2025-08-27 07:11:35,NEFT,383436.11,Retail,Web_Mobile,Ahmedabad,828.6,0
TXN0000020273,CUST003680,2025-08-08 06:21:36,UPI,35610.27,Healthcare,Mobile_iOS,Pune,927.25,0
TXN0000019630,CUST003564,2025-08-08 01:44:36,IMPS,26585.47,Fuel,Web_Desktop,Hyderabad,1265.7,0
TXN0000014317,CUST002608,2025-10-11 12:55:35,UPI,21190.68,Healthcare,Web_Mobile,Hyderabad,1655.84,0
TXN0000024095,CUST004395,2025-09-01 21:19:37,ATM_Withdrawal,2000.0,Healthcare,ATM,Kolkata,779.66,0
TXN0000015772,CUST002879,2025-09-12 10:17:35,IMPS,118410.33,Travel,Web_Desktop,Delhi,891.35,0
TXN0000026235,CUST004788,2025-10-07 03:19:38,UPI,39767.28,Retail,Web_Desktop,Bangalore,799.24,0
TXN0000006509,CUST001197,2025-08-09 11:11:33,UPI,48176.04,Fuel,Mobile_Android,Bangalore,1919.9,0
TXN0000005721,CUST001056,2025-10-27 03:51:33,UPI,33602.58,Utilities,Mobile_iOS,Pune,1867.02,0
TXN0000025346,CUST004614,2025-10-27 05:43:37,ATM_Withdrawal,10000.0,Food,Web_Mobile,Mumbai,983.75,0
TXN0000007947,CUST001453,2025-10-12 08:42:34,IMPS,104515.66,Fuel,Web_Mobile,Pune,359.98,1
TXN0000007691,CUST001407,2025-09-19 19:14:34,IMPS,58864.56,Entertainment,Mobile_Android,Ahmedabad,1087.74,0
TXN0000006335,CUST001161,2025-08-05 12:10:33,Card_Payment,57877.4,Fuel,Mobile_Android,Hyderabad,1741.11,0
TXN0000026348,CUST004809,2025-08-26 15:08:38,RTGS,1012472.1,Fuel,ATM,Ahmedabad,1140.97,0
TXN0000004844,CUST000883,2025-10-01 10:49:33,IMPS,20721.43,Retail,ATM,Delhi,1354.13,0
TXN0000025231,CUST004592,2025-09-10 02:51:37,NEFT,204724.93,Other,Web_Desktop,Ahmedabad,382.2,1
TXN0000015665,CUST002856,2025-08-22 10:38:35,Card_Payment,95285.21,Food,ATM,Mumbai,1540.53,0
TXN0000008833,CUST001606,2025-08-19 09:12:34,UPI,45693.48,Education,Mobile_Android,Delhi,1889.53,0
TXN0000012970,CUST002360,2025-10-19 02:08:35,IMPS,150210.82,Food,ATM,Ahmedabad,595.03,0
TXN0000007354,CUST001353,2025-08-17 13:38:34,UPI,12285.52,Healthcare,Mobile_iOS,Chennai,1149.86,0
TXN0000001183,CUST000216,2025-08-15 23:04:32,NEFT,228897.46,Entertainment,ATM,Mumbai,598.41,0
TXN0000017060,CUST003107,2025-09-18 11:24:36,UPI,5193.58,Healthcare,Mobile_iOS,Pune,795.02,0
TXN0000005827,CUST001072,2025-08-06 11:30:33,Card_Payment,1226.26,Food,Web_Mobile,Mumbai,1921.66,0
TXN0000007257,CUST001338,2025-10-05 11:56:34,IMPS,82657.23,Education,Web_Desktop,Chennai,476.75,0
TXN0000024480,CUST004463,2025-10-22 00:26:37,UPI,33653.18,Fuel,Mobile_iOS,Pune,1319.36,0
TXN0000009649,CUST001764,2025-10-11 21:10:34,UPI,12791.81,Utilities,ATM,Pune,1356.55,0
TXN0000015135,CUST002749,2025-08-14 21:07:35,NEFT,291600.8,Travel,Web_Desktop,Kolkata,992.8,0
TXN0000003097,CUST000566,2025-09-22 04:54:33,ATM_Withdrawal,2000.0,Utilities,Mobile_Android,Kolkata,1032.29,0
TXN0000024051,CUST004390,2025-08-06 04:59:37,IMPS,156500.47,Utilities,Web_Desktop,Delhi,989.51,0
TXN0000020473,CUST003715,2025-10-28 00:25:36,NEFT,110164.51,Other,ATM,Chennai,662.57,0
TXN0000012325,CUST002245,2025-10-22 02:18:35,ATM_Withdrawal,10000.0,Utilities,Mobile_Android,Pune,1355.93,0
TXN0000011833,CUST002157,2025-08-07 13:21:35,NEFT,487210.36,Entertainment,Mobile_iOS,Delhi,267.45,0
TXN0000011375,CUST002077,2025-09-20 10:44:34,IMPS,188479.82,Retail,Web_Mobile,Hyderabad,1867.26,0
TXN0000006259,CUST001148,2025-09-16 16:07:33,Card_Payment,42280.17,Education,Web_Desktop,Mumbai,1022.15,0
TXN0000007654,CUST001402,2025-10-18 02:07:34,UPI,34826.42,Entertainment,Mobile_iOS,Chennai,1045.49,0
TXN0000021359,CUST003878,2025-09-24 06:54:37,ATM_Withdrawal,20000.0,Food,ATM,Mumbai,1379.99,0
TXN0000009929,CUST001818,2025-10-03 23:09:34,IMPS,45140.55,Education,Web_Mobile,Bangalore,1360.16,0
TXN0000015064,CUST002737,2025-10-14 03:17:35,UPI,49476.73,Education,ATM,Ahmedabad,1653.99,0
TXN0000003580,CUST000647,2025-09-13 13:51:33,UPI,40431.45,Utilities,ATM,Ahmedabad,253.73,0
TXN0000019912,CUST003620,2025-10-06 20:42:36,UPI,37852.1,Utilities,Mobile_Android,Chennai,344.1,0
TXN0000010494,CUST001919,2025-10-28 15:00:34,UPI,1609.66,Utilities,Mobile_Android,Bangalore,487.06,0
TXN0000014765,CUST002678,2025-10-31 00:45:35,ATM_Withdrawal,20000.0,Fuel,Web_Desktop,Ahmedabad,1538.98,0
TXN0000010455,CUST001912,2025-09-18 17:59:34,Card_Payment,27288.35,Online_Shopping,Mobile_iOS,Bangalore,117.67,1
TXN0000001805,CUST000332,2025-10-27 19:34:32,NEFT,125527.87,Other,ATM,Chennai,214.31,0
TXN0000013990,CUST002548,2025-09-07 10:10:35,ATM_Withdrawal,5000.0,Entertainment,Mobile_iOS,Mumbai,1394.37,0
TXN0000017979,CUST003271,2025-08-25 01:45:36,UPI,19233.46,Online_Shopping,Mobile_iOS,Hyderabad,1900.91,0
TXN0000007316,CUST001346,2025-08-15 10:30:34,NEFT,107376.61,Other,Mobile_iOS,Chennai,1161.8,0
TXN0000020717,CUST003758,2025-09-05 00:31:36,UPI,6765.89,Travel,Web_Desktop,Ahmedabad,1026.88,0
TXN0000002765,CUST000505,2025-11-02 21:06:33,NEFT,355531.83,Retail,Mobile_iOS,Mumbai,1192.83,0
TXN0000014965,CUST002719,2025-09-19 10:23:35,UPI,24457.86,Fuel,Web_Desktop,Bangalore,1472.66,0
TXN0000005534,CUST001019,2025-10-14 17:45:33,Card_Payment,6934.95,Retail,ATM,Chennai,1912.37,0
TXN0000024216,CUST004419,2025-09-02 00:22:37,NEFT,359955.19,Entertainment,ATM,Chennai,1714.47,0
TXN0000017268,CUST003146,2025-10-23 23:55:36,UPI,39420.48,Education,ATM,Hyderabad,1845.89,0
TXN0000027173,CUST004958,2025-09-25 04:40:38,IMPS,141896.92,Healthcare,Mobile_Android,Pune,1237.45,0
TXN0000017647,CUST003217,2025-10-24 14:48:36,IMPS,186699.46,Healthcare,Web_Desktop,Ahmedabad,924.97,0
TXN0000003712,CUST000668,2025-09-07 03:42:33,UPI,13804.98,Online_Shopping,Mobile_Android,Mumbai,329.9,0
TXN0000014971,CUST002719,2025-10-04 08:09:35,IMPS,98315.26,Food,Web_Desktop,Ahmedabad,235.84,0
TXN0000024769,CUST004513,2025-08-16 17:47:37,ATM_Withdrawal,2000.0,Online_Shopping,Web_Mobile,Kolkata,1005.17,0
TXN0000026795,CUST004888,2025-08-24 00:44:38,UPI,240.14,Retail,Web_Mobile,Bangalore,360.54,0
TXN0000003708,CUST000668,2025-09-04 07:15:33,RTGS,273628.75,Utilities,Mobile_Android,Mumbai,302.53,0
TXN0000000035,CUST000007,2025-09-21 12:29:32,IMPS,198537.32,Online_Shopping,Web_Mobile,Pune,1928.93,0
TXN0000015981,CUST002910,2025-10-14 08:25:35,UPI,21978.18,Food,ATM,Delhi,845.85,0
TXN0000016144,CUST002935,2025-08-31 23:43:35,UPI,3394.06,Entertainment,Mobile_Android,Other,778.54,0
TXN0000015924,CUST002901,2025-09-01 18:31:35,Card_Payment,17206.52,Education,Web_Desktop,Ahmedabad,1473.53,0
TXN0000001924,CUST000354,2025-08-11 16:45:32,IMPS,94051.61,Travel,Mobile_Android,Pune,1834.75,0
TXN0000000262,CUST000055,2025-09-27 14:44:32,IMPS,147521.84,Entertainment,Mobile_iOS,Pune,398.33,0
TXN0000007259,CUST001338,2025-10-19 20:10:34,IMPS,1547.32,Other,Web_Mobile,Chennai,1882.32,0
TXN0000008940,CUST001626,2025-10-17 14:17:34,UPI,27294.28,Food,Web_Mobile,Delhi,1916.46,0
TXN0000026349,CUST004809,2025-08-31 23:19:38,IMPS,194067.56,Travel,Web_Mobile,Ahmedabad,404.48,0
TXN0000003695,CUST000665,2025-08-22 14:11:33,UPI,15608.25,Fuel,Mobile_iOS,Kolkata,535.07,0
TXN0000012785,CUST002329,2025-08-25 20:11:35,IMPS,12592.21,Travel,Mobile_iOS,Delhi,846.51,0
TXN0000008830,CUST001604,2025-08-15 22:16:34,UPI,24581.15,Healthcare,Mobile_Android,Bangalore,817.76,0
TXN0000023668,CUST004314,2025-10-08 19:48:37,ATM_Withdrawal,5000.0,Fuel,ATM,Delhi,1378.63,0
TXN0000022839,CUST004152,2025-08-16 19:55:37,RTGS,770659.34,Food,Web_Mobile,Kolkata,1315.96,0
TXN0000023913,CUST004365,2025-10-30 09:15:37,UPI,4066.37,Healthcare,Mobile_iOS,Delhi,405.05,0
TXN0000026999,CUST004926,2025-09-05 13:42:38,UPI,2547.85,Online_Shopping,Web_Desktop,Pune,1746.33,0
TXN0000021459,CUST003897,2025-10-10 23:33:37,Card_Payment,68430.58,Retail,Mobile_iOS,Bangalore,523.37,0
TXN0000021702,CUST003944,2025-09-12 15:50:37,IMPS,14857.6,Entertainment,Web_Desktop,Ahmedabad,1327.57,0
TXN0000009486,CUST001736,2025-08-23 19:16:34,Card_Payment,9289.18,Food,Mobile_Android,Delhi,631.71,0
TXN0000022977,CUST004178,2025-10-08 02:26:37,IMPS,80378.49,Retail,Mobile_Android,Pune,269.06,1
TXN0000006880,CUST001268,2025-08-30 04:14:34,UPI,8933.38,Education,Mobile_Android,Ahmedabad,1518.81,0
TXN0000005512,CUST001016,2025-08-13 05:56:33,UPI,7141.23,Online_Shopping,Web_Desktop,Bangalore,677.27,0
TXN0000025270,CUST004602,2025-09-24 19:06:37,ATM_Withdrawal,10000.0,Food,Web_Mobile,Hyderabad,1035.95,0
TXN0000006727,CUST001242,2025-10-31 00:34:34,IMPS,111868.49,Healthcare,ATM,Kolkata,1085.14,0
TXN0000022031,CUST004010,2025-10-02 13:59:37,IMPS,9523.11,Entertainment,Web_Mobile,Chennai,1674.62,0
TXN0000016256,CUST002954,2025-10-03 08:38:36,UPI,47908.26,Travel,Web_Desktop,Bangalore,1697.38,0
TXN0000006423,CUST001180,2025-10-24 05:19:33,IMPS,137273.35,Education,Web_Mobile,Bangalore,301.59,0
TXN0000025307,CUST004609,2025-10-03 07:17:37,IMPS,10538.02,Retail,Web_Mobile,Mumbai,722.74,0
TXN0000008365,CUST001526,2025-09-23 14:37:34,UPI,27041.84,Retail,ATM,Delhi,519.6,0
TXN0000026246,CUST004792,2025-08-16 16:50:38,RTGS,206132.87,Utilities,Web_Desktop,Hyderabad,419.08,1
TXN0000019071,CUST003467,2025-09-22 14:21:36,NEFT,400970.72,Food,Web_Desktop,Bangalore,449.14,1
TXN0000011898,CUST002173,2025-09-23 19:59:35,Card_Payment,43456.19,Entertainment,Mobile_Android,Mumbai,314.57,0
TXN0000001104,CUST000203,2025-10-07 02:58:32,IMPS,97713.35,Entertainment,Web_Desktop,Hyderabad,358.32,0
TXN0000018969,CUST003445,2025-10-21 22:49:36,NEFT,420936.48,Entertainment,Mobile_Android,Ahmedabad,498.96,1
TXN0000018600,CUST003381,2025-08-30 18:38:36,UPI,5864.81,Fuel,Mobile_iOS,Mumbai,318.34,0
TXN0000020632,CUST003744,2025-08-30 15:54:36,Card_Payment,17282.98,Travel,Web_Desktop,Ahmedabad,1801.11,0
TXN0000002715,CUST000494,2025-08-20 04:44:33,UPI,21276.13,Healthcare,Mobile_Android,Other,1304.31,0
TXN0000005513,CUST001016,2025-08-07 22:02:33,IMPS,75909.58,Food,Web_Desktop,Bangalore,528.08,0
TXN0000010864,CUST001983,2025-08-28 23:10:34,IMPS,46061.59,Utilities,Web_Mobile,Hyderabad,1665.57,0
TXN0000018868,CUST003427,2025-10-02 07:19:36,NEFT,143225.29,Fuel,Mobile_iOS,Mumbai,254.29,0
TXN0000002347,CUST000432,2025-09-24 08:15:33,IMPS,135888.95,Travel,Web_Mobile,Ahmedabad,1735.39,0
TXN0000013095,CUST002384,2025-10-10 08:08:35,NEFT,310479.38,Other,ATM,Mumbai,376.69,0
TXN0000011757,CUST002145,2025-09-21 00:43:35,UPI,45279.98,Travel,Mobile_iOS,Hyderabad,1440.71,0
TXN0000025028,CUST004557,2025-08-23 01:01:37,UPI,29194.0,Fuel,Mobile_iOS,Pune,206.94,0
TXN0000023731,CUST004324,2025-09-23 15:19:37,IMPS,114125.91,Healthcare,Web_Desktop,Bangalore,1826.65,0
TXN0000011032,CUST002012,2025-08-05 03:38:34,RTGS,1304934.82,Fuel,Web_Desktop,Chennai,1610.55,0
TXN0000010629,CUST001942,2025-10-21 00:37:34,IMPS,7523.19,Education,Mobile_Android,Bangalore,1263.27,0
TXN0000020594,CUST003736,2025-09-18 04:42:36,UPI,25444.7,Healthcare,ATM,Kolkata,1639.94,0
TXN0000011784,CUST002150,2025-10-23 08:28:35,IMPS,46039.81,Travel,Web_Mobile,Mumbai,1993.26,0
TXN0000011216,CUST002049,2025-09-20 19:57:34,RTGS,573994.89,Utilities,ATM,Mumbai,742.52,0
TXN0000019764,CUST003593,2025-08-11 12:40:36,NEFT,259383.22,Food,Web_Mobile,Kolkata,710.25,0
TXN0000005419,CUST000997,2025-10-01 07:22:33,ATM_Withdrawal,2000.0,Food,Web_Desktop,Bangalore,471.62,0
TXN0000005333,CUST000980,2025-10-27 04:31:33,NEFT,498749.53,Fuel,Web_Mobile,Bangalore,654.76,0
TXN0000008055,CUST001474,2025-10-07 09:00:34,NEFT,477808.17,Retail,Mobile_Android,Delhi,603.88,0
TXN0000027310,CUST004983,2025-09-18 06:36:38,IMPS,55780.75,Healthcare,Web_Desktop,Hyderabad,1165.05,0
TXN0000009850,CUST001801,2025-09-21 16:35:34,RTGS,1768591.74,Travel,Web_Desktop,Hyderabad,805.68,0
TXN0000016353,CUST002973,2025-10-19 07:53:36,IMPS,131656.72,Food,Web_Desktop,Ahmedabad,1357.79,0
TXN0000014419,CUST002621,2025-08-16 10:00:35,NEFT,156626.96,Retail,Mobile_iOS,Ahmedabad,1909.09,0
TXN0000009543,CUST001745,2025-09-08 22:51:34,ATM_Withdrawal,20000.0,Travel,ATM,Kolkata,1497.47,0
TXN0000018799,CUST003412,2025-10-23 20:02:36,IMPS,71629.74,Healthcare,Mobile_Android,Delhi,1324.71,0
TXN0000026943,CUST004917,2025-08-29 01:09:38,RTGS,971901.89,Online_Shopping,Web_Mobile,International,1024.21,0
TXN0000010902,CUST001990,2025-10-23 06:29:34,Card_Payment,3090.55,Utilities,Web_Mobile,Other,1429.59,0
TXN0000026834,CUST004896,2025-09-09 10:07:38,NEFT,128822.44,Other,Mobile_Android,Bangalore,1028.42,0
TXN0000002975,CUST000542,2025-10-30 16:52:33,UPI,38399.22,Food,Web_Desktop,Delhi,572.53,0
TXN0000002509,CUST000461,2025-09-28 13:10:33,RTGS,1663364.04,Food,Mobile_iOS,Ahmedabad,1199.44,0
TXN0000019423,CUST003530,2025-10-11 06:10:36,UPI,13021.2,Retail,Mobile_Android,Bangalore,1112.54,0
TXN0000007768,CUST001423,2025-10-20 06:49:34,UPI,33114.16,Fuel,Web_Mobile,Ahmedabad,1736.83,0
TXN0000001442,CUST000258,2025-09-15 03:27:32,IMPS,24987.11,Entertainment,ATM,Delhi,1803.74,0
TXN0000027064,CUST004939,2025-08-14 02:25:38,UPI,9825.88,Other,Mobile_Android,Mumbai,228.14,0
TXN0000003920,CUST000708,2025-08-08 19:28:33,RTGS,352143.04,Online_Shopping,Mobile_Android,Ahmedabad,446.06,0
TXN0000025519,CUST004643,2025-08-29 21:24:37,UPI,35548.78,Utilities,Web_Desktop,Chennai,1478.74,0
TXN0000013677,CUST002489,2025-10-18 04:06:35,IMPS,130373.75,Fuel,Web_Desktop,Bangalore,591.3,0
TXN0000023056,CUST004189,2025-08-09 13:19:37,RTGS,491550.2,Healthcare,Web_Desktop,Ahmedabad,1153.9,0
TXN0000011068,CUST002021,2025-10-29 14:42:34,UPI,4317.42,Healthcare,Mobile_Android,Mumbai,1898.11,0
TXN0000007851,CUST001439,2025-08-29 19:21:34,NEFT,11105.77,Healthcare,Web_Desktop,Delhi,1562.73,0
TXN0000006760,CUST001248,2025-09-21 01:22:34,IMPS,113594.88,Travel,Web_Mobile,Kolkata,655.28,0
TXN0000025761,CUST004689,2025-10-28 17:22:37,UPI,42254.24,Fuel,Web_Mobile,Hyderabad,1907.48,0
TXN0000014453,CUST002626,2025-08-10 15:13:35,UPI,44825.69,Fuel,ATM,Chennai,1841.16,0
TXN0000010024,CUST001836,2025-08-23 00:31:34,IMPS,58671.89,Utilities,Mobile_iOS,Chennai,1960.49,0
TXN0000010370,CUST001896,2025-08-11 13:20:34,IMPS,135915.89,Utilities,Web_Mobile,Kolkata,1967.44,0
TXN0000015050,CUST002733,2025-11-03 01:49:35,RTGS,719067.94,Retail,ATM,Bangalore,838.95,0
TXN0000021389,CUST003885,2025-09-24 08:09:37,UPI,29775.96,Utilities,Web_Mobile,Mumbai,1737.88,0
TXN0000020679,CUST003751,2025-08-11 04:09:36,UPI,25430.52,Food,ATM,Bangalore,1406.74,0
TXN0000005929,CUST001089,2025-10-01 19:35:33,IMPS,56421.96,Other,Web_Desktop,Mumbai,218.05,0
TXN0000017306,CUST003155,2025-10-22 18:06:36,Card_Payment,70564.73,Fuel,Mobile_iOS,Mumbai,1925.68,0
TXN0000017739,CUST003232,2025-08-14 04:39:36,NEFT,471257.53,Other,Web_Mobile,Ahmedabad,573.45,0
TXN0000018340,CUST003334,2025-09-04 18:18:36,Card_Payment,29565.02,Entertainment,Mobile_Android,Hyderabad,1111.74,0
TXN0000010072,CUST001845,2025-10-13 18:22:34,NEFT,498062.13,Other,Mobile_iOS,Ahmedabad,1161.11,0
TXN0000008411,CUST001533,2025-10-27 20:49:34,UPI,26875.43,Education,Mobile_iOS,Bangalore,176.36,1
TXN0000015214,CUST002769,2025-10-03 03:14:35,NEFT,29673.5,Healthcare,Mobile_Android,Pune,1586.03,0
TXN0000013015,CUST002369,2025-10-15 08:49:35,UPI,37285.73,Healthcare,Mobile_iOS,Delhi,1324.38,0
TXN0000021774,CUST003962,2025-09-13 00:42:37,NEFT,487122.78,Travel,ATM,Mumbai,844.91,0
TXN0000006742,CUST001245,2025-09-14 20:51:34,ATM_Withdrawal,20000.0,Other,Mobile_iOS,Ahmedabad,1218.59,0
TXN0000018820,CUST003416,2025-10-26 11:35:36,RTGS,1063402.9,Fuel,Web_Desktop,Delhi,295.12,0
TXN0000012793,CUST002330,2025-08-13 21:26:35,UPI,24715.47,Food,Mobile_iOS,Pune,1181.32,0
TXN0000002852,CUST000519,2025-10-21 17:59:33,IMPS,120672.16,Other,Web_Desktop,Other,1878.33,0
TXN0000016857,CUST003068,2025-10-29 02:54:36,RTGS,1939132.26,Travel,Mobile_iOS,Chennai,1325.65,0
TXN0000005228,CUST000957,2025-08-21 22:55:33,UPI,8741.21,Healthcare,Web_Mobile,Hyderabad,1290.67,0
TXN0000008378,CUST001528,2025-09-14 03:57:34,IMPS,172748.23,Entertainment,Mobile_Android,Hyderabad,451.83,0
TXN0000013021,CUST002370,2025-08-05 17:15:35,UPI,20021.22,Healthcare,Mobile_Android,Bangalore,974.27,0
TXN0000004144,CUST000749,2025-08-20 13:25:33,NEFT,20882.8,Healthcare,Web_Desktop,Hyderabad,1542.87,0
TXN0000009576,CUST001751,2025-08-07 04:21:34,IMPS,3794.72,Other,Mobile_iOS,Hyderabad,339.21,0
TXN0000010139,CUST001856,2025-10-26 06:05:34,IMPS,126784.46,Fuel,Web_Desktop,Kolkata,899.91,0
TXN0000019634,CUST003565,2025-10-13 23:01:36,UPI,39135.56,Travel,ATM,Chennai,995.44,0
TXN0000001228,CUST000221,2025-09-09 18:57:32,IMPS,36661.54,Education,Mobile_iOS,Delhi,405.82,0
TXN0000020832,CUST003784,2025-08-06 09:09:36,NEFT,243625.68,Food,Web_Desktop,Delhi,1743.27,0
TXN0000011454,CUST002090,2025-10-26 21:54:35,NEFT,362984.3,Other,Mobile_iOS,Hyderabad,660.92,0
TXN0000007336,CUST001350,2025-08-25 06:44:34,RTGS,431008.74,Entertainment,Web_Mobile,Pune,1665.31,0
TXN0000002859,CUST000520,2025-10-20 19:52:33,ATM_Withdrawal,5000.0,Healthcare,Web_Mobile,Bangalore,810.16,0
TXN0000009622,CUST001760,2025-09-08 01:57:34,UPI,7396.32,Healthcare,ATM,Mumbai,1146.65,0
TXN0000014304,CUST002606,2025-09-17 13:54:35,IMPS,16099.81,Utilities,Mobile_iOS,Delhi,577.54,0
TXN0000013979,CUST002546,2025-08-06 15:14:35,NEFT,257365.31,Entertainment,Mobile_Android,Ahmedabad,482.9,0
TXN0000006035,CUST001110,2025-09-15 09:56:33,UPI,4185.22,Entertainment,Web_Desktop,Chennai,775.1,0
TXN0000023064,CUST004192,2025-08-19 21:33:37,RTGS,363347.91,Utilities,ATM,Kolkata,601.2,0
TXN0000003726,CUST000670,2025-09-07 23:09:33,Card_Payment,4976.01,Retail,Mobile_iOS,Hyderabad,1302.86,0
TXN0000015498,CUST002825,2025-08-07 18:07:35,RTGS,1598528.05,Travel,Mobile_iOS,Hyderabad,484.43,0
TXN0000003758,CUST000676,2025-10-11 05:19:33,UPI,24081.59,Utilities,ATM,Hyderabad,790.28,0
TXN0000015759,CUST002874,2025-10-28 10:09:35,RTGS,1498497.73,Online_Shopping,Mobile_iOS,Bangalore,1176.86,0
TXN0000024663,CUST004495,2025-08-23 11:52:37,UPI,44522.47,Education,ATM,Chennai,463.49,0
TXN0000019867,CUST003613,2025-11-02 07:50:36,Card_Payment,69638.39,Entertainment,Web_Mobile,Hyderabad,787.76,0
TXN0000024504,CUST004468,2025-08-28 21:34:37,Card_Payment,36857.24,Other,Web_Desktop,Chennai,1081.78,0
TXN0000005517,CUST001017,2025-08-26 23:02:33,IMPS,187921.25,Retail,Web_Mobile,Ahmedabad,1306.23,0
TXN0000017385,CUST003167,2025-10-11 09:36:36,IMPS,57998.07,Travel,Mobile_Android,Kolkata,556.02,0
TXN0000014808,CUST002688,2025-10-31 15:13:35,IMPS,83889.3,Education,Mobile_Android,Ahmedabad,840.11,0
TXN0000011305,CUST002063,2025-09-16 01:39:34,RTGS,1129150.67,Education,Web_Desktop,Pune,807.48,0
TXN0000023114,CUST004204,2025-08-06 02:11:37,Card_Payment,2969.93,Food,ATM,Ahmedabad,1715.7,0
TXN0000026601,CUST004857,2025-08-08 04:57:38,Card_Payment,19068.1,Entertainment,Mobile_iOS,Kolkata,1548.2,0
TXN0000000776,CUST000148,2025-08-23 11:38:32,RTGS,1829515.4,Fuel,Web_Mobile,Chennai,728.8,0
TXN0000008475,CUST001547,2025-09-03 08:32:34,Card_Payment,54895.4,Entertainment,Mobile_Android,Chennai,823.0,0
TXN0000004171,CUST000754,2025-10-10 10:49:33,NEFT,277061.96,Healthcare,Mobile_iOS,Mumbai,1479.56,0
TXN0000012909,CUST002351,2025-10-25 17:45:35,RTGS,1960872.06,Online_Shopping,Mobile_Android,Delhi,658.19,0
TXN0000006070,CUST001115,2025-10-24 19:20:33,UPI,18257.36,Entertainment,Web_Mobile,Mumbai,1931.99,0
TXN0000019467,CUST003538,2025-08-21 10:38:36,IMPS,132791.84,Retail,Mobile_iOS,Kolkata,714.95,0
TXN0000012291,CUST002241,2025-09-18 22:00:35,Card_Payment,80191.57,Retail,Web_Desktop,Bangalore,1449.03,0
TXN0000023952,CUST004373,2025-09-08 01:47:37,UPI,9488.95,Retail,Web_Mobile,Pune,1260.53,0
TXN0000012888,CUST002347,2025-10-15 04:30:35,Card_Payment,71661.67,Travel,Mobile_Android,Bangalore,275.33,1
TXN0000004606,CUST000839,2025-10-24 16:51:33,UPI,46355.37,Fuel,Web_Mobile,Mumbai,530.81,0
TXN0000014711,CUST002668,2025-08-05 22:35:35,IMPS,186075.8,Travel,Mobile_iOS,Bangalore,595.09,0
TXN0000018348,CUST003336,2025-10-24 04:30:36,RTGS,329347.22,Fuel,Web_Desktop,Bangalore,1712.75,0
TXN0000020331,CUST003691,2025-10-31 20:59:36,Card_Payment,96361.7,Other,ATM,Hyderabad,646.51,0
TXN0000012215,CUST002230,2025-09-06 03:35:35,Card_Payment,22072.94,Utilities,Web_Mobile,Delhi,1756.66,0
TXN0000003351,CUST000607,2025-11-02 19:33:33,UPI,10188.05,Utilities,ATM,Ahmedabad,653.31,0
TXN0000008257,CUST001508,2025-09-17 15:14:34,RTGS,1714289.68,Healthcare,Mobile_Android,Ahmedabad,973.82,0
TXN0000023866,CUST004357,2025-10-21 23:49:37,IMPS,95972.75,Retail,Mobile_iOS,Hyderabad,188.26,1
TXN0000002169,CUST000401,2025-08-11 14:49:33,RTGS,477218.02,Education,ATM,Delhi,636.03,0
TXN0000026238,CUST004789,2025-10-25 03:10:38,IMPS,5168.4,Travel,Mobile_iOS,Other,934.82,0
TXN0000011294,CUST002061,2025-09-03 04:05:34,RTGS,571928.72,Fuel,Mobile_Android,Pune,875.86,0
TXN0000005415,CUST000997,2025-09-16 09:24:33,UPI,44417.3,Education,Mobile_iOS,Bangalore,850.72,0
TXN0000018311,CUST003329,2025-10-14 22:17:36,RTGS,1481689.6,Entertainment,Mobile_Android,Bangalore,1564.76,0
TXN0000012367,CUST002251,2025-10-26 19:43:35,UPI,35255.15,Education,Web_Mobile,Ahmedabad,1384.99,0
TXN0000025948,CUST004728,2025-10-30 11:54:38,NEFT,260032.22,Fuel,Mobile_Android,Mumbai,1253.17,0
TXN0000005486,CUST001013,2025-10-11 07:56:33,NEFT,293715.88,Fuel,Web_Mobile,Hyderabad,1197.99,0
TXN0000025539,CUST004647,2025-08-10 03:35:37,NEFT,262832.73,Food,Web_Desktop,Mumbai,1042.0,0
TXN0000011888,CUST002171,2025-09-26 08:59:35,UPI,34995.31,Entertainment,Mobile_iOS,Delhi,1384.0,0
TXN0000010575,CUST001933,2025-08-09 23:11:34,IMPS,183841.91,Online_Shopping,Mobile_iOS,Bangalore,1141.47,0
TXN0000021172,CUST003843,2025-10-27 21:31:37,NEFT,64763.12,Retail,ATM,Kolkata,791.53,0
TXN0000014062,CUST002562,2025-09-23 06:30:35,NEFT,13329.46,Entertainment,Mobile_Android,Pune,1340.6,0
TXN0000014402,CUST002618,2025-08-31 07:03:35,IMPS,181490.82,Retail,Web_Mobile,Pune,813.98,0
TXN0000017426,CUST003174,2025-08-15 14:14:36,UPI,33741.17,Retail,Web_Desktop,Delhi,538.26,0
TXN0000013611,CUST002475,2025-09-26 17:21:35,RTGS,413609.8,Healthcare,Web_Mobile,Pune,249.54,0
TXN0000008299,CUST001514,2025-10-20 00:02:34,IMPS,66625.65,Healthcare,ATM,Kolkata,517.9,0
TXN0000005355,CUST000986,2025-10-31 17:22:33,NEFT,256801.19,Retail,Web_Mobile,Hyderabad,521.51,0
TXN0000015023,CUST002728,2025-11-02 13:16:35,UPI,2039.14,Utilities,Mobile_iOS,Kolkata,949.58,0
TXN0000002773,CUST000506,2025-09-29 23:53:33,RTGS,1927468.39,Healthcare,Mobile_iOS,Kolkata,729.52,0
TXN0000015952,CUST002906,2025-09-16 02:52:35,ATM_Withdrawal,5000.0,Entertainment,Web_Desktop,Chennai,630.76,0
TXN0000005881,CUST001082,2025-09-18 16:36:33,IMPS,103365.61,Retail,Mobile_Android,Mumbai,526.1,0
TXN0000009843,CUST001800,2025-08-30 11:44:34,UPI,44750.65,Retail,Mobile_iOS,Ahmedabad,593.77,0
TXN0000022811,CUST004148,2025-10-09 20:19:37,Card_Payment,75486.45,Other,Mobile_iOS,Delhi,635.31,0
TXN0000026577,CUST004851,2025-08-22 16:49:38,UPI,26351.17,Utilities,ATM,Delhi,1609.57,0
TXN0000000475,CUST000096,2025-09-13 11:18:32,NEFT,257178.47,Other,Web_Mobile,Bangalore,1461.6,0
TXN0000019442,CUST003534,2025-09-01 04:32:36,ATM_Withdrawal,2000.0,Healthcare,Mobile_Android,Pune,267.19,1
TXN0000009686,CUST001770,2025-08-19 06:33:34,UPI,47228.27,Other,ATM,Hyderabad,1179.88,0
TXN0000008495,CUST001551,2025-10-12 11:35:34,NEFT,475008.48,Healthcare,Mobile_Android,Hyderabad,1460.45,0
TXN0000026388,CUST004817,2025-10-21 16:22:38,RTGS,581385.23,Travel,Mobile_iOS,Ahmedabad,1880.96,0
TXN0000012692,CUST002312,2025-09-25 04:53:35,IMPS,169324.29,Travel,Mobile_Android,Chennai,100.61,1
TXN0000004680,CUST000854,2025-09-08 02:44:33,UPI,37458.19,Healthcare,Web_Desktop,Mumbai,210.72,0
TXN0000020034,CUST003640,2025-09-26 06:03:36,RTGS,1698273.76,Online_Shopping,Mobile_iOS,Hyderabad,1179.69,0
TXN0000001589,CUST000284,2025-08-27 13:52:32,UPI,9135.18,Education,Mobile_Android,Delhi,1825.88,0
TXN0000003309,CUST000599,2025-09-01 05:10:33,NEFT,173051.98,Online_Shopping,Web_Desktop,Hyderabad,939.32,0
TXN0000022329,CUST004062,2025-09-10 15:14:37,IMPS,150745.29,Travel,ATM,Chennai,1464.42,0
TXN0000025741,CUST004687,2025-10-29 02:54:37,NEFT,260963.07,Education,Mobile_iOS,Pune,623.43,0
TXN0000007307,CUST001345,2025-10-04 22:01:34,RTGS,1978092.46,Other,Web_Desktop,Hyderabad,924.8,0
TXN0000011498,CUST002096,2025-10-26 07:30:35,UPI,41091.5,Food,Web_Desktop,Pune,1176.01,0
TXN0000020403,CUST003703,2025-08-25 04:32:36,IMPS,123913.45,Entertainment,Web_Desktop,Pune,252.59,0
TXN0000013260,CUST002411,2025-10-31 19:15:35,NEFT,324532.61,Education,Web_Desktop,Kolkata,779.28,0
TXN0000026270,CUST004796,2025-10-19 01:26:38,Card_Payment,20561.8,Education,ATM,Mumbai,1980.91,0
TXN0000014775,CUST002680,2025-08-18 15:19:35,NEFT,357856.87,Education,Mobile_iOS,Bangalore,1122.31,0
TXN0000022939,CUST004171,2025-08-21 03:18:37,RTGS,1746160.58,Other,Web_Desktop,Mumbai,662.75,0
TXN0000023471,CUST004273,2025-11-01 08:57:37,UPI,31446.68,Travel,Mobile_iOS,Delhi,1081.2,0
TXN0000016417,CUST002986,2025-10-13 06:08:36,ATM_Withdrawal,5000.0,Travel,Mobile_iOS,Mumbai,773.23,0
TXN0000007360,CUST001354,2025-11-02 16:10:34,Card_Payment,74831.35,Other,ATM,Hyderabad,1971.47,0
TXN0000001922,CUST000354,2025-09-28 10:50:32,UPI,23447.81,Travel,Mobile_Android,Pune,1033.15,0
TXN0000027089,CUST004942,2025-09-20 17:58:38,IMPS,83494.25,Entertainment,Web_Desktop,Chennai,519.55,0
TXN0000006353,CUST001165,2025-09-24 23:07:33,Card_Payment,34193.19,Healthcare,Web_Desktop,Hyderabad,1842.94,0
TXN0000024428,CUST004454,2025-09-24 01:02:37,UPI,15214.9,Education,Mobile_Android,Hyderabad,674.69,0
TXN0000019102,CUST003473,2025-08-08 22:06:36,NEFT,208971.02,Education,Web_Mobile,Chennai,282.5,0
TXN0000026132,CUST004768,2025-09-11 08:01:38,ATM_Withdrawal,5000.0,Travel,Mobile_iOS,Other,1771.11,0
TXN0000014561,CUST002645,2025-08-20 22:45:35,IMPS,128560.09,Retail,Web_Mobile,Bangalore,1976.03,0
TXN0000003489,CUST000632,2025-09-02 11:08:33,NEFT,424720.08,Retail,Mobile_Android,Hyderabad,958.32,0
TXN0000017470,CUST003185,2025-10-23 22:46:36,NEFT,196248.5,Utilities,Mobile_iOS,Delhi,648.74,0
TXN0000003264,CUST000592,2025-10-25 09:38:33,RTGS,362300.6,Entertainment,Mobile_Android,Chennai,1886.02,0
TXN0000000537,CUST000107,2025-08-14 21:00:32,RTGS,906120.58,Travel,Mobile_iOS,Kolkata,1902.12,0
TXN0000001389,CUST000248,2025-10-16 02:24:32,ATM_Withdrawal,5000.0,Retail,Web_Mobile,Mumbai,1066.59,0
TXN0000022745,CUST004137,2025-09-10 19:10:37,ATM_Withdrawal,20000.0,Utilities,ATM,Kolkata,1572.28,0
TXN0000021071,CUST003828,2025-10-21 10:15:37,Card_Payment,4953.75,Entertainment,Mobile_Android,Mumbai,820.63,0
TXN0000006188,CUST001136,2025-08-06 00:54:33,ATM_Withdrawal,2000.0,Fuel,Web_Desktop,Bangalore,746.29,0
TXN0000020389,CUST003701,2025-10-07 07:19:36,RTGS,752069.89,Travel,Mobile_Android,Mumbai,317.33,0
TXN0000018957,CUST003444,2025-10-04 01:22:36,Card_Payment,34703.29,Travel,Web_Mobile,Other,558.69,0
TXN0000013252,CUST002410,2025-10-04 15:36:35,IMPS,8969.86,Entertainment,Mobile_Android,Ahmedabad,1913.56,0
TXN0000012485,CUST002271,2025-08-17 20:09:35,NEFT,227579.07,Other,Mobile_iOS,Hyderabad,1710.06,0
TXN0000009218,CUST001685,2025-08-18 09:13:34,NEFT,288700.81,Retail,Web_Desktop,Mumbai,1164.27,0
TXN0000018070,CUST003289,2025-08-18 04:30:36,UPI,32982.76,Entertainment,Web_Desktop,Hyderabad,1675.8,0
TXN0000014848,CUST002697,2025-09-26 21:26:35,RTGS,866862.47,Other,Mobile_iOS,Mumbai,1521.55,0
TXN0000017866,CUST003251,2025-09-25 23:20:36,RTGS,1949985.49,Retail,ATM,Delhi,1159.75,0
TXN0000003397,CUST000614,2025-08-08 02:54:33,Card_Payment,90935.18,Utilities,Mobile_iOS,Mumbai,756.88,0
TXN0000021619,CUST003926,2025-09-08 16:27:37,Card_Payment,39897.7,Utilities,Mobile_iOS,Ahmedabad,1643.86,0
TXN0000027378,CUST004993,2025-09-07 19:01:38,RTGS,1461750.68,Retail,ATM,Delhi,533.08,0
TXN0000022556,CUST004105,2025-10-11 14:26:37,UPI,11805.15,Entertainment,Web_Mobile,Delhi,843.75,0
TXN0000020887,CUST003795,2025-10-15 13:09:36,UPI,48462.11,Other,Web_Mobile,Other,201.47,0
TXN0000010159,CUST001861,2025-08-09 04:06:34,ATM_Withdrawal,20000.0,Food,Mobile_iOS,Mumbai,1787.82,0
TXN0000002202,CUST000408,2025-09-23 13:37:33,UPI,45974.97,Retail,Mobile_Android,Other,1738.74,0
TXN0000011891,CUST002171,2025-09-30 02:03:35,ATM_Withdrawal,2000.0,Fuel,Mobile_iOS,Delhi,1751.89,0
TXN0000013790,CUST002512,2025-10-08 20:02:35,IMPS,14357.07,Food,Web_Desktop,Kolkata,1938.13,0
TXN0000021710,CUST003946,2025-09-29 16:20:37,NEFT,68098.08,Online_Shopping,Web_Desktop,Bangalore,1670.9,0
TXN0000024948,CUST004544,2025-08-17 12:03:37,UPI,17098.37,Other,Web_Mobile,Mumbai,1319.65,0
TXN0000004933,CUST000897,2025-09-01 02:18:33,IMPS,97319.96,Online_Shopping,Web_Desktop,Bangalore,609.81,0
TXN0000005044,CUST000918,2025-10-09 02:41:33,RTGS,671125.16,Utilities,Web_Desktop,Pune,990.17,0
TXN0000012724,CUST002318,2025-08-14 12:23:35,UPI,20994.62,Entertainment,Web_Desktop,Pune,433.83,1
TXN0000006789,CUST001252,2025-09-01 10:34:34,UPI,29008.45,Other,Web_Mobile,Hyderabad,412.33,0
TXN0000014509,CUST002635,2025-08-18 17:11:35,Card_Payment,12178.87,Education,Web_Desktop,Ahmedabad,1748.26,0
TXN0000002727,CUST000495,2025-11-01 11:41:33,UPI,22658.37,Healthcare,Web_Mobile,Delhi,550.01,0
TXN0000002814,CUST000512,2025-08-30 15:54:33,UPI,16157.54,Fuel,ATM,Ahmedabad,591.35,0
TXN0000005457,CUST001005,2025-09-07 04:47:33,UPI,16458.48,Fuel,Web_Desktop,Hyderabad,1427.8,0
TXN0000024581,CUST004482,2025-09-06 02:07:37,UPI,46184.61,Healthcare,Mobile_Android,Ahmedabad,1861.69,0
TXN0000018116,CUST003297,2025-10-18 22:02:36,IMPS,130538.98,Education,Mobile_Android,Pune,304.05,0
TXN0000017396,CUST003169,2025-09-06 09:39:36,UPI,38802.07,Food,Web_Desktop,Hyderabad,1356.58,0
TXN0000003400,CUST000615,2025-08-28 13:28:33,UPI,41535.78,Retail,Web_Mobile,Pune,991.49,0
TXN0000014551,CUST002644,2025-09-23 00:29:35,UPI,32585.19,Utilities,Web_Desktop,Ahmedabad,737.79,0
TXN0000013913,CUST002535,2025-10-24 04:14:35,Card_Payment,34652.46,Fuel,ATM,International,590.83,0
TXN0000003427,CUST000621,2025-10-21 05:39:33,ATM_Withdrawal,20000.0,Utilities,ATM,Delhi,337.33,0
TXN0000023698,CUST004319,2025-09-07 15:18:37,IMPS,44039.54,Online_Shopping,Mobile_iOS,Hyderabad,1488.8,0
TXN0000014493,CUST002632,2025-08-14 23:59:35,UPI,41350.56,Healthcare,Web_Mobile,Other,371.24,0
TXN0000025386,CUST004622,2025-08-14 15:43:37,UPI,32173.95,Retail,Web_Mobile,Mumbai,322.35,0
TXN0000005261,CUST000962,2025-10-13 15:40:33,IMPS,31320.56,Healthcare,Web_Desktop,Delhi,210.26,1
TXN0000023402,CUST004264,2025-08-08 05:34:37,RTGS,929150.68,Retail,ATM,Chennai,214.3,0
TXN0000016201,CUST002944,2025-08-28 12:08:35,ATM_Withdrawal,10000.0,Other,Web_Mobile,Bangalore,1644.2,0
TXN0000010576,CUST001933,2025-10-08 03:19:34,UPI,39202.91,Healthcare,Mobile_Android,Mumbai,839.51,0
TXN0000012464,CUST002268,2025-09-17 19:58:35,UPI,9259.14,Healthcare,ATM,Pune,1474.03,0
TXN0000010440,CUST001910,2025-10-09 08:06:34,UPI,13349.57,Online_Shopping,Mobile_Android,Ahmedabad,815.08,0
TXN0000017288,CUST003149,2025-09-29 13:10:36,NEFT,350441.83,Travel,ATM,Delhi,1723.57,0
TXN0000010496,CUST001919,2025-09-07 14:42:34,RTGS,1565546.51,Online_Shopping,Web_Mobile,Delhi,401.53,1
TXN0000018865,CUST003427,2025-10-25 07:52:36,Card_Payment,87360.34,Other,Mobile_iOS,Mumbai,503.86,0
TXN0000007603,CUST001394,2025-10-17 02:10:34,UPI,22826.71,Retail,Web_Mobile,Bangalore,1856.95,0
TXN0000025675,CUST004672,2025-08-06 01:38:37,Card_Payment,59639.62,Online_Shopping,Web_Mobile,Delhi,850.56,0
TXN0000005051,CUST000921,2025-10-26 21:19:33,ATM_Withdrawal,20000.0,Online_Shopping,Mobile_iOS,Kolkata,1250.29,0
TXN0000003542,CUST000641,2025-10-17 16:58:33,RTGS,1810616.25,Online_Shopping,Mobile_Android,Ahmedabad,1687.61,0
TXN0000008243,CUST001505,2025-09-26 22:30:34,IMPS,41504.85,Food,Web_Desktop,Mumbai,836.66,0
TXN0000023860,CUST004356,2025-10-31 03:50:37,NEFT,282710.44,Retail,Web_Mobile,Ahmedabad,328.77,0
TXN0000008363,CUST001525,2025-11-01 10:43:34,IMPS,127521.45,Retail,Mobile_iOS,Chennai,340.22,1
TXN0000004094,CUST000740,2025-09-11 21:32:33,RTGS,1741013.04,Healthcare,Web_Desktop,Ahmedabad,554.91,0
TXN0000005497,CUST001015,2025-09-01 01:39:33,Card_Payment,92920.01,Fuel,Web_Desktop,Chennai,1068.72,0
TXN0000012030,CUST002196,2025-09-06 07:31:35,UPI,11124.17,Travel,ATM,Hyderabad,1619.63,0
TXN0000000492,CUST000100,2025-10-02 22:30:32,UPI,31782.47,Healthcare,ATM,Kolkata,470.57,0
TXN0000001513,CUST000272,2025-08-31 13:58:32,IMPS,65210.69,Education,Mobile_Android,Ahmedabad,388.92,0
TXN0000011681,CUST002131,2025-10-07 16:02:35,UPI,29954.91,Food,Mobile_Android,Ahmedabad,493.34,0
TXN0000024400,CUST004449,2025-10-31 10:56:37,IMPS,140237.29,Food,Mobile_iOS,Kolkata,1112.47,0
TXN0000026390,CUST004817,2025-08-05 09:07:38,NEFT,174847.57,Utilities,Web_Desktop,Ahmedabad,1403.69,0
TXN0000006848,CUST001261,2025-10-18 18:05:34,NEFT,33006.57,Utilities,Web_Mobile,Hyderabad,274.47,0
TXN0000026838,CUST004897,2025-10-11 08:32:38,IMPS,82505.52,Other,Mobile_iOS,Other,820.73,0
TXN0000005344,CUST000982,2025-10-17 14:18:33,UPI,44792.61,Online_Shopping,Mobile_iOS,Pune,539.17,0
TXN0000026486,CUST004836,2025-09-12 02:03:38,Card_Payment,63114.02,Travel,Mobile_Android,Chennai,753.5,0
TXN0000010608,CUST001939,2025-09-02 14:43:34,UPI,40104.96,Healthcare,Mobile_Android,Bangalore,1757.3,0
TXN0000012273,CUST002239,2025-10-31 16:48:35,UPI,18076.06,Food,Mobile_Android,Hyderabad,478.98,1
TXN0000011599,CUST002115,2025-09-24 05:18:35,UPI,20947.5,Retail,ATM,Hyderabad,1685.87,0
TXN0000005101,CUST000932,2025-10-11 14:41:33,RTGS,1493813.7,Utilities,ATM,Chennai,1813.55,0
TXN0000019755,CUST003592,2025-10-29 06:14:36,ATM_Withdrawal,20000.0,Other,Mobile_iOS,Mumbai,351.55,0
TXN0000001191,CUST000217,2025-08-25 22:12:32,RTGS,489815.55,Online_Shopping,ATM,Chennai,549.08,0
TXN0000008451,CUST001542,2025-08-20 16:53:34,IMPS,127305.95,Utilities,ATM,Bangalore,1488.88,0
TXN0000012144,CUST002219,2025-08-23 22:03:35,ATM_Withdrawal,5000.0,Utilities,Web_Mobile,Ahmedabad,876.53,0
TXN0000026322,CUST004803,2025-09-16 09:59:38,IMPS,62202.06,Other,ATM,Chennai,282.55,0
TXN0000005866,CUST001079,2025-10-30 21:28:33,UPI,11736.61,Fuel,ATM,Delhi,1614.54,0
TXN0000022276,CUST004051,2025-08-17 19:07:37,UPI,23012.53,Fuel,Mobile_Android,International,413.35,0
TXN0000010810,CUST001973,2025-09-10 19:28:34,UPI,4416.64,Entertainment,ATM,Hyderabad,1777.56,0
TXN0000020788,CUST003774,2025-09-26 11:26:36,UPI,26839.58,Food,Web_Mobile,Hyderabad,1589.42,0
TXN0000015046,CUST002733,2025-10-02 09:04:35,IMPS,16055.31,Healthcare,Web_Desktop,Mumbai,1943.75,0
TXN0000000424,CUST000086,2025-08-07 15:13:32,RTGS,991609.11,Food,Mobile_iOS,Kolkata,860.1,0
TXN0000021378,CUST003883,2025-09-07 13:52:37,UPI,40643.55,Fuel,Mobile_iOS,Mumbai,1918.77,0
TXN0000025571,CUST004654,2025-08-18 00:06:37,RTGS,865249.7,Utilities,Web_Mobile,Mumbai,1806.51,0
TXN0000010891,CUST001987,2025-08-27 20:07:34,UPI,33953.43,Travel,Web_Desktop,Bangalore,435.16,0
TXN0000012864,CUST002342,2025-09-11 17:13:35,Card_Payment,99622.23,Online_Shopping,ATM,Pune,364.59,0
TXN0000023531,CUST004288,2025-09-24 19:10:37,UPI,483.8,Retail,ATM,Kolkata,1831.38,0
TXN0000023425,CUST004267,2025-11-02 22:53:37,IMPS,89915.83,Online_Shopping,Web_Mobile,Ahmedabad,981.89,0
TXN0000026208,CUST004783,2025-09-10 15:05:38,UPI,40103.71,Travel,Web_Desktop,Mumbai,966.71,0
TXN0000022702,CUST004129,2025-09-07 17:38:37,RTGS,1658294.29,Healthcare,Web_Desktop,Delhi,966.24,0
TXN0000008106,CUST001483,2025-08-05 02:03:34,IMPS,180434.95,Other,Mobile_iOS,Kolkata,760.64,0
TXN0000004439,CUST000806,2025-08-29 23:11:33,ATM_Withdrawal,10000.0,Retail,Web_Desktop,Hyderabad,601.37,0
TXN0000025373,CUST004618,2025-09-24 15:12:37,RTGS,892769.88,Fuel,Web_Desktop,Chennai,1484.58,0
TXN0000019671,CUST003573,2025-08-07 09:30:36,NEFT,373602.17,Other,Web_Desktop,Chennai,429.5,0
TXN0000017093,CUST003114,2025-08-06 11:06:36,UPI,45577.08,Food,ATM,Ahmedabad,1291.11,0
TXN0000015288,CUST002786,2025-09-09 08:16:35,RTGS,1716675.85,Travel,Web_Mobile,Mumbai,384.74,1
TXN0000009914,CUST001814,2025-09-01 22:58:34,NEFT,398020.16,Healthcare,ATM,Delhi,230.71,0
TXN0000012688,CUST002312,2025-10-23 09:35:35,Card_Payment,83363.21,Other,Mobile_Android,Chennai,750.41,0
TXN0000005036,CUST000917,2025-08-08 20:19:33,UPI,13051.11,Utilities,Mobile_iOS,Bangalore,1109.86,0
TXN0000011682,CUST002131,2025-09-24 12:22:35,ATM_Withdrawal,20000.0,Education,Mobile_iOS,Ahmedabad,1436.95,0
TXN0000019694,CUST003579,2025-08-28 00:22:36,IMPS,189223.6,Travel,Mobile_iOS,Ahmedabad,643.4,0
TXN0000005848,CUST001077,2025-09-26 20:49:33,UPI,27331.18,Fuel,Mobile_Android,Chennai,1762.41,0
TXN0000008405,CUST001532,2025-10-31 03:44:34,Card_Payment,40303.14,Fuel,Mobile_Android,Ahmedabad,294.2,0
TXN0000020199,CUST003669,2025-10-19 00:26:36,UPI,17072.0,Utilities,ATM,Pune,573.79,0
TXN0000012702,CUST002315,2025-09-27 06:07:35,ATM_Withdrawal,10000.0,Other,Web_Mobile,Delhi,451.07,0
TXN0000015268,CUST002781,2025-09-07 15:21:35,IMPS,96201.58,Food,Web_Desktop,Kolkata,329.03,1
TXN0000008779,CUST001598,2025-10-24 23:17:34,UPI,45907.82,Entertainment,Mobile_iOS,Delhi,518.32,0
TXN0000001428,CUST000256,2025-11-02 09:26:32,IMPS,36765.47,Online_Shopping,ATM,Chennai,247.24,0
TXN0000006290,CUST001152,2025-11-01 04:37:33,IMPS,157383.39,Entertainment,Web_Desktop,Pune,843.5,0
TXN0000012472,CUST002270,2025-10-10 17:42:35,UPI,40735.19,Education,Mobile_Android,Chennai,1023.0,0
TXN0000009153,CUST001672,2025-08-20 06:24:34,IMPS,87428.27,Online_Shopping,ATM,Bangalore,1878.31,0
TXN0000004044,CUST000730,2025-09-23 05:25:33,Card_Payment,19620.23,Healthcare,Web_Desktop,Ahmedabad,1842.76,0
TXN0000014206,CUST002589,2025-09-08 03:31:35,IMPS,7651.37,Fuel,Mobile_iOS,Bangalore,1042.76,0
TXN0000024121,CUST004401,2025-10-17 10:45:37,RTGS,908281.49,Food,Mobile_Android,Pune,474.2,1
TXN0000026870,CUST004902,2025-09-09 16:43:38,IMPS,9741.25,Other,Web_Mobile,Bangalore,1057.28,0
TXN0000003319,CUST000600,2025-08-09 07:05:33,RTGS,1394172.43,Retail,Mobile_iOS,Mumbai,477.69,0
TXN0000015869,CUST002893,2025-09-03 16:45:35,NEFT,360742.1,Healthcare,Web_Mobile,Kolkata,1608.85,0
TXN0000017336,CUST003159,2025-09-22 09:41:36,UPI,14666.59,Food,Mobile_Android,Delhi,1166.42,0
TXN0000024047,CUST004390,2025-08-07 03:49:37,Card_Payment,76574.61,Education,Mobile_iOS,Delhi,888.19,0
TXN0000010419,CUST001905,2025-09-17 07:47:34,UPI,33740.85,Retail,Web_Mobile,Delhi,1221.26,0
TXN0000006112,CUST001124,2025-10-17 06:57:33,UPI,2938.48,Education,Mobile_Android,Hyderabad,316.18,1
TXN0000001948,CUST000358,2025-10-13 22:42:32,UPI,943.13,Utilities,ATM,Other,572.17,0
TXN0000012760,CUST002323,2025-09-07 12:18:35,Card_Payment,41514.1,Food,Web_Desktop,Chennai,1095.12,0
TXN0000014371,CUST002615,2025-08-16 15:41:35,IMPS,145807.88,Utilities,Mobile_iOS,Mumbai,302.35,0
TXN0000023867,CUST004357,2025-11-02 05:25:37,UPI,15528.82,Other,ATM,Hyderabad,1563.84,0
TXN0000011130,CUST002032,2025-10-26 23:18:34,RTGS,417017.79,Utilities,Web_Desktop,Delhi,1134.28,0
TXN0000002589,CUST000473,2025-08-26 13:08:33,RTGS,309687.02,Retail,Web_Desktop,Kolkata,426.18,1
TXN0000024038,CUST004388,2025-09-24 01:03:37,NEFT,334543.96,Retail,Mobile_iOS,Pune,1964.6,0
TXN0000014093,CUST002567,2025-09-28 21:36:35,NEFT,471141.27,Online_Shopping,ATM,Hyderabad,453.64,0
TXN0000021423,CUST003891,2025-09-18 23:52:37,RTGS,1253727.57,Food,Web_Desktop,Mumbai,607.04,0
TXN0000015599,CUST002845,2025-10-30 10:30:35,NEFT,270721.26,Food,Mobile_iOS,Hyderabad,1818.47,0
TXN0000025851,CUST004710,2025-09-30 04:55:38,UPI,20602.84,Utilities,Mobile_iOS,Hyderabad,1987.58,0
TXN0000019352,CUST003518,2025-08-27 18:32:36,RTGS,749892.05,Healthcare,ATM,Hyderabad,232.59,1
TXN0000025491,CUST004639,2025-09-11 02:29:37,IMPS,123315.36,Food,Mobile_Android,Other,1370.61,0
TXN0000016142,CUST002935,2025-10-27 18:54:35,Card_Payment,85815.97,Other,Mobile_iOS,Chennai,1228.48,0
TXN0000023206,CUST004226,2025-09-23 16:56:37,IMPS,15268.97,Online_Shopping,ATM,Ahmedabad,528.32,0
TXN0000010744,CUST001961,2025-10-13 21:14:34,Card_Payment,73922.26,Utilities,Web_Mobile,Delhi,1537.4,0
TXN0000025749,CUST004688,2025-08-09 19:03:37,NEFT,321068.18,Healthcare,Mobile_iOS,Kolkata,1671.33,0
TXN0000026304,CUST004800,2025-10-22 15:31:38,Card_Payment,23869.37,Online_Shopping,Mobile_iOS,Pune,926.27,0
TXN0000009889,CUST001808,2025-09-25 16:54:34,UPI,25247.49,Entertainment,Mobile_Android,Chennai,1888.72,0
TXN0000017936,CUST003265,2025-09-02 02:20:36,IMPS,89198.5,Retail,Web_Desktop,Kolkata,966.23,0
TXN0000000486,CUST000098,2025-09-01 15:18:32,NEFT,71935.44,Utilities,Web_Mobile,Chennai,427.4,0
TXN0000027076,CUST004940,2025-10-31 15:50:38,UPI,14325.25,Food,Mobile_Android,Delhi,665.11,0
TXN0000023105,CUST004202,2025-10-14 18:41:37,UPI,19559.2,Utilities,Web_Desktop,Ahmedabad,1433.61,0
TXN0000006419,CUST001179,2025-10-18 01:55:33,RTGS,573282.03,Healthcare,Mobile_iOS,Bangalore,904.1,0
TXN0000014324,CUST002609,2025-09-25 13:08:35,IMPS,52828.52,Entertainment,ATM,Mumbai,312.11,0
TXN0000025813,CUST004700,2025-11-01 01:15:38,NEFT,82183.88,Education,ATM,Mumbai,1578.47,0
TXN0000015467,CUST002820,2025-08-08 01:44:35,NEFT,71479.53,Retail,Mobile_Android,Pune,348.69,1
TXN0000001556,CUST000279,2025-09-02 11:25:32,NEFT,66628.68,Entertainment,ATM,Kolkata,1792.52,0
TXN0000003793,CUST000683,2025-08-25 07:07:33,UPI,26242.21,Other,Web_Mobile,Chennai,1404.74,0
TXN0000001711,CUST000315,2025-08-27 17:13:32,IMPS,179854.93,Entertainment,ATM,Hyderabad,1774.18,0
TXN0000010390,CUST001900,2025-10-05 18:10:34,NEFT,415855.41,Online_Shopping,ATM,Kolkata,1162.01,0
TXN0000024516,CUST004471,2025-08-30 05:35:37,UPI,33763.32,Education,Web_Desktop,Delhi,341.18,0
TXN0000007349,CUST001353,2025-09-08 13:47:34,IMPS,33781.5,Education,Mobile_iOS,Chennai,1250.96,0
TXN0000024405,CUST004450,2025-10-28 10:22:37,RTGS,542910.81,Utilities,Mobile_iOS,Hyderabad,336.21,0
TXN0000022027,CUST004009,2025-10-23 04:48:37,IMPS,112949.81,Education,Web_Desktop,Bangalore,1906.26,0
TXN0000026456,CUST004829,2025-09-07 20:30:38,IMPS,186520.89,Fuel,Mobile_iOS,Hyderabad,808.16,0
TXN0000013816,CUST002518,2025-08-12 16:53:35,IMPS,165886.85,Utilities,Mobile_iOS,Ahmedabad,1686.81,0
TXN0000024718,CUST004505,2025-09-30 02:41:37,UPI,30953.75,Healthcare,Web_Desktop,Mumbai,252.19,0
TXN0000022630,CUST004116,2025-08-15 22:28:37,UPI,44808.8,Other,ATM,Mumbai,1113.98,0
TXN0000016724,CUST003045,2025-08-11 15:28:36,NEFT,60048.78,Other,ATM,Other,1089.03,0
TXN0000012695,CUST002314,2025-10-29 17:23:35,Card_Payment,9618.98,Entertainment,ATM,Hyderabad,1742.85,0
TXN0000024420,CUST004453,2025-10-18 18:03:37,NEFT,377849.62,Healthcare,Web_Mobile,Delhi,312.41,0
TXN0000012995,CUST002364,2025-10-09 22:30:35,NEFT,166696.52,Online_Shopping,Web_Mobile,Bangalore,434.38,0
TXN0000010183,CUST001866,2025-09-08 06:08:34,ATM_Withdrawal,20000.0,Entertainment,Mobile_iOS,Pune,1189.38,0
TXN0000004004,CUST000723,2025-08-25 18:20:33,ATM_Withdrawal,20000.0,Fuel,Mobile_iOS,Mumbai,1897.7,0
TXN0000022967,CUST004175,2025-09-10 09:52:37,UPI,11962.63,Healthcare,ATM,Chennai,1564.89,0
TXN0000014823,CUST002693,2025-08-27 15:24:35,UPI,9614.99,Healthcare,Mobile_Android,Chennai,804.03,0
TXN0000026381,CUST004815,2025-10-23 09:40:38,IMPS,101687.11,Fuel,Web_Desktop,Pune,1760.07,0
TXN0000001816,CUST000334,2025-08-26 15:25:32,IMPS,51421.37,Entertainment,ATM,Mumbai,975.87,0
TXN0000011319,CUST002066,2025-09-15 01:05:34,Card_Payment,63050.19,Food,Mobile_iOS,Chennai,1471.2,0
TXN0000012342,CUST002247,2025-10-22 05:26:35,NEFT,63594.01,Entertainment,Web_Desktop,Mumbai,1685.22,0
TXN0000002820,CUST000513,2025-10-29 00:38:33,NEFT,406195.58,Education,Mobile_iOS,Delhi,1472.22,0
TXN0000015731,CUST002867,2025-08-14 20:39:35,Card_Payment,30031.99,Food,Web_Mobile,Chennai,1660.17,0
TXN0000021663,CUST003935,2025-10-21 05:41:37,UPI,48428.74,Fuel,Mobile_iOS,Bangalore,959.47,0
TXN0000018850,CUST003423,2025-09-04 09:24:36,UPI,8534.86,Fuel,Mobile_iOS,Chennai,1428.15,0
TXN0000014798,CUST002686,2025-08-14 23:43:35,UPI,38339.99,Online_Shopping,ATM,Mumbai,990.01,0
TXN0000023218,CUST004228,2025-08-20 04:10:37,UPI,38570.19,Entertainment,Web_Desktop,Chennai,1629.49,0
TXN0000023003,CUST004181,2025-11-01 23:41:37,IMPS,56263.56,Utilities,Web_Mobile,Mumbai,1272.05,0
TXN0000009113,CUST001663,2025-09-12 17:26:34,Card_Payment,32513.13,Utilities,ATM,Chennai,1963.69,0
TXN0000022166,CUST004034,2025-10-25 23:00:37,UPI,47457.53,Education,Mobile_Android,Chennai,1917.22,0
TXN0000012728,CUST002318,2025-10-16 04:29:35,IMPS,91392.36,Entertainment,Web_Mobile,Pune,1188.35,0
TXN0000007487,CUST001375,2025-10-27 20:42:34,NEFT,169108.93,Retail,ATM,Pune,331.87,1
TXN0000007592,CUST001393,2025-09-08 03:07:34,IMPS,64582.52,Healthcare,Mobile_Android,Mumbai,953.8,0
TXN0000000244,CUST000050,2025-10-05 21:24:32,IMPS,68733.14,Other,Web_Mobile,Ahmedabad,782.14,0
TXN0000020836,CUST003785,2025-09-25 20:35:36,RTGS,1654421.06,Education,Web_Desktop,Hyderabad,1527.62,0
TXN0000022113,CUST004025,2025-10-16 19:48:37,UPI,14543.85,Education,ATM,Chennai,1018.02,0
TXN0000007468,CUST001372,2025-08-18 05:37:34,UPI,5228.08,Utilities,Web_Desktop,Mumbai,509.27,0
TXN0000008140,CUST001488,2025-09-26 04:15:34,RTGS,863442.51,Online_Shopping,Web_Desktop,Delhi,252.8,0
TXN0000008142,CUST001488,2025-09-13 11:21:34,UPI,26017.94,Online_Shopping,Web_Desktop,Delhi,975.74,0
TXN0000025120,CUST004571,2025-10-13 10:39:37,UPI,1941.96,Healthcare,Web_Mobile,Chennai,271.96,0
TXN0000017714,CUST003229,2025-08-28 08:03:36,UPI,27921.93,Entertainment,Web_Mobile,Chennai,788.55,0
TXN0000016895,CUST003074,2025-08-07 00:07:36,RTGS,1850874.22,Food,Web_Desktop,Hyderabad,1735.85,0
TXN0000011869,CUST002165,2025-08-15 13:33:35,RTGS,1129265.72,Healthcare,Mobile_Android,Hyderabad,1048.97,0
TXN0000008157,CUST001490,2025-09-06 06:21:34,Card_Payment,90783.52,Travel,Web_Desktop,Pune,795.14,0
TXN0000024879,CUST004532,2025-09-29 10:27:37,NEFT,470378.05,Retail,Mobile_iOS,Mumbai,735.83,0
TXN0000005515,CUST001017,2025-10-20 22:34:33,IMPS,92191.27,Education,Mobile_iOS,Ahmedabad,382.62,0
TXN0000025944,CUST004727,2025-10-30 22:41:38,ATM_Withdrawal,10000.0,Utilities,Web_Desktop,Kolkata,580.61,0
TXN0000012544,CUST002282,2025-09-14 14:57:35,NEFT,437680.56,Utilities,Mobile_iOS,Mumbai,560.25,0
TXN0000023700,CUST004319,2025-08-21 05:06:37,UPI,43868.29,Online_Shopping,Mobile_Android,Hyderabad,654.88,0
TXN0000011844,CUST002160,2025-09-09 11:04:35,Card_Payment,81774.66,Healthcare,ATM,Pune,609.07,0
TXN0000013104,CUST002385,2025-09-06 06:32:35,Card_Payment,88761.74,Education,ATM,Chennai,247.09,1
TXN0000021968,CUST003998,2025-09-07 01:05:37,IMPS,10955.18,Entertainment,Web_Mobile,Mumbai,972.14,0
TXN0000015382,CUST002802,2025-08-16 06:35:35,UPI,31608.34,Retail,Mobile_iOS,Ahmedabad,453.51,0
TXN0000025479,CUST004637,2025-09-19 22:43:37,Card_Payment,73194.8,Fuel,Web_Mobile,Bangalore,502.12,0
TXN0000023134,CUST004209,2025-08-20 01:12:37,RTGS,933594.02,Education,Mobile_iOS,Mumbai,721.92,0
TXN0000011359,CUST002073,2025-10-24 13:45:34,NEFT,209279.55,Food,Mobile_Android,Chennai,1108.95,0
TXN0000005479,CUST001012,2025-08-17 18:47:33,UPI,43447.68,Healthcare,Web_Desktop,Hyderabad,1410.78,0
TXN0000010647,CUST001945,2025-10-12 07:04:34,UPI,42459.98,Online_Shopping,Mobile_iOS,Mumbai,1672.82,0
TXN0000011748,CUST002144,2025-09-04 13:46:35,IMPS,70730.51,Healthcare,Mobile_iOS,Delhi,1970.42,0
TXN0000024310,CUST004434,2025-08-11 16:44:37,Card_Payment,53754.59,Healthcare,Web_Mobile,Hyderabad,273.47,0
TXN0000005743,CUST001058,2025-09-13 07:50:33,RTGS,1345046.48,Food,ATM,Ahmedabad,1817.74,0
TXN0000013951,CUST002541,2025-08-19 08:10:35,IMPS,147420.72,Entertainment,Mobile_Android,Mumbai,505.82,0
TXN0000003185,CUST000579,2025-09-04 01:37:33,UPI,34866.14,Travel,Mobile_iOS,Kolkata,1811.92,0
TXN0000007302,CUST001343,2025-08-28 11:19:34,IMPS,167992.02,Fuel,Web_Desktop,Hyderabad,934.12,0
TXN0000026491,CUST004837,2025-10-02 21:14:38,UPI,21198.4,Retail,Mobile_Android,Ahmedabad,136.37,1
TXN0000000502,CUST000102,2025-09-13 06:54:32,IMPS,12598.73,Utilities,ATM,Chennai,1953.79,0
TXN0000009568,CUST001749,2025-09-15 00:38:34,UPI,17893.85,Education,Mobile_iOS,Chennai,435.35,1
TXN0000009154,CUST001673,2025-09-02 23:15:34,IMPS,79684.19,Other,ATM,Mumbai,714.13,0
TXN0000019264,CUST003499,2025-09-14 14:04:36,NEFT,413827.54,Other,ATM,Mumbai,1297.04,0
TXN0000021609,CUST003925,2025-09-12 15:36:37,Card_Payment,60116.72,Utilities,ATM,Ahmedabad,1779.1,0
TXN0000006915,CUST001274,2025-10-22 05:58:34,Card_Payment,32853.99,Healthcare,Mobile_iOS,Bangalore,528.52,0
TXN0000024661,CUST004495,2025-11-01 10:11:37,NEFT,341758.89,Retail,Web_Mobile,Chennai,727.23,0
TXN0000000675,CUST000130,2025-08-09 21:00:32,IMPS,141412.53,Fuel,ATM,Chennai,238.18,0
TXN0000005192,CUST000949,2025-10-04 11:49:33,UPI,9919.92,Other,Mobile_Android,Hyderabad,1100.24,0
TXN0000012312,CUST002244,2025-09-12 04:05:35,NEFT,468426.44,Online_Shopping,Mobile_Android,Pune,1438.23,0
TXN0000018415,CUST003348,2025-09-09 01:01:36,UPI,2674.31,Food,Mobile_iOS,Bangalore,915.27,0
TXN0000005712,CUST001054,2025-09-01 17:20:33,IMPS,82944.84,Retail,ATM,Mumbai,315.43,0
TXN0000019464,CUST003537,2025-09-04 01:15:36,IMPS,170545.21,Education,Mobile_Android,Hyderabad,830.05,0
TXN0000006966,CUST001283,2025-09-19 10:18:34,IMPS,185550.4,Utilities,Mobile_Android,Other,1022.67,0
TXN0000009160,CUST001673,2025-11-02 00:38:34,Card_Payment,81327.59,Other,ATM,Mumbai,1261.84,0
TXN0000023932,CUST004369,2025-09-20 19:03:37,IMPS,20555.59,Utilities,Web_Desktop,Bangalore,664.47,0
TXN0000019672,CUST003573,2025-10-26 15:35:36,IMPS,89074.28,Online_Shopping,Web_Desktop,Chennai,1374.36,0
TXN0000008936,CUST001626,2025-10-10 14:19:34,NEFT,74241.28,Healthcare,Mobile_iOS,Bangalore,897.81,0
TXN0000009935,CUST001819,2025-09-21 00:45:34,UPI,26436.6,Utilities,Web_Mobile,Kolkata,773.95,0
TXN0000004668,CUST000853,2025-09-17 22:40:33,UPI,37927.38,Utilities,Web_Mobile,Mumbai,1598.12,0
TXN0000000641,CUST000125,2025-09-25 00:38:32,IMPS,185824.06,Retail,Mobile_iOS,Kolkata,1458.01,0
TXN0000012066,CUST002205,2025-09-05 05:03:35,Card_Payment,909.56,Education,Web_Mobile,Hyderabad,1151.61,0
TXN0000013912,CUST002534,2025-08-12 19:12:35,IMPS,6326.78,Education,ATM,Hyderabad,1044.7,0
TXN0000004081,CUST000738,2025-10-09 06:05:33,NEFT,476623.84,Food,Mobile_iOS,Hyderabad,1699.66,0
TXN0000018586,CUST003378,2025-11-01 22:52:36,NEFT,324359.03,Travel,Web_Mobile,Delhi,1024.57,0
TXN0000000954,CUST000178,2025-08-24 18:06:32,Card_Payment,31012.73,Online_Shopping,Web_Mobile,Chennai,1734.79,0
TXN0000000342,CUST000068,2025-09-06 00:02:32,NEFT,9562.95,Utilities,ATM,Mumbai,330.31,0
TXN0000017146,CUST003123,2025-10-20 23:38:36,UPI,11989.89,Retail,Mobile_iOS,International,439.3,0
TXN0000005928,CUST001089,2025-10-04 01:14:33,IMPS,76739.2,Other,Web_Mobile,Kolkata,1183.36,0
TXN0000010625,CUST001941,2025-10-24 07:52:34,RTGS,1655623.16,Utilities,ATM,Pune,1233.01,0
TXN0000020116,CUST003656,2025-10-01 01:24:36,IMPS,32744.51,Fuel,ATM,Mumbai,1430.63,0
TXN0000002974,CUST000542,2025-11-02 12:01:33,UPI,19313.21,Online_Shopping,ATM,Delhi,370.47,1
TXN0000017712,CUST003228,2025-10-31 21:43:36,UPI,42278.49,Online_Shopping,Mobile_iOS,Delhi,707.44,0
TXN0000012401,CUST002255,2025-11-01 18:36:35,IMPS,180040.42,Fuel,ATM,Hyderabad,514.54,0
TXN0000007287,CUST001342,2025-09-25 05:42:34,UPI,33691.57,Utilities,Mobile_Android,Bangalore,687.59,0
TXN0000001792,CUST000327,2025-09-17 23:02:32,IMPS,197186.97,Healthcare,Mobile_iOS,Bangalore,596.36,0
TXN0000010900,CUST001989,2025-10-12 06:24:34,IMPS,117390.39,Online_Shopping,Web_Mobile,Bangalore,1164.24,0
TXN0000007327,CUST001349,2025-09-09 22:14:34,UPI,23619.05,Utilities,ATM,Bangalore,1033.51,0
TXN0000023301,CUST004240,2025-10-30 04:46:37,UPI,42418.48,Entertainment,Web_Mobile,Bangalore,1451.87,0
TXN0000003699,CUST000666,2025-09-11 11:45:33,NEFT,318915.8,Education,Web_Desktop,Ahmedabad,1902.81,0
TXN0000003442,CUST000623,2025-08-25 03:02:33,UPI,10648.48,Retail,Mobile_iOS,Bangalore,376.94,0
TXN0000015325,CUST002794,2025-10-11 14:11:35,RTGS,1390741.6,Travel,Mobile_iOS,Kolkata,959.58,0
TXN0000001203,CUST000219,2025-08-11 22:41:32,RTGS,281531.54,Online_Shopping,Web_Desktop,Kolkata,1679.59,0
TXN0000017645,CUST003217,2025-09-08 04:59:36,NEFT,297147.47,Online_Shopping,Mobile_iOS,Other,301.34,0
TXN0000002938,CUST000533,2025-09-18 14:44:33,IMPS,15740.64,Online_Shopping,Mobile_iOS,Pune,1920.68,0
TXN0000010671,CUST001950,2025-10-26 23:00:34,Card_Payment,88367.73,Entertainment,Mobile_iOS,Mumbai,1283.69,0
TXN0000017120,CUST003118,2025-08-09 23:56:36,UPI,44680.93,Healthcare,Web_Desktop,Kolkata,1582.8,0
TXN0000013735,CUST002498,2025-08-13 14:09:35,UPI,13782.36,Food,ATM,International,931.59,0
TXN0000011948,CUST002182,2025-09-24 03:51:35,RTGS,457985.01,Healthcare,ATM,Ahmedabad,756.15,0
TXN0000019987,CUST003630,2025-08-18 01:22:36,Card_Payment,80705.3,Online_Shopping,Web_Desktop,Hyderabad,418.17,0
TXN0000008083,CUST001478,2025-09-06 01:14:34,UPI,39247.32,Education,ATM,Chennai,1750.54,0
TXN0000008571,CUST001561,2025-10-13 18:11:34,NEFT,155652.99,Online_Shopping,Web_Desktop,Mumbai,1728.34,0
TXN0000023492,CUST004277,2025-10-12 16:27:37,NEFT,54870.98,Fuel,Mobile_iOS,Mumbai,735.57,0
TXN0000004212,CUST000763,2025-10-03 03:21:33,Card_Payment,27165.15,Utilities,ATM,Hyderabad,396.37,0
TXN0000014356,CUST002613,2025-10-10 21:07:35,UPI,35030.36,Food,Mobile_iOS,Chennai,1598.95,0
TXN0000008736,CUST001592,2025-09-04 22:46:34,Card_Payment,15003.45,Utilities,Web_Desktop,Kolkata,1077.38,0
TXN0000008146,CUST001488,2025-09-17 16:38:34,RTGS,277436.26,Entertainment,Web_Mobile,Delhi,1099.88,0
TXN0000006529,CUST001201,2025-09-08 14:14:33,Card_Payment,84020.29,Retail,Mobile_iOS,Mumbai,1377.06,0
TXN0000020523,CUST003724,2025-09-28 01:46:36,RTGS,1389966.84,Healthcare,Mobile_Android,Delhi,852.3,0
TXN0000009669,CUST001768,2025-08-30 06:27:34,Card_Payment,69628.2,Retail,Web_Desktop,Chennai,1280.73,0
TXN0000015123,CUST002745,2025-10-13 18:56:35,UPI,227.86,Other,Mobile_iOS,Hyderabad,1316.72,0
TXN0000012262,CUST002238,2025-08-24 10:22:35,UPI,49848.33,Retail,Mobile_Android,Pune,714.12,0
TXN0000010319,CUST001888,2025-09-02 17:21:34,UPI,28058.1,Food,Web_Desktop,Chennai,821.41,0
TXN0000003602,CUST000649,2025-11-02 23:06:33,Card_Payment,95795.46,Education,Web_Mobile,Hyderabad,639.18,0
TXN0000001838,CUST000338,2025-10-12 02:04:32,RTGS,1321362.66,Online_Shopping,ATM,Ahmedabad,1246.25,0
TXN0000022971,CUST004176,2025-09-27 02:46:37,Card_Payment,58645.6,Healthcare,ATM,Delhi,254.65,1
TXN0000012305,CUST002243,2025-08-11 17:08:35,RTGS,1979195.29,Retail,Mobile_iOS,Ahmedabad,801.75,0
TXN0000027000,CUST004927,2025-08-29 02:57:38,IMPS,71491.68,Fuel,Web_Desktop,Bangalore,823.5,0
TXN0000005551,CUST001023,2025-10-10 22:16:33,IMPS,199243.13,Other,Web_Desktop,Pune,784.87,0
TXN0000005227,CUST000957,2025-10-22 21:21:33,UPI,11446.64,Utilities,Mobile_Android,Hyderabad,130.14,1
TXN0000022655,CUST004121,2025-10-11 12:06:37,ATM_Withdrawal,10000.0,Food,Mobile_iOS,Mumbai,124.59,1
TXN0000015533,CUST002831,2025-10-04 10:37:35,NEFT,440479.04,Healthcare,ATM,Ahmedabad,872.82,0
TXN0000021748,CUST003955,2025-09-29 12:41:37,IMPS,59491.63,Utilities,Mobile_Android,Mumbai,395.3,0
TXN0000004255,CUST000771,2025-10-30 02:33:33,IMPS,26531.54,Utilities,Mobile_Android,Ahmedabad,1230.44,0
TXN0000006276,CUST001149,2025-09-07 02:13:33,UPI,25727.8,Travel,Web_Desktop,Chennai,774.19,0
TXN0000024195,CUST004415,2025-08-12 04:59:37,UPI,20204.3,Retail,Mobile_iOS,Ahmedabad,924.79,0
TXN0000014992,CUST002722,2025-10-16 00:02:35,RTGS,1229331.95,Fuel,Web_Mobile,Delhi,417.14,0
TXN0000025579,CUST004655,2025-08-15 01:36:37,RTGS,681437.38,Online_Shopping,Web_Mobile,Mumbai,370.55,1
TXN0000014614,CUST002653,2025-09-05 20:05:35,Card_Payment,85762.33,Travel,Mobile_iOS,Hyderabad,1935.27,0
TXN0000020682,CUST003751,2025-09-11 22:46:36,Card_Payment,11161.27,Healthcare,Mobile_iOS,Bangalore,895.63,0
TXN0000002384,CUST000439,2025-09-11 18:33:33,UPI,22369.95,Education,Web_Mobile,Chennai,1279.9,0
TXN0000003923,CUST000709,2025-10-16 22:27:33,RTGS,1021826.12,Utilities,Web_Desktop,Mumbai,1003.63,0
TXN0000002056,CUST000380,2025-09-02 19:20:33,UPI,12732.81,Online_Shopping,Web_Desktop,Delhi,1302.87,0
TXN0000025520,CUST004644,2025-08-20 00:12:37,NEFT,246177.41,Education,Mobile_Android,Pune,1755.4,0
TXN0000022359,CUST004069,2025-09-29 19:56:37,UPI,5085.61,Utilities,Mobile_Android,Kolkata,1440.79,0
TXN0000002562,CUST000470,2025-10-17 00:17:33,UPI,49876.82,Online_Shopping,Mobile_Android,Delhi,732.8,0
TXN0000006092,CUST001121,2025-10-22 03:57:33,UPI,42815.56,Fuel,Web_Desktop,Delhi,604.97,0
TXN0000004154,CUST000751,2025-10-07 23:57:33,UPI,48838.57,Retail,Mobile_iOS,Pune,1471.48,0
TXN0000003711,CUST000668,2025-11-01 07:36:33,UPI,25954.33,Fuel,Web_Mobile,Mumbai,713.86,0
TXN0000003704,CUST000667,2025-08-26 23:51:33,IMPS,152172.59,Food,Mobile_iOS,Mumbai,992.24,0
TXN0000016293,CUST002962,2025-09-18 23:39:36,UPI,31792.02,Utilities,Mobile_Android,Chennai,257.33,1
TXN0000009166,CUST001674,2025-10-26 16:07:34,UPI,15129.45,Utilities,Web_Mobile,Delhi,240.44,0
TXN0000010464,CUST001913,2025-10-12 03:54:34,NEFT,219910.44,Travel,Mobile_Android,International,678.01,0
TXN0000016368,CUST002979,2025-08-22 00:02:36,IMPS,183417.09,Entertainment,Web_Mobile,Mumbai,1345.65,0
TXN0000006389,CUST001175,2025-10-30 16:10:33,Card_Payment,91221.89,Entertainment,Mobile_Android,Pune,1035.64,0
TXN0000012610,CUST002298,2025-08-25 11:49:35,Card_Payment,98225.41,Online_Shopping,Mobile_iOS,Bangalore,412.19,0
TXN0000000513,CUST000103,2025-10-22 11:09:32,IMPS,62470.94,Other,Web_Mobile,Delhi,1052.24,0
TXN0000014809,CUST002688,2025-10-24 09:16:35,UPI,2100.79,Entertainment,Web_Desktop,Bangalore,426.33,0
TXN0000010807,CUST001972,2025-08-25 18:09:34,UPI,32375.68,Online_Shopping,Web_Desktop,Mumbai,1904.57,0
TXN0000023042,CUST004187,2025-08-17 06:50:37,UPI,45492.62,Food,Web_Desktop,Chennai,967.52,0
TXN0000013595,CUST002472,2025-08-21 13:51:35,RTGS,1728910.53,Retail,Web_Desktop,Hyderabad,170.06,1
TXN0000011618,CUST002119,2025-08-08 09:54:35,UPI,19497.87,Fuel,Mobile_iOS,Bangalore,833.46,0
TXN0000015632,CUST002850,2025-08-21 07:14:35,IMPS,147165.73,Retail,Mobile_iOS,Bangalore,982.47,0
TXN0000021094,CUST003831,2025-08-26 15:03:37,Card_Payment,61463.65,Education,Mobile_iOS,Chennai,1383.41,0
TXN0000003746,CUST000673,2025-10-28 00:43:33,UPI,45293.38,Fuel,ATM,Pune,1039.31,0
TXN0000013695,CUST002491,2025-08-06 22:50:35,Card_Payment,76751.22,Food,Web_Mobile,Chennai,1460.32,0
TXN0000012711,CUST002316,2025-08-16 21:47:35,UPI,10592.62,Travel,Web_Desktop,Hyderabad,742.83,0
TXN0000010386,CUST001898,2025-08-11 20:16:34,Card_Payment,25381.94,Utilities,Mobile_iOS,Chennai,1921.65,0
TXN0000007673,CUST001405,2025-08-20 02:11:34,NEFT,445485.72,Healthcare,Mobile_iOS,Mumbai,1029.12,0
TXN0000019925,CUST003623,2025-09-16 09:07:36,UPI,1905.69,Travel,ATM,Pune,698.55,0
TXN0000021913,CUST003986,2025-10-08 20:29:37,IMPS,44897.86,Entertainment,Mobile_Android,Ahmedabad,143.94,1
TXN0000024586,CUST004483,2025-09-25 12:21:37,Card_Payment,62363.03,Education,Mobile_iOS,Kolkata,511.21,0
TXN0000015584,CUST002842,2025-10-08 08:04:35,UPI,13255.39,Fuel,ATM,Mumbai,1675.47,0
TXN0000023628,CUST004306,2025-10-06 21:13:37,ATM_Withdrawal,2000.0,Utilities,Web_Mobile,Mumbai,628.95,0
TXN0000015661,CUST002855,2025-09-03 08:52:35,IMPS,186407.43,Entertainment,ATM,Ahmedabad,222.45,1
TXN0000021003,CUST003814,2025-08-13 13:07:37,IMPS,53573.0,Fuel,Mobile_Android,Chennai,368.03,0
TXN0000000891,CUST000168,2025-08-23 10:52:32,UPI,37245.89,Travel,Mobile_iOS,Chennai,1533.56,0
TXN0000003024,CUST000551,2025-10-16 10:37:33,UPI,4372.73,Entertainment,Mobile_iOS,Pune,1186.06,0
TXN0000009200,CUST001682,2025-09-26 22:54:34,Card_Payment,20072.61,Food,Web_Mobile,Ahmedabad,1013.82,0
TXN0000007740,CUST001418,2025-09-25 17:47:34,UPI,7008.29,Fuel,Web_Desktop,Hyderabad,868.74,0
TXN0000006594,CUST001215,2025-09-28 07:33:33,IMPS,56432.5,Education,Web_Mobile,Pune,383.58,0
TXN0000002620,CUST000476,2025-08-21 08:04:33,Card_Payment,1817.36,Education,Mobile_Android,Mumbai,1651.79,0
TXN0000010091,CUST001848,2025-09-21 22:30:34,Card_Payment,64401.21,Education,Web_Mobile,Chennai,731.97,0
TXN0000019144,CUST003480,2025-08-23 09:58:36,UPI,20140.68,Healthcare,Mobile_Android,Mumbai,1837.61,0
TXN0000009510,CUST001740,2025-09-05 06:55:34,UPI,35597.76,Travel,Mobile_iOS,Chennai,1092.7,0
TXN0000015263,CUST002780,2025-09-07 01:53:35,ATM_Withdrawal,20000.0,Online_Shopping,Web_Desktop,Delhi,810.5,0
TXN0000023125,CUST004207,2025-10-02 20:58:37,Card_Payment,38832.1,Food,Web_Mobile,Bangalore,430.39,0
TXN0000006935,CUST001277,2025-08-27 01:14:34,ATM_Withdrawal,2000.0,Utilities,Mobile_Android,Bangalore,1126.5,0
TXN0000023805,CUST004341,2025-09-20 04:07:37,UPI,360.69,Entertainment,Web_Desktop,Ahmedabad,1205.99,0
TXN0000013495,CUST002453,2025-10-20 10:30:35,NEFT,320136.05,Travel,Mobile_Android,Kolkata,1988.03,0
TXN0000014404,CUST002618,2025-08-27 05:47:35,NEFT,378212.37,Education,Mobile_iOS,Delhi,736.3,0
TXN0000000231,CUST000048,2025-10-10 09:06:32,Card_Payment,61927.72,Utilities,Mobile_Android,Delhi,1505.45,0
TXN0000024768,CUST004513,2025-10-22 06:19:37,NEFT,29184.26,Healthcare,Mobile_Android,Bangalore,739.05,0
TXN0000004286,CUST000776,2025-08-27 19:27:33,NEFT,116525.81,Other,Mobile_iOS,Mumbai,967.28,0
TXN0000014674,CUST002662,2025-11-02 21:18:35,UPI,13253.66,Entertainment,Mobile_Android,Bangalore,572.61,0
TXN0000014086,CUST002565,2025-09-22 22:12:35,RTGS,1988805.84,Online_Shopping,Web_Desktop,Pune,1111.96,0
TXN0000011542,CUST002104,2025-09-28 15:12:35,NEFT,19448.61,Other,ATM,Mumbai,1197.73,0
TXN0000004058,CUST000733,2025-09-22 01:26:33,IMPS,172151.78,Food,ATM,Bangalore,1981.89,0
TXN0000020794,CUST003774,2025-09-14 17:56:36,Card_Payment,14025.47,Travel,Web_Desktop,Hyderabad,270.57,0
TXN0000008486,CUST001549,2025-09-29 12:26:34,IMPS,135722.35,Education,Web_Mobile,Ahmedabad,765.23,0
TXN0000020450,CUST003710,2025-10-30 04:55:36,RTGS,1873112.62,Retail,ATM,Mumbai,255.34,0
TXN0000023063,CUST004192,2025-10-13 19:52:37,NEFT,185344.7,Healthcare,Web_Desktop,Kolkata,1495.21,0
TXN0000017621,CUST003211,2025-08-22 10:58:36,UPI,42076.38,Retail,Web_Desktop,Mumbai,835.68,0
TXN0000018484,CUST003361,2025-08-29 08:59:36,IMPS,23108.28,Other,Web_Mobile,Bangalore,1525.28,0
TXN0000020437,CUST003708,2025-10-27 16:30:36,RTGS,636444.97,Healthcare,Mobile_iOS,Other,135.78,1
TXN0000002465,CUST000453,2025-10-09 00:20:33,IMPS,132784.37,Healthcare,Web_Desktop,Mumbai,570.99,0
TXN0000008374,CUST001527,2025-08-17 06:57:34,UPI,43295.08,Fuel,Mobile_iOS,Hyderabad,904.57,0
TXN0000016272,CUST002957,2025-09-14 10:56:36,IMPS,119607.04,Education,Mobile_iOS,Chennai,861.33,0
TXN0000013875,CUST002528,2025-08-11 14:17:35,Card_Payment,94890.96,Other,Mobile_Android,Ahmedabad,1244.0,0
TXN0000021136,CUST003837,2025-09-16 06:49:37,ATM_Withdrawal,5000.0,Healthcare,ATM,Chennai,962.49,0
TXN0000014364,CUST002614,2025-10-29 18:05:35,Card_Payment,36499.31,Entertainment,Web_Desktop,Chennai,1129.87,0
TXN0000025767,CUST004689,2025-08-27 18:37:38,UPI,48581.81,Food,Mobile_Android,Hyderabad,900.93,0
TXN0000002741,CUST000498,2025-09-06 07:19:33,Card_Payment,33394.63,Entertainment,ATM,Bangalore,480.94,0
TXN0000022213,CUST004043,2025-09-21 11:25:37,IMPS,121920.73,Online_Shopping,ATM,Hyderabad,1818.96,0
TXN0000024870,CUST004530,2025-10-18 09:58:37,Card_Payment,57850.09,Food,Mobile_Android,Mumbai,231.28,0
TXN0000001457,CUST000261,2025-09-24 19:34:32,NEFT,5158.81,Other,Web_Mobile,Ahmedabad,220.97,0
TXN0000014899,CUST002706,2025-09-05 14:50:35,IMPS,121963.99,Travel,Web_Mobile,Delhi,1915.52,0
TXN0000020975,CUST003810,2025-11-01 03:16:36,NEFT,101331.45,Utilities,Mobile_Android,Delhi,1619.31,0
TXN0000023756,CUST004327,2025-10-05 02:23:37,Card_Payment,45222.27,Travel,Mobile_iOS,Hyderabad,673.93,0
TXN0000023885,CUST004361,2025-08-28 18:39:37,NEFT,40632.33,Fuel,ATM,Ahmedabad,1820.87,0
TXN0000001337,CUST000238,2025-10-06 12:48:32,UPI,1255.84,Retail,Mobile_iOS,Hyderabad,230.67,0
TXN0000011933,CUST002179,2025-09-15 08:00:35,UPI,29794.48,Healthcare,Web_Mobile,International,778.03,0
TXN0000007457,CUST001371,2025-10-12 11:30:34,IMPS,14197.21,Healthcare,ATM,Pune,1342.11,0
TXN0000025326,CUST004612,2025-09-16 07:17:37,UPI,24301.38,Travel,Web_Desktop,Chennai,1241.58,0
TXN0000009100,CUST001659,2025-10-03 07:06:34,UPI,42217.87,Healthcare,Mobile_iOS,Bangalore,459.43,0
TXN0000024188,CUST004414,2025-09-03 11:54:37,UPI,45721.73,Entertainment,Web_Desktop,Pune,1252.48,0
TXN0000003399,CUST000615,2025-09-12 21:29:33,NEFT,489000.7,Retail,ATM,Pune,882.66,0
TXN0000015603,CUST002845,2025-08-30 15:18:35,Card_Payment,32154.26,Food,Web_Mobile,Hyderabad,1616.4,0
TXN0000024903,CUST004534,2025-10-13 18:52:37,UPI,29653.72,Utilities,Web_Mobile,Kolkata,1945.01,0
TXN0000015242,CUST002774,2025-09-10 18:36:35,RTGS,916551.22,Entertainment,Web_Desktop,Hyderabad,573.98,0
TXN0000012849,CUST002341,2025-10-17 04:13:35,ATM_Withdrawal,2000.0,Online_Shopping,Web_Desktop,Mumbai,1777.0,0
TXN0000014979,CUST002720,2025-09-07 04:07:35,IMPS,144115.85,Other,Web_Desktop,Kolkata,781.09,0
TXN0000008841,CUST001608,2025-08-08 23:54:34,Card_Payment,46105.6,Education,Mobile_Android,Pune,668.52,0
TXN0000024361,CUST004442,2025-10-05 17:31:37,Card_Payment,11352.4,Fuel,Web_Mobile,Mumbai,1185.38,0
TXN0000015260,CUST002778,2025-10-10 13:06:35,UPI,36418.71,Other,Mobile_iOS,Ahmedabad,1896.63,0
TXN0000008761,CUST001595,2025-10-19 17:07:34,NEFT,371205.47,Fuel,Mobile_iOS,Bangalore,1996.28,0
TXN0000019706,CUST003582,2025-08-07 09:18:36,ATM_Withdrawal,10000.0,Travel,ATM,Hyderabad,106.05,1
TXN0000003661,CUST000662,2025-09-11 13:22:33,NEFT,392310.2,Other,Web_Mobile,Hyderabad,1883.68,0
TXN0000010697,CUST001954,2025-10-31 13:10:34,Card_Payment,93457.01,Healthcare,Mobile_Android,Chennai,207.63,0
TXN0000003790,CUST000682,2025-08-06 16:18:33,UPI,41600.47,Education,Web_Mobile,Bangalore,1181.45,0
TXN0000013694,CUST002491,2025-08-27 07:07:35,Card_Payment,76824.14,Travel,ATM,Chennai,502.32,0
TXN0000011141,CUST002034,2025-10-01 14:06:34,Card_Payment,3048.55,Education,Mobile_Android,Mumbai,914.08,0
TXN0000004086,CUST000739,2025-09-30 13:22:33,ATM_Withdrawal,10000.0,Utilities,Mobile_Android,Hyderabad,1108.43,0
TXN0000002130,CUST000392,2025-10-01 23:31:33,UPI,1285.53,Entertainment,Mobile_Android,Hyderabad,1408.78,0
TXN0000017655,CUST003218,2025-10-25 22:47:36,IMPS,151744.49,Other,Web_Mobile,Delhi,209.91,0
TXN0000001216,CUST000220,2025-10-23 23:52:32,UPI,12387.35,Retail,Web_Mobile,Bangalore,349.52,0
TXN0000005383,CUST000990,2025-10-15 02:01:33,NEFT,54391.81,Healthcare,ATM,Kolkata,1659.88,0
TXN0000005129,CUST000936,2025-09-16 17:50:33,UPI,35043.3,Other,Mobile_Android,Mumbai,1369.05,0
TXN0000019062,CUST003464,2025-09-27 16:46:36,Card_Payment,76400.58,Entertainment,Mobile_Android,Bangalore,877.02,0
TXN0000026318,CUST004802,2025-11-02 19:00:38,IMPS,50019.27,Education,Mobile_Android,Mumbai,439.17,1
TXN0000017548,CUST003199,2025-08-22 02:44:36,IMPS,199640.16,Fuel,Web_Desktop,Hyderabad,712.48,0
TXN0000002642,CUST000480,2025-09-24 20:35:33,UPI,28832.5,Food,Mobile_iOS,Chennai,693.25,0
TXN0000011015,CUST002008,2025-10-27 13:30:34,Card_Payment,8810.97,Entertainment,Web_Desktop,Ahmedabad,1677.06,0
TXN0000012699,CUST002315,2025-10-19 04:12:35,NEFT,270434.7,Fuel,Mobile_iOS,Delhi,440.39,0
TXN0000006347,CUST001162,2025-09-30 19:32:33,UPI,9058.2,Other,Web_Desktop,Delhi,331.22,0
TXN0000012365,CUST002251,2025-09-12 04:57:35,NEFT,190181.45,Food,Mobile_Android,Ahmedabad,759.27,0
TXN0000010466,CUST001913,2025-10-26 22:35:34,IMPS,31567.5,Utilities,Web_Mobile,Bangalore,1736.66,0
TXN0000020624,CUST003742,2025-10-26 14:57:36,IMPS,82737.89,Entertainment,Mobile_Android,Mumbai,871.0,0
TXN0000022198,CUST004041,2025-08-11 05:31:37,UPI,3163.33,Education,ATM,Ahmedabad,1643.66,0
TXN0000025422,CUST004626,2025-10-18 19:42:37,RTGS,741978.64,Fuel,Web_Mobile,Pune,1866.66,0
TXN0000019265,CUST003499,2025-08-23 02:27:36,IMPS,138226.98,Healthcare,Mobile_iOS,Mumbai,911.48,0
TXN0000026411,CUST004820,2025-08-29 10:43:38,UPI,29398.36,Entertainment,Web_Mobile,Chennai,1077.48,0
TXN0000013534,CUST002460,2025-10-13 11:42:35,ATM_Withdrawal,20000.0,Travel,Mobile_iOS,Delhi,1667.98,0
TXN0000013250,CUST002410,2025-08-19 01:30:35,Card_Payment,20920.02,Fuel,Mobile_iOS,Ahmedabad,508.01,0
TXN0000019686,CUST003577,2025-08-31 04:15:36,UPI,31127.86,Entertainment,Mobile_Android,Pune,825.89,0
TXN0000011853,CUST002161,2025-08-21 18:19:35,IMPS,178830.02,Utilities,ATM,Chennai,1811.72,0
TXN0000024204,CUST004416,2025-10-06 10:02:37,ATM_Withdrawal,20000.0,Retail,Mobile_iOS,Hyderabad,1307.94,0
TXN0000006238,CUST001144,2025-10-03 19:12:33,UPI,39782.85,Fuel,ATM,Ahmedabad,1818.66,0
TXN0000017860,CUST003251,2025-08-19 13:57:36,IMPS,67148.53,Other,Mobile_Android,Delhi,287.02,1
TXN0000021995,CUST004003,2025-09-11 01:42:37,NEFT,187824.84,Travel,Web_Desktop,Delhi,880.7,0
TXN0000019166,CUST003485,2025-10-02 09:21:36,UPI,18702.73,Online_Shopping,ATM,Hyderabad,1490.35,0
TXN0000007945,CUST001453,2025-10-25 08:44:34,UPI,46309.4,Healthcare,ATM,Pune,1888.74,0
TXN0000019241,CUST003495,2025-09-20 10:10:36,Card_Payment,60603.37,Food,Web_Mobile,Hyderabad,1929.42,0
TXN0000009906,CUST001813,2025-09-06 12:31:34,UPI,12047.24,Online_Shopping,Mobile_iOS,Mumbai,1925.63,0
TXN0000025726,CUST004684,2025-09-20 02:48:37,NEFT,360249.65,Online_Shopping,Mobile_Android,Hyderabad,1575.7,0
TXN0000005307,CUST000973,2025-10-14 10:02:33,Card_Payment,79569.8,Food,Web_Mobile,Chennai,1585.9,0
TXN0000022818,CUST004148,2025-09-05 04:15:37,Card_Payment,28920.26,Food,ATM,Delhi,1448.76,0
TXN0000001611,CUST000288,2025-10-24 05:33:32,RTGS,1574725.05,Entertainment,Mobile_iOS,Hyderabad,404.53,0
TXN0000009846,CUST001800,2025-09-17 05:25:34,UPI,24685.53,Fuel,Web_Desktop,Ahmedabad,972.76,0
TXN0000007110,CUST001314,2025-08-15 14:37:34,Card_Payment,27342.55,Food,Mobile_Android,Pune,585.93,0
TXN0000005253,CUST000960,2025-09-09 18:44:33,IMPS,64257.52,Other,Mobile_iOS,Hyderabad,1545.53,0
TXN0000009023,CUST001643,2025-08-20 14:44:34,IMPS,39116.18,Entertainment,Web_Mobile,Bangalore,1572.76,0
TXN0000026252,CUST004793,2025-09-13 00:38:38,ATM_Withdrawal,20000.0,Other,Mobile_Android,Hyderabad,1325.37,0
TXN0000000937,CUST000175,2025-10-09 14:21:32,RTGS,687022.27,Other,Web_Desktop,Bangalore,1707.47,0
TXN0000001413,CUST000252,2025-09-25 13:06:32,Card_Payment,2149.93,Fuel,Mobile_Android,Chennai,483.89,0
TXN0000002137,CUST000394,2025-10-21 15:45:33,IMPS,187997.42,Fuel,Web_Mobile,Chennai,1830.41,0
TXN0000012833,CUST002338,2025-10-04 09:38:35,UPI,38362.42,Healthcare,Web_Mobile,Chennai,1120.27,0
TXN0000013239,CUST002407,2025-09-27 05:29:35,NEFT,54977.69,Utilities,ATM,Bangalore,809.4,0
TXN0000000753,CUST000144,2025-10-19 12:29:32,NEFT,375332.75,Utilities,Web_Desktop,Mumbai,1401.34,0
TXN0000025227,CUST004590,2025-10-24 23:01:37,Card_Payment,43694.47,Retail,ATM,Chennai,479.21,0
TXN0000008644,CUST001575,2025-10-03 22:27:34,UPI,48079.6,Online_Shopping,Mobile_iOS,Chennai,1874.41,0
TXN0000018579,CUST003378,2025-10-18 11:45:36,RTGS,481089.5,Utilities,Web_Mobile,Delhi,545.41,0
TXN0000004520,CUST000820,2025-10-25 08:02:33,IMPS,25427.67,Travel,Mobile_iOS,Mumbai,1360.29,0
TXN0000017891,CUST003255,2025-08-28 10:17:36,IMPS,61406.13,Other,Mobile_iOS,Chennai,1996.96,0
TXN0000016600,CUST003020,2025-09-12 22:08:36,UPI,8870.99,Other,Web_Desktop,Bangalore,877.96,0
TXN0000021469,CUST003901,2025-10-16 16:59:37,NEFT,333473.44,Other,Web_Mobile,Delhi,971.59,0
TXN0000022833,CUST004151,2025-10-02 05:36:37,Card_Payment,39236.34,Food,ATM,Other,1182.77,0
TXN0000013080,CUST002382,2025-10-10 18:05:35,IMPS,135699.45,Other,Mobile_iOS,Kolkata,1803.21,0
TXN0000017243,CUST003140,2025-08-12 22:29:36,UPI,25118.29,Fuel,Mobile_iOS,Kolkata,1981.78,0
TXN0000015298,CUST002788,2025-09-02 10:45:35,UPI,3885.49,Food,ATM,Kolkata,1228.18,0
TXN0000026905,CUST004911,2025-10-11 21:07:38,UPI,6040.53,Online_Shopping,Web_Desktop,Bangalore,1900.64,0
TXN0000017373,CUST003165,2025-11-02 23:54:36,UPI,4890.44,Utilities,Mobile_iOS,Kolkata,1363.21,0
TXN0000018685,CUST003394,2025-08-26 03:30:36,NEFT,30501.6,Fuel,ATM,Bangalore,1369.67,0
TXN0000013107,CUST002386,2025-08-13 20:45:35,IMPS,73574.83,Utilities,Mobile_iOS,Kolkata,1419.85,0
TXN0000003003,CUST000546,2025-09-30 10:45:33,UPI,24837.56,Online_Shopping,ATM,Mumbai,1598.94,0
TXN0000023156,CUST004214,2025-09-09 03:31:37,NEFT,32106.61,Online_Shopping,ATM,International,1695.48,0
TXN0000027223,CUST004967,2025-10-16 13:08:38,ATM_Withdrawal,5000.0,Fuel,Web_Desktop,Pune,911.1,0
TXN0000000097,CUST000021,2025-09-22 15:43:32,IMPS,137736.96,Entertainment,Mobile_iOS,Ahmedabad,1841.47,0
TXN0000023250,CUST004233,2025-10-13 23:55:37,NEFT,383842.49,Travel,Mobile_iOS,Bangalore,972.41,0
TXN0000020558,CUST003730,2025-10-28 22:30:36,IMPS,195222.09,Utilities,Mobile_iOS,Mumbai,1191.43,0
TXN0000024322,CUST004435,2025-09-24 14:56:37,IMPS,4673.33,Entertainment,ATM,Ahmedabad,730.75,0
TXN0000024783,CUST004515,2025-08-29 11:31:37,Card_Payment,18001.26,Retail,ATM,Kolkata,319.66,1
TXN0000002085,CUST000385,2025-10-25 14:20:33,RTGS,984985.95,Food,ATM,Bangalore,480.96,0
TXN0000020472,CUST003715,2025-10-12 01:10:36,NEFT,139889.75,Education,Web_Mobile,Chennai,429.95,0
TXN0000014350,CUST002612,2025-10-02 05:51:35,IMPS,103143.97,Online_Shopping,ATM,Bangalore,1345.16,0
TXN0000025038,CUST004558,2025-09-21 16:57:37,UPI,18084.56,Education,ATM,Ahmedabad,1531.24,0
TXN0000022247,CUST004047,2025-10-09 07:57:37,Card_Payment,25065.76,Healthcare,Mobile_Android,Mumbai,1952.02,0
TXN0000010323,CUST001888,2025-10-19 08:51:34,Card_Payment,78639.41,Retail,Web_Mobile,Chennai,1900.98,0
TXN0000012089,CUST002209,2025-08-15 21:25:35,IMPS,88427.34,Travel,Mobile_iOS,Delhi,1977.98,0
TXN0000019408,CUST003528,2025-08-24 07:37:36,RTGS,261683.77,Other,ATM,Pune,1150.78,0
TXN0000002944,CUST000536,2025-08-20 18:29:33,IMPS,69913.52,Travel,Mobile_iOS,Chennai,1038.68,0
TXN0000010506,CUST001921,2025-10-10 09:40:34,IMPS,20358.41,Healthcare,Web_Desktop,Hyderabad,1609.09,0
TXN0000009871,CUST001805,2025-08-10 14:23:34,IMPS,253.75,Healthcare,Web_Desktop,Hyderabad,1894.04,0
TXN0000018512,CUST003366,2025-08-14 17:19:36,IMPS,47809.98,Food,Mobile_Android,Bangalore,957.2,0
TXN0000015527,CUST002831,2025-10-17 21:51:35,UPI,3157.14,Fuel,Web_Desktop,Ahmedabad,689.62,0
TXN0000011153,CUST002038,2025-10-19 22:23:34,UPI,48689.72,Utilities,Mobile_Android,Delhi,830.59,0
TXN0000021942,CUST003994,2025-09-16 09:23:37,UPI,14017.05,Travel,Mobile_iOS,Chennai,393.93,0
TXN0000001046,CUST000194,2025-10-11 20:49:32,UPI,11463.18,Online_Shopping,ATM,Delhi,1194.98,0
TXN0000004049,CUST000731,2025-10-12 00:43:33,UPI,4644.16,Food,Mobile_iOS,Pune,835.55,0
TXN0000007482,CUST001375,2025-09-08 09:02:34,Card_Payment,88048.62,Education,Mobile_Android,Pune,1949.14,0
TXN0000007564,CUST001389,2025-10-12 14:32:34,UPI,27658.25,Online_Shopping,Web_Mobile,Other,1339.47,0
TXN0000015466,CUST002820,2025-08-26 20:44:35,NEFT,226621.75,Healthcare,Mobile_Android,Pune,744.94,0
TXN0000004514,CUST000819,2025-09-25 21:12:33,Card_Payment,21106.65,Education,Mobile_Android,Hyderabad,313.61,0
TXN0000016228,CUST002949,2025-10-30 17:36:36,NEFT,58233.89,Food,Mobile_Android,Chennai,532.38,0
TXN0000009961,CUST001824,2025-10-31 01:11:34,UPI,46742.35,Entertainment,Web_Desktop,Kolkata,1328.23,0
TXN0000005514,CUST001016,2025-08-11 16:36:33,NEFT,95636.67,Education,Mobile_iOS,Bangalore,659.84,0
TXN0000022949,CUST004173,2025-10-19 10:48:37,Card_Payment,54957.01,Entertainment,ATM,Bangalore,356.75,0
TXN0000023458,CUST004271,2025-08-12 20:18:37,NEFT,287694.75,Other,Web_Mobile,Mumbai,503.54,0
TXN0000011496,CUST002096,2025-10-26 20:44:35,UPI,36359.33,Healthcare,Mobile_Android,Pune,925.31,0
TXN0000002902,CUST000526,2025-09-02 09:58:33,RTGS,1646937.5,Travel,Mobile_iOS,Kolkata,1238.15,0
TXN0000014741,CUST002674,2025-10-31 04:40:35,RTGS,1657227.08,Retail,Mobile_Android,Pune,1632.77,0
TXN0000014787,CUST002681,2025-10-19 19:25:35,NEFT,358089.05,Travel,Web_Desktop,Other,288.64,1
TXN0000016162,CUST002937,2025-10-01 15:20:35,UPI,15073.13,Travel,Web_Mobile,Bangalore,1157.52,0
TXN0000002415,CUST000445,2025-09-24 20:43:33,NEFT,134872.39,Online_Shopping,Web_Desktop,Bangalore,952.15,0
TXN0000019757,CUST003592,2025-09-13 00:07:36,IMPS,117351.23,Travel,Web_Desktop,Mumbai,1181.89,0
TXN0000019518,CUST003545,2025-11-01 14:31:36,UPI,45455.92,Education,ATM,Ahmedabad,296.77,0
TXN0000008009,CUST001463,2025-08-13 22:41:34,Card_Payment,72342.89,Other,Mobile_iOS,Chennai,939.04,0
TXN0000010063,CUST001843,2025-10-09 07:14:34,UPI,15866.84,Travel,Web_Desktop,Chennai,1620.73,0
TXN0000027250,CUST004971,2025-09-28 02:57:38,UPI,6664.22,Entertainment,Mobile_Android,Chennai,1340.48,0
TXN0000010169,CUST001862,2025-10-10 13:40:34,ATM_Withdrawal,20000.0,Entertainment,Mobile_iOS,Ahmedabad,517.77,0
TXN0000023455,CUST004270,2025-09-15 19:59:37,UPI,40325.85,Online_Shopping,Mobile_Android,Delhi,1863.88,0
TXN0000023015,CUST004183,2025-09-13 23:56:37,RTGS,1615589.62,Online_Shopping,Mobile_iOS,Bangalore,1491.69,0
TXN0000017501,CUST003191,2025-10-04 09:39:36,UPI,6913.45,Fuel,Web_Desktop,Kolkata,899.27,0
TXN0000009689,CUST001771,2025-08-15 10:48:34,Card_Payment,93632.73,Education,ATM,Mumbai,834.37,0
TXN0000007537,CUST001384,2025-08-17 01:29:34,NEFT,240039.43,Education,Web_Mobile,Hyderabad,1692.98,0
TXN0000023419,CUST004266,2025-10-30 21:23:37,Card_Payment,24962.68,Other,Web_Desktop,Pune,1012.83,0
TXN0000026588,CUST004855,2025-08-16 02:24:38,UPI,38369.54,Food,ATM,Ahmedabad,1113.68,0
TXN0000023916,CUST004365,2025-08-10 04:26:37,NEFT,5053.46,Travel,Web_Desktop,Delhi,1299.64,0
TXN0000014016,CUST002553,2025-09-03 23:21:35,ATM_Withdrawal,2000.0,Travel,Web_Desktop,Delhi,234.87,0
TXN0000019905,CUST003619,2025-08-23 20:53:36,RTGS,773347.43,Food,Web_Mobile,Chennai,1679.67,0
TXN0000014931,CUST002713,2025-10-22 00:21:35,UPI,28707.47,Online_Shopping,Mobile_Android,Pune,279.83,0
TXN0000019561,CUST003553,2025-08-06 11:45:36,RTGS,824389.81,Food,Mobile_Android,International,522.83,0
TXN0000007892,CUST001445,2025-08-14 22:13:34,IMPS,166659.35,Food,Mobile_Android,Mumbai,1052.52,0
TXN0000000944,CUST000176,2025-09-09 16:25:32,UPI,6329.66,Fuel,Web_Mobile,Delhi,1910.44,0
TXN0000018610,CUST003383,2025-10-11 18:27:36,IMPS,175780.55,Food,Mobile_iOS,Ahmedabad,1290.4,0
TXN0000015715,CUST002864,2025-10-07 04:05:35,RTGS,1657678.85,Travel,Web_Mobile,Pune,852.87,0
TXN0000025693,CUST004677,2025-10-07 03:51:37,Card_Payment,14681.76,Entertainment,ATM,Chennai,1665.44,0
TXN0000012409,CUST002258,2025-09-21 21:14:35,Card_Payment,62996.84,Retail,Web_Desktop,Chennai,1176.58,0
TXN0000017557,CUST003201,2025-09-04 13:00:36,UPI,34759.9,Fuel,Web_Mobile,Pune,1310.97,0
TXN0000013718,CUST002495,2025-10-06 18:10:35,RTGS,881291.81,Healthcare,ATM,Chennai,1791.09,0
TXN0000011713,CUST002138,2025-08-05 04:23:35,RTGS,1546987.61,Fuel,Web_Mobile,Pune,441.38,0
TXN0000001504,CUST000269,2025-10-24 23:13:32,UPI,14464.13,Education,Web_Desktop,Chennai,1679.52,0
TXN0000021603,CUST003923,2025-08-10 21:23:37,UPI,9141.98,Retail,Web_Mobile,International,863.48,0
TXN0000018876,CUST003428,2025-09-21 18:22:36,RTGS,1809766.02,Online_Shopping,Mobile_Android,Delhi,722.48,0
TXN0000010607,CUST001939,2025-10-11 14:51:34,UPI,42433.89,Utilities,Mobile_Android,Bangalore,461.64,0
TXN0000010688,CUST001953,2025-08-30 05:43:34,Card_Payment,30491.82,Healthcare,Web_Desktop,Ahmedabad,957.27,0
TXN0000004230,CUST000767,2025-08-06 03:03:33,Card_Payment,66108.64,Retail,ATM,Bangalore,1709.1,0
TXN0000017141,CUST003123,2025-09-13 16:37:36,RTGS,1328317.29,Fuel,Mobile_iOS,Ahmedabad,1625.59,0
TXN0000016884,CUST003072,2025-10-26 12:37:36,IMPS,127611.28,Healthcare,Mobile_iOS,Ahmedabad,433.97,0
TXN0000023316,CUST004243,2025-08-18 15:14:37,UPI,36771.88,Retail,ATM,Ahmedabad,1813.9,0
TXN0000026354,CUST004810,2025-10-24 06:54:38,UPI,5648.48,Online_Shopping,Web_Mobile,Bangalore,265.4,0
TXN0000025237,CUST004594,2025-10-30 00:21:37,RTGS,1894991.77,Healthcare,Mobile_iOS,Bangalore,251.07,0
TXN0000022961,CUST004174,2025-10-15 01:01:37,IMPS,163409.32,Other,ATM,Kolkata,1529.92,0
TXN0000017783,CUST003239,2025-10-05 06:36:36,ATM_Withdrawal,5000.0,Retail,Mobile_Android,Bangalore,1562.71,0
TXN0000013899,CUST002532,2025-09-28 13:30:35,NEFT,402770.71,Travel,Mobile_Android,Mumbai,1532.94,0
TXN0000015747,CUST002870,2025-10-02 17:35:35,UPI,32123.81,Retail,Web_Mobile,Bangalore,894.68,0
TXN0000005658,CUST001044,2025-09-08 21:45:33,RTGS,609974.29,Retail,Mobile_Android,Bangalore,1124.57,0
TXN0000009949,CUST001822,2025-09-13 12:57:34,IMPS,83140.91,Entertainment,Mobile_Android,Hyderabad,1030.05,0
TXN0000022267,CUST004049,2025-08-26 15:05:37,UPI,12689.5,Healthcare,Mobile_Android,Mumbai,826.41,0
TXN0000009923,CUST001818,2025-08-12 06:50:34,ATM_Withdrawal,2000.0,Other,Web_Mobile,Chennai,998.4,0
TXN0000014020,CUST002555,2025-10-18 14:45:35,UPI,36379.88,Online_Shopping,Mobile_iOS,Chennai,1163.11,0
TXN0000017671,CUST003220,2025-08-19 07:29:36,UPI,16962.52,Entertainment,Mobile_iOS,Ahmedabad,864.42,0
TXN0000007428,CUST001365,2025-10-30 06:42:34,UPI,18392.18,Online_Shopping,Mobile_Android,Pune,493.35,0
TXN0000004204,CUST000762,2025-08-20 17:37:33,RTGS,1552052.9,Travel,Mobile_iOS,Bangalore,1091.29,0
TXN0000022771,CUST004142,2025-10-23 14:09:37,UPI,41798.71,Travel,Mobile_iOS,Bangalore,325.53,0
TXN0000017630,CUST003213,2025-08-10 10:48:36,ATM_Withdrawal,10000.0,Healthcare,ATM,Ahmedabad,1903.18,0
TXN0000007501,CUST001377,2025-10-10 17:47:34,NEFT,336506.34,Travel,Web_Mobile,Pune,951.93,0
TXN0000022211,CUST004042,2025-08-31 15:58:37,NEFT,20318.77,Utilities,Web_Desktop,Chennai,1162.49,0
TXN0000019056,CUST003463,2025-11-01 10:47:36,NEFT,154370.64,Education,ATM,Ahmedabad,1829.98,0
TXN0000004580,CUST000833,2025-10-06 01:51:33,UPI,36284.22,Utilities,Web_Desktop,Bangalore,909.91,0
TXN0000025601,CUST004660,2025-09-16 20:22:37,IMPS,73484.39,Food,Web_Mobile,Bangalore,1313.6,0
TXN0000002343,CUST000432,2025-08-26 20:09:33,UPI,8309.68,Travel,ATM,Ahmedabad,1377.74,0
TXN0000001114,CUST000205,2025-10-18 02:48:32,UPI,33435.85,Entertainment,Mobile_iOS,Kolkata,345.9,0
TXN0000000036,CUST000007,2025-08-27 09:36:32,IMPS,127495.51,Education,Mobile_Android,Pune,450.4,0
TXN0000009202,CUST001682,2025-10-20 16:21:34,UPI,6498.23,Other,Web_Mobile,Ahmedabad,357.1,1
TXN0000011702,CUST002135,2025-08-31 19:15:35,UPI,40202.69,Food,ATM,Bangalore,148.07,1
TXN0000010241,CUST001875,2025-09-19 00:05:34,UPI,39106.55,Travel,Web_Desktop,Chennai,1068.28,0
TXN0000001434,CUST000257,2025-09-02 11:15:32,UPI,37497.98,Online_Shopping,Web_Desktop,Chennai,1287.21,0
TXN0000001472,CUST000263,2025-10-12 19:16:32,IMPS,119572.99,Other,Mobile_Android,Bangalore,571.36,0
TXN0000006235,CUST001143,2025-10-17 14:40:33,UPI,892.02,Utilities,Mobile_Android,Other,1655.31,0
TXN0000014665,CUST002660,2025-08-21 16:26:35,UPI,9933.24,Fuel,Mobile_iOS,Kolkata,1022.58,0
TXN0000011266,CUST002057,2025-09-22 15:42:34,ATM_Withdrawal,20000.0,Healthcare,Web_Mobile,Mumbai,1690.1,0
TXN0000022571,CUST004107,2025-08-18 22:17:37,UPI,16739.99,Travel,Mobile_Android,Delhi,103.29,1
TXN0000002665,CUST000485,2025-08-05 20:53:33,UPI,20297.7,Travel,Mobile_Android,Hyderabad,696.56,0
TXN0000002875,CUST000522,2025-11-01 19:19:33,IMPS,142626.21,Utilities,Web_Desktop,Kolkata,366.7,0
TXN0000011989,CUST002188,2025-09-26 19:17:35,ATM_Withdrawal,10000.0,Travel,Mobile_iOS,Delhi,1346.22,0
TXN0000003101,CUST000566,2025-10-21 04:27:33,RTGS,1390155.57,Online_Shopping,ATM,Kolkata,1924.79,0
TXN0000001669,CUST000303,2025-08-10 02:41:32,UPI,26202.85,Online_Shopping,Web_Desktop,Chennai,1586.29,0
TXN0000009756,CUST001784,2025-10-21 13:49:34,NEFT,76552.16,Fuel,Web_Mobile,Hyderabad,356.32,0
TXN0000018054,CUST003285,2025-08-29 18:53:36,UPI,35893.75,Education,Web_Mobile,Bangalore,156.28,1
TXN0000019593,CUST003558,2025-10-05 10:50:36,NEFT,103579.05,Utilities,ATM,Chennai,613.79,0
TXN0000021932,CUST003992,2025-08-19 18:59:37,UPI,40035.66,Utilities,Web_Mobile,Delhi,950.8,0
TXN0000015427,CUST002812,2025-08-18 16:34:35,IMPS,39065.11,Fuel,Mobile_Android,Kolkata,1941.73,0
TXN0000026831,CUST004895,2025-09-10 13:07:38,Card_Payment,33508.37,Fuel,Web_Mobile,Pune,663.2,0
TXN0000002761,CUST000505,2025-09-22 00:55:33,UPI,25525.77,Utilities,Mobile_iOS,Ahmedabad,121.06,1
TXN0000019949,CUST003625,2025-08-10 14:40:36,UPI,9359.76,Food,Web_Mobile,Kolkata,902.09,0
TXN0000020902,CUST003797,2025-08-27 14:27:36,UPI,9533.59,Education,ATM,Mumbai,1020.27,0
TXN0000010435,CUST001909,2025-10-22 10:21:34,NEFT,484419.55,Healthcare,Web_Mobile,Hyderabad,1015.88,0
TXN0000026201,CUST004782,2025-09-13 16:18:38,NEFT,186949.72,Retail,Mobile_Android,Ahmedabad,445.16,0
TXN0000021859,CUST003978,2025-08-12 09:16:37,UPI,15210.64,Online_Shopping,Web_Desktop,Hyderabad,376.58,0
TXN0000002120,CUST000390,2025-09-22 09:24:33,RTGS,730871.32,Fuel,Mobile_Android,Hyderabad,514.28,0
TXN0000017117,CUST003118,2025-10-12 17:44:36,Card_Payment,11792.69,Retail,Mobile_iOS,Kolkata,1254.9,0
TXN0000003190,CUST000580,2025-10-17 16:39:33,Card_Payment,44516.36,Entertainment,Mobile_Android,Mumbai,1385.51,0
TXN0000025641,CUST004665,2025-10-20 10:22:37,NEFT,190385.62,Retail,Mobile_Android,Bangalore,1813.51,0
TXN0000021111,CUST003833,2025-08-31 04:11:37,Card_Payment,24296.78,Healthcare,Web_Desktop,Pune,660.52,0
TXN0000021601,CUST003923,2025-10-15 01:12:37,IMPS,121874.31,Retail,Web_Desktop,Kolkata,711.04,0
TXN0000021751,CUST003956,2025-10-03 13:17:37,UPI,25078.26,Fuel,Web_Mobile,Ahmedabad,806.28,0
TXN0000012251,CUST002235,2025-08-06 18:28:35,ATM_Withdrawal,5000.0,Travel,Web_Desktop,Bangalore,734.45,0
TXN0000026405,CUST004818,2025-10-11 01:38:38,Card_Payment,88548.66,Education,Mobile_iOS,Ahmedabad,1604.12,0
TXN0000003821,CUST000689,2025-11-02 18:39:33,Card_Payment,20722.29,Other,ATM,Ahmedabad,1966.4,0
TXN0000000383,CUST000077,2025-10-24 17:28:32,UPI,24214.64,Online_Shopping,Web_Mobile,Delhi,1271.71,0
TXN0000020557,CUST003730,2025-11-02 13:13:36,NEFT,488519.46,Utilities,ATM,Mumbai,735.8,0
TXN0000016097,CUST002929,2025-10-02 18:41:35,IMPS,55754.02,Food,Web_Mobile,Bangalore,1627.3,0
TXN0000004772,CUST000871,2025-09-08 09:03:33,UPI,33494.59,Online_Shopping,Web_Desktop,Kolkata,1106.33,0
TXN0000024876,CUST004531,2025-10-21 06:55:37,RTGS,1071197.15,Other,Mobile_Android,Ahmedabad,1693.75,0
TXN0000025708,CUST004680,2025-10-12 06:37:37,RTGS,316153.38,Fuel,ATM,Hyderabad,1951.02,0
TXN0000010773,CUST001967,2025-08-29 23:36:34,UPI,6950.64,Other,Mobile_Android,Bangalore,428.25,0
TXN0000018964,CUST003445,2025-09-15 04:49:36,NEFT,23227.7,Entertainment,ATM,Ahmedabad,1569.3,0
TXN0000006620,CUST001219,2025-11-01 21:03:33,UPI,12902.63,Utilities,Mobile_Android,Other,292.88,0
TXN0000006780,CUST001251,2025-08-18 21:08:34,IMPS,42040.16,Other,Web_Desktop,Hyderabad,691.46,0
TXN0000006138,CUST001128,2025-08-28 17:58:33,UPI,4810.08,Retail,ATM,Chennai,1242.56,0
TXN0000014673,CUST002662,2025-09-12 16:05:35,Card_Payment,5851.1,Online_Shopping,Mobile_iOS,Delhi,838.12,0
TXN0000014849,CUST002697,2025-10-30 13:15:35,UPI,13152.4,Other,ATM,Mumbai,1252.54,0
TXN0000022323,CUST004062,2025-10-05 15:52:37,IMPS,28392.07,Food,Web_Desktop,Chennai,1204.41,0
TXN0000010825,CUST001975,2025-08-16 01:49:34,IMPS,192106.92,Fuel,Mobile_Android,Mumbai,738.04,0
TXN0000024829,CUST004525,2025-08-23 09:36:37,RTGS,1093160.77,Other,Web_Mobile,Kolkata,816.52,0
TXN0000015646,CUST002853,2025-10-03 22:34:35,UPI,333.2,Fuel,Mobile_Android,Delhi,1596.1,0
TXN0000001484,CUST000264,2025-10-19 03:29:32,UPI,9515.23,Other,ATM,Delhi,1868.91,0
TXN0000010018,CUST001835,2025-09-27 04:03:34,RTGS,1620797.56,Fuel,Mobile_iOS,Mumbai,632.74,0
TXN0000001458,CUST000261,2025-09-01 09:09:32,NEFT,448175.2,Utilities,Web_Desktop,Ahmedabad,267.52,0
TXN0000011328,CUST002068,2025-08-21 09:36:34,ATM_Withdrawal,5000.0,Education,Mobile_Android,Delhi,336.94,0
TXN0000016182,CUST002940,2025-09-05 10:36:35,UPI,3164.6,Travel,ATM,Mumbai,1710.23,0
TXN0000026529,CUST004845,2025-08-10 11:12:38,IMPS,186912.58,Fuel,Web_Desktop,Ahmedabad,722.44,0
TXN0000021571,CUST003917,2025-10-21 06:24:37,UPI,40915.47,Utilities,Web_Desktop,Delhi,1698.99,0
TXN0000008362,CUST001525,2025-09-01 08:39:34,IMPS,90690.03,Healthcare,ATM,Chennai,527.13,0
TXN0000015768,CUST002878,2025-09-29 09:25:35,Card_Payment,46511.83,Online_Shopping,Web_Mobile,Delhi,1139.5,0
TXN0000017823,CUST003246,2025-09-30 01:16:36,IMPS,115459.6,Entertainment,Mobile_Android,Bangalore,421.66,0
TXN0000021581,CUST003919,2025-10-15 17:12:37,RTGS,848547.5,Fuel,Mobile_Android,Pune,1018.58,0
TXN0000009164,CUST001674,2025-08-31 03:44:34,RTGS,1881701.57,Utilities,Mobile_Android,Delhi,1783.83,0
TXN0000010803,CUST001972,2025-09-05 11:22:34,UPI,8438.2,Healthcare,Web_Mobile,Mumbai,577.21,0
TXN0000007278,CUST001341,2025-10-21 15:02:34,UPI,35611.5,Other,Mobile_Android,Pune,332.23,0
TXN0000017829,CUST003247,2025-10-08 11:23:36,IMPS,14984.67,Utilities,Web_Desktop,Bangalore,1137.74,0
TXN0000002209,CUST000408,2025-09-28 20:11:33,NEFT,8762.79,Food,Web_Mobile,Bangalore,1731.07,0
TXN0000006033,CUST001109,2025-08-16 05:12:33,IMPS,114834.54,Healthcare,Web_Mobile,Bangalore,907.79,0
TXN0000002905,CUST000527,2025-10-19 00:00:33,NEFT,169295.95,Travel,Mobile_iOS,Delhi,1266.8,0
TXN0000016854,CUST003068,2025-10-24 12:02:36,UPI,943.21,Healthcare,Mobile_iOS,Chennai,1884.09,0
TXN0000012725,CUST002318,2025-10-20 15:11:35,UPI,46983.14,Healthcare,Web_Desktop,Pune,1457.72,0
TXN0000026191,CUST004780,2025-08-21 03:59:38,NEFT,226701.06,Food,Mobile_Android,Chennai,796.56,0
TXN0000022201,CUST004041,2025-08-30 11:53:37,ATM_Withdrawal,2000.0,Utilities,Mobile_iOS,Ahmedabad,1334.29,0
TXN0000020139,CUST003660,2025-09-22 18:09:36,UPI,3399.98,Retail,Web_Desktop,Bangalore,1522.28,0
TXN0000002959,CUST000540,2025-09-14 22:48:33,UPI,3395.64,Utilities,Web_Mobile,Kolkata,217.1,0
TXN0000006109,CUST001123,2025-10-22 13:16:33,IMPS,75722.77,Entertainment,Mobile_iOS,Delhi,1297.65,0
TXN0000005145,CUST000940,2025-09-04 10:54:33,UPI,39149.08,Healthcare,Mobile_Android,Chennai,1851.14,0
TXN0000009408,CUST001720,2025-10-28 14:35:34,UPI,5922.37,Utilities,Mobile_Android,Mumbai,1674.41,0
TXN0000019988,CUST003630,2025-09-05 20:22:36,UPI,25334.6,Healthcare,Mobile_iOS,Hyderabad,1361.99,0
TXN0000008019,CUST001466,2025-10-30 19:59:34,UPI,293.74,Travel,Web_Mobile,Ahmedabad,490.32,0
TXN0000025324,CUST004611,2025-08-31 22:30:37,IMPS,157106.49,Entertainment,Mobile_iOS,Chennai,998.76,0
TXN0000003707,CUST000668,2025-09-16 19:03:33,IMPS,103591.36,Travel,Mobile_iOS,Mumbai,1110.63,0
TXN0000007224,CUST001333,2025-10-28 08:03:34,NEFT,391030.88,Retail,Mobile_Android,Chennai,1240.22,0
TXN0000009135,CUST001670,2025-08-27 00:56:34,Card_Payment,42802.6,Entertainment,Mobile_iOS,Kolkata,855.42,0
TXN0000007483,CUST001375,2025-08-09 22:56:34,RTGS,742107.66,Utilities,ATM,Other,591.05,0
TXN0000025547,CUST004648,2025-09-16 20:08:37,UPI,24271.57,Utilities,Mobile_iOS,Pune,439.4,0
TXN0000017390,CUST003168,2025-08-31 07:19:36,UPI,30957.43,Healthcare,ATM,Delhi,221.62,0
TXN0000022882,CUST004159,2025-10-23 09:00:37,Card_Payment,60866.98,Education,Web_Desktop,Bangalore,1900.98,0
TXN0000017596,CUST003206,2025-10-03 13:04:36,Card_Payment,74411.29,Food,Mobile_Android,Ahmedabad,1176.94,0
TXN0000026710,CUST004875,2025-10-11 12:15:38,RTGS,538563.18,Retail,Mobile_Android,Pune,905.56,0
TXN0000015590,CUST002844,2025-11-02 00:52:35,NEFT,260338.0,Other,ATM,Pune,1414.38,0
TXN0000002648,CUST000483,2025-09-07 23:19:33,UPI,44980.04,Healthcare,Mobile_iOS,Pune,1167.91,0
TXN0000024288,CUST004430,2025-10-31 13:46:37,UPI,38379.36,Education,Mobile_Android,Kolkata,1290.17,0
TXN0000025347,CUST004614,2025-09-27 18:25:37,UPI,1607.67,Retail,Mobile_iOS,Mumbai,1200.3,0
TXN0000022126,CUST004028,2025-08-23 21:41:37,IMPS,122811.66,Online_Shopping,ATM,Hyderabad,549.67,0
TXN0000020999,CUST003814,2025-10-07 08:43:37,IMPS,47790.17,Online_Shopping,Web_Mobile,International,1227.72,0
TXN0000003387,CUST000613,2025-10-01 16:29:33,ATM_Withdrawal,2000.0,Healthcare,Web_Desktop,Pune,1096.4,0
TXN0000012423,CUST002260,2025-08-23 08:55:35,Card_Payment,29557.2,Education,Mobile_Android,Delhi,888.77,0
TXN0000009381,CUST001716,2025-10-11 23:32:34,Card_Payment,63792.79,Food,Web_Mobile,Delhi,904.39,0
TXN0000005980,CUST001098,2025-09-18 16:57:33,Card_Payment,6519.71,Utilities,Mobile_Android,Mumbai,1011.61,0
TXN0000003609,CUST000650,2025-08-20 11:49:33,NEFT,142862.37,Fuel,Mobile_Android,Delhi,1716.09,0
TXN0000012034,CUST002197,2025-09-11 23:17:35,Card_Payment,37541.1,Healthcare,ATM,Ahmedabad,1093.91,0
TXN0000008689,CUST001585,2025-09-03 23:40:34,IMPS,183481.57,Utilities,ATM,Other,333.35,1
TXN0000002596,CUST000474,2025-08-13 04:25:33,Card_Payment,54030.37,Education,ATM,Delhi,342.85,0
TXN0000022229,CUST004044,2025-09-19 00:59:37,IMPS,77360.05,Healthcare,Web_Mobile,Pune,1410.8,0
TXN0000026495,CUST004837,2025-11-02 19:28:38,UPI,31595.17,Online_Shopping,Mobile_iOS,Ahmedabad,1967.93,0
TXN0000011057,CUST002018,2025-09-07 03:31:34,Card_Payment,98808.63,Travel,ATM,Pune,402.14,0
TXN0000007299,CUST001343,2025-08-16 05:18:34,UPI,16254.84,Retail,Mobile_Android,Hyderabad,1131.64,0
TXN0000000912,CUST000172,2025-10-03 19:53:32,IMPS,142605.48,Online_Shopping,ATM,Chennai,970.73,0
TXN0000026513,CUST004842,2025-10-04 23:45:38,UPI,46759.99,Other,Mobile_iOS,Kolkata,848.2,0
TXN0000017798,CUST003242,2025-09-16 09:51:36,UPI,20319.5,Retail,Mobile_Android,Bangalore,1000.41,0
TXN0000000972,CUST000181,2025-09-17 07:26:32,NEFT,437039.07,Other,Web_Desktop,Pune,1640.58,0
TXN0000008483,CUST001549,2025-09-19 01:10:34,UPI,3372.35,Retail,Web_Desktop,Ahmedabad,1351.62,0
TXN0000002172,CUST000401,2025-10-04 02:16:33,UPI,26735.65,Other,Mobile_Android,Delhi,890.77,0
TXN0000008194,CUST001496,2025-10-23 23:18:34,UPI,21330.01,Fuel,Mobile_Android,Hyderabad,310.19,0
TXN0000006731,CUST001244,2025-08-26 06:12:34,IMPS,172003.22,Food,ATM,Kolkata,1731.51,0
TXN0000014667,CUST002661,2025-09-14 17:51:35,UPI,6183.03,Education,Mobile_iOS,Delhi,1482.24,0
TXN0000022203,CUST004042,2025-10-24 23:32:37,ATM_Withdrawal,2000.0,Other,Web_Desktop,Chennai,343.7,0
TXN0000026355,CUST004810,2025-09-29 22:42:38,NEFT,252658.03,Food,ATM,Bangalore,1588.63,0
TXN0000024391,CUST004448,2025-08-28 12:29:37,NEFT,463431.57,Fuel,Web_Mobile,Delhi,1100.38,0
TXN0000026965,CUST004920,2025-08-16 09:33:38,UPI,2176.29,Travel,Mobile_Android,Hyderabad,378.76,0
TXN0000002899,CUST000526,2025-10-18 21:32:33,UPI,49106.53,Education,Web_Mobile,Kolkata,400.04,0
TXN0000019840,CUST003607,2025-09-30 19:31:36,UPI,45676.31,Food,Web_Mobile,Bangalore,1216.87,0
TXN0000017937,CUST003266,2025-10-24 17:32:36,NEFT,381325.56,Utilities,ATM,Hyderabad,415.5,1
TXN0000002112,CUST000389,2025-09-04 03:30:33,IMPS,109675.51,Online_Shopping,Mobile_Android,International,1496.53,0
TXN0000001667,CUST000303,2025-09-04 06:27:32,UPI,32958.79,Education,Mobile_iOS,Chennai,591.29,0
TXN0000000551,CUST000110,2025-10-02 10:53:32,UPI,46409.94,Food,Web_Mobile,Chennai,991.81,0
TXN0000001423,CUST000254,2025-10-30 07:30:32,IMPS,64666.14,Online_Shopping,Web_Desktop,Kolkata,1993.04,0
TXN0000002865,CUST000521,2025-10-09 13:42:33,UPI,825.42,Utilities,Mobile_Android,Ahmedabad,318.5,0
TXN0000010222,CUST001871,2025-08-21 19:48:34,RTGS,1617947.9,Utilities,Web_Mobile,Bangalore,1516.06,0
TXN0000017429,CUST003175,2025-10-17 13:47:36,UPI,18915.02,Retail,Web_Desktop,International,710.06,0
TXN0000010646,CUST001945,2025-10-24 23:56:34,UPI,29237.58,Retail,Mobile_iOS,Ahmedabad,603.49,0
TXN0000012341,CUST002247,2025-10-01 03:45:35,IMPS,178432.26,Healthcare,Mobile_iOS,Mumbai,1301.29,0
TXN0000019956,CUST003626,2025-09-04 06:56:36,Card_Payment,68398.93,Online_Shopping,Web_Desktop,Pune,876.06,0
TXN0000027308,CUST004983,2025-10-06 10:32:38,Card_Payment,15346.0,Education,Mobile_Android,Hyderabad,1620.42,0
TXN0000022788,CUST004144,2025-09-06 10:43:37,UPI,24746.05,Fuel,Web_Desktop,Hyderabad,723.7,0
TXN0000000994,CUST000184,2025-09-15 15:24:32,NEFT,470462.65,Entertainment,ATM,Mumbai,1390.74,0
TXN0000002143,CUST000395,2025-08-07 17:14:33,UPI,39372.35,Retail,Mobile_iOS,Bangalore,498.46,0
TXN0000005508,CUST001016,2025-09-27 05:25:33,UPI,26823.36,Travel,Web_Mobile,Bangalore,1202.56,0
TXN0000007304,CUST001344,2025-10-02 12:41:34,UPI,15675.24,Online_Shopping,Web_Mobile,Hyderabad,1873.9,0
TXN0000012164,CUST002221,2025-08-30 22:38:35,UPI,5864.05,Education,Web_Mobile,Pune,1879.13,0
TXN0000006015,CUST001106,2025-09-21 02:18:33,UPI,6823.95,Entertainment,Mobile_Android,Chennai,959.67,0
TXN0000000402,CUST000081,2025-08-31 10:09:32,UPI,34488.42,Online_Shopping,Web_Mobile,Mumbai,422.41,0
TXN0000005732,CUST001057,2025-09-20 08:56:33,IMPS,142272.35,Fuel,Mobile_iOS,Kolkata,885.29,0
TXN0000012015,CUST002192,2025-10-14 11:55:35,Card_Payment,16630.15,Education,Mobile_iOS,Delhi,1592.43,0
TXN0000002287,CUST000424,2025-09-09 09:58:33,UPI,15282.34,Fuel,ATM,Ahmedabad,302.5,0
TXN0000021688,CUST003941,2025-08-24 23:16:37,NEFT,58844.22,Other,Mobile_iOS,Bangalore,569.58,0
TXN0000021342,CUST003876,2025-09-19 10:14:37,UPI,43353.73,Food,ATM,Hyderabad,632.23,0
TXN0000000844,CUST000160,2025-08-12 16:50:32,Card_Payment,50563.46,Entertainment,Mobile_Android,Chennai,285.76,0
TXN0000022988,CUST004180,2025-09-16 16:45:37,UPI,46044.63,Retail,Mobile_iOS,Pune,913.16,0
TXN0000020439,CUST003708,2025-10-25 18:16:36,RTGS,602173.86,Fuel,Web_Mobile,Delhi,944.7,0
TXN0000020429,CUST003707,2025-08-18 01:29:36,NEFT,197733.72,Food,Web_Desktop,Delhi,1060.75,0
TXN0000026721,CUST004876,2025-10-27 14:04:38,Card_Payment,47748.23,Entertainment,ATM,Chennai,1284.45,0
TXN0000015510,CUST002828,2025-09-13 06:04:35,NEFT,365222.05,Entertainment,Web_Mobile,Pune,498.78,0
TXN0000015713,CUST002864,2025-10-07 09:29:35,UPI,17889.21,Healthcare,ATM,Pune,1579.69,0
TXN0000026192,CUST004780,2025-08-08 20:24:38,IMPS,29234.55,Travel,ATM,Chennai,250.18,0
TXN0000005785,CUST001065,2025-09-16 19:41:33,ATM_Withdrawal,2000.0,Online_Shopping,Mobile_iOS,Chennai,1253.78,0
TXN0000023230,CUST004230,2025-10-29 20:02:37,Card_Payment,36825.23,Travel,Mobile_iOS,International,1335.3,0
TXN0000009893,CUST001810,2025-09-27 11:37:34,NEFT,434493.44,Fuel,Web_Mobile,Delhi,845.54,0
TXN0000014545,CUST002642,2025-11-02 15:10:35,RTGS,787538.68,Retail,Mobile_Android,Mumbai,749.07,0
TXN0000008408,CUST001533,2025-10-15 23:17:34,NEFT,230166.7,Travel,Mobile_Android,Bangalore,836.94,0
TXN0000019446,CUST003534,2025-08-05 17:26:36,RTGS,1693943.99,Entertainment,ATM,Pune,671.0,0
TXN0000012561,CUST002286,2025-10-17 16:23:35,IMPS,100043.86,Travel,Mobile_iOS,Pune,1501.5,0
TXN0000024937,CUST004542,2025-09-30 12:13:37,RTGS,279005.34,Entertainment,ATM,Chennai,1407.27,0
TXN0000017652,CUST003218,2025-10-05 15:51:36,NEFT,372221.39,Online_Shopping,Mobile_iOS,Delhi,1786.7,0
TXN0000010945,CUST001996,2025-09-03 03:05:34,UPI,17134.71,Healthcare,ATM,Chennai,427.46,0
TXN0000010350,CUST001892,2025-08-23 01:59:34,UPI,39374.19,Online_Shopping,ATM,Kolkata,1231.12,0
TXN0000025106,CUST004569,2025-10-20 02:22:37,UPI,8188.74,Education,Web_Desktop,Mumbai,617.33,0
TXN0000004166,CUST000754,2025-10-22 14:12:33,Card_Payment,30302.14,Entertainment,Mobile_Android,Mumbai,495.66,1
TXN0000005533,CUST001019,2025-10-03 01:56:33,UPI,42849.54,Education,Web_Mobile,Chennai,411.8,0
TXN0000012908,CUST002351,2025-11-02 14:58:35,Card_Payment,41267.37,Utilities,Mobile_Android,Delhi,327.05,0
TXN0000002541,CUST000464,2025-10-15 06:52:33,UPI,27344.51,Online_Shopping,Mobile_Android,Mumbai,1113.83,0
TXN0000002763,CUST000505,2025-10-23 18:54:33,IMPS,78419.73,Healthcare,Web_Desktop,Ahmedabad,1068.49,0
TXN0000008294,CUST001514,2025-10-15 20:19:34,IMPS,195530.7,Food,Mobile_Android,Kolkata,1934.3,0
TXN0000000737,CUST000142,2025-10-18 03:56:32,UPI,2960.94,Online_Shopping,Web_Desktop,Delhi,724.08,0
TXN0000025010,CUST004554,2025-09-28 00:19:37,UPI,5730.27,Healthcare,ATM,Pune,822.63,0
TXN0000024025,CUST004385,2025-09-03 16:48:37,UPI,45785.7,Utilities,ATM,Kolkata,1220.0,0
TXN0000018997,CUST003450,2025-09-27 16:52:36,UPI,44944.9,Entertainment,Mobile_Android,Bangalore,1535.78,0
TXN0000000284,CUST000059,2025-08-15 10:28:32,UPI,29913.64,Fuel,Mobile_Android,Mumbai,1083.39,0
TXN0000006530,CUST001201,2025-08-16 01:30:33,UPI,43959.02,Entertainment,Mobile_iOS,Mumbai,892.61,0
TXN0000006866,CUST001265,2025-09-22 11:48:34,IMPS,131143.61,Fuel,Web_Mobile,Mumbai,678.68,0
TXN0000007570,CUST001389,2025-09-14 18:10:34,IMPS,94084.25,Fuel,Mobile_iOS,Ahmedabad,332.02,0
TXN0000004259,CUST000771,2025-08-20 10:28:33,IMPS,62398.23,Healthcare,Mobile_iOS,Ahmedabad,780.6,0
TXN0000014616,CUST002653,2025-09-25 20:46:35,NEFT,62744.27,Fuel,ATM,Hyderabad,589.35,0
TXN0000009007,CUST001637,2025-08-28 18:54:34,UPI,25622.54,Food,Web_Mobile,Chennai,246.21,1
TXN0000004904,CUST000893,2025-09-18 23:32:33,IMPS,144661.34,Online_Shopping,Mobile_Android,Hyderabad,1638.46,0
TXN0000015113,CUST002743,2025-08-31 19:26:35,UPI,3021.62,Fuel,Web_Mobile,Hyderabad,1134.18,0
TXN0000006088,CUST001120,2025-08-18 04:40:33,IMPS,23255.9,Online_Shopping,Mobile_Android,Bangalore,1154.95,0
TXN0000008624,CUST001572,2025-08-13 05:09:34,NEFT,139613.15,Retail,Web_Mobile,Kolkata,835.88,0
TXN0000005781,CUST001064,2025-08-30 04:11:33,Card_Payment,85165.77,Other,Mobile_Android,Ahmedabad,611.42,0
TXN0000018529,CUST003369,2025-10-11 20:54:36,Card_Payment,17270.51,Entertainment,ATM,Kolkata,1246.36,0
TXN0000018571,CUST003377,2025-09-23 12:25:36,UPI,25072.77,Education,Mobile_Android,Delhi,634.86,0
TXN0000026678,CUST004869,2025-09-19 00:44:38,RTGS,780876.07,Food,Web_Mobile,Bangalore,479.53,0
TXN0000019426,CUST003530,2025-08-26 21:58:36,RTGS,624381.79,Retail,Web_Mobile,Bangalore,891.66,0
TXN0000014959,CUST002718,2025-08-27 16:50:35,NEFT,175486.9,Travel,Mobile_iOS,Chennai,1217.4,0
TXN0000024867,CUST004529,2025-08-29 14:39:37,Card_Payment,60296.88,Fuel,Web_Mobile,Delhi,1745.19,0
TXN0000011527,CUST002102,2025-09-07 23:14:35,Card_Payment,49383.71,Travel,Web_Mobile,Delhi,1125.95,0
TXN0000026210,CUST004783,2025-08-07 07:03:38,NEFT,136229.18,Education,Web_Desktop,Mumbai,1383.18,0
TXN0000013982,CUST002547,2025-10-31 16:43:35,RTGS,1069571.03,Fuel,Mobile_iOS,Hyderabad,1955.5,0
TXN0000025712,CUST004681,2025-10-31 22:50:37,NEFT,6423.35,Utilities,Web_Mobile,Chennai,1650.57,0
TXN0000006621,CUST001219,2025-10-05 03:27:33,UPI,38730.41,Entertainment,Web_Desktop,Hyderabad,1282.78,0
TXN0000015110,CUST002743,2025-10-09 16:41:35,IMPS,128885.37,Utilities,Web_Desktop,Hyderabad,149.66,1
TXN0000007786,CUST001426,2025-10-21 07:09:34,RTGS,1391581.34,Utilities,Web_Mobile,Delhi,1633.36,0
TXN0000001476,CUST000263,2025-10-26 05:22:32,RTGS,507417.01,Education,Web_Desktop,Bangalore,698.97,0
TXN0000005108,CUST000933,2025-10-12 09:29:33,UPI,36894.65,Food,ATM,Hyderabad,667.47,0
TXN0000006367,CUST001169,2025-08-14 08:11:33,IMPS,123396.35,Healthcare,Web_Mobile,Ahmedabad,1378.0,0
TXN0000016105,CUST002930,2025-08-20 22:37:35,IMPS,122009.45,Fuel,Web_Mobile,Delhi,1895.28,0
TXN0000010343,CUST001891,2025-08-14 19:31:34,Card_Payment,65709.26,Education,Mobile_iOS,Bangalore,303.25,0
TXN0000018976,CUST003447,2025-09-25 15:23:36,UPI,33494.75,Education,Web_Desktop,Hyderabad,1602.17,0
TXN0000014903,CUST002708,2025-10-10 08:31:35,Card_Payment,25379.82,Travel,Mobile_Android,Kolkata,722.31,0
TXN0000025050,CUST004560,2025-09-11 18:23:37,ATM_Withdrawal,5000.0,Utilities,Web_Mobile,Chennai,1287.25,0
TXN0000014796,CUST002685,2025-08-10 16:06:35,UPI,18868.05,Retail,Mobile_Android,Bangalore,143.24,1
TXN0000020384,CUST003701,2025-08-26 20:47:36,UPI,5461.57,Education,ATM,Mumbai,876.97,0
TXN0000025308,CUST004610,2025-08-27 18:29:37,UPI,22672.93,Fuel,Web_Mobile,Pune,286.08,0
TXN0000018536,CUST003370,2025-09-03 18:19:36,UPI,5048.0,Travel,Web_Mobile,Mumbai,1152.9,0
TXN0000014002,CUST002551,2025-08-28 21:46:35,UPI,25044.98,Travel,Mobile_iOS,Bangalore,467.59,0
TXN0000003317,CUST000600,2025-10-08 07:23:33,UPI,17550.85,Retail,Mobile_iOS,Mumbai,1251.9,0
TXN0000013958,CUST002543,2025-10-16 07:01:35,NEFT,263915.83,Utilities,Mobile_Android,Mumbai,836.18,0
TXN0000024776,CUST004514,2025-09-19 01:11:37,UPI,33631.76,Retail,Mobile_Android,Bangalore,237.75,0
TXN0000004689,CUST000856,2025-10-07 12:44:33,ATM_Withdrawal,10000.0,Education,ATM,Ahmedabad,1583.99,0
TXN0000013296,CUST002417,2025-09-25 11:34:35,ATM_Withdrawal,5000.0,Fuel,Mobile_Android,Mumbai,1199.87,0
TXN0000026209,CUST004783,2025-08-08 15:29:38,IMPS,191358.79,Education,Mobile_iOS,Mumbai,770.39,0
TXN0000018591,CUST003380,2025-09-25 18:57:36,RTGS,293315.93,Fuel,Web_Desktop,Mumbai,1365.24,0
TXN0000024153,CUST004406,2025-09-19 18:35:37,UPI,40667.85,Education,Web_Mobile,International,1444.39,0
TXN0000015204,CUST002766,2025-09-16 07:41:35,UPI,24009.95,Food,Mobile_iOS,Mumbai,1740.79,0
TXN0000014653,CUST002659,2025-10-09 23:11:35,IMPS,126702.02,Online_Shopping,Mobile_Android,Ahmedabad,372.18,0
TXN0000022285,CUST004052,2025-08-18 14:45:37,IMPS,134341.96,Entertainment,Mobile_iOS,Chennai,809.15,0
TXN0000004541,CUST000825,2025-10-31 01:19:33,UPI,17111.28,Travel,ATM,Bangalore,1855.42,0
TXN0000022343,CUST004066,2025-09-27 07:05:37,IMPS,138811.91,Other,Web_Mobile,Delhi,1793.34,0
TXN0000018349,CUST003336,2025-08-28 13:46:36,UPI,9933.47,Healthcare,Web_Desktop,Bangalore,1985.75,0
TXN0000011961,CUST002183,2025-09-30 19:03:35,UPI,10269.61,Other,Web_Desktop,Kolkata,1913.79,0
TXN0000013876,CUST002528,2025-09-15 01:35:35,UPI,13589.42,Fuel,Mobile_Android,Ahmedabad,632.08,0
TXN0000018748,CUST003403,2025-10-31 03:42:36,Card_Payment,15410.45,Education,Mobile_iOS,International,1526.32,0
TXN0000025509,CUST004641,2025-10-12 11:41:37,IMPS,77082.51,Other,Mobile_iOS,Delhi,449.05,0
TXN0000002502,CUST000460,2025-10-30 16:01:33,RTGS,826662.36,Online_Shopping,Mobile_iOS,Mumbai,1808.26,0
TXN0000005565,CUST001025,2025-10-27 04:57:33,IMPS,161405.53,Online_Shopping,Mobile_Android,Kolkata,360.17,0
TXN0000005506,CUST001016,2025-09-08 00:35:33,NEFT,430566.41,Retail,Web_Desktop,Bangalore,1442.59,0
TXN0000025466,CUST004634,2025-09-05 01:53:37,RTGS,286697.91,Online_Shopping,ATM,Bangalore,1998.72,0
TXN0000020849,CUST003789,2025-10-03 17:58:36,NEFT,184633.76,Entertainment,Web_Desktop,Kolkata,394.98,0
TXN0000013062,CUST002378,2025-09-09 06:34:35,UPI,539.97,Travel,Web_Mobile,Chennai,788.97,0
TXN0000005983,CUST001098,2025-08-12 08:02:33,IMPS,121625.2,Education,Mobile_Android,Mumbai,1492.11,0
TXN0000022095,CUST004022,2025-10-21 18:52:37,UPI,45902.13,Fuel,Web_Mobile,Hyderabad,1607.11,0
TXN0000017228,CUST003137,2025-10-31 13:53:36,IMPS,189890.96,Online_Shopping,ATM,Hyderabad,551.58,0
TXN0000023038,CUST004186,2025-09-20 05:45:37,IMPS,132695.97,Online_Shopping,Web_Mobile,International,1270.54,0
TXN0000005577,CUST001027,2025-09-19 00:55:33,IMPS,158346.45,Other,Web_Desktop,Ahmedabad,109.87,1
TXN0000010753,CUST001964,2025-10-23 19:58:34,UPI,9187.66,Fuel,Mobile_iOS,Kolkata,664.2,0
TXN0000008732,CUST001591,2025-09-06 20:56:34,Card_Payment,51040.45,Healthcare,ATM,Kolkata,1669.98,0
TXN0000024607,CUST004486,2025-09-25 11:28:37,UPI,35953.63,Other,Mobile_Android,Mumbai,1720.15,0
TXN0000015213,CUST002769,2025-08-09 11:00:35,UPI,8299.97,Education,ATM,Pune,1070.86,0
TXN0000014928,CUST002712,2025-08-22 05:22:35,NEFT,321911.15,Utilities,Web_Mobile,Bangalore,377.54,0
TXN0000003965,CUST000715,2025-09-02 07:28:33,Card_Payment,90633.76,Utilities,ATM,Hyderabad,1539.68,0
TXN0000020997,CUST003814,2025-08-29 16:30:37,IMPS,179314.25,Travel,ATM,Chennai,1165.04,0
TXN0000019806,CUST003599,2025-10-01 23:27:36,RTGS,899672.48,Entertainment,Web_Desktop,Pune,1551.33,0
TXN0000010841,CUST001978,2025-08-14 11:16:34,UPI,19548.45,Food,Web_Mobile,Hyderabad,1552.96,0
TXN0000022357,CUST004069,2025-08-21 06:24:37,UPI,3466.83,Online_Shopping,Mobile_Android,Kolkata,1387.57,0
TXN0000014686,CUST002664,2025-10-07 05:43:35,UPI,16423.35,Retail,Web_Mobile,Kolkata,1024.67,0
TXN0000005935,CUST001090,2025-10-15 17:33:33,NEFT,356521.68,Utilities,Mobile_Android,Bangalore,311.26,1
TXN0000004750,CUST000867,2025-09-26 07:55:33,UPI,2482.21,Food,Mobile_iOS,Delhi,1364.88,0
TXN0000006761,CUST001248,2025-10-05 13:07:34,ATM_Withdrawal,20000.0,Entertainment,Mobile_iOS,Kolkata,916.4,0
TXN0000022506,CUST004096,2025-09-09 06:02:37,Card_Payment,85268.31,Education,Web_Mobile,Hyderabad,524.19,0
TXN0000006608,CUST001217,2025-08-13 00:34:33,Card_Payment,39690.05,Online_Shopping,Mobile_Android,Chennai,677.28,0
TXN0000021604,CUST003923,2025-10-14 20:11:37,NEFT,47571.75,Food,Web_Mobile,Kolkata,898.31,0
TXN0000002267,CUST000421,2025-09-21 10:55:33,RTGS,1538685.75,Healthcare,Mobile_iOS,Bangalore,1712.86,0
TXN0000021414,CUST003889,2025-08-15 14:24:37,UPI,45770.55,Travel,Mobile_iOS,Mumbai,1489.85,0
TXN0000006317,CUST001157,2025-10-02 04:34:33,NEFT,437304.48,Education,Web_Mobile,Ahmedabad,597.26,0
TXN0000017673,CUST003221,2025-08-16 03:51:36,UPI,43139.44,Other,Web_Desktop,Bangalore,242.23,0
TXN0000006426,CUST001181,2025-10-27 22:19:33,Card_Payment,54158.05,Travel,Mobile_Android,Delhi,1692.67,0
TXN0000021528,CUST003912,2025-09-19 12:21:37,IMPS,328.8,Food,ATM,Hyderabad,602.73,0
TXN0000004786,CUST000873,2025-10-30 10:53:33,IMPS,142427.27,Utilities,Mobile_iOS,Bangalore,607.67,0
TXN0000014766,CUST002678,2025-10-21 13:29:35,ATM_Withdrawal,20000.0,Education,Web_Desktop,Ahmedabad,330.59,0
TXN0000017831,CUST003247,2025-08-26 02:45:36,UPI,744.66,Healthcare,Web_Desktop,Bangalore,712.63,0
TXN0000017928,CUST003263,2025-08-25 21:32:36,IMPS,194060.49,Food,Web_Mobile,Chennai,363.43,0
TXN0000007047,CUST001301,2025-09-01 12:42:34,Card_Payment,18276.34,Travel,Web_Mobile,Mumbai,309.89,1
TXN0000008150,CUST001489,2025-10-28 08:52:34,NEFT,485502.67,Entertainment,ATM,Hyderabad,324.36,1
TXN0000006721,CUST001240,2025-09-11 04:38:34,IMPS,173300.21,Healthcare,Web_Mobile,Delhi,480.61,0
TXN0000019501,CUST003543,2025-10-17 13:43:36,UPI,627.8,Entertainment,Mobile_iOS,Chennai,760.19,0
TXN0000018773,CUST003408,2025-08-10 20:54:36,IMPS,139838.91,Travel,Web_Mobile,Ahmedabad,1978.13,0
TXN0000016215,CUST002946,2025-08-31 01:46:35,RTGS,1424977.17,Entertainment,Web_Mobile,Ahmedabad,997.46,0
TXN0000009595,CUST001755,2025-10-13 05:04:34,IMPS,153157.14,Entertainment,Mobile_iOS,Bangalore,1865.4,0
TXN0000010430,CUST001907,2025-09-03 02:29:34,NEFT,116907.39,Fuel,ATM,Chennai,1202.78,0
TXN0000016351,CUST002973,2025-09-23 12:26:36,ATM_Withdrawal,5000.0,Education,Mobile_Android,Ahmedabad,927.29,0
TXN0000000275,CUST000058,2025-08-08 05:21:32,UPI,7012.4,Utilities,Mobile_iOS,Hyderabad,482.77,0
TXN0000000200,CUST000043,2025-08-29 04:05:32,UPI,27810.39,Fuel,Mobile_iOS,Chennai,1639.77,0
TXN0000005212,CUST000953,2025-09-14 08:37:33,UPI,18049.14,Entertainment,Web_Desktop,Bangalore,1367.7,0
TXN0000014303,CUST002606,2025-08-18 23:41:35,IMPS,27763.21,Travel,ATM,Delhi,1014.36,0
TXN0000015801,CUST002883,2025-08-06 21:08:35,Card_Payment,16482.14,Retail,Mobile_Android,Hyderabad,284.67,0
TXN0000014690,CUST002664,2025-10-29 17:10:35,UPI,28733.72,Food,Web_Mobile,Kolkata,1694.94,0
TXN0000016422,CUST002987,2025-10-19 20:44:36,UPI,37067.39,Utilities,Mobile_Android,Bangalore,1150.8,0
TXN0000020914,CUST003798,2025-10-10 14:35:36,RTGS,676262.11,Food,Mobile_Android,Hyderabad,1314.3,0
TXN0000010423,CUST001905,2025-09-13 09:16:34,IMPS,114564.8,Travel,Web_Mobile,Delhi,1751.39,0
TXN0000021789,CUST003965,2025-08-17 14:15:37,Card_Payment,54876.55,Retail,Web_Mobile,International,817.75,0
TXN0000011374,CUST002077,2025-08-15 11:43:34,UPI,9073.31,Healthcare,Web_Desktop,Hyderabad,238.7,0
TXN0000020100,CUST003653,2025-10-16 08:48:36,UPI,31910.83,Food,Mobile_iOS,Mumbai,1878.91,0
TXN0000021735,CUST003950,2025-09-24 06:18:37,IMPS,138733.32,Travel,Mobile_Android,Bangalore,984.25,0
TXN0000026964,CUST004920,2025-10-13 03:01:38,NEFT,450451.32,Other,ATM,Hyderabad,1307.48,0
TXN0000020411,CUST003704,2025-10-13 19:22:36,ATM_Withdrawal,20000.0,Utilities,ATM,Bangalore,894.96,0
TXN0000013537,CUST002460,2025-09-24 03:15:35,IMPS,51972.83,Education,Web_Mobile,Chennai,1481.16,0
TXN0000011586,CUST002113,2025-08-07 13:01:35,IMPS,95168.05,Other,ATM,Kolkata,1097.0,0
TXN0000008215,CUST001499,2025-08-31 17:53:34,RTGS,1335057.85,Fuel,ATM,Bangalore,1962.66,0
TXN0000019667,CUST003573,2025-09-11 22:06:36,NEFT,361150.61,Fuel,Web_Desktop,Chennai,840.47,0
TXN0000021782,CUST003963,2025-09-16 19:48:37,UPI,12180.99,Other,Mobile_Android,Bangalore,1760.9,0
TXN0000012011,CUST002192,2025-08-23 11:10:35,UPI,919.49,Education,ATM,Delhi,585.24,0
TXN0000008317,CUST001518,2025-10-28 23:14:34,NEFT,68803.27,Fuel,Web_Mobile,Hyderabad,341.96,0
TXN0000019700,CUST003582,2025-08-26 01:25:36,NEFT,457719.75,Education,ATM,Hyderabad,1157.59,0
TXN0000011762,CUST002145,2025-09-29 12:08:35,UPI,9325.24,Healthcare,Mobile_iOS,Hyderabad,1411.17,0
TXN0000010521,CUST001923,2025-10-05 00:20:34,UPI,30245.66,Online_Shopping,ATM,Pune,765.53,0
TXN0000025583,CUST004656,2025-09-30 14:51:37,UPI,20629.43,Fuel,Web_Mobile,Hyderabad,289.73,0
TXN0000026560,CUST004849,2025-10-20 13:12:38,UPI,26526.7,Retail,Web_Mobile,Hyderabad,274.42,0
TXN0000021042,CUST003823,2025-10-27 01:30:37,NEFT,97130.67,Travel,Web_Desktop,International,692.83,0
TXN0000007318,CUST001347,2025-08-05 02:39:34,UPI,35800.46,Entertainment,Web_Desktop,Mumbai,487.02,1
TXN0000027023,CUST004931,2025-09-30 16:23:38,UPI,4279.9,Utilities,Mobile_Android,Mumbai,1181.34,0
TXN0000017517,CUST003194,2025-09-08 16:18:36,Card_Payment,18286.0,Entertainment,Web_Mobile,Chennai,1099.69,0
TXN0000012831,CUST002338,2025-09-29 22:06:35,RTGS,1093719.68,Other,ATM,Chennai,1887.86,0
TXN0000009996,CUST001830,2025-09-15 23:53:34,NEFT,304625.9,Food,Web_Desktop,Chennai,208.01,0
TXN0000005552,CUST001023,2025-10-18 12:50:33,IMPS,149232.64,Travel,Mobile_iOS,Pune,1655.39,0
TXN0000000960,CUST000180,2025-08-21 20:55:32,UPI,11403.26,Online_Shopping,Web_Desktop,Hyderabad,786.82,0
TXN0000025183,CUST004584,2025-09-25 08:04:37,RTGS,1518748.71,Education,Web_Desktop,Kolkata,1397.34,0
TXN0000024734,CUST004508,2025-08-31 22:27:37,Card_Payment,75909.94,Education,Web_Desktop,Kolkata,1736.27,0
TXN0000025645,CUST004666,2025-08-17 23:49:37,NEFT,187844.97,Food,ATM,Delhi,1517.91,0
TXN0000011727,CUST002140,2025-09-14 22:19:35,UPI,8759.47,Healthcare,ATM,Chennai,1686.27,0
TXN0000020623,CUST003742,2025-08-07 02:02:36,NEFT,310550.72,Food,Mobile_Android,Mumbai,379.71,1
TXN0000016382,CUST002982,2025-11-01 15:58:36,UPI,49162.89,Retail,Web_Mobile,Mumbai,927.39,0
TXN0000019941,CUST003624,2025-09-08 20:25:36,UPI,28137.27,Other,ATM,Bangalore,349.41,0
TXN0000012800,CUST002331,2025-09-12 11:39:35,UPI,18597.86,Education,ATM,Pune,290.01,0
TXN0000020960,CUST003807,2025-10-11 23:10:36,UPI,29190.82,Food,ATM,Bangalore,1617.57,0
TXN0000013907,CUST002533,2025-09-05 02:22:35,IMPS,92855.44,Online_Shopping,Mobile_Android,Ahmedabad,741.21,0
TXN0000000881,CUST000165,2025-10-19 13:57:32,RTGS,258553.56,Entertainment,ATM,Mumbai,201.1,0
TXN0000026316,CUST004802,2025-09-23 11:45:38,IMPS,158870.11,Retail,ATM,Delhi,628.81,0
TXN0000004405,CUST000799,2025-08-08 10:31:33,IMPS,189424.58,Education,Mobile_Android,Other,217.36,1
TXN0000008526,CUST001555,2025-10-13 17:27:34,RTGS,1465248.11,Food,Mobile_Android,Ahmedabad,306.46,0
TXN0000003054,CUST000557,2025-09-08 05:12:33,IMPS,41215.24,Fuel,Mobile_Android,Chennai,1595.13,0
TXN0000015297,CUST002788,2025-09-23 09:59:35,UPI,2832.1,Online_Shopping,Mobile_iOS,Kolkata,1673.05,0
TXN0000014519,CUST002637,2025-09-03 18:34:35,NEFT,129156.38,Food,Mobile_Android,Bangalore,1796.74,0
TXN0000013099,CUST002384,2025-09-13 19:13:35,UPI,42896.38,Travel,Mobile_iOS,Mumbai,1502.05,0
TXN0000022156,CUST004033,2025-08-21 16:23:37,UPI,24.44,Travel,Web_Mobile,Delhi,583.64,0
TXN0000024032,CUST004386,2025-08-31 16:16:37,RTGS,694837.23,Other,ATM,Delhi,905.85,0
TXN0000004581,CUST000833,2025-10-12 08:42:33,IMPS,131547.26,Entertainment,Mobile_iOS,Bangalore,1890.0,0
TXN0000004820,CUST000878,2025-09-01 11:34:33,IMPS,146408.78,Online_Shopping,Web_Mobile,International,1434.91,0
TXN0000007614,CUST001396,2025-10-24 03:56:34,IMPS,124512.75,Education,Web_Mobile,Mumbai,503.21,0
TXN0000003987,CUST000719,2025-08-14 00:45:33,UPI,39041.14,Entertainment,Mobile_Android,Delhi,1152.1,0
TXN0000011818,CUST002155,2025-09-09 13:33:35,IMPS,20916.4,Online_Shopping,Web_Mobile,Pune,376.46,0
TXN0000003663,CUST000662,2025-08-12 10:48:33,RTGS,1331891.49,Other,Mobile_iOS,Hyderabad,1755.12,0
TXN0000019169,CUST003485,2025-09-26 10:22:36,UPI,4095.97,Food,Mobile_iOS,Hyderabad,1828.29,0
TXN0000012953,CUST002358,2025-10-27 04:59:35,NEFT,369574.85,Online_Shopping,Mobile_Android,Bangalore,1859.46,0
TXN0000024570,CUST004481,2025-08-11 00:42:37,UPI,35923.45,Travel,Mobile_iOS,Kolkata,1398.4,0
TXN0000005149,CUST000941,2025-10-02 16:38:33,Card_Payment,33387.91,Education,Mobile_iOS,Delhi,1393.95,0
TXN0000001176,CUST000214,2025-08-30 13:16:32,NEFT,399326.05,Online_Shopping,Web_Desktop,Chennai,1720.18,0
TXN0000021684,CUST003940,2025-10-25 20:51:37,IMPS,73402.96,Retail,Web_Mobile,Delhi,1852.08,0
TXN0000025527,CUST004644,2025-10-08 19:52:37,Card_Payment,88298.2,Other,Web_Desktop,International,1063.5,0
TXN0000005069,CUST000925,2025-09-22 02:18:33,UPI,25510.57,Online_Shopping,Mobile_iOS,Ahmedabad,431.48,0
TXN0000001960,CUST000361,2025-08-10 23:12:32,IMPS,177298.47,Utilities,Mobile_iOS,Mumbai,1183.95,0
TXN0000009572,CUST001750,2025-09-02 18:41:34,NEFT,333127.97,Online_Shopping,Web_Desktop,Ahmedabad,1239.94,0
TXN0000006690,CUST001233,2025-10-20 09:17:33,UPI,48246.25,Healthcare,ATM,Kolkata,681.2,0
TXN0000019379,CUST003523,2025-09-08 12:45:36,IMPS,121086.68,Food,ATM,Delhi,1668.01,0
TXN0000011027,CUST002012,2025-09-21 10:33:34,UPI,2689.63,Online_Shopping,Mobile_Android,Chennai,1572.6,0
TXN0000020017,CUST003636,2025-10-14 16:05:36,RTGS,898497.84,Travel,Web_Mobile,Mumbai,529.75,0
TXN0000020500,CUST003720,2025-09-06 14:38:36,IMPS,194924.4,Fuel,Web_Desktop,Delhi,1475.52,0
TXN0000011390,CUST002080,2025-10-21 03:24:34,UPI,48857.29,Education,Mobile_Android,Chennai,1128.32,0
TXN0000014399,CUST002618,2025-10-04 23:00:35,UPI,28579.96,Entertainment,Mobile_Android,Pune,893.04,0
TXN0000010478,CUST001916,2025-08-12 23:31:34,UPI,7481.96,Online_Shopping,Web_Mobile,Bangalore,426.93,0
TXN0000012960,CUST002359,2025-09-08 12:46:35,Card_Payment,93149.14,Online_Shopping,ATM,Ahmedabad,946.53,0
TXN0000019799,CUST003598,2025-09-20 21:39:36,IMPS,110373.43,Food,Web_Desktop,Delhi,389.67,0
TXN0000011819,CUST002155,2025-09-02 03:38:35,IMPS,99145.78,Entertainment,Mobile_Android,Pune,771.99,0
TXN0000012802,CUST002331,2025-09-07 01:16:35,UPI,22769.31,Entertainment,Mobile_iOS,Pune,1477.3,0
TXN0000010194,CUST001868,2025-09-05 05:10:34,RTGS,669574.17,Food,ATM,Delhi,493.68,0
TXN0000026457,CUST004829,2025-10-19 15:22:38,UPI,25533.5,Entertainment,Mobile_Android,Hyderabad,1579.13,0
TXN0000009357,CUST001712,2025-10-24 10:42:34,UPI,36323.58,Food,Mobile_iOS,Ahmedabad,1353.22,0
TXN0000020872,CUST003793,2025-10-09 23:47:36,UPI,10199.64,Education,Mobile_iOS,Mumbai,1566.47,0
TXN0000027340,CUST004987,2025-09-26 21:30:38,ATM_Withdrawal,10000.0,Travel,Mobile_iOS,Chennai,1041.31,0
TXN0000006484,CUST001193,2025-10-05 12:53:33,Card_Payment,73578.57,Fuel,Mobile_Android,Bangalore,1842.29,0
TXN0000020688,CUST003752,2025-08-10 09:36:36,IMPS,117184.16,Food,Web_Desktop,International,486.36,0
TXN0000012977,CUST002362,2025-10-23 21:09:35,NEFT,283573.86,Fuel,ATM,Delhi,1612.11,0
TXN0000023751,CUST004326,2025-09-08 13:28:37,Card_Payment,89973.24,Travel,Web_Mobile,Chennai,1844.41,0
TXN0000021472,CUST003901,2025-08-19 20:53:37,NEFT,387301.26,Food,Web_Mobile,Delhi,1042.58,0
TXN0000000148,CUST000030,2025-08-23 11:46:32,UPI,25915.39,Education,Web_Mobile,Hyderabad,104.04,1
TXN0000004337,CUST000784,2025-09-20 13:18:33,UPI,41470.95,Healthcare,Mobile_Android,Hyderabad,725.01,0
TXN0000002806,CUST000511,2025-09-16 10:07:33,UPI,43378.7,Education,Mobile_iOS,Delhi,579.94,0
TXN0000022062,CUST004016,2025-09-03 21:37:37,UPI,32611.0,Entertainment,Mobile_iOS,Mumbai,1916.39,0
TXN0000008930,CUST001625,2025-09-24 22:07:34,UPI,11292.56,Entertainment,ATM,International,876.0,0
TXN0000000928,CUST000174,2025-11-02 02:08:32,UPI,42999.91,Entertainment,Mobile_Android,Other,560.49,0
TXN0000006139,CUST001129,2025-09-23 00:20:33,UPI,47158.52,Travel,Web_Mobile,Mumbai,1064.71,0
TXN0000017896,CUST003257,2025-08-08 17:09:36,NEFT,172868.2,Food,Mobile_Android,Kolkata,1162.26,0
TXN0000004111,CUST000745,2025-09-25 13:29:33,NEFT,41972.66,Online_Shopping,Mobile_iOS,Chennai,211.78,0
TXN0000005156,CUST000942,2025-09-17 18:06:33,UPI,33591.07,Healthcare,Mobile_iOS,Delhi,1813.67,0
TXN0000026619,CUST004860,2025-08-08 21:15:38,UPI,16423.22,Healthcare,Mobile_Android,Delhi,622.65,0
TXN0000018443,CUST003353,2025-09-08 19:45:36,UPI,27404.85,Healthcare,Web_Desktop,Mumbai,1113.63,0
TXN0000011230,CUST002051,2025-09-14 21:21:34,UPI,3390.83,Entertainment,ATM,Delhi,249.79,0
TXN0000005641,CUST001042,2025-09-12 00:46:33,UPI,18252.58,Fuel,Mobile_Android,Bangalore,1477.75,0
TXN0000020091,CUST003652,2025-09-29 00:38:36,NEFT,422171.08,Food,Mobile_iOS,Kolkata,1673.09,0
TXN0000006435,CUST001183,2025-10-12 03:53:33,NEFT,419953.57,Other,Web_Mobile,Kolkata,607.4,0
TXN0000009845,CUST001800,2025-09-04 14:26:34,NEFT,429574.29,Education,Web_Desktop,Ahmedabad,1058.17,0
TXN0000013327,CUST002423,2025-08-19 20:00:35,NEFT,278090.52,Other,ATM,Chennai,222.19,0
TXN0000012050,CUST002199,2025-09-12 22:29:35,IMPS,77510.15,Education,ATM,Ahmedabad,372.62,1
TXN0000011683,CUST002132,2025-11-02 22:44:35,UPI,48229.62,Retail,Mobile_iOS,Mumbai,1672.24,0
TXN0000001969,CUST000361,2025-08-14 21:36:32,UPI,10705.1,Fuel,Web_Desktop,Mumbai,1945.23,0
TXN0000003456,CUST000625,2025-10-07 12:47:33,Card_Payment,95635.57,Retail,Mobile_Android,Hyderabad,1008.02,0
TXN0000022182,CUST004039,2025-09-26 02:39:37,IMPS,16717.58,Healthcare,Web_Mobile,Kolkata,1451.73,0
TXN0000011966,CUST002185,2025-10-01 08:55:35,UPI,36962.82,Utilities,ATM,Kolkata,1196.2,0
TXN0000004740,CUST000866,2025-08-23 11:27:33,ATM_Withdrawal,2000.0,Entertainment,Web_Mobile,Hyderabad,1780.06,0
TXN0000027239,CUST004970,2025-11-02 07:36:38,Card_Payment,42474.24,Utilities,Web_Mobile,Pune,435.63,0
TXN0000004991,CUST000908,2025-08-14 22:15:33,Card_Payment,98987.15,Online_Shopping,Web_Desktop,International,716.22,0
TXN0000012984,CUST002363,2025-10-07 13:03:35,UPI,5044.99,Entertainment,Web_Mobile,Ahmedabad,1910.98,0
TXN0000020827,CUST003784,2025-10-24 08:46:36,Card_Payment,68663.37,Online_Shopping,Mobile_iOS,Delhi,1496.93,0
TXN0000020566,CUST003731,2025-10-27 12:42:36,NEFT,221024.03,Retail,Web_Desktop,Bangalore,1651.16,0
TXN0000024483,CUST004464,2025-09-16 09:46:37,IMPS,181335.85,Fuel,Web_Mobile,Kolkata,1531.52,0
TXN0000016832,CUST003064,2025-09-07 16:53:36,NEFT,302872.51,Travel,Web_Mobile,Other,307.74,0
TXN0000002498,CUST000459,2025-10-01 22:59:33,RTGS,593198.79,Other,Web_Mobile,Bangalore,306.58,0
TXN0000016125,CUST002933,2025-10-17 10:43:35,UPI,45653.15,Healthcare,Mobile_iOS,Mumbai,1373.09,0
TXN0000013424,CUST002441,2025-09-18 00:50:35,UPI,17333.37,Food,Mobile_Android,Delhi,1671.45,0
TXN0000001938,CUST000357,2025-08-26 02:08:32,Card_Payment,38532.29,Entertainment,Web_Mobile,Mumbai,1601.72,0
TXN0000021006,CUST003815,2025-08-07 19:14:37,IMPS,10042.28,Fuel,Web_Desktop,Delhi,1577.88,0
TXN0000012360,CUST002250,2025-09-26 16:25:35,NEFT,468411.65,Entertainment,Mobile_Android,Delhi,381.18,1
TXN0000019854,CUST003612,2025-08-14 03:57:36,UPI,30135.08,Food,Mobile_iOS,Pune,1702.92,0
TXN0000014198,CUST002587,2025-10-16 14:17:35,IMPS,113932.29,Fuel,Web_Mobile,International,327.73,0
TXN0000012308,CUST002243,2025-08-08 11:20:35,UPI,6884.95,Travel,Mobile_Android,Ahmedabad,350.39,0
TXN0000025793,CUST004695,2025-10-15 01:59:38,NEFT,126542.96,Food,ATM,Hyderabad,1594.19,0
TXN0000005438,CUST001002,2025-08-06 03:57:33,IMPS,33388.2,Other,Web_Mobile,Delhi,648.65,0
TXN0000004456,CUST000810,2025-08-05 18:24:33,IMPS,65107.7,Healthcare,ATM,Kolkata,603.88,0
TXN0000025258,CUST004599,2025-08-23 07:23:37,UPI,5215.03,Other,Mobile_Android,Pune,712.2,0
TXN0000026587,CUST004855,2025-11-01 17:44:38,Card_Payment,13281.05,Entertainment,Mobile_iOS,Ahmedabad,474.11,0
TXN0000000053,CUST000010,2025-10-27 05:09:32,UPI,33623.12,Other,ATM,Bangalore,677.52,0
TXN0000022408,CUST004078,2025-10-02 09:14:37,IMPS,115199.67,Online_Shopping,Mobile_iOS,Delhi,1084.4,0
TXN0000000874,CUST000164,2025-10-11 16:45:32,ATM_Withdrawal,10000.0,Other,Mobile_Android,Mumbai,424.63,0
TXN0000004420,CUST000802,2025-10-13 12:09:33,UPI,34165.27,Healthcare,ATM,Pune,162.06,1
TXN0000018278,CUST003321,2025-10-25 17:25:36,IMPS,173199.54,Entertainment,Web_Desktop,Ahmedabad,1305.77,0
TXN0000010835,CUST001977,2025-08-18 15:51:34,RTGS,1220387.34,Entertainment,ATM,Mumbai,526.05,0
TXN0000010950,CUST001997,2025-09-07 08:12:34,ATM_Withdrawal,20000.0,Education,Mobile_Android,Mumbai,1695.64,0
TXN0000016148,CUST002935,2025-08-24 11:20:35,IMPS,4133.37,Food,Mobile_Android,Chennai,1575.51,0
TXN0000024229,CUST004421,2025-08-18 03:34:37,ATM_Withdrawal,10000.0,Online_Shopping,ATM,Bangalore,570.63,0
TXN0000014790,CUST002682,2025-10-07 03:22:35,UPI,24897.56,Online_Shopping,Web_Desktop,Chennai,1706.88,0
TXN0000000997,CUST000184,2025-09-01 10:26:32,UPI,46050.2,Food,ATM,Chennai,235.58,0
TXN0000015615,CUST002846,2025-09-24 01:38:35,UPI,9367.0,Fuel,ATM,Mumbai,1390.85,0
TXN0000012256,CUST002236,2025-08-26 20:28:35,UPI,41386.63,Other,ATM,Pune,1283.52,0
TXN0000022809,CUST004148,2025-10-23 09:43:37,IMPS,45777.75,Fuel,Web_Desktop,Delhi,1507.47,0
TXN0000023595,CUST004301,2025-09-21 14:49:37,UPI,33336.08,Entertainment,Mobile_iOS,Delhi,204.08,0
TXN0000014385,CUST002616,2025-09-12 08:58:35,Card_Payment,24524.99,Fuel,ATM,Pune,246.36,0
TXN0000008957,CUST001630,2025-10-25 07:37:34,UPI,1258.15,Other,ATM,Chennai,1543.06,0
TXN0000021680,CUST003939,2025-08-21 21:27:37,Card_Payment,45418.79,Entertainment,ATM,Delhi,1609.03,0
TXN0000027026,CUST004932,2025-10-08 06:48:38,UPI,8218.09,Utilities,ATM,Ahmedabad,528.27,0
TXN0000019443,CUST003534,2025-10-09 21:41:36,UPI,49641.29,Retail,Mobile_iOS,Pune,1481.16,0
TXN0000023891,CUST004362,2025-08-23 03:07:37,UPI,3662.95,Other,Mobile_iOS,Ahmedabad,1208.4,0
TXN0000009290,CUST001699,2025-08-24 14:11:34,NEFT,295582.72,Utilities,Web_Mobile,Ahmedabad,1595.91,0
TXN0000009533,CUST001744,2025-10-19 19:45:34,IMPS,46152.69,Healthcare,Web_Mobile,Chennai,1499.8,0
TXN0000009415,CUST001722,2025-10-21 10:23:34,ATM_Withdrawal,2000.0,Utilities,Mobile_Android,Pune,1663.46,0
TXN0000021885,CUST003983,2025-09-28 13:00:37,UPI,31847.07,Other,ATM,Hyderabad,1184.44,0
TXN0000001636,CUST000293,2025-09-04 10:51:32,UPI,13338.53,Healthcare,Web_Mobile,Chennai,839.18,0
TXN0000016448,CUST002994,2025-08-20 06:27:36,UPI,42735.67,Fuel,Web_Mobile,Ahmedabad,836.49,0
TXN0000003674,CUST000663,2025-10-12 05:33:33,UPI,47043.5,Healthcare,Mobile_iOS,Hyderabad,1149.88,0
TXN0000012321,CUST002245,2025-10-26 07:52:35,IMPS,192112.97,Entertainment,Web_Mobile,Pune,1673.37,0
TXN0000021717,CUST003947,2025-08-07 00:39:37,UPI,44119.5,Healthcare,ATM,Other,1475.35,0
TXN0000025545,CUST004647,2025-10-02 11:21:37,UPI,14819.48,Other,Web_Mobile,Bangalore,142.66,1
TXN0000003814,CUST000688,2025-09-30 17:38:33,UPI,25568.62,Retail,Mobile_iOS,Chennai,839.36,0
TXN0000001247,CUST000224,2025-10-15 10:28:32,UPI,3474.73,Travel,Mobile_Android,Delhi,1598.68,0
TXN0000016984,CUST003090,2025-10-09 23:20:36,Card_Payment,57606.48,Retail,Mobile_Android,Delhi,903.2,0
TXN0000014826,CUST002694,2025-10-01 14:27:35,NEFT,468436.62,Other,Web_Desktop,Chennai,379.14,0
TXN0000000398,CUST000081,2025-09-08 12:17:32,Card_Payment,35985.74,Entertainment,ATM,International,357.0,0
TXN0000027104,CUST004945,2025-10-08 23:22:38,UPI,49652.92,Retail,ATM,Delhi,1616.85,0
TXN0000008325,CUST001520,2025-08-15 08:35:34,UPI,23858.11,Travel,Mobile_iOS,Delhi,1418.62,0
TXN0000008932,CUST001625,2025-08-17 12:58:34,IMPS,32847.01,Travel,Web_Mobile,Kolkata,903.38,0
TXN0000025499,CUST004640,2025-08-09 17:38:37,Card_Payment,97638.53,Online_Shopping,ATM,Mumbai,1188.41,0
TXN0000006869,CUST001265,2025-09-27 00:07:34,UPI,20542.56,Healthcare,ATM,Mumbai,678.44,0
TXN0000020508,CUST003721,2025-09-10 04:36:36,NEFT,379832.77,Online_Shopping,Web_Desktop,Ahmedabad,272.15,1
TXN0000023305,CUST004240,2025-09-30 11:26:37,RTGS,1201515.69,Food,Mobile_Android,Bangalore,766.14,0
TXN0000010954,CUST001997,2025-09-21 09:44:34,UPI,5569.72,Fuel,Mobile_iOS,Kolkata,1752.47,0
TXN0000005384,CUST000991,2025-09-24 12:43:33,UPI,15450.74,Fuel,Mobile_iOS,Bangalore,831.33,0
TXN0000016446,CUST002993,2025-08-25 11:10:36,UPI,40037.72,Other,Mobile_Android,Ahmedabad,1752.73,0
TXN0000024235,CUST004421,2025-08-21 16:31:37,IMPS,54095.87,Other,Mobile_Android,Bangalore,1014.16,0
TXN0000000897,CUST000169,2025-09-15 10:57:32,Card_Payment,38532.97,Online_Shopping,Mobile_Android,Mumbai,509.66,0
TXN0000020547,CUST003729,2025-10-08 21:31:36,ATM_Withdrawal,20000.0,Utilities,Web_Desktop,Delhi,206.86,0
TXN0000005611,CUST001035,2025-09-01 20:09:33,NEFT,124042.74,Retail,Mobile_iOS,Ahmedabad,1570.95,0
TXN0000027287,CUST004978,2025-08-24 20:12:38,UPI,22915.85,Utilities,Web_Mobile,Bangalore,346.66,1
TXN0000019821,CUST003601,2025-08-06 08:04:36,NEFT,473877.54,Entertainment,Mobile_Android,Pune,1398.16,0
TXN0000004775,CUST000872,2025-09-27 15:46:33,UPI,23520.82,Utilities,Web_Desktop,Mumbai,1245.31,0
TXN0000004660,CUST000851,2025-10-27 20:50:33,UPI,19376.82,Online_Shopping,Web_Desktop,Delhi,1069.88,0
TXN0000017976,CUST003271,2025-08-07 01:38:36,UPI,872.27,Utilities,Web_Desktop,Hyderabad,1553.4,0
TXN0000009599,CUST001756,2025-10-11 15:35:34,IMPS,35527.38,Food,Mobile_Android,Pune,289.67,1
TXN0000021674,CUST003938,2025-09-13 05:58:37,IMPS,180854.94,Fuel,Web_Mobile,Chennai,1494.08,0
TXN0000004708,CUST000861,2025-10-02 08:30:33,RTGS,1643296.4,Utilities,ATM,Kolkata,288.62,0
TXN0000019929,CUST003623,2025-10-10 09:43:36,Card_Payment,16543.84,Entertainment,Web_Mobile,Pune,1707.28,0
TXN0000003950,CUST000713,2025-08-17 23:41:33,IMPS,94440.85,Retail,Mobile_Android,Hyderabad,853.84,0
TXN0000014752,CUST002676,2025-10-19 07:31:35,UPI,2296.86,Travel,Web_Desktop,Mumbai,1742.32,0
TXN0000008305,CUST001516,2025-08-12 12:17:34,NEFT,222279.46,Healthcare,ATM,Other,416.75,0
TXN0000024402,CUST004450,2025-09-24 22:23:37,Card_Payment,86528.63,Online_Shopping,ATM,Hyderabad,957.32,0
TXN0000012621,CUST002300,2025-10-07 06:39:35,IMPS,51635.12,Utilities,Mobile_iOS,Delhi,889.32,0
TXN0000022592,CUST004110,2025-09-14 09:21:37,NEFT,182848.59,Retail,ATM,Hyderabad,301.64,0
TXN0000001819,CUST000335,2025-09-16 10:44:32,IMPS,168698.87,Retail,Web_Desktop,Mumbai,253.94,0
TXN0000027187,CUST004959,2025-10-21 17:50:38,Card_Payment,57266.35,Other,Mobile_iOS,Bangalore,1048.27,0
TXN0000004521,CUST000821,2025-10-28 13:03:33,Card_Payment,50115.66,Education,Web_Desktop,Hyderabad,628.33,0
TXN0000012968,CUST002360,2025-09-23 10:39:35,UPI,1582.26,Utilities,Web_Mobile,Ahmedabad,366.12,1
TXN0000010601,CUST001937,2025-08-26 16:29:34,NEFT,236172.8,Travel,Mobile_Android,Hyderabad,583.34,0
TXN0000025924,CUST004722,2025-09-11 21:20:38,NEFT,422477.39,Entertainment,Web_Desktop,Delhi,1782.86,0
TXN0000024248,CUST004424,2025-08-07 06:56:37,RTGS,1584900.17,Food,Web_Desktop,Delhi,835.93,0
TXN0000024363,CUST004442,2025-08-07 13:33:37,NEFT,369146.11,Education,Mobile_Android,Mumbai,1898.78,0
TXN0000005007,CUST000910,2025-08-25 19:35:33,Card_Payment,86225.61,Utilities,Mobile_iOS,Mumbai,1896.27,0
TXN0000009627,CUST001761,2025-10-31 23:29:34,IMPS,190681.57,Travel,Mobile_iOS,Mumbai,473.67,0
TXN0000002222,CUST000411,2025-08-07 12:59:33,UPI,798.22,Retail,Mobile_iOS,Bangalore,1552.39,0
TXN0000016805,CUST003060,2025-09-23 20:22:36,UPI,28305.69,Utilities,Web_Desktop,Hyderabad,1316.83,0
TXN0000008440,CUST001541,2025-08-15 21:05:34,RTGS,1015094.11,Food,Mobile_iOS,Delhi,430.72,0
TXN0000021971,CUST003998,2025-09-29 23:44:37,UPI,39624.46,Healthcare,Web_Desktop,Other,497.2,0
TXN0000007554,CUST001387,2025-09-12 02:24:34,IMPS,92564.6,Travel,Web_Desktop,Mumbai,1618.72,0
TXN0000012555,CUST002285,2025-09-16 10:41:35,UPI,19625.22,Retail,ATM,Bangalore,1974.21,0
TXN0000011711,CUST002138,2025-10-14 04:18:35,UPI,11520.12,Entertainment,ATM,Pune,530.13,0
TXN0000025149,CUST004576,2025-10-17 18:17:37,Card_Payment,57431.03,Utilities,Web_Mobile,Hyderabad,1132.89,0
TXN0000021824,CUST003971,2025-09-20 10:56:37,UPI,28993.71,Healthcare,Web_Desktop,Pune,1823.23,0
TXN0000012742,CUST002320,2025-08-11 19:47:35,NEFT,354761.27,Utilities,Web_Mobile,Chennai,1213.23,0
TXN0000020605,CUST003737,2025-10-03 06:14:36,IMPS,78889.44,Fuel,Mobile_iOS,Bangalore,855.32,0
TXN0000004060,CUST000733,2025-08-05 14:50:33,IMPS,28150.19,Food,Mobile_iOS,International,892.68,0
TXN0000014460,CUST002627,2025-08-15 21:45:35,UPI,48608.79,Fuel,Mobile_iOS,Chennai,1058.08,0
TXN0000005771,CUST001063,2025-08-13 06:46:33,RTGS,1424598.67,Entertainment,Mobile_iOS,Hyderabad,193.98,1
TXN0000023016,CUST004183,2025-09-02 12:42:37,NEFT,85767.29,Healthcare,Web_Desktop,Bangalore,297.76,0
TXN0000026356,CUST004810,2025-08-20 06:00:38,ATM_Withdrawal,10000.0,Utilities,Web_Mobile,Bangalore,198.3,1
TXN0000025495,CUST004639,2025-10-18 14:44:37,IMPS,142678.09,Entertainment,Web_Desktop,Ahmedabad,1056.95,0
TXN0000005864,CUST001079,2025-09-22 04:21:33,RTGS,640432.36,Food,Mobile_Android,Bangalore,1742.34,0
TXN0000024642,CUST004493,2025-10-25 20:05:37,IMPS,187413.59,Food,Mobile_Android,Mumbai,1790.65,0
TXN0000000539,CUST000108,2025-09-19 19:45:32,UPI,30701.26,Retail,ATM,Bangalore,1980.61,0
TXN0000025784,CUST004694,2025-08-18 01:06:38,RTGS,1234290.39,Food,ATM,Chennai,1474.84,0
TXN0000024936,CUST004542,2025-09-29 08:15:37,UPI,12960.07,Fuel,Web_Mobile,Chennai,1324.14,0
TXN0000007496,CUST001376,2025-08-05 01:57:34,UPI,12909.09,Utilities,Mobile_iOS,Pune,381.51,0
TXN0000010469,CUST001914,2025-08-05 19:02:34,NEFT,290044.21,Fuel,Web_Desktop,Mumbai,1816.55,0
TXN0000015845,CUST002889,2025-08-10 13:39:35,Card_Payment,28546.81,Entertainment,ATM,Chennai,1496.98,0
TXN0000001324,CUST000236,2025-08-31 03:31:32,IMPS,129854.22,Utilities,ATM,Other,1634.14,0
TXN0000012974,CUST002362,2025-09-04 20:32:35,NEFT,280501.72,Healthcare,Web_Desktop,Delhi,567.55,0
TXN0000007748,CUST001420,2025-10-02 10:37:34,NEFT,203407.79,Food,Web_Mobile,Delhi,206.16,0
TXN0000023925,CUST004368,2025-10-08 20:23:37,IMPS,116508.1,Fuel,Web_Desktop,Chennai,1084.47,0
TXN0000015397,CUST002805,2025-10-24 22:03:35,Card_Payment,11516.68,Other,ATM,Chennai,1761.73,0
TXN0000023225,CUST004228,2025-10-15 10:53:37,Card_Payment,25215.33,Healthcare,Mobile_iOS,Chennai,878.74,0
TXN0000010076,CUST001846,2025-09-29 09:32:34,NEFT,376768.96,Utilities,Web_Desktop,Mumbai,1077.4,0
TXN0000016325,CUST002970,2025-08-13 20:07:36,UPI,30252.19,Online_Shopping,Web_Mobile,Delhi,1409.7,0
TXN0000019065,CUST003465,2025-08-07 09:34:36,RTGS,627439.43,Fuel,Web_Desktop,Ahmedabad,1319.08,0
TXN0000014635,CUST002657,2025-08-27 00:51:35,NEFT,120173.07,Food,Mobile_Android,Hyderabad,1664.8,0
TXN0000020400,CUST003703,2025-09-22 06:33:36,UPI,23084.31,Food,Mobile_iOS,Pune,1471.98,0
TXN0000012637,CUST002303,2025-10-28 04:56:35,UPI,35572.47,Fuel,ATM,Hyderabad,1819.17,0
TXN0000011071,CUST002022,2025-08-11 03:58:34,Card_Payment,36440.59,Food,ATM,Bangalore,1955.99,0
TXN0000005636,CUST001039,2025-08-19 18:27:33,NEFT,493429.23,Entertainment,Web_Desktop,Kolkata,1854.04,0
TXN0000002141,CUST000395,2025-08-17 10:33:33,UPI,32744.29,Education,Web_Mobile,Bangalore,1720.35,0
TXN0000003640,CUST000658,2025-08-09 07:20:33,IMPS,101232.68,Fuel,Web_Desktop,Delhi,304.9,0
TXN0000018037,CUST003283,2025-10-02 12:00:36,NEFT,214662.02,Food,Mobile_iOS,Chennai,1516.91,0
TXN0000005219,CUST000955,2025-10-04 18:14:33,RTGS,1475280.83,Travel,Web_Mobile,Chennai,353.44,0
TXN0000012311,CUST002244,2025-10-30 04:16:35,UPI,3133.98,Fuel,Mobile_Android,Pune,1533.03,0
TXN0000008453,CUST001543,2025-10-11 16:20:34,NEFT,409931.37,Food,Mobile_Android,Ahmedabad,737.47,0
TXN0000014336,CUST002610,2025-09-14 19:07:35,IMPS,17139.73,Healthcare,Mobile_Android,Bangalore,1608.76,0
TXN0000009376,CUST001715,2025-10-06 01:56:34,UPI,843.82,Other,Mobile_Android,Pune,233.08,0
TXN0000007406,CUST001361,2025-10-11 21:00:34,NEFT,224974.8,Other,ATM,Ahmedabad,245.76,1
TXN0000006333,CUST001161,2025-09-28 09:32:33,UPI,28792.01,Utilities,ATM,Hyderabad,1254.35,0
TXN0000017692,CUST003224,2025-09-30 19:40:36,UPI,15309.97,Education,Mobile_Android,Kolkata,291.92,0
TXN0000022164,CUST004034,2025-10-13 05:28:37,IMPS,165315.64,Healthcare,Mobile_Android,Mumbai,1664.41,0
TXN0000023536,CUST004290,2025-08-15 10:55:37,NEFT,271673.17,Education,Mobile_Android,Delhi,1080.81,0
TXN0000021477,CUST003902,2025-08-11 07:54:37,IMPS,32461.48,Healthcare,ATM,Other,928.65,0
TXN0000013905,CUST002533,2025-09-13 09:26:35,IMPS,57242.61,Online_Shopping,Web_Desktop,Ahmedabad,412.77,0
TXN0000009751,CUST001783,2025-09-30 16:57:34,UPI,38289.03,Food,ATM,Kolkata,1397.6,0
TXN0000008590,CUST001564,2025-09-29 22:02:34,Card_Payment,6160.55,Education,Web_Mobile,Delhi,1153.73,0
TXN0000011379,CUST002077,2025-09-08 13:54:34,Card_Payment,56871.53,Online_Shopping,Mobile_Android,Hyderabad,376.66,0
TXN0000016846,CUST003066,2025-10-03 16:41:36,IMPS,122197.23,Entertainment,Web_Desktop,Bangalore,1208.59,0
TXN0000004182,CUST000757,2025-09-06 18:58:33,IMPS,52627.11,Fuel,Web_Mobile,Kolkata,1488.19,0
TXN0000025921,CUST004722,2025-08-21 02:11:38,IMPS,59781.87,Entertainment,Web_Mobile,Delhi,907.81,0
TXN0000013168,CUST002397,2025-10-14 00:07:35,NEFT,364958.93,Other,Web_Mobile,Chennai,760.46,0
TXN0000009116,CUST001664,2025-08-17 04:56:34,NEFT,367130.79,Travel,Mobile_Android,Chennai,1517.51,0
TXN0000007734,CUST001415,2025-09-25 09:10:34,IMPS,161284.04,Fuel,Web_Desktop,Delhi,1181.77,0
TXN0000021764,CUST003958,2025-10-10 05:32:37,Card_Payment,87322.04,Other,Mobile_Android,Chennai,892.13,0
TXN0000017929,CUST003263,2025-10-10 18:19:36,NEFT,403986.85,Healthcare,Web_Mobile,Chennai,738.9,0
TXN0000020515,CUST003723,2025-10-26 08:17:36,NEFT,394407.43,Food,Mobile_iOS,Mumbai,503.2,0
TXN0000002584,CUST000473,2025-09-01 07:07:33,IMPS,13120.13,Healthcare,Web_Desktop,Kolkata,1683.07,0
TXN0000017202,CUST003134,2025-08-17 00:40:36,Card_Payment,14295.03,Entertainment,ATM,Mumbai,423.55,1
TXN0000021914,CUST003987,2025-08-16 15:01:37,UPI,15886.73,Healthcare,Mobile_iOS,Hyderabad,403.58,0
TXN0000010095,CUST001848,2025-09-23 19:11:34,ATM_Withdrawal,20000.0,Other,Web_Mobile,Chennai,1134.06,0
TXN0000016784,CUST003057,2025-09-21 22:02:36,RTGS,1294925.6,Other,Mobile_Android,Delhi,1596.73,0
TXN0000025535,CUST004645,2025-08-20 13:11:37,ATM_Withdrawal,2000.0,Food,Web_Mobile,Mumbai,1353.83,0
TXN0000019203,CUST003489,2025-08-24 08:25:36,IMPS,79078.02,Retail,Web_Mobile,Chennai,256.31,0
TXN0000001531,CUST000275,2025-08-13 08:33:32,IMPS,199324.89,Travel,Mobile_iOS,Bangalore,528.84,0
TXN0000010229,CUST001873,2025-09-15 23:26:34,IMPS,19254.58,Utilities,ATM,Ahmedabad,675.63,0
TXN0000019022,CUST003455,2025-09-12 21:47:36,Card_Payment,69579.31,Retail,Mobile_Android,Chennai,1245.06,0
TXN0000017637,CUST003215,2025-09-27 00:24:36,UPI,35930.78,Retail,Web_Mobile,International,1107.72,0
TXN0000025609,CUST004661,2025-08-08 19:04:37,UPI,13818.55,Healthcare,ATM,Pune,318.26,0
TXN0000006211,CUST001140,2025-10-26 16:18:33,NEFT,227391.35,Food,ATM,Other,804.88,0
TXN0000016817,CUST003062,2025-08-13 09:50:36,UPI,23797.79,Food,Web_Desktop,Bangalore,1439.23,0
TXN0000016405,CUST002985,2025-08-15 03:03:36,IMPS,161471.45,Education,Web_Mobile,Kolkata,1010.34,0
TXN0000001963,CUST000361,2025-10-19 03:33:32,RTGS,675230.57,Fuel,Web_Mobile,Mumbai,1994.83,0
TXN0000012815,CUST002333,2025-10-25 20:32:35,UPI,43549.51,Other,ATM,Bangalore,173.61,1
TXN0000022729,CUST004135,2025-09-15 09:26:37,IMPS,137792.53,Healthcare,Mobile_Android,Chennai,1573.03,0
TXN0000011058,CUST002018,2025-08-09 18:42:34,Card_Payment,66984.47,Food,Web_Desktop,Pune,337.13,0
TXN0000007450,CUST001369,2025-09-23 21:33:34,UPI,7273.41,Healthcare,ATM,Pune,1267.65,0
TXN0000012931,CUST002355,2025-08-11 19:35:35,IMPS,91493.62,Utilities,Mobile_iOS,Bangalore,223.89,0
TXN0000018770,CUST003407,2025-08-16 06:46:36,NEFT,377933.75,Healthcare,Mobile_Android,Mumbai,1321.73,0
TXN0000004685,CUST000856,2025-09-23 21:40:33,UPI,28927.43,Entertainment,Mobile_iOS,Ahmedabad,1230.37,0
TXN0000006803,CUST001254,2025-09-19 00:16:34,RTGS,721588.74,Entertainment,Mobile_iOS,Delhi,1006.24,0
TXN0000011604,CUST002115,2025-10-01 14:47:35,Card_Payment,54246.66,Retail,Web_Desktop,Hyderabad,1541.32,0
TXN0000023469,CUST004273,2025-09-07 16:39:37,NEFT,206242.46,Food,ATM,Kolkata,982.31,0
TXN0000012966,CUST002360,2025-10-06 19:36:35,RTGS,355859.85,Utilities,Mobile_iOS,Ahmedabad,704.91,0
TXN0000013152,CUST002394,2025-09-22 02:51:35,IMPS,165452.55,Education,Web_Mobile,Bangalore,1066.97,0
TXN0000003581,CUST000647,2025-11-01 19:42:33,IMPS,131363.44,Fuel,Web_Desktop,Ahmedabad,1258.02,0
TXN0000005817,CUST001071,2025-10-20 05:50:33,UPI,15997.05,Retail,Web_Desktop,Chennai,813.83,0
TXN0000023905,CUST004363,2025-09-05 02:11:37,ATM_Withdrawal,5000.0,Other,Mobile_Android,Kolkata,629.84,0
TXN0000024285,CUST004429,2025-08-24 12:58:37,Card_Payment,10582.67,Healthcare,ATM,Mumbai,1054.2,0
TXN0000003902,CUST000706,2025-09-15 07:54:33,NEFT,136841.15,Food,Web_Desktop,Chennai,1600.09,0
TXN0000003474,CUST000629,2025-09-22 06:18:33,RTGS,1616220.07,Education,Mobile_iOS,Delhi,989.85,0
TXN0000009104,CUST001659,2025-10-02 14:17:34,RTGS,1014229.56,Other,Web_Desktop,Bangalore,1154.6,0
TXN0000018440,CUST003353,2025-09-10 21:21:36,UPI,15262.07,Travel,Mobile_iOS,Mumbai,580.31,0
TXN0000022291,CUST004052,2025-08-26 22:59:37,Card_Payment,87672.96,Utilities,ATM,Chennai,204.65,0
TXN0000001348,CUST000239,2025-10-08 07:33:32,UPI,42876.21,Fuel,Web_Mobile,Chennai,1922.14,0
TXN0000017926,CUST003262,2025-09-09 09:19:36,UPI,2040.0,Retail,ATM,Chennai,1311.09,0
TXN0000022355,CUST004069,2025-10-17 15:07:37,RTGS,1919963.87,Retail,Mobile_Android,Kolkata,1433.02,0
TXN0000001835,CUST000337,2025-08-20 14:10:32,UPI,31012.47,Entertainment,Mobile_Android,Kolkata,714.17,0
TXN0000022341,CUST004065,2025-08-15 13:43:37,NEFT,208727.54,Food,ATM,Bangalore,370.13,0
TXN0000011962,CUST002184,2025-10-02 00:38:35,ATM_Withdrawal,20000.0,Healthcare,ATM,Pune,1791.31,0
TXN0000026002,CUST004739,2025-10-07 10:25:38,UPI,49372.18,Food,Mobile_Android,Mumbai,1308.17,0
TXN0000020503,CUST003720,2025-08-08 13:53:36,UPI,10565.7,Fuel,Web_Mobile,Delhi,512.0,0
TXN0000017939,CUST003266,2025-09-19 01:58:36,IMPS,45164.48,Entertainment,Web_Mobile,Hyderabad,1079.97,0
TXN0000017883,CUST003254,2025-10-18 07:20:36,NEFT,170387.69,Retail,Web_Mobile,Bangalore,1247.65,0
TXN0000012795,CUST002330,2025-09-05 03:10:35,IMPS,193156.72,Travel,Web_Desktop,Pune,788.27,0
TXN0000010109,CUST001851,2025-09-13 21:56:34,IMPS,91078.77,Other,Web_Desktop,Pune,1425.85,0
TXN0000003859,CUST000696,2025-08-06 10:42:33,UPI,23614.08,Utilities,Web_Mobile,Mumbai,231.12,0
TXN0000015092,CUST002740,2025-09-08 08:53:35,IMPS,43215.09,Food,Web_Desktop,Ahmedabad,1605.85,0
TXN0000008207,CUST001498,2025-10-02 07:52:34,UPI,13844.58,Entertainment,Web_Desktop,Chennai,1361.01,0
TXN0000002908,CUST000527,2025-10-25 20:34:33,IMPS,94412.82,Education,Mobile_iOS,Hyderabad,496.96,0
TXN0000003845,CUST000693,2025-11-02 19:22:33,NEFT,363471.33,Fuel,ATM,Hyderabad,415.95,0
TXN0000011264,CUST002057,2025-08-31 15:41:34,Card_Payment,80715.49,Retail,Mobile_iOS,Mumbai,1708.14,0
TXN0000004187,CUST000760,2025-10-04 13:57:33,UPI,38062.42,Retail,Mobile_Android,Ahmedabad,708.86,0
TXN0000013024,CUST002370,2025-10-25 10:54:35,RTGS,715676.31,Healthcare,ATM,International,1111.4,0
TXN0000000151,CUST000030,2025-08-15 11:49:32,UPI,12792.5,Education,ATM,Hyderabad,1975.34,0
TXN0000019833,CUST003605,2025-10-20 14:40:36,Card_Payment,5057.5,Online_Shopping,Mobile_Android,Hyderabad,1270.9,0
TXN0000025942,CUST004727,2025-09-05 22:06:38,UPI,41914.26,Other,Web_Desktop,Kolkata,1982.57,0
TXN0000025972,CUST004732,2025-09-24 18:16:38,Card_Payment,36341.44,Healthcare,Web_Desktop,Chennai,1300.04,0
TXN0000018552,CUST003373,2025-09-12 18:19:36,UPI,6512.18,Entertainment,Mobile_iOS,Chennai,1062.7,0
TXN0000026786,CUST004887,2025-10-05 03:14:38,RTGS,1099562.73,Fuel,Mobile_iOS,Bangalore,743.77,0
TXN0000018017,CUST003277,2025-10-03 18:04:36,RTGS,1624576.43,Retail,Mobile_Android,Kolkata,854.5,0
TXN0000001691,CUST000309,2025-08-17 22:48:32,UPI,6146.37,Fuel,Web_Mobile,Hyderabad,1321.48,0
TXN0000006650,CUST001225,2025-08-19 00:36:33,UPI,1999.68,Fuel,Mobile_iOS,Kolkata,316.97,0
TXN0000016972,CUST003088,2025-08-09 14:48:36,RTGS,1360491.78,Utilities,Web_Desktop,Ahmedabad,1195.1,0
TXN0000009677,CUST001769,2025-08-30 13:43:34,IMPS,99249.02,Fuel,Mobile_Android,Chennai,398.98,0
TXN0000018810,CUST003415,2025-08-09 12:15:36,ATM_Withdrawal,5000.0,Entertainment,Mobile_iOS,Mumbai,1615.58,0
TXN0000011366,CUST002073,2025-08-21 18:14:34,RTGS,1272756.27,Healthcare,Mobile_iOS,Chennai,1558.64,0
TXN0000011698,CUST002135,2025-10-31 02:28:35,RTGS,1801647.65,Entertainment,ATM,Bangalore,1094.71,0
TXN0000004450,CUST000809,2025-10-25 15:31:33,UPI,26957.51,Travel,Mobile_iOS,Ahmedabad,310.01,0
TXN0000002534,CUST000464,2025-09-05 22:57:33,NEFT,86168.15,Entertainment,Web_Mobile,Mumbai,1109.05,0
TXN0000012033,CUST002197,2025-08-17 12:33:35,ATM_Withdrawal,10000.0,Entertainment,Mobile_iOS,Ahmedabad,440.82,0
TXN0000014637,CUST002657,2025-09-19 11:39:35,NEFT,290264.63,Retail,Mobile_Android,Hyderabad,1493.21,0
TXN0000017402,CUST003170,2025-09-06 06:36:36,UPI,2417.57,Retail,Web_Mobile,Chennai,1616.45,0
TXN0000017438,CUST003178,2025-08-15 03:31:36,NEFT,291804.27,Retail,Web_Desktop,Pune,1695.4,0
TXN0000005659,CUST001045,2025-09-25 20:12:33,UPI,49924.89,Entertainment,Web_Desktop,Delhi,1508.12,0
TXN0000003504,CUST000635,2025-09-12 14:18:33,NEFT,477459.1,Retail,Mobile_Android,Mumbai,303.81,0
TXN0000016038,CUST002921,2025-10-20 16:40:35,IMPS,132651.12,Healthcare,Mobile_Android,Mumbai,376.35,0
TXN0000022218,CUST004043,2025-10-04 08:18:37,UPI,45360.01,Fuel,Web_Mobile,Hyderabad,1208.66,0
TXN0000005184,CUST000947,2025-09-08 05:07:33,IMPS,171585.04,Travel,Mobile_iOS,Pune,312.5,1
TXN0000008829,CUST001604,2025-09-10 09:38:34,IMPS,137275.53,Entertainment,ATM,Bangalore,1488.82,0
TXN0000013116,CUST002386,2025-09-06 08:55:35,Card_Payment,73635.14,Education,Mobile_Android,Kolkata,690.26,0
TXN0000020434,CUST003708,2025-08-18 15:31:36,Card_Payment,1769.08,Online_Shopping,ATM,Delhi,1117.36,0
TXN0000019112,CUST003474,2025-09-08 17:47:36,UPI,30563.41,Healthcare,Web_Mobile,Ahmedabad,1779.84,0
TXN0000016823,CUST003063,2025-08-13 08:06:36,UPI,2162.85,Food,Web_Mobile,Ahmedabad,1828.63,0
TXN0000017442,CUST003179,2025-08-09 10:39:36,NEFT,424388.76,Food,Web_Desktop,Hyderabad,829.36,0
TXN0000009754,CUST001784,2025-10-25 02:17:34,UPI,35062.96,Food,Mobile_iOS,Hyderabad,1135.33,0
TXN0000004414,CUST000800,2025-08-12 11:34:33,NEFT,384956.24,Other,Mobile_Android,Bangalore,392.59,1
TXN0000015540,CUST002833,2025-09-08 21:48:35,IMPS,165333.96,Education,Mobile_Android,Chennai,484.27,0
TXN0000017256,CUST003143,2025-10-01 20:57:36,UPI,18090.45,Entertainment,ATM,Hyderabad,534.99,0
TXN0000003493,CUST000632,2025-10-18 02:17:33,IMPS,84246.53,Utilities,Web_Desktop,Hyderabad,1895.3,0
TXN0000002508,CUST000461,2025-08-13 03:45:33,Card_Payment,33268.29,Other,Mobile_iOS,Ahmedabad,421.27,0
TXN0000007485,CUST001375,2025-08-11 01:06:34,IMPS,179920.81,Education,ATM,Pune,348.25,0
TXN0000024885,CUST004532,2025-09-25 06:55:37,UPI,25394.03,Food,Web_Desktop,Bangalore,737.99,0
TXN0000004304,CUST000778,2025-10-24 00:37:33,ATM_Withdrawal,2000.0,Utilities,Mobile_Android,Chennai,600.49,0
TXN0000007446,CUST001369,2025-10-12 07:03:34,UPI,47934.22,Online_Shopping,Web_Mobile,Pune,800.08,0
TXN0000010278,CUST001882,2025-10-08 15:49:34,IMPS,180378.73,Online_Shopping,ATM,Mumbai,1608.37,0
TXN0000018474,CUST003357,2025-08-13 07:15:36,IMPS,167668.27,Healthcare,Mobile_iOS,Bangalore,394.52,0
TXN0000010405,CUST001903,2025-10-06 07:31:34,NEFT,464299.49,Education,Web_Desktop,Delhi,843.05,0
TXN0000020114,CUST003655,2025-10-31 12:05:36,RTGS,1092334.86,Online_Shopping,Web_Desktop,Bangalore,419.54,0
TXN0000004815,CUST000878,2025-09-04 01:19:33,RTGS,1173030.78,Other,Mobile_Android,Chennai,1736.89,0
TXN0000019641,CUST003568,2025-09-20 18:26:36,NEFT,175167.27,Fuel,Web_Mobile,Chennai,298.16,0
TXN0000025962,CUST004730,2025-10-03 21:55:38,UPI,21881.72,Education,Mobile_iOS,Delhi,685.82,0
TXN0000001916,CUST000353,2025-08-26 12:59:32,IMPS,75528.92,Other,Web_Mobile,Pune,227.92,0
TXN0000014663,CUST002660,2025-10-09 17:08:35,UPI,33328.24,Retail,Web_Desktop,Kolkata,461.13,0
TXN0000024142,CUST004403,2025-08-10 13:11:37,IMPS,110374.62,Healthcare,Mobile_iOS,Pune,182.57,1
TXN0000001665,CUST000302,2025-10-01 08:14:32,RTGS,1429551.19,Retail,Mobile_iOS,Delhi,668.88,0
TXN0000006701,CUST001235,2025-10-24 09:31:34,UPI,15261.48,Utilities,Mobile_Android,Ahmedabad,1634.16,0
TXN0000022681,CUST004125,2025-10-29 01:34:37,IMPS,122254.4,Food,Web_Desktop,Kolkata,620.53,0
TXN0000006831,CUST001259,2025-09-14 19:24:34,Card_Payment,58791.21,Entertainment,Web_Desktop,Bangalore,1388.32,0
TXN0000007801,CUST001429,2025-10-03 12:31:34,IMPS,91409.62,Online_Shopping,ATM,Hyderabad,1563.07,0
TXN0000021771,CUST003962,2025-10-31 07:59:37,NEFT,142036.14,Online_Shopping,ATM,Mumbai,1327.32,0
TXN0000019409,CUST003528,2025-08-17 19:28:36,Card_Payment,56234.67,Healthcare,Mobile_iOS,International,946.28,0
TXN0000012171,CUST002222,2025-10-31 08:09:35,ATM_Withdrawal,2000.0,Healthcare,ATM,Mumbai,666.48,0
TXN0000018467,CUST003356,2025-08-23 03:20:36,IMPS,160839.72,Other,Mobile_iOS,Mumbai,1378.56,0
TXN0000024297,CUST004431,2025-09-30 11:12:37,UPI,31710.25,Other,ATM,Ahmedabad,1745.7,0
TXN0000016812,CUST003061,2025-10-18 16:47:36,UPI,9124.09,Food,Web_Desktop,Pune,1062.37,0
TXN0000016703,CUST003040,2025-10-26 04:00:36,IMPS,103647.42,Other,Web_Desktop,Delhi,1451.01,0
TXN0000007640,CUST001400,2025-10-29 12:50:34,NEFT,389436.65,Other,Web_Desktop,Delhi,1426.58,0
TXN0000021398,CUST003886,2025-10-14 05:43:37,NEFT,24547.2,Healthcare,ATM,Delhi,985.61,0
TXN0000023179,CUST004221,2025-09-03 17:59:37,ATM_Withdrawal,10000.0,Fuel,Mobile_Android,Pune,360.13,0
TXN0000020659,CUST003748,2025-10-31 18:45:36,UPI,39881.48,Other,ATM,Pune,819.23,0
TXN0000002603,CUST000475,2025-10-12 04:18:33,IMPS,37664.81,Food,Web_Mobile,Bangalore,260.78,0
TXN0000001604,CUST000287,2025-08-20 02:33:32,UPI,34566.77,Entertainment,Mobile_iOS,Mumbai,1404.88,0
TXN0000025154,CUST004578,2025-09-11 12:36:37,UPI,24010.61,Education,Mobile_iOS,Mumbai,1030.34,0
TXN0000014122,CUST002571,2025-10-05 07:57:35,Card_Payment,81089.0,Other,Web_Mobile,Chennai,384.04,0
TXN0000002215,CUST000409,2025-10-24 05:18:33,UPI,31355.49,Travel,ATM,Hyderabad,939.85,0
TXN0000015874,CUST002894,2025-10-29 10:53:35,IMPS,32523.8,Utilities,Web_Mobile,Kolkata,1198.59,0
TXN0000004253,CUST000771,2025-09-10 06:14:33,Card_Payment,74612.88,Travel,Web_Mobile,Ahmedabad,1618.05,0
TXN0000013228,CUST002405,2025-11-01 14:08:35,UPI,44697.41,Food,ATM,Chennai,400.56,0
TXN0000022287,CUST004052,2025-09-12 21:47:37,UPI,29411.46,Entertainment,Mobile_Android,Chennai,1548.87,0
TXN0000006951,CUST001281,2025-09-07 05:31:34,RTGS,323064.09,Fuel,Mobile_iOS,Kolkata,1455.99,0
TXN0000002768,CUST000506,2025-08-22 22:53:33,UPI,11163.07,Fuel,ATM,Kolkata,605.68,0
TXN0000015531,CUST002831,2025-09-24 06:45:35,IMPS,169854.06,Food,Mobile_Android,Ahmedabad,1310.41,0
TXN0000015047,CUST002733,2025-10-14 02:01:35,IMPS,160999.31,Utilities,Mobile_iOS,Delhi,1702.84,0
TXN0000010570,CUST001932,2025-10-09 09:18:34,RTGS,1081645.24,Utilities,Mobile_iOS,Kolkata,485.21,0
TXN0000007210,CUST001332,2025-09-26 05:18:34,RTGS,1109555.25,Education,Web_Desktop,Delhi,979.89,0
TXN0000005340,CUST000981,2025-10-08 09:20:33,IMPS,23935.24,Education,Mobile_Android,Pune,704.2,0
TXN0000026954,CUST004919,2025-09-13 02:14:38,UPI,22348.11,Fuel,ATM,Kolkata,237.53,0
TXN0000020275,CUST003681,2025-09-25 09:34:36,UPI,44295.47,Food,Mobile_iOS,Bangalore,321.28,0
TXN0000013036,CUST002372,2025-10-12 04:40:35,UPI,9297.04,Fuel,ATM,Delhi,378.63,0
TXN0000005554,CUST001023,2025-10-16 22:21:33,IMPS,130936.91,Food,Web_Mobile,Pune,1720.03,0
TXN0000011765,CUST002147,2025-08-29 07:06:35,UPI,32434.44,Fuel,Web_Mobile,Mumbai,1055.41,0
TXN0000016998,CUST003092,2025-09-17 07:02:36,Card_Payment,70283.54,Fuel,Mobile_Android,Kolkata,674.31,0
TXN0000013386,CUST002432,2025-10-01 19:45:35,UPI,6981.27,Utilities,Web_Mobile,Delhi,1744.21,0
TXN0000019696,CUST003580,2025-10-25 13:50:36,UPI,37731.41,Other,Mobile_Android,Bangalore,1957.63,0
TXN0000008159,CUST001490,2025-09-12 16:47:34,UPI,9816.07,Utilities,Web_Desktop,Pune,749.78,0
TXN0000013213,CUST002404,2025-09-04 20:45:35,UPI,6572.43,Online_Shopping,Web_Mobile,Bangalore,309.11,0
TXN0000021297,CUST003868,2025-10-26 14:37:37,NEFT,159781.87,Retail,Mobile_iOS,Bangalore,174.33,1
TXN0000024409,CUST004451,2025-08-16 19:56:37,NEFT,233822.28,Retail,Mobile_Android,Chennai,800.69,0
TXN0000002276,CUST000423,2025-08-27 02:31:33,IMPS,101241.11,Healthcare,Web_Desktop,Kolkata,520.73,0
TXN0000022543,CUST004102,2025-08-28 20:13:37,NEFT,355058.39,Education,Web_Desktop,Kolkata,1387.49,0
TXN0000024924,CUST004540,2025-08-18 05:12:37,RTGS,1453006.67,Retail,Web_Mobile,Bangalore,1191.47,0
TXN0000013298,CUST002417,2025-09-10 22:20:35,Card_Payment,51576.29,Travel,Mobile_iOS,Mumbai,868.44,0
TXN0000017605,CUST003207,2025-09-30 04:37:36,UPI,44544.11,Food,Web_Mobile,Hyderabad,769.55,0
TXN0000017745,CUST003233,2025-10-02 23:11:36,RTGS,1756113.6,Entertainment,ATM,Mumbai,1598.34,0
TXN0000001134,CUST000207,2025-08-22 09:40:32,IMPS,179499.78,Fuel,Web_Mobile,Hyderabad,1975.45,0
TXN0000004953,CUST000899,2025-08-20 21:12:33,IMPS,132897.52,Food,Web_Mobile,Mumbai,853.9,0
TXN0000010398,CUST001901,2025-10-19 21:01:34,ATM_Withdrawal,20000.0,Food,Web_Mobile,Kolkata,1865.88,0
TXN0000022158,CUST004033,2025-10-16 07:52:37,IMPS,27239.98,Fuel,Mobile_Android,Delhi,1316.65,0
TXN0000003028,CUST000551,2025-08-27 05:34:33,ATM_Withdrawal,20000.0,Food,Mobile_iOS,Pune,707.3,0
TXN0000019689,CUST003578,2025-10-04 23:43:36,UPI,28767.76,Entertainment,Web_Desktop,Ahmedabad,821.04,0
TXN0000021766,CUST003959,2025-09-29 18:23:37,UPI,7039.02,Online_Shopping,Web_Desktop,Hyderabad,781.94,0
TXN0000009441,CUST001726,2025-10-21 19:54:34,NEFT,205050.41,Education,Mobile_Android,Mumbai,1900.26,0
TXN0000012846,CUST002340,2025-09-12 18:36:35,IMPS,17422.48,Entertainment,Mobile_iOS,Mumbai,386.25,1
TXN0000013085,CUST002383,2025-08-05 08:43:35,UPI,49975.85,Utilities,Web_Desktop,Hyderabad,1031.99,0
TXN0000025159,CUST004579,2025-09-23 10:48:37,IMPS,72918.69,Online_Shopping,Mobile_Android,Bangalore,1880.88,0
TXN0000017379,CUST003166,2025-09-21 05:51:36,UPI,6672.23,Travel,ATM,Mumbai,1433.28,0
TXN0000005283,CUST000968,2025-08-28 23:09:33,Card_Payment,39327.6,Other,Web_Desktop,Delhi,1345.65,0
TXN0000025766,CUST004689,2025-09-29 15:23:37,UPI,45652.46,Entertainment,Web_Desktop,Hyderabad,1288.12,0
TXN0000020804,CUST003777,2025-10-05 21:41:36,NEFT,19101.59,Online_Shopping,Mobile_Android,Chennai,1493.24,0
TXN0000001730,CUST000318,2025-10-15 11:19:32,Card_Payment,26848.83,Online_Shopping,Web_Mobile,Mumbai,1587.71,0
TXN0000008576,CUST001562,2025-10-28 21:42:34,RTGS,639370.48,Utilities,Web_Desktop,Delhi,824.28,0
TXN0000001982,CUST000366,2025-10-10 11:32:33,UPI,10323.73,Online_Shopping,Web_Desktop,Ahmedabad,559.11,0
TXN0000007440,CUST001368,2025-09-08 20:47:34,Card_Payment,62252.38,Travel,Web_Mobile,Ahmedabad,1051.1,0
TXN0000026489,CUST004837,2025-10-06 04:50:38,UPI,18919.71,Entertainment,Mobile_Android,Ahmedabad,696.7,0
TXN0000016099,CUST002930,2025-09-29 20:01:35,ATM_Withdrawal,2000.0,Travel,Web_Mobile,Hyderabad,1596.7,0
TXN0000017099,CUST003115,2025-08-31 13:19:36,UPI,255.87,Entertainment,Web_Mobile,Pune,1822.03,0
TXN0000026732,CUST004878,2025-09-19 04:47:38,UPI,7913.0,Travel,ATM,Kolkata,295.31,0
TXN0000000168,CUST000034,2025-09-20 22:37:32,IMPS,15137.6,Retail,Web_Mobile,Chennai,1986.4,0
TXN0000021630,CUST003927,2025-11-01 20:18:37,Card_Payment,25592.27,Entertainment,Mobile_Android,Delhi,1879.42,0
TXN0000007887,CUST001445,2025-09-17 23:19:34,IMPS,98429.0,Online_Shopping,Mobile_iOS,Mumbai,913.31,0
TXN0000008359,CUST001525,2025-08-28 01:29:34,NEFT,346517.24,Food,ATM,Mumbai,832.52,0
TXN0000016000,CUST002915,2025-08-31 20:32:35,IMPS,69170.2,Food,Mobile_iOS,Hyderabad,1908.2,0
TXN0000010921,CUST001993,2025-09-15 03:05:34,IMPS,33637.59,Healthcare,Mobile_iOS,Chennai,1614.66,0
TXN0000001645,CUST000296,2025-09-14 15:35:32,NEFT,387532.94,Entertainment,Web_Desktop,Mumbai,1873.43,0
TXN0000012083,CUST002208,2025-08-21 01:22:35,RTGS,996246.18,Travel,Web_Mobile,Kolkata,592.49,0
TXN0000017046,CUST003103,2025-08-20 08:55:36,IMPS,104369.03,Retail,Mobile_Android,Bangalore,361.19,0
TXN0000017164,CUST003126,2025-09-12 22:05:36,UPI,11462.38,Other,Web_Mobile,Delhi,356.57,0
TXN0000017804,CUST003243,2025-09-24 01:08:36,IMPS,41164.25,Travel,Mobile_iOS,Chennai,1489.68,0
TXN0000004126,CUST000747,2025-08-06 18:24:33,NEFT,337192.34,Online_Shopping,Mobile_iOS,Chennai,1938.68,0
TXN0000020212,CUST003670,2025-09-27 13:34:36,UPI,39962.61,Healthcare,Web_Desktop,Pune,1306.0,0
TXN0000027192,CUST004960,2025-08-27 04:28:38,UPI,31842.93,Food,ATM,Hyderabad,1431.09,0
TXN0000016303,CUST002965,2025-10-27 19:52:36,NEFT,123652.36,Entertainment,Mobile_Android,Mumbai,979.85,0
TXN0000003508,CUST000635,2025-09-19 12:43:33,UPI,30406.06,Other,Web_Desktop,Mumbai,312.72,0
TXN0000026773,CUST004884,2025-08-06 13:17:38,RTGS,258607.13,Retail,Web_Mobile,Bangalore,447.44,0
TXN0000020130,CUST003659,2025-10-17 13:38:36,Card_Payment,27914.5,Retail,Mobile_iOS,Hyderabad,1275.34,0
TXN0000019392,CUST003525,2025-09-17 13:27:36,IMPS,134106.39,Travel,Web_Desktop,Chennai,758.0,0
TXN0000000248,CUST000052,2025-09-25 13:41:32,UPI,2831.08,Entertainment,ATM,Delhi,1105.27,0
TXN0000008875,CUST001614,2025-10-16 07:24:34,UPI,13116.08,Healthcare,Mobile_Android,Bangalore,639.17,0
TXN0000005677,CUST001047,2025-09-12 07:56:33,UPI,26026.14,Entertainment,Web_Mobile,Chennai,1109.94,0
TXN0000020142,CUST003661,2025-08-13 08:00:36,IMPS,145792.85,Education,Mobile_Android,Pune,1878.13,0
TXN0000020579,CUST003734,2025-09-29 08:01:36,Card_Payment,17099.8,Food,Mobile_Android,Bangalore,419.39,0
TXN0000010550,CUST001929,2025-10-23 02:34:34,NEFT,34238.43,Education,Web_Desktop,Ahmedabad,1678.57,0
TXN0000000488,CUST000098,2025-10-28 22:57:32,Card_Payment,55370.48,Utilities,Web_Mobile,Other,1615.58,0
TXN0000016787,CUST003057,2025-09-18 03:55:36,NEFT,65748.73,Online_Shopping,Web_Mobile,Delhi,1150.57,0
TXN0000016074,CUST002926,2025-10-02 20:04:35,NEFT,106520.54,Fuel,Web_Mobile,Bangalore,1023.12,0
TXN0000019079,CUST003469,2025-09-05 19:55:36,NEFT,62239.38,Other,Web_Desktop,Delhi,1164.93,0
TXN0000011231,CUST002052,2025-08-29 17:17:34,IMPS,142934.62,Utilities,Mobile_Android,Chennai,1053.52,0
TXN0000020015,CUST003635,2025-09-17 00:24:36,Card_Payment,93581.33,Food,Web_Mobile,Ahmedabad,1116.46,0
TXN0000008966,CUST001631,2025-08-23 21:35:34,NEFT,49795.09,Healthcare,Web_Desktop,Pune,842.66,0
TXN0000022760,CUST004140,2025-10-25 06:04:37,UPI,62.39,Utilities,ATM,Delhi,446.85,0
TXN0000025212,CUST004588,2025-10-22 23:49:37,Card_Payment,9961.66,Online_Shopping,ATM,Hyderabad,1667.54,0
TXN0000008391,CUST001530,2025-10-25 20:01:34,IMPS,82427.69,Fuel,Mobile_iOS,Kolkata,392.54,0
TXN0000021990,CUST004002,2025-08-05 09:26:37,UPI,15521.83,Utilities,Mobile_iOS,Ahmedabad,1096.23,0
TXN0000006291,CUST001152,2025-09-10 17:15:33,IMPS,161289.06,Other,ATM,Pune,1453.27,0
TXN0000010281,CUST001882,2025-09-24 00:14:34,NEFT,467289.22,Entertainment,Web_Mobile,International,994.19,0
TXN0000021131,CUST003837,2025-10-28 23:05:37,UPI,33925.87,Entertainment,Mobile_iOS,Chennai,223.98,0
TXN0000017717,CUST003229,2025-09-24 20:25:36,RTGS,1217541.88,Utilities,Web_Desktop,Delhi,963.02,0
TXN0000020601,CUST003737,2025-10-20 02:21:36,RTGS,1915362.21,Travel,Mobile_Android,Bangalore,1915.87,0
TXN0000020990,CUST003813,2025-08-23 13:03:37,UPI,32913.99,Healthcare,Mobile_Android,Hyderabad,1364.92,0
TXN0000016398,CUST002985,2025-10-19 12:50:36,UPI,8633.04,Fuel,Web_Desktop,Kolkata,1170.96,0
TXN0000018150,CUST003301,2025-09-24 15:38:36,RTGS,631274.39,Utilities,Mobile_iOS,Bangalore,1342.09,0
TXN0000001115,CUST000205,2025-09-07 20:47:32,IMPS,59011.14,Travel,Web_Desktop,Kolkata,482.09,1
TXN0000019141,CUST003480,2025-10-05 05:44:36,NEFT,455538.81,Healthcare,Web_Desktop,Mumbai,251.81,1
TXN0000006282,CUST001151,2025-10-30 16:19:33,IMPS,163472.05,Other,Web_Mobile,Chennai,694.36,0
TXN0000019960,CUST003627,2025-09-05 17:39:36,Card_Payment,57623.38,Travel,ATM,Chennai,213.26,1
TXN0000027324,CUST004985,2025-10-26 20:56:38,NEFT,227366.12,Online_Shopping,Web_Desktop,Hyderabad,1318.83,0
TXN0000007753,CUST001422,2025-09-01 10:01:34,UPI,114.7,Education,ATM,Hyderabad,1076.29,0
TXN0000024296,CUST004431,2025-11-02 16:16:37,NEFT,9999.73,Utilities,Web_Mobile,Ahmedabad,1510.85,0
TXN0000015237,CUST002774,2025-08-22 09:43:35,UPI,11130.11,Utilities,Web_Mobile,Hyderabad,1093.4,0
TXN0000000451,CUST000090,2025-10-14 07:46:32,UPI,244.44,Food,ATM,Kolkata,1355.84,0
TXN0000013472,CUST002450,2025-08-26 06:51:35,UPI,16414.49,Retail,Web_Mobile,Ahmedabad,804.9,0
TXN0000003069,CUST000560,2025-09-10 10:48:33,IMPS,62861.79,Retail,Web_Mobile,Bangalore,959.36,0
TXN0000001663,CUST000302,2025-09-07 07:11:32,UPI,39246.78,Travel,Mobile_iOS,Delhi,1905.66,0
TXN0000003538,CUST000640,2025-10-30 21:47:33,UPI,42869.88,Utilities,Web_Desktop,Kolkata,1275.55,0
TXN0000003875,CUST000700,2025-09-15 08:37:33,UPI,23191.19,Fuel,ATM,Mumbai,1587.76,0
TXN0000023019,CUST004183,2025-09-15 16:56:37,Card_Payment,29018.92,Retail,Web_Mobile,Bangalore,1422.29,0
TXN0000026021,CUST004742,2025-10-05 09:50:38,UPI,46542.88,Other,Web_Desktop,Mumbai,1582.73,0
TXN0000026256,CUST004794,2025-09-29 06:24:38,Card_Payment,62004.29,Travel,Mobile_iOS,Kolkata,300.67,0
TXN0000013038,CUST002372,2025-10-06 18:19:35,UPI,177.25,Education,ATM,Delhi,1023.07,0
TXN0000015968,CUST002908,2025-09-30 11:12:35,NEFT,216769.32,Retail,Web_Mobile,Kolkata,1050.71,0
TXN0000024779,CUST004514,2025-10-05 02:15:37,UPI,45148.79,Utilities,ATM,Bangalore,1078.6,0
TXN0000024259,CUST004426,2025-09-28 10:47:37,IMPS,159458.34,Education,Web_Mobile,Bangalore,1472.91,0
TXN0000005378,CUST000990,2025-09-22 01:01:33,NEFT,188852.51,Other,Mobile_iOS,Delhi,1145.17,0
TXN0000015506,CUST002828,2025-08-26 20:03:35,UPI,15914.75,Healthcare,Mobile_Android,Mumbai,454.63,1
TXN0000022228,CUST004044,2025-10-24 15:50:37,Card_Payment,29951.28,Education,Mobile_iOS,Other,486.54,0
TXN0000013625,CUST002479,2025-08-06 02:29:35,UPI,44038.38,Online_Shopping,Web_Desktop,Chennai,794.05,0
TXN0000012767,CUST002325,2025-08-08 08:12:35,ATM_Withdrawal,10000.0,Education,Web_Desktop,Hyderabad,700.05,0
TXN0000002831,CUST000515,2025-10-08 12:29:33,Card_Payment,81929.24,Fuel,Web_Desktop,Mumbai,819.07,0
TXN0000019194,CUST003488,2025-09-21 13:50:36,UPI,44349.41,Utilities,Mobile_Android,Pune,1939.14,0
TXN0000003526,CUST000638,2025-08-16 09:06:33,Card_Payment,15952.77,Retail,Web_Mobile,Pune,1006.09,0
TXN0000025876,CUST004715,2025-08-14 22:59:38,NEFT,132564.08,Travel,ATM,Chennai,460.33,1
TXN0000014463,CUST002627,2025-09-13 11:57:35,UPI,9162.94,Healthcare,Web_Mobile,Chennai,235.21,0
TXN0000027128,CUST004950,2025-10-11 13:12:38,Card_Payment,15549.27,Utilities,ATM,Pune,890.24,0
TXN0000022178,CUST004037,2025-10-29 21:22:37,IMPS,20681.84,Travel,Web_Mobile,Kolkata,628.78,0
TXN0000026323,CUST004803,2025-10-18 14:05:38,IMPS,86492.52,Travel,ATM,Chennai,1536.8,0
TXN0000004401,CUST000799,2025-10-07 10:46:33,UPI,48450.79,Retail,Mobile_iOS,Hyderabad,1157.39,0
TXN0000008688,CUST001584,2025-10-14 16:05:34,NEFT,104162.96,Other,Web_Mobile,Pune,507.86,0
TXN0000020399,CUST003703,2025-09-22 20:41:36,UPI,2397.85,Education,Mobile_Android,Pune,563.21,0
TXN0000009243,CUST001689,2025-09-27 23:57:34,ATM_Withdrawal,10000.0,Fuel,Mobile_iOS,Mumbai,787.5,0
TXN0000007865,CUST001442,2025-10-11 22:19:34,UPI,19455.6,Online_Shopping,Mobile_Android,Delhi,1588.8,0
TXN0000009921,CUST001816,2025-10-31 17:24:34,IMPS,18058.95,Travel,Mobile_iOS,International,915.23,0
TXN0000000316,CUST000064,2025-10-10 12:02:32,UPI,336.66,Travel,Web_Mobile,Delhi,1731.4,0
TXN0000009406,CUST001720,2025-08-24 09:50:34,NEFT,495332.53,Travel,Web_Desktop,Mumbai,1999.0,0
TXN0000021328,CUST003874,2025-10-14 15:11:37,UPI,11064.82,Travel,Mobile_Android,Kolkata,1092.3,0
TXN0000017977,CUST003271,2025-08-28 22:50:36,UPI,31837.62,Utilities,Web_Desktop,Hyderabad,973.58,0
TXN0000005628,CUST001038,2025-08-25 05:36:33,Card_Payment,55246.72,Online_Shopping,Mobile_Android,Ahmedabad,1487.26,0
TXN0000006837,CUST001260,2025-09-05 06:44:34,IMPS,187398.42,Healthcare,Mobile_Android,Kolkata,625.76,0
TXN0000012478,CUST002270,2025-10-20 03:54:35,UPI,18414.6,Utilities,ATM,Chennai,647.93,0
TXN0000006713,CUST001238,2025-10-07 23:31:34,ATM_Withdrawal,2000.0,Healthcare,Web_Mobile,International,925.66,0
TXN0000021523,CUST003911,2025-09-17 09:09:37,ATM_Withdrawal,10000.0,Food,Mobile_iOS,Pune,650.15,0
TXN0000022835,CUST004151,2025-08-05 05:25:37,ATM_Withdrawal,20000.0,Other,ATM,Mumbai,569.1,0
TXN0000026845,CUST004899,2025-08-07 03:12:38,RTGS,641682.64,Travel,Web_Desktop,Mumbai,1183.36,0
TXN0000000281,CUST000058,2025-10-05 08:55:32,UPI,9853.77,Other,ATM,Hyderabad,380.7,0
TXN0000017527,CUST003195,2025-10-28 08:24:36,IMPS,196308.34,Healthcare,Web_Desktop,Bangalore,505.83,0
TXN0000012981,CUST002363,2025-08-26 06:04:35,Card_Payment,6574.98,Online_Shopping,Web_Desktop,Ahmedabad,1232.34,0
TXN0000011893,CUST002171,2025-09-20 08:45:35,UPI,613.65,Fuel,Mobile_iOS,Delhi,1107.27,0
TXN0000023802,CUST004340,2025-11-02 22:01:37,NEFT,33994.85,Fuel,Mobile_Android,Kolkata,1256.55,0
TXN0000007730,CUST001415,2025-10-22 19:46:34,Card_Payment,78953.91,Entertainment,ATM,Delhi,1460.6,0
TXN0000017764,CUST003237,2025-08-25 10:43:36,UPI,19279.56,Entertainment,ATM,Ahmedabad,1095.98,0
TXN0000009626,CUST001761,2025-09-18 10:52:34,IMPS,175987.75,Food,Mobile_iOS,Mumbai,1023.97,0
TXN0000006539,CUST001203,2025-10-04 09:05:33,RTGS,949305.32,Healthcare,Mobile_Android,Bangalore,1353.03,0
TXN0000000625,CUST000123,2025-09-09 12:36:32,NEFT,192543.41,Healthcare,Mobile_Android,Bangalore,1351.93,0
TXN0000009881,CUST001807,2025-09-18 16:25:34,UPI,128.03,Retail,Web_Mobile,Ahmedabad,741.13,0
TXN0000006891,CUST001269,2025-08-12 11:44:34,NEFT,117825.02,Other,ATM,Mumbai,514.61,0
TXN0000011404,CUST002082,2025-08-13 13:33:34,RTGS,1861200.97,Education,Web_Mobile,Hyderabad,1594.5,0
TXN0000012194,CUST002226,2025-10-06 03:27:35,UPI,21596.3,Other,Mobile_Android,Delhi,1958.47,0
TXN0000006351,CUST001164,2025-10-29 03:58:33,UPI,34029.21,Food,Mobile_iOS,Mumbai,1693.12,0
TXN0000009410,CUST001721,2025-10-15 09:01:34,UPI,11489.49,Education,Mobile_Android,Bangalore,1022.1,0
TXN0000006026,CUST001108,2025-10-15 08:54:33,Card_Payment,19602.72,Online_Shopping,Mobile_iOS,Chennai,579.98,0
TXN0000010270,CUST001880,2025-09-18 04:17:34,UPI,10920.15,Fuel,Mobile_iOS,Mumbai,919.42,0
TXN0000020661,CUST003748,2025-08-18 06:58:36,RTGS,666597.57,Online_Shopping,Web_Mobile,Pune,1165.35,0
TXN0000001087,CUST000200,2025-09-08 20:54:32,IMPS,181393.42,Online_Shopping,Web_Desktop,Mumbai,1326.87,0
TXN0000014986,CUST002721,2025-08-13 00:21:35,UPI,9487.23,Fuel,Web_Desktop,Pune,827.89,0
TXN0000012897,CUST002348,2025-10-04 10:38:35,IMPS,65185.0,Travel,ATM,Delhi,1362.2,0
TXN0000009300,CUST001701,2025-09-20 04:20:34,UPI,39652.86,Food,ATM,Ahmedabad,1994.14,0
TXN0000007919,CUST001449,2025-09-27 11:27:34,Card_Payment,79365.86,Online_Shopping,ATM,Kolkata,1069.93,0
TXN0000009621,CUST001759,2025-09-06 22:55:34,UPI,47803.8,Other,Mobile_Android,Mumbai,622.72,0
TXN0000004069,CUST000736,2025-08-05 07:14:33,NEFT,242165.04,Entertainment,Web_Mobile,Hyderabad,553.22,0
TXN0000007526,CUST001381,2025-09-18 04:46:34,UPI,24720.29,Education,Mobile_iOS,Mumbai,323.36,1
TXN0000015536,CUST002832,2025-08-17 22:09:35,IMPS,10433.1,Fuel,ATM,Hyderabad,1760.91,0
TXN0000012896,CUST002348,2025-09-30 08:36:35,UPI,17312.97,Travel,Web_Desktop,Delhi,1684.63,0
TXN0000022071,CUST004017,2025-08-13 08:35:37,ATM_Withdrawal,2000.0,Retail,ATM,Mumbai,406.14,0
TXN0000003048,CUST000556,2025-09-07 14:47:33,IMPS,176917.99,Entertainment,Mobile_Android,Mumbai,206.37,0
TXN0000008704,CUST001587,2025-10-06 10:43:34,Card_Payment,14425.12,Other,Mobile_Android,Ahmedabad,1789.34,0
TXN0000005019,CUST000913,2025-10-11 13:56:33,UPI,45882.17,Online_Shopping,Web_Mobile,Bangalore,465.98,1
TXN0000027123,CUST004949,2025-09-17 06:47:38,UPI,12637.24,Education,ATM,Ahmedabad,1096.45,0
TXN0000009137,CUST001670,2025-10-11 06:11:34,NEFT,283378.17,Retail,ATM,Kolkata,1458.14,0
TXN0000021654,CUST003933,2025-08-24 00:17:37,IMPS,31201.26,Fuel,Mobile_Android,Hyderabad,286.53,0
TXN0000022810,CUST004148,2025-10-16 01:36:37,UPI,19928.91,Other,ATM,Delhi,871.33,0
TXN0000017234,CUST003139,2025-10-17 15:15:36,NEFT,39154.64,Entertainment,Mobile_Android,Mumbai,550.32,0
TXN0000016858,CUST003068,2025-09-03 19:07:36,IMPS,172971.31,Online_Shopping,Mobile_Android,Chennai,1791.0,0
TXN0000016438,CUST002992,2025-09-02 00:12:36,Card_Payment,77717.53,Healthcare,Mobile_Android,Pune,578.52,0
TXN0000000739,CUST000143,2025-08-25 02:08:32,UPI,34477.6,Travel,Web_Desktop,Hyderabad,978.38,0
TXN0000007579,CUST001391,2025-10-27 23:46:34,UPI,23599.09,Retail,Mobile_Android,Delhi,419.99,0
TXN0000007923,CUST001449,2025-09-20 00:53:34,Card_Payment,9200.91,Other,Web_Mobile,Kolkata,1379.11,0
TXN0000022488,CUST004094,2025-10-28 13:33:37,UPI,43028.33,Education,Web_Desktop,Kolkata,774.71,0
TXN0000018759,CUST003405,2025-08-10 07:48:36,IMPS,55709.57,Healthcare,Web_Mobile,Pune,139.77,1
TXN0000017453,CUST003182,2025-09-17 00:35:36,IMPS,25775.16,Travel,Web_Desktop,Chennai,1069.57,0
TXN0000001057,CUST000196,2025-08-15 17:03:32,IMPS,60619.38,Entertainment,Web_Mobile,Ahmedabad,656.91,0
TXN0000014294,CUST002603,2025-09-21 21:54:35,RTGS,1117016.48,Travel,Web_Desktop,Ahmedabad,1124.32,0
TXN0000001312,CUST000233,2025-09-23 12:38:32,RTGS,1649954.28,Education,Web_Desktop,Bangalore,1204.46,0
TXN0000007192,CUST001328,2025-10-15 22:26:34,Card_Payment,50641.7,Education,Web_Desktop,Bangalore,595.19,0
TXN0000025611,CUST004661,2025-10-03 16:52:37,RTGS,1742160.02,Fuel,ATM,Pune,1444.0,0
TXN0000013765,CUST002508,2025-09-04 14:51:35,RTGS,619906.83,Food,ATM,Chennai,1279.43,0
TXN0000003078,CUST000562,2025-10-31 03:41:33,Card_Payment,48283.76,Other,Web_Mobile,Hyderabad,978.18,0
TXN0000024817,CUST004522,2025-08-31 05:04:37,UPI,45412.68,Other,Web_Desktop,Mumbai,1595.22,0
TXN0000019816,CUST003600,2025-08-27 09:08:36,UPI,5978.53,Utilities,Mobile_Android,Hyderabad,1940.0,0
TXN0000018013,CUST003277,2025-10-03 12:50:36,UPI,38725.66,Utilities,Mobile_Android,Kolkata,1484.85,0
TXN0000011538,CUST002103,2025-10-22 15:34:35,Card_Payment,66787.41,Food,Web_Desktop,Pune,811.92,0
TXN0000004129,CUST000747,2025-10-19 10:06:33,ATM_Withdrawal,10000.0,Fuel,Web_Mobile,Chennai,378.79,1
TXN0000014074,CUST002563,2025-09-07 00:16:35,IMPS,77929.56,Other,Mobile_iOS,Other,412.45,0
TXN0000005103,CUST000933,2025-08-15 15:30:33,IMPS,72314.53,Utilities,Web_Mobile,Hyderabad,1334.73,0
TXN0000024264,CUST004426,2025-08-08 15:44:37,NEFT,132101.22,Travel,Mobile_iOS,Bangalore,1810.09,0
TXN0000012292,CUST002241,2025-09-29 15:51:35,NEFT,407390.98,Travel,Mobile_iOS,Bangalore,1544.25,0
TXN0000019172,CUST003485,2025-09-07 11:58:36,IMPS,29470.26,Travel,ATM,Hyderabad,253.85,1
TXN0000022375,CUST004071,2025-10-21 05:53:37,UPI,49669.87,Entertainment,Web_Mobile,Mumbai,183.8,1
TXN0000003247,CUST000589,2025-08-14 03:03:33,IMPS,89820.21,Online_Shopping,Mobile_iOS,Delhi,874.62,0
TXN0000014059,CUST002561,2025-10-31 12:02:35,NEFT,108619.7,Online_Shopping,Mobile_iOS,Delhi,1664.56,0
TXN0000023869,CUST004357,2025-09-28 13:34:37,IMPS,161638.52,Other,Mobile_Android,Hyderabad,1517.6,0
TXN0000020443,CUST003709,2025-09-05 12:43:36,RTGS,1072998.04,Online_Shopping,ATM,Chennai,820.88,0
TXN0000008024,CUST001468,2025-09-16 19:19:34,Card_Payment,32898.58,Online_Shopping,Web_Desktop,Other,791.62,0
TXN0000000602,CUST000118,2025-09-03 04:44:32,RTGS,500005.39,Healthcare,Mobile_iOS,Chennai,213.97,0
TXN0000017152,CUST003124,2025-10-23 06:42:36,Card_Payment,74770.15,Education,Mobile_Android,Pune,1558.33,0
TXN0000006150,CUST001131,2025-10-16 15:28:33,IMPS,146678.94,Utilities,Mobile_Android,Mumbai,403.89,1
TXN0000023968,CUST004375,2025-10-06 17:37:37,NEFT,158846.22,Online_Shopping,ATM,Mumbai,1484.48,0
TXN0000009927,CUST001818,2025-09-08 00:48:34,Card_Payment,64966.27,Entertainment,Mobile_iOS,Chennai,1256.41,0
TXN0000025474,CUST004637,2025-08-08 12:30:37,UPI,16569.05,Online_Shopping,ATM,Bangalore,406.86,0
TXN0000000410,CUST000082,2025-09-09 18:32:32,Card_Payment,95158.18,Entertainment,ATM,Mumbai,311.24,0
TXN0000019692,CUST003578,2025-09-19 21:41:36,UPI,1317.97,Healthcare,Mobile_iOS,Bangalore,1303.76,0
TXN0000006378,CUST001173,2025-10-17 10:03:33,UPI,35018.02,Travel,Web_Desktop,Other,987.31,0
TXN0000026550,CUST004848,2025-10-14 08:23:38,UPI,9780.22,Education,ATM,Ahmedabad,1732.43,0
TXN0000013197,CUST002401,2025-08-21 21:37:35,NEFT,379783.68,Online_Shopping,Mobile_Android,Other,1738.79,0
TXN0000025443,CUST004628,2025-08-26 13:06:37,NEFT,376715.02,Food,Mobile_Android,Delhi,1039.84,0
TXN0000019830,CUST003604,2025-11-01 21:36:36,ATM_Withdrawal,10000.0,Healthcare,ATM,Chennai,372.33,0
TXN0000018286,CUST003323,2025-09-10 22:00:36,UPI,6512.4,Fuel,Web_Desktop,Chennai,1772.25,0
TXN0000006251,CUST001146,2025-08-14 14:00:33,UPI,45775.62,Other,Web_Mobile,Hyderabad,1202.73,0
TXN0000002214,CUST000409,2025-09-06 10:54:33,UPI,30527.88,Healthcare,Web_Mobile,Hyderabad,1382.67,0
TXN0000007583,CUST001392,2025-09-07 09:29:34,Card_Payment,98767.08,Entertainment,Web_Desktop,Ahmedabad,1841.17,0
TXN0000012280,CUST002239,2025-09-27 02:30:35,Card_Payment,85184.59,Education,Web_Mobile,Delhi,292.31,0
TXN0000016862,CUST003068,2025-09-07 09:25:36,UPI,21862.36,Food,ATM,Chennai,985.87,0
TXN0000025264,CUST004600,2025-09-30 00:30:37,UPI,6196.35,Food,Mobile_Android,Delhi,1416.98,0
TXN0000016909,CUST003075,2025-10-19 11:57:36,IMPS,175920.52,Other,Mobile_Android,Hyderabad,1909.02,0
TXN0000016130,CUST002934,2025-09-16 20:52:35,NEFT,214834.83,Travel,Mobile_iOS,Hyderabad,442.99,0
TXN0000009608,CUST001758,2025-08-13 03:14:34,NEFT,380979.73,Travel,Mobile_iOS,Hyderabad,1325.93,0
TXN0000003170,CUST000577,2025-08-05 08:42:33,UPI,39406.42,Other,Web_Desktop,Chennai,1148.94,0
TXN0000025033,CUST004557,2025-10-22 18:49:37,IMPS,127170.63,Travel,ATM,Pune,1658.83,0
TXN0000005454,CUST001005,2025-09-30 11:03:33,NEFT,451005.43,Other,Mobile_Android,Hyderabad,1332.41,0
TXN0000008752,CUST001594,2025-10-19 02:15:34,UPI,512.75,Food,Web_Mobile,Kolkata,884.07,0
TXN0000020063,CUST003646,2025-09-21 23:49:36,NEFT,30326.21,Utilities,Mobile_Android,Hyderabad,957.64,0
TXN0000009743,CUST001782,2025-09-07 07:42:34,UPI,44597.43,Utilities,ATM,Hyderabad,1819.07,0
TXN0000000381,CUST000077,2025-10-08 08:36:32,RTGS,1629786.11,Retail,ATM,Delhi,772.04,0
TXN0000013039,CUST002372,2025-10-09 07:37:35,IMPS,18907.79,Online_Shopping,Web_Desktop,Delhi,425.53,1
TXN0000005285,CUST000968,2025-08-05 08:24:33,Card_Payment,21812.97,Food,Mobile_iOS,Delhi,1566.09,0
TXN0000021304,CUST003870,2025-08-22 02:07:37,NEFT,334301.41,Utilities,ATM,Chennai,1477.25,0
TXN0000024037,CUST004387,2025-10-24 19:31:37,RTGS,749064.03,Online_Shopping,Web_Mobile,Mumbai,1392.51,0
TXN0000017378,CUST003166,2025-10-12 05:38:36,UPI,26553.71,Healthcare,Mobile_Android,Hyderabad,657.1,0
TXN0000001823,CUST000335,2025-10-28 11:39:32,UPI,44329.7,Fuel,Mobile_iOS,Mumbai,1549.46,0
TXN0000027139,CUST004952,2025-09-23 05:17:38,Card_Payment,11588.36,Food,Web_Desktop,Pune,365.2,0
TXN0000022465,CUST004089,2025-09-21 05:21:37,NEFT,347306.35,Utilities,Mobile_iOS,Hyderabad,535.52,0
TXN0000015669,CUST002856,2025-08-17 15:16:35,RTGS,1961725.8,Food,Web_Mobile,Mumbai,1353.73,0
TXN0000024690,CUST004499,2025-08-12 06:48:37,UPI,21760.43,Online_Shopping,Mobile_Android,Chennai,1036.47,0
TXN0000009034,CUST001645,2025-08-22 06:35:34,UPI,5006.31,Fuel,Web_Desktop,Pune,652.42,0
TXN0000019328,CUST003513,2025-11-01 18:13:36,UPI,46898.48,Utilities,Mobile_iOS,Kolkata,1801.14,0
TXN0000002153,CUST000398,2025-09-21 15:27:33,UPI,10921.68,Other,Mobile_iOS,Chennai,683.87,0
TXN0000023337,CUST004248,2025-10-31 15:23:37,NEFT,277957.12,Online_Shopping,Mobile_iOS,Kolkata,242.62,0
TXN0000023760,CUST004328,2025-09-09 05:31:37,RTGS,1475475.49,Utilities,ATM,Mumbai,667.35,0
TXN0000015992,CUST002913,2025-11-01 12:31:35,Card_Payment,34822.93,Retail,ATM,Delhi,1471.54,0
TXN0000016334,CUST002971,2025-10-09 18:07:36,UPI,39501.22,Education,Mobile_Android,Chennai,270.66,0
TXN0000005941,CUST001091,2025-10-09 11:01:33,IMPS,47075.18,Retail,Web_Mobile,Hyderabad,418.52,0
TXN0000005313,CUST000975,2025-10-23 16:48:33,NEFT,402724.33,Travel,Mobile_iOS,Delhi,928.16,0
TXN0000017835,CUST003247,2025-08-20 20:26:36,IMPS,42325.29,Entertainment,Mobile_Android,Bangalore,1220.68,0
TXN0000002798,CUST000510,2025-09-27 14:21:33,IMPS,193228.89,Healthcare,Mobile_Android,Delhi,270.82,0
TXN0000024189,CUST004414,2025-08-18 04:39:37,Card_Payment,53458.64,Fuel,Mobile_iOS,Pune,1795.88,0
TXN0000006434,CUST001182,2025-09-03 16:07:33,IMPS,199862.13,Food,Web_Desktop,Bangalore,1449.04,0
TXN0000022706,CUST004130,2025-09-24 23:43:37,RTGS,1950285.56,Online_Shopping,Web_Mobile,Ahmedabad,237.55,0
TXN0000009978,CUST001827,2025-10-22 19:17:34,UPI,21365.19,Travel,Mobile_Android,Ahmedabad,1923.02,0
TXN0000016266,CUST002955,2025-10-12 00:41:36,RTGS,401733.11,Education,ATM,Ahmedabad,1464.06,0
TXN0000018697,CUST003396,2025-09-08 06:09:36,IMPS,135047.62,Travel,Web_Mobile,Mumbai,1741.67,0
TXN0000008137,CUST001487,2025-08-20 23:39:34,RTGS,1446258.65,Travel,Web_Mobile,Mumbai,212.26,0
TXN0000027172,CUST004958,2025-09-25 08:48:38,Card_Payment,96629.11,Fuel,Web_Mobile,Pune,792.48,0
TXN0000006203,CUST001139,2025-08-24 08:19:33,IMPS,58123.05,Fuel,Web_Mobile,Ahmedabad,789.09,0
TXN0000019906,CUST003619,2025-10-10 11:38:36,UPI,49481.42,Education,Mobile_iOS,Mumbai,1071.61,0
TXN0000011073,CUST002023,2025-09-01 17:54:34,Card_Payment,18972.46,Fuel,Mobile_iOS,International,1273.63,0
TXN0000023456,CUST004271,2025-08-18 18:04:37,UPI,38922.42,Healthcare,Web_Mobile,Hyderabad,1959.84,0
TXN0000022487,CUST004094,2025-08-17 06:33:37,UPI,46123.93,Entertainment,Web_Mobile,Kolkata,416.15,0
TXN0000010012,CUST001834,2025-10-03 10:14:34,UPI,7683.19,Food,Web_Desktop,International,1892.53,0
TXN0000021649,CUST003931,2025-10-14 16:57:37,ATM_Withdrawal,5000.0,Entertainment,ATM,Bangalore,1033.72,0
TXN0000024665,CUST004496,2025-08-31 09:25:37,UPI,30727.74,Education,Web_Mobile,Hyderabad,826.01,0
TXN0000010369,CUST001896,2025-09-16 11:08:34,UPI,29789.61,Utilities,Mobile_Android,Kolkata,313.14,0
TXN0000010366,CUST001895,2025-09-28 07:20:34,IMPS,111260.49,Retail,Web_Desktop,Delhi,1872.6,0
TXN0000016419,CUST002987,2025-09-24 16:26:36,NEFT,338380.17,Healthcare,ATM,Bangalore,810.95,0
TXN0000021508,CUST003908,2025-09-22 22:31:37,UPI,14313.22,Utilities,Web_Desktop,Delhi,1943.16,0
TXN0000019543,CUST003551,2025-09-09 15:51:36,NEFT,361060.2,Retail,Mobile_Android,Chennai,334.39,0
TXN0000027284,CUST004976,2025-09-03 14:05:38,RTGS,1255493.34,Food,ATM,Mumbai,731.1,0
TXN0000003403,CUST000615,2025-08-14 01:07:33,RTGS,1160541.19,Food,Web_Mobile,Pune,1029.46,0
TXN0000004982,CUST000905,2025-10-26 05:03:33,Card_Payment,50688.66,Other,Mobile_Android,Bangalore,276.58,0
TXN0000021884,CUST003983,2025-10-30 04:32:37,UPI,30295.28,Food,Mobile_Android,Hyderabad,1929.25,0
TXN0000022847,CUST004153,2025-10-08 14:35:37,NEFT,28408.54,Food,Mobile_iOS,Ahmedabad,688.77,0
TXN0000005122,CUST000936,2025-08-08 03:03:33,IMPS,12101.67,Online_Shopping,Web_Desktop,Mumbai,908.39,0
TXN0000009987,CUST001828,2025-08-14 10:46:34,IMPS,66357.65,Fuel,Web_Desktop,Mumbai,291.45,0
TXN0000013502,CUST002454,2025-09-11 12:53:35,NEFT,60118.67,Retail,Mobile_Android,Chennai,1950.94,0
TXN0000014422,CUST002622,2025-09-02 00:42:35,UPI,34402.92,Utilities,Mobile_Android,Other,1637.25,0
TXN0000026295,CUST004799,2025-10-25 09:49:38,NEFT,437151.05,Entertainment,Web_Desktop,Bangalore,654.36,0
TXN0000016214,CUST002946,2025-09-22 20:16:35,UPI,11106.06,Fuel,Mobile_Android,Ahmedabad,1990.79,0
TXN0000002580,CUST000472,2025-08-10 08:19:33,IMPS,89966.39,Utilities,Mobile_iOS,Kolkata,339.92,1
TXN0000020112,CUST003654,2025-08-31 02:05:36,UPI,18883.2,Healthcare,Mobile_iOS,Chennai,333.23,1
TXN0000010701,CUST001955,2025-09-07 01:37:34,Card_Payment,64061.98,Utilities,Web_Desktop,Chennai,1597.76,0
TXN0000020613,CUST003740,2025-09-21 21:46:36,UPI,32498.28,Travel,Web_Desktop,Mumbai,1746.16,0
TXN0000000232,CUST000048,2025-10-20 22:59:32,ATM_Withdrawal,20000.0,Online_Shopping,Mobile_Android,Delhi,1957.47,0
TXN0000005954,CUST001093,2025-08-19 02:25:33,UPI,7662.79,Other,Web_Desktop,Ahmedabad,907.53,0
TXN0000007478,CUST001373,2025-08-31 18:17:34,RTGS,1805597.93,Healthcare,Mobile_Android,Delhi,610.11,0
TXN0000026543,CUST004847,2025-08-23 21:03:38,IMPS,25402.13,Food,Web_Desktop,Delhi,1566.11,0
TXN0000008609,CUST001569,2025-09-27 06:28:34,UPI,35321.04,Retail,ATM,Delhi,1237.12,0
TXN0000020345,CUST003695,2025-09-25 12:59:36,UPI,23630.32,Fuel,Mobile_Android,Bangalore,613.13,0
TXN0000007364,CUST001355,2025-08-07 12:10:34,IMPS,178017.77,Entertainment,Mobile_iOS,Ahmedabad,310.76,0
TXN0000018083,CUST003292,2025-09-30 22:54:36,UPI,35956.31,Education,Web_Desktop,Pune,618.24,0
TXN0000007785,CUST001425,2025-09-12 01:53:34,Card_Payment,64794.71,Online_Shopping,Mobile_Android,Delhi,251.81,0
TXN0000023674,CUST004315,2025-08-15 03:26:37,ATM_Withdrawal,10000.0,Other,ATM,Bangalore,1390.11,0
TXN0000023829,CUST004347,2025-09-10 06:50:37,NEFT,87213.21,Food,ATM,Chennai,1227.88,0
TXN0000003143,CUST000573,2025-09-06 18:02:33,IMPS,40337.25,Entertainment,Mobile_iOS,Delhi,1114.35,0
TXN0000000076,CUST000015,2025-08-17 05:47:32,NEFT,464684.54,Food,Web_Desktop,Kolkata,844.74,0
TXN0000021015,CUST003817,2025-09-04 20:37:37,UPI,27743.08,Other,ATM,Delhi,335.42,0
TXN0000004158,CUST000751,2025-09-25 23:07:33,UPI,31429.19,Travel,Mobile_iOS,Pune,782.25,0
TXN0000012229,CUST002231,2025-10-10 21:43:35,UPI,42741.96,Entertainment,Web_Mobile,Pune,1837.68,0
TXN0000001109,CUST000204,2025-10-26 16:33:32,Card_Payment,41772.74,Healthcare,Web_Mobile,Hyderabad,1820.37,0
TXN0000002210,CUST000408,2025-09-17 15:43:33,Card_Payment,18832.76,Entertainment,Web_Desktop,Bangalore,770.37,0
TXN0000020766,CUST003769,2025-09-08 02:27:36,UPI,1615.4,Other,Mobile_iOS,Bangalore,1997.87,0
TXN0000018962,CUST003445,2025-09-14 06:02:36,IMPS,96672.85,Education,Mobile_Android,Ahmedabad,1472.25,0
TXN0000011525,CUST002102,2025-10-08 12:50:35,UPI,19973.8,Education,Web_Mobile,Delhi,1029.95,0
TXN0000022284,CUST004052,2025-09-08 11:15:37,UPI,27616.85,Education,Mobile_Android,Chennai,231.38,0
TXN0000000749,CUST000144,2025-09-18 22:02:32,RTGS,897000.84,Entertainment,Web_Mobile,Pune,754.13,0
TXN0000019511,CUST003544,2025-09-18 10:26:36,IMPS,148738.73,Travel,Web_Desktop,International,898.7,0
TXN0000010709,CUST001956,2025-09-02 10:04:34,RTGS,1093896.8,Online_Shopping,Mobile_iOS,Mumbai,1463.07,0
TXN0000019294,CUST003506,2025-09-03 07:45:36,NEFT,49064.51,Education,ATM,Hyderabad,1359.36,0
TXN0000008320,CUST001519,2025-09-02 13:42:34,IMPS,175318.15,Healthcare,Web_Mobile,Pune,339.06,0
TXN0000011151,CUST002037,2025-08-14 13:13:34,RTGS,1249629.48,Entertainment,ATM,Other,235.37,0
TXN0000002228,CUST000412,2025-10-10 00:28:33,UPI,13537.29,Entertainment,ATM,Ahmedabad,314.45,0
TXN0000010141,CUST001856,2025-08-24 08:20:34,NEFT,368231.45,Other,Web_Mobile,Kolkata,487.0,0
TXN0000014604,CUST002651,2025-08-22 16:34:35,UPI,39005.65,Travel,Web_Mobile,Pune,783.69,0
TXN0000017456,CUST003183,2025-09-30 18:08:36,IMPS,162787.14,Utilities,Web_Desktop,Chennai,1122.26,0
TXN0000002360,CUST000436,2025-09-14 07:30:33,IMPS,151400.62,Online_Shopping,Web_Mobile,Ahmedabad,1690.86,0
TXN0000001600,CUST000286,2025-09-18 08:02:32,IMPS,187955.1,Travel,Mobile_iOS,Bangalore,538.09,0
TXN0000025260,CUST004599,2025-08-10 03:50:37,ATM_Withdrawal,10000.0,Utilities,Mobile_Android,Pune,504.33,0
TXN0000006779,CUST001251,2025-10-29 00:42:34,Card_Payment,76086.76,Education,ATM,Hyderabad,1121.25,0
TXN0000000477,CUST000096,2025-08-23 00:23:32,NEFT,146950.64,Online_Shopping,Mobile_Android,Bangalore,1805.1,0
TXN0000024186,CUST004413,2025-11-02 15:53:37,NEFT,175925.66,Entertainment,ATM,Mumbai,1792.97,0
TXN0000016845,CUST003066,2025-08-23 19:55:36,ATM_Withdrawal,10000.0,Food,Mobile_Android,Bangalore,1839.93,0
TXN0000012521,CUST002278,2025-08-28 16:03:35,Card_Payment,41823.5,Retail,Web_Mobile,Bangalore,959.99,0
TXN0000024143,CUST004404,2025-10-10 09:11:37,RTGS,1869616.68,Retail,Mobile_iOS,Pune,627.91,0
TXN0000000260,CUST000054,2025-11-02 02:04:32,UPI,20070.06,Education,Web_Mobile,Hyderabad,809.2,0
TXN0000014803,CUST002686,2025-10-21 01:22:35,Card_Payment,34143.4,Healthcare,Web_Desktop,Mumbai,752.38,0
TXN0000015309,CUST002790,2025-09-30 22:51:35,Card_Payment,80231.87,Fuel,Web_Desktop,Pune,906.46,0
TXN0000006053,CUST001112,2025-10-07 10:39:33,UPI,41646.19,Online_Shopping,ATM,Delhi,383.85,1
TXN0000005728,CUST001056,2025-10-02 02:53:33,RTGS,1071997.23,Education,Web_Mobile,Pune,855.52,0
TXN0000007787,CUST001426,2025-08-29 17:27:34,NEFT,378549.6,Online_Shopping,ATM,Mumbai,699.08,0
TXN0000022424,CUST004079,2025-09-05 06:13:37,IMPS,113785.65,Food,Mobile_Android,Mumbai,1637.82,0
TXN0000017322,CUST003157,2025-10-03 11:36:36,IMPS,83684.34,Entertainment,Mobile_iOS,Chennai,1175.39,0
TXN0000019401,CUST003527,2025-08-18 01:15:36,UPI,41326.81,Other,ATM,Delhi,1900.29,0
TXN0000025787,CUST004694,2025-09-01 02:11:38,RTGS,459363.59,Education,Mobile_Android,Chennai,986.01,0
TXN0000009279,CUST001696,2025-09-24 13:27:34,UPI,10528.97,Utilities,Mobile_iOS,Delhi,271.87,0
TXN0000023141,CUST004211,2025-08-28 23:06:37,UPI,44573.72,Other,Web_Mobile,Delhi,1245.67,0
TXN0000007793,CUST001427,2025-09-26 18:31:34,UPI,22878.98,Food,Web_Desktop,Mumbai,1557.46,0
TXN0000027153,CUST004955,2025-09-07 10:30:38,UPI,25242.28,Education,Mobile_Android,Pune,1352.94,0
TXN0000021144,CUST003839,2025-09-25 12:47:37,UPI,40257.15,Healthcare,Mobile_Android,Delhi,1665.02,0
TXN0000002586,CUST000473,2025-08-31 09:55:33,UPI,5740.66,Travel,Mobile_iOS,Kolkata,513.54,0
TXN0000008070,CUST001476,2025-09-21 02:40:34,UPI,43155.63,Online_Shopping,Mobile_Android,Bangalore,1318.94,0
TXN0000001148,CUST000210,2025-10-27 12:30:32,IMPS,110805.5,Online_Shopping,Web_Desktop,Pune,1058.38,0
TXN0000000347,CUST000068,2025-10-25 23:52:32,RTGS,1869977.72,Food,Mobile_iOS,Mumbai,959.68,0
TXN0000012680,CUST002309,2025-09-25 12:02:35,IMPS,52125.24,Online_Shopping,Mobile_iOS,Kolkata,717.65,0
TXN0000012805,CUST002332,2025-09-26 22:56:35,UPI,2701.96,Education,Mobile_iOS,Mumbai,553.89,0
TXN0000017280,CUST003147,2025-10-27 22:42:36,Card_Payment,16856.1,Fuel,Mobile_Android,Kolkata,1114.36,0
TXN0000009464,CUST001732,2025-10-07 06:35:34,UPI,37637.84,Travel,Web_Desktop,Hyderabad,553.25,0
TXN0000024205,CUST004417,2025-10-24 05:31:37,IMPS,93099.63,Education,ATM,Bangalore,1713.22,0
TXN0000014008,CUST002552,2025-10-14 03:58:35,UPI,41714.13,Travel,Web_Mobile,International,520.46,0
TXN0000014957,CUST002718,2025-10-07 00:56:35,UPI,44177.79,Entertainment,Mobile_Android,Chennai,1242.56,0
TXN0000025064,CUST004562,2025-08-06 22:59:37,IMPS,173278.15,Entertainment,Mobile_Android,Bangalore,1466.89,0
TXN0000025262,CUST004599,2025-09-29 19:48:37,ATM_Withdrawal,2000.0,Utilities,Mobile_Android,Bangalore,348.18,0
TXN0000025562,CUST004652,2025-08-12 03:41:37,IMPS,134732.38,Utilities,Mobile_Android,Pune,459.33,0
TXN0000019418,CUST003529,2025-08-29 10:09:36,UPI,1062.51,Fuel,Mobile_iOS,Bangalore,1158.4,0
TXN0000006940,CUST001278,2025-10-19 23:44:34,UPI,44097.49,Other,Web_Mobile,Delhi,1450.68,0
TXN0000001388,CUST000248,2025-08-06 14:52:32,UPI,40444.29,Healthcare,Web_Mobile,Mumbai,229.17,0
TXN0000007572,CUST001390,2025-10-01 12:58:34,IMPS,53811.93,Food,Mobile_Android,Other,1476.05,0
TXN0000027088,CUST004942,2025-10-08 02:19:38,IMPS,146232.55,Education,ATM,Chennai,1951.75,0
TXN0000004814,CUST000877,2025-10-06 08:21:33,RTGS,1895041.99,Fuel,Web_Mobile,Chennai,566.96,0
TXN0000000964,CUST000180,2025-10-20 01:43:32,UPI,37315.58,Other,Web_Mobile,Hyderabad,1894.04,0
TXN0000008100,CUST001481,2025-08-25 19:12:34,NEFT,310292.49,Fuel,Mobile_iOS,Bangalore,741.83,0
TXN0000014265,CUST002599,2025-10-21 15:12:35,UPI,38311.75,Retail,Web_Mobile,Pune,328.54,0
TXN0000021738,CUST003951,2025-09-13 18:32:37,IMPS,178383.04,Healthcare,Web_Mobile,Hyderabad,1238.04,0
TXN0000006707,CUST001237,2025-08-19 10:09:34,UPI,47597.47,Healthcare,ATM,Kolkata,701.49,0
TXN0000005573,CUST001026,2025-08-10 05:17:33,RTGS,1230782.19,Utilities,Mobile_Android,Chennai,462.7,0
TXN0000019705,CUST003582,2025-10-08 14:04:36,UPI,36718.69,Online_Shopping,Mobile_Android,Hyderabad,798.99,0
TXN0000025246,CUST004595,2025-10-14 16:45:37,NEFT,175783.19,Entertainment,Web_Mobile,Bangalore,589.16,0
TXN0000019342,CUST003517,2025-09-21 11:42:36,UPI,14553.54,Education,Mobile_iOS,Hyderabad,1461.0,0
TXN0000003807,CUST000687,2025-10-13 07:02:33,IMPS,15450.53,Fuel,ATM,Ahmedabad,583.42,0
TXN0000006050,CUST001112,2025-10-09 12:56:33,UPI,3183.91,Travel,Mobile_iOS,Delhi,1917.86,0
TXN0000015804,CUST002884,2025-10-15 17:37:35,IMPS,59494.71,Travel,Web_Mobile,Delhi,1623.15,0
TXN0000003065,CUST000559,2025-10-27 05:28:33,IMPS,133327.48,Education,ATM,Hyderabad,519.2,0
TXN0000006626,CUST001220,2025-08-12 11:15:33,IMPS,54372.16,Retail,Mobile_iOS,Mumbai,1790.55,0
TXN0000010949,CUST001997,2025-11-01 19:45:34,UPI,8065.42,Healthcare,Mobile_Android,Kolkata,840.33,0
TXN0000003582,CUST000647,2025-10-04 15:32:33,IMPS,130633.44,Online_Shopping,Web_Desktop,International,839.93,0
TXN0000002618,CUST000476,2025-09-06 05:57:33,UPI,44145.57,Education,Mobile_iOS,Mumbai,874.37,0
TXN0000016773,CUST003056,2025-08-22 15:20:36,UPI,45241.55,Food,Mobile_iOS,Hyderabad,1946.01,0
TXN0000017466,CUST003185,2025-08-07 01:13:36,IMPS,59721.15,Fuel,Mobile_Android,Mumbai,653.74,0
TXN0000026146,CUST004771,2025-08-08 07:53:38,NEFT,175343.6,Food,ATM,Hyderabad,1936.09,0
TXN0000016384,CUST002983,2025-10-21 22:43:36,UPI,19773.86,Entertainment,Mobile_Android,Mumbai,341.73,0
TXN0000002223,CUST000411,2025-09-18 12:35:33,Card_Payment,87579.99,Travel,ATM,Mumbai,1031.82,0
TXN0000010320,CUST001888,2025-09-17 16:53:34,NEFT,95388.2,Fuel,ATM,International,1782.31,0
TXN0000015383,CUST002802,2025-08-14 01:02:35,Card_Payment,96950.76,Other,ATM,Ahmedabad,727.91,0
TXN0000015557,CUST002837,2025-09-21 07:29:35,NEFT,95422.81,Utilities,Mobile_Android,Ahmedabad,519.47,0
TXN0000011839,CUST002159,2025-10-28 01:45:35,IMPS,25519.74,Retail,Mobile_iOS,Kolkata,1280.43,0
TXN0000008226,CUST001501,2025-10-06 17:20:34,UPI,17343.75,Utilities,Mobile_iOS,Bangalore,300.23,0
TXN0000001347,CUST000239,2025-08-05 04:22:32,IMPS,46260.31,Healthcare,Web_Mobile,Chennai,844.63,0
TXN0000025397,CUST004623,2025-10-21 14:59:37,RTGS,1293644.67,Other,Web_Mobile,Kolkata,412.95,0
TXN0000018933,CUST003438,2025-10-11 13:06:36,Card_Payment,61260.1,Fuel,Web_Mobile,Bangalore,1851.88,0
TXN0000007669,CUST001405,2025-10-12 08:01:34,IMPS,98316.05,Travel,Mobile_iOS,Mumbai,386.38,0
TXN0000005713,CUST001054,2025-10-10 05:53:33,UPI,6955.47,Utilities,Web_Desktop,Mumbai,397.32,1
TXN0000010310,CUST001886,2025-10-23 15:28:34,UPI,17638.41,Other,Mobile_iOS,Hyderabad,340.35,0
TXN0000002118,CUST000389,2025-08-22 00:07:33,Card_Payment,9594.31,Education,Mobile_iOS,Chennai,420.63,0
TXN0000003596,CUST000649,2025-09-16 06:23:33,UPI,22859.86,Utilities,Web_Mobile,Hyderabad,227.23,0
TXN0000016602,CUST003020,2025-09-17 07:42:36,UPI,5252.06,Education,Mobile_iOS,Bangalore,1780.88,0
TXN0000020658,CUST003748,2025-08-12 12:17:36,UPI,28817.08,Fuel,Web_Mobile,Pune,1225.23,0
TXN0000022419,CUST004079,2025-08-08 16:09:37,UPI,7806.91,Food,Web_Mobile,Delhi,383.53,0
TXN0000014585,CUST002649,2025-09-08 13:50:35,Card_Payment,90908.13,Education,Mobile_iOS,Chennai,1346.63,0
TXN0000007841,CUST001437,2025-08-26 02:56:34,NEFT,37022.64,Fuel,ATM,Hyderabad,930.37,0
TXN0000007780,CUST001425,2025-09-21 11:57:34,IMPS,130463.33,Food,Web_Mobile,Delhi,1497.7,0
TXN0000026837,CUST004897,2025-08-23 12:35:38,UPI,22019.36,Fuel,Web_Desktop,Hyderabad,974.25,0
TXN0000005188,CUST000948,2025-08-09 15:19:33,NEFT,484086.9,Healthcare,Web_Desktop,Other,249.09,0
TXN0000021514,CUST003909,2025-09-30 15:14:37,NEFT,426683.46,Retail,Web_Mobile,Pune,341.84,0
TXN0000003781,CUST000681,2025-10-02 04:05:33,UPI,46211.56,Online_Shopping,Web_Desktop,Hyderabad,1313.39,0
TXN0000002950,CUST000538,2025-10-28 23:51:33,RTGS,1704788.8,Other,ATM,Hyderabad,1400.68,0
TXN0000011973,CUST002186,2025-10-10 15:11:35,Card_Payment,88566.93,Entertainment,Web_Mobile,Pune,1330.76,0
TXN0000013656,CUST002485,2025-08-15 16:45:35,UPI,43512.46,Online_Shopping,Mobile_iOS,Pune,742.43,0
TXN0000016676,CUST003035,2025-10-14 23:22:36,RTGS,1570067.87,Other,ATM,Delhi,953.71,0
TXN0000014696,CUST002666,2025-10-08 21:12:35,ATM_Withdrawal,5000.0,Other,Web_Desktop,Chennai,841.31,0
TXN0000024901,CUST004534,2025-09-25 05:15:37,UPI,28701.7,Education,ATM,Kolkata,716.28,0
TXN0000017444,CUST003180,2025-08-20 03:38:36,RTGS,1359185.36,Other,Web_Mobile,Ahmedabad,979.88,0
TXN0000012893,CUST002348,2025-09-11 11:09:35,UPI,5964.76,Entertainment,ATM,International,1354.56,0
TXN0000017907,CUST003258,2025-09-27 00:04:36,UPI,46034.26,Travel,ATM,Ahmedabad,225.03,0
TXN0000025986,CUST004734,2025-08-14 07:04:38,UPI,44808.22,Entertainment,Web_Mobile,Kolkata,1965.89,0
TXN0000017974,CUST003271,2025-08-27 10:21:36,Card_Payment,16426.01,Healthcare,Mobile_Android,Hyderabad,430.14,1
TXN0000011582,CUST002112,2025-09-11 12:37:35,NEFT,388033.02,Utilities,ATM,Chennai,1122.08,0
TXN0000012851,CUST002341,2025-10-16 04:12:35,ATM_Withdrawal,20000.0,Fuel,Web_Desktop,Mumbai,1197.79,0
TXN0000016188,CUST002942,2025-09-11 14:33:35,Card_Payment,93815.64,Retail,Mobile_Android,Ahmedabad,1851.8,0
TXN0000002351,CUST000433,2025-09-02 10:51:33,RTGS,879917.57,Fuel,Web_Desktop,Chennai,368.89,0
TXN0000027274,CUST004975,2025-10-09 10:27:38,RTGS,281646.18,Travel,ATM,Other,363.98,0
TXN0000021179,CUST003845,2025-09-20 19:21:37,UPI,26333.57,Entertainment,ATM,Chennai,1565.13,0
TXN0000016651,CUST003028,2025-09-24 06:29:36,Card_Payment,31671.9,Online_Shopping,Mobile_Android,Kolkata,460.26,0
TXN0000027017,CUST004930,2025-09-18 09:02:38,UPI,46235.16,Retail,Mobile_Android,Ahmedabad,1243.32,0
TXN0000012705,CUST002316,2025-08-19 09:56:35,IMPS,63611.81,Online_Shopping,Web_Mobile,Hyderabad,601.66,0
TXN0000016176,CUST002939,2025-09-04 02:33:35,UPI,36669.7,Healthcare,Web_Desktop,Chennai,523.7,0
TXN0000015732,CUST002868,2025-10-17 07:27:35,Card_Payment,35664.9,Food,Web_Desktop,Hyderabad,349.33,1
TXN0000010762,CUST001965,2025-09-16 14:34:34,IMPS,33904.05,Travel,Mobile_iOS,Chennai,1468.1,0
TXN0000022624,CUST004115,2025-08-27 02:19:37,IMPS,54269.15,Fuel,Mobile_Android,Delhi,585.67,0
TXN0000012790,CUST002330,2025-08-06 03:29:35,RTGS,1539627.71,Other,Web_Mobile,Pune,1643.33,0
TXN0000026561,CUST004849,2025-10-23 22:51:38,IMPS,118596.94,Food,ATM,Hyderabad,1225.55,0
TXN0000021067,CUST003827,2025-09-12 01:48:37,UPI,30001.62,Education,Web_Desktop,Chennai,499.19,0
TXN0000020381,CUST003700,2025-09-04 14:55:36,RTGS,1229578.29,Retail,Mobile_Android,Pune,1248.56,0
TXN0000019534,CUST003548,2025-08-21 00:24:36,NEFT,157680.85,Food,Web_Mobile,Mumbai,319.55,1
TXN0000000735,CUST000142,2025-09-08 14:23:32,UPI,14557.12,Retail,Mobile_Android,Delhi,1465.42,0
TXN0000019723,CUST003587,2025-09-18 21:20:36,RTGS,1519967.49,Healthcare,ATM,Other,1638.53,0
TXN0000000145,CUST000029,2025-10-12 23:05:32,IMPS,115577.95,Food,Mobile_iOS,Delhi,1421.87,0
TXN0000016903,CUST003075,2025-09-25 01:04:36,UPI,25036.55,Travel,Web_Mobile,Hyderabad,1618.15,0
TXN0000003483,CUST000630,2025-10-10 08:52:33,UPI,16480.72,Utilities,Web_Mobile,Kolkata,823.76,0
TXN0000004795,CUST000874,2025-08-26 11:22:33,UPI,42431.86,Fuel,ATM,Chennai,1968.06,0
TXN0000024507,CUST004469,2025-09-09 23:37:37,RTGS,1981635.13,Other,ATM,Chennai,299.28,0
TXN0000002745,CUST000499,2025-08-17 04:52:33,UPI,39166.06,Education,Mobile_Android,Kolkata,237.51,0
TXN0000002565,CUST000470,2025-09-08 22:24:33,UPI,33077.29,Food,Web_Mobile,Delhi,1938.59,0
TXN0000014576,CUST002647,2025-10-11 18:07:35,UPI,25073.96,Fuel,Mobile_iOS,Chennai,1568.36,0
TXN0000017410,CUST003172,2025-10-27 13:29:36,Card_Payment,94798.07,Entertainment,Web_Desktop,Bangalore,606.26,0
TXN0000012679,CUST002309,2025-08-26 20:05:35,UPI,14793.75,Utilities,Web_Mobile,Kolkata,1253.44,0
TXN0000007733,CUST001415,2025-09-03 14:33:34,Card_Payment,78288.26,Travel,Mobile_Android,Delhi,991.01,0
TXN0000015364,CUST002800,2025-10-16 12:21:35,UPI,29437.99,Utilities,ATM,Delhi,374.85,0
TXN0000026481,CUST004835,2025-10-29 12:53:38,IMPS,92651.82,Fuel,Mobile_iOS,Bangalore,1373.83,0
TXN0000017386,CUST003167,2025-10-12 14:58:36,UPI,45024.89,Healthcare,Mobile_iOS,Kolkata,683.23,0
TXN0000021740,CUST003952,2025-08-21 14:02:37,NEFT,477719.85,Entertainment,Web_Mobile,Kolkata,1745.36,0
TXN0000010868,CUST001983,2025-08-28 07:46:34,RTGS,1401213.31,Other,Web_Desktop,Hyderabad,1538.65,0
TXN0000024887,CUST004533,2025-10-05 23:06:37,UPI,21627.38,Entertainment,ATM,Kolkata,1621.51,0
TXN0000007553,CUST001386,2025-10-16 04:17:34,RTGS,1485733.23,Fuel,ATM,Mumbai,1057.62,0
TXN0000013034,CUST002372,2025-10-11 13:13:35,Card_Payment,48386.03,Fuel,Mobile_iOS,Delhi,872.85,0
TXN0000006245,CUST001146,2025-09-19 00:51:33,Card_Payment,42890.07,Entertainment,Mobile_iOS,Hyderabad,1540.01,0
TXN0000025866,CUST004711,2025-10-17 22:17:38,IMPS,27492.89,Healthcare,Mobile_iOS,Hyderabad,951.74,0
TXN0000010811,CUST001973,2025-08-21 16:08:34,Card_Payment,53769.79,Utilities,Mobile_Android,Delhi,503.55,0
TXN0000014514,CUST002636,2025-08-09 01:02:35,NEFT,252615.87,Travel,Web_Desktop,Hyderabad,1674.45,0
TXN0000016791,CUST003058,2025-08-19 22:47:36,IMPS,187379.93,Fuel,Mobile_Android,Bangalore,1650.18,0
TXN0000002230,CUST000413,2025-09-09 07:30:33,UPI,34623.69,Travel,Web_Desktop,Hyderabad,1708.83,0
TXN0000020203,CUST003669,2025-10-11 20:00:36,UPI,12214.66,Healthcare,Web_Mobile,Pune,1987.91,0
TXN0000005825,CUST001072,2025-08-17 14:38:33,IMPS,103201.34,Food,Web_Desktop,Hyderabad,1224.11,0
TXN0000021381,CUST003883,2025-10-10 19:53:37,UPI,3953.13,Online_Shopping,Mobile_Android,Mumbai,987.49,0
TXN0000026728,CUST004877,2025-09-16 20:45:38,UPI,25249.32,Retail,ATM,Chennai,720.27,0
TXN0000008048,CUST001473,2025-11-02 06:07:34,ATM_Withdrawal,20000.0,Food,Mobile_iOS,Bangalore,1910.33,0
TXN0000010690,CUST001953,2025-10-28 16:03:34,NEFT,258942.5,Healthcare,ATM,Ahmedabad,435.39,0
TXN0000021691,CUST003943,2025-08-22 18:27:37,IMPS,29777.12,Education,ATM,Mumbai,637.4,0
TXN0000012152,CUST002219,2025-10-10 11:26:35,UPI,1289.2,Online_Shopping,Mobile_Android,Ahmedabad,294.56,0
TXN0000014132,CUST002572,2025-10-09 01:54:35,IMPS,145209.61,Healthcare,Web_Mobile,Mumbai,361.44,0
TXN0000026000,CUST004739,2025-09-09 12:58:38,NEFT,41998.45,Education,Web_Mobile,Mumbai,600.97,0
TXN0000009000,CUST001635,2025-08-31 20:43:34,Card_Payment,42497.61,Retail,Web_Desktop,Mumbai,717.84,0
TXN0000001581,CUST000283,2025-10-27 10:05:32,UPI,48471.36,Other,Mobile_iOS,Kolkata,1554.89,0
TXN0000024689,CUST004499,2025-08-07 05:47:37,UPI,42001.24,Entertainment,Web_Desktop,Chennai,1894.17,0
TXN0000003835,CUST000691,2025-08-23 13:15:33,Card_Payment,36385.62,Food,Web_Desktop,Bangalore,884.22,0
TXN0000014164,CUST002581,2025-08-19 23:36:35,UPI,15111.78,Other,Web_Mobile,Delhi,772.75,0
TXN0000001511,CUST000272,2025-08-22 11:17:32,RTGS,1077003.3,Food,ATM,Ahmedabad,1863.64,0
TXN0000017942,CUST003266,2025-08-30 09:13:36,Card_Payment,78294.6,Entertainment,Web_Mobile,Hyderabad,1725.87,0
TXN0000019333,CUST003515,2025-08-18 06:57:36,NEFT,301982.28,Online_Shopping,Web_Mobile,Pune,1097.77,0
TXN0000014734,CUST002673,2025-08-13 04:20:35,IMPS,10644.23,Travel,Web_Desktop,Kolkata,863.39,0
TXN0000003499,CUST000633,2025-08-25 23:28:33,RTGS,1696182.54,Retail,Mobile_Android,Hyderabad,1862.75,0
TXN0000023106,CUST004202,2025-10-29 18:39:37,UPI,49561.25,Travel,Mobile_Android,Ahmedabad,397.29,0
TXN0000022843,CUST004153,2025-11-01 16:12:37,UPI,44446.41,Entertainment,ATM,Ahmedabad,728.72,0
TXN0000012149,CUST002219,2025-09-24 20:43:35,RTGS,778837.65,Fuel,ATM,Ahmedabad,236.82,1
TXN0000016811,CUST003061,2025-09-02 10:52:36,RTGS,974115.97,Entertainment,Mobile_Android,Pune,287.3,0
TXN0000011277,CUST002058,2025-08-15 20:24:34,UPI,21610.4,Healthcare,Web_Desktop,Kolkata,1664.73,0
TXN0000015841,CUST002889,2025-09-24 22:33:35,ATM_Withdrawal,5000.0,Other,Web_Desktop,Chennai,1827.43,0
TXN0000019986,CUST003630,2025-10-10 23:01:36,NEFT,224729.84,Fuel,Web_Mobile,Hyderabad,346.75,0
TXN0000017685,CUST003223,2025-08-28 00:38:36,NEFT,201492.21,Education,Mobile_iOS,Mumbai,1803.31,0
TXN0000000645,CUST000125,2025-08-06 00:20:32,Card_Payment,61729.63,Retail,Mobile_Android,Kolkata,1576.01,0
TXN0000003593,CUST000648,2025-08-13 18:09:33,Card_Payment,23148.16,Retail,Mobile_iOS,Pune,431.35,1
TXN0000004274,CUST000774,2025-09-28 11:16:33,UPI,35303.63,Fuel,Web_Mobile,Other,1028.67,0
TXN0000009356,CUST001712,2025-09-28 03:39:34,IMPS,34824.45,Education,Web_Desktop,Ahmedabad,1214.09,0
TXN0000024422,CUST004453,2025-09-17 13:28:37,UPI,16160.39,Utilities,Mobile_Android,Bangalore,1586.4,0
TXN0000019271,CUST003500,2025-08-09 19:02:36,UPI,9922.9,Travel,Mobile_iOS,Kolkata,1302.24,0
TXN0000011942,CUST002180,2025-08-06 11:37:35,UPI,9888.23,Fuel,Web_Desktop,Chennai,1482.58,0
TXN0000008230,CUST001502,2025-08-12 14:53:34,IMPS,119163.65,Online_Shopping,Mobile_Android,Chennai,374.13,0
TXN0000000195,CUST000042,2025-08-20 13:41:32,UPI,1094.84,Entertainment,Mobile_iOS,Mumbai,735.85,0
TXN0000013214,CUST002404,2025-08-26 15:30:35,Card_Payment,73992.36,Other,Mobile_Android,Bangalore,341.28,0
TXN0000022246,CUST004046,2025-09-09 11:06:37,ATM_Withdrawal,5000.0,Food,Web_Mobile,Mumbai,1583.8,0
TXN0000017179,CUST003130,2025-10-28 08:43:36,UPI,41027.66,Healthcare,Web_Desktop,Mumbai,646.39,0
TXN0000024419,CUST004453,2025-09-06 13:22:37,Card_Payment,70940.75,Entertainment,Web_Desktop,Bangalore,1543.96,0
TXN0000009656,CUST001766,2025-10-01 14:26:34,RTGS,840240.64,Education,Mobile_Android,Bangalore,1070.83,0
TXN0000007704,CUST001410,2025-10-18 02:24:34,RTGS,448450.35,Fuel,Web_Mobile,Chennai,852.52,0
TXN0000000431,CUST000086,2025-09-22 15:54:32,UPI,24027.99,Utilities,Web_Desktop,Kolkata,801.48,0
TXN0000018873,CUST003428,2025-10-30 13:28:36,Card_Payment,86013.89,Food,Web_Mobile,Kolkata,295.86,0
TXN0000011283,CUST002059,2025-09-20 09:55:34,NEFT,483227.51,Education,Mobile_Android,Mumbai,791.69,0
TXN0000014988,CUST002722,2025-08-08 07:16:35,NEFT,82588.05,Other,Web_Desktop,Delhi,1244.37,0
TXN0000016193,CUST002943,2025-08-15 21:40:35,UPI,43189.59,Healthcare,ATM,Chennai,1003.98,0
TXN0000014224,CUST002591,2025-10-20 08:21:35,UPI,13671.09,Food,Web_Mobile,Bangalore,673.3,0
TXN0000005501,CUST001015,2025-08-21 04:21:33,UPI,40075.52,Fuel,Mobile_Android,Chennai,363.91,0
TXN0000006073,CUST001116,2025-08-21 07:51:33,UPI,1098.42,Entertainment,Mobile_iOS,Ahmedabad,1770.51,0
TXN0000007937,CUST001452,2025-08-28 11:26:34,UPI,14187.48,Fuel,Web_Desktop,Pune,1889.07,0
TXN0000008498,CUST001551,2025-09-30 10:17:34,UPI,42168.41,Education,ATM,Hyderabad,573.95,0
TXN0000006254,CUST001147,2025-08-15 09:43:33,UPI,48211.45,Other,Mobile_iOS,Mumbai,1552.42,0
TXN0000014525,CUST002639,2025-10-14 10:26:35,UPI,22910.01,Utilities,Web_Mobile,Ahmedabad,1716.14,0
TXN0000027382,CUST004994,2025-09-02 16:21:38,RTGS,1385923.83,Food,Web_Mobile,Bangalore,1730.92,0
TXN0000020593,CUST003735,2025-10-09 01:40:36,IMPS,73381.77,Healthcare,Web_Mobile,Delhi,491.45,0
TXN0000003001,CUST000546,2025-10-27 15:27:33,RTGS,470971.93,Healthcare,Mobile_iOS,Mumbai,1573.41,0
TXN0000005366,CUST000987,2025-10-04 00:47:33,RTGS,707787.9,Travel,Mobile_Android,Mumbai,1613.39,0
TXN0000003841,CUST000691,2025-08-14 00:22:33,RTGS,1783216.22,Online_Shopping,Web_Desktop,Kolkata,442.14,0
TXN0000001748,CUST000320,2025-10-31 15:02:32,Card_Payment,51867.06,Fuel,Web_Mobile,Ahmedabad,358.61,0
TXN0000010020,CUST001835,2025-10-22 23:59:34,UPI,30667.58,Utilities,Mobile_Android,Mumbai,790.02,0
TXN0000020826,CUST003783,2025-09-23 15:11:36,ATM_Withdrawal,10000.0,Food,Mobile_iOS,Pune,1829.07,0
TXN0000026125,CUST004767,2025-10-22 07:16:38,RTGS,1713862.04,Online_Shopping,ATM,Chennai,1301.39,0
TXN0000001053,CUST000195,2025-10-21 01:27:32,UPI,33065.66,Fuel,Web_Mobile,Kolkata,1594.74,0
TXN0000024006,CUST004381,2025-10-13 06:31:37,RTGS,651519.19,Entertainment,Web_Mobile,Mumbai,573.92,0
TXN0000006505,CUST001195,2025-10-06 19:25:33,IMPS,183647.68,Retail,Mobile_iOS,Bangalore,1077.27,0
TXN0000005842,CUST001075,2025-10-02 13:05:33,NEFT,184323.27,Education,Mobile_iOS,Chennai,1246.7,0
TXN0000015602,CUST002845,2025-09-21 21:38:35,UPI,39936.82,Utilities,Mobile_iOS,Hyderabad,369.02,0
TXN0000016477,CUST002998,2025-10-07 04:23:36,NEFT,19037.06,Entertainment,Web_Desktop,Chennai,469.43,1
TXN0000008903,CUST001620,2025-09-09 00:10:34,NEFT,234184.52,Retail,Mobile_iOS,Pune,1138.79,0
TXN0000006836,CUST001260,2025-09-30 08:40:34,IMPS,48035.1,Utilities,Web_Mobile,Kolkata,385.28,0
TXN0000015422,CUST002810,2025-08-06 15:56:35,UPI,36120.01,Travel,Web_Mobile,Ahmedabad,288.59,0
TXN0000023060,CUST004191,2025-10-27 06:41:37,IMPS,30169.71,Retail,Web_Desktop,Kolkata,1864.58,0
TXN0000008857,CUST001610,2025-10-07 12:35:34,UPI,3030.2,Entertainment,Mobile_iOS,Ahmedabad,1028.25,0
TXN0000006137,CUST001128,2025-11-01 21:38:33,UPI,24668.16,Utilities,Web_Desktop,Chennai,356.54,0
TXN0000024574,CUST004481,2025-08-17 03:50:37,UPI,28758.92,Fuel,ATM,Kolkata,1806.06,0
TXN0000009768,CUST001787,2025-11-02 19:37:34,NEFT,102995.51,Online_Shopping,Mobile_Android,Ahmedabad,285.19,0
TXN0000020413,CUST003705,2025-09-03 03:50:36,RTGS,1196353.92,Education,Web_Desktop,Mumbai,1750.01,0
TXN0000026556,CUST004849,2025-08-05 02:52:38,NEFT,455538.76,Utilities,Web_Mobile,Hyderabad,117.43,1
TXN0000018912,CUST003435,2025-09-14 06:26:36,UPI,36538.11,Entertainment,ATM,Ahmedabad,1325.88,0
TXN0000024016,CUST004384,2025-08-06 08:02:37,UPI,137.83,Retail,Web_Desktop,Kolkata,134.06,1
TXN0000027391,CUST004996,2025-09-19 18:55:38,UPI,13795.42,Entertainment,Web_Mobile,Chennai,1886.75,0
TXN0000010377,CUST001897,2025-08-15 23:57:34,UPI,18186.87,Retail,Mobile_iOS,Ahmedabad,1093.56,0
TXN0000012218,CUST002230,2025-08-24 21:48:35,IMPS,103051.95,Healthcare,Web_Desktop,Delhi,1316.65,0
TXN0000010698,CUST001954,2025-10-27 10:07:34,UPI,22489.13,Utilities,Mobile_iOS,Chennai,717.31,0
TXN0000018398,CUST003345,2025-09-13 18:16:36,UPI,39912.69,Entertainment,Web_Mobile,Delhi,908.75,0
TXN0000011108,CUST002028,2025-08-13 06:43:34,IMPS,131046.9,Travel,Web_Mobile,Chennai,983.25,0
TXN0000016580,CUST003016,2025-10-30 07:06:36,NEFT,130426.98,Food,Web_Desktop,Bangalore,1597.15,0
TXN0000027300,CUST004982,2025-09-14 16:09:38,NEFT,35442.13,Education,ATM,Other,234.4,1
TXN0000026294,CUST004799,2025-08-27 19:24:38,UPI,37167.27,Healthcare,Mobile_iOS,Mumbai,408.98,1
TXN0000015644,CUST002853,2025-09-12 14:25:35,IMPS,23310.47,Travel,Web_Mobile,Delhi,1811.24,0
TXN0000009234,CUST001687,2025-08-12 12:56:34,Card_Payment,82969.49,Fuel,Mobile_Android,Ahmedabad,369.95,0
TXN0000022563,CUST004106,2025-10-21 14:08:37,UPI,6373.54,Online_Shopping,ATM,Mumbai,1095.8,0
TXN0000026469,CUST004833,2025-09-27 05:12:38,IMPS,68837.91,Fuel,Mobile_iOS,Pune,1309.19,0
TXN0000011100,CUST002027,2025-10-08 09:25:34,ATM_Withdrawal,5000.0,Online_Shopping,ATM,Ahmedabad,858.09,0
TXN0000009434,CUST001725,2025-10-28 19:36:34,IMPS,21325.96,Retail,ATM,Mumbai,479.34,0
TXN0000001809,CUST000332,2025-09-09 02:18:32,UPI,6433.16,Entertainment,ATM,Chennai,260.18,0
TXN0000021776,CUST003962,2025-10-23 23:34:37,IMPS,2408.8,Fuel,Mobile_iOS,Mumbai,1699.98,0
TXN0000000719,CUST000136,2025-10-18 14:38:32,IMPS,3402.27,Education,Mobile_Android,Chennai,1766.38,0
TXN0000012644,CUST002304,2025-08-25 02:25:35,Card_Payment,29327.42,Entertainment,Web_Desktop,Kolkata,576.98,0
TXN0000021434,CUST003892,2025-09-17 12:22:37,NEFT,389844.86,Fuel,Web_Desktop,Pune,1593.53,0
TXN0000010782,CUST001969,2025-09-13 22:35:34,NEFT,42348.67,Utilities,Web_Mobile,Pune,501.5,0
TXN0000021599,CUST003922,2025-09-25 23:07:37,NEFT,84750.81,Online_Shopping,ATM,International,1857.89,0
TXN0000006499,CUST001195,2025-09-14 23:19:33,Card_Payment,56181.96,Healthcare,Mobile_Android,Bangalore,1369.81,0
TXN0000025673,CUST004672,2025-08-07 18:22:37,IMPS,83880.86,Fuel,Mobile_Android,Delhi,1519.69,0
TXN0000015987,CUST002912,2025-08-28 14:19:35,UPI,7654.33,Other,Web_Mobile,Mumbai,1177.53,0
TXN0000013515,CUST002456,2025-09-10 01:27:35,UPI,7556.51,Utilities,Web_Mobile,Mumbai,1815.98,0
TXN0000003947,CUST000713,2025-09-09 22:54:33,UPI,17724.39,Travel,Web_Mobile,Hyderabad,1659.51,0
TXN0000006310,CUST001155,2025-10-08 20:23:33,ATM_Withdrawal,5000.0,Other,Mobile_Android,Delhi,950.78,0
TXN0000021057,CUST003825,2025-09-14 04:41:37,NEFT,332559.89,Entertainment,ATM,Delhi,1748.91,0
TXN0000010691,CUST001953,2025-10-16 01:03:34,NEFT,320128.97,Retail,Mobile_Android,Ahmedabad,681.05,0
TXN0000006504,CUST001195,2025-08-07 09:42:33,IMPS,94313.68,Healthcare,Mobile_iOS,Bangalore,736.79,0
TXN0000023443,CUST004269,2025-08-17 17:37:37,UPI,749.95,Fuel,ATM,Bangalore,1752.22,0
TXN0000011147,CUST002037,2025-10-03 05:35:34,IMPS,170801.64,Utilities,Mobile_iOS,Mumbai,840.27,0
TXN0000018178,CUST003305,2025-10-03 23:40:36,NEFT,254102.47,Entertainment,Web_Desktop,Chennai,1855.34,0
TXN0000003287,CUST000596,2025-09-02 12:47:33,Card_Payment,94955.65,Food,Mobile_Android,Bangalore,551.01,0
TXN0000011135,CUST002033,2025-10-28 00:50:34,UPI,22022.49,Travel,Web_Desktop,Pune,1561.72,0
TXN0000001435,CUST000257,2025-08-29 17:53:32,NEFT,323483.06,Retail,Web_Mobile,Chennai,774.8,0
TXN0000002567,CUST000470,2025-10-16 07:43:33,IMPS,109849.53,Entertainment,Web_Desktop,Delhi,1694.87,0
TXN0000018928,CUST003437,2025-10-31 22:52:36,UPI,2846.29,Utilities,Web_Desktop,Pune,384.6,0
TXN0000002684,CUST000488,2025-08-10 21:27:33,IMPS,168039.64,Entertainment,ATM,Ahmedabad,477.86,0
TXN0000009255,CUST001692,2025-10-10 15:28:34,NEFT,175544.68,Food,Mobile_Android,Kolkata,367.21,0
TXN0000012794,CUST002330,2025-10-23 18:20:35,IMPS,4349.24,Retail,ATM,Pune,871.85,0
TXN0000023801,CUST004339,2025-09-20 23:08:37,RTGS,1298002.15,Travel,ATM,Kolkata,519.59,0
TXN0000010907,CUST001990,2025-08-06 01:42:34,RTGS,379538.78,Online_Shopping,Web_Mobile,Mumbai,1863.9,0
TXN0000012518,CUST002277,2025-10-04 12:02:35,Card_Payment,11886.51,Fuel,Web_Mobile,Mumbai,1190.92,0
TXN0000016988,CUST003091,2025-08-23 17:00:36,Card_Payment,71344.95,Fuel,Web_Mobile,Delhi,1241.13,0
TXN0000021368,CUST003880,2025-09-03 04:29:37,NEFT,419857.58,Healthcare,ATM,Bangalore,1610.62,0
TXN0000010676,CUST001951,2025-09-28 06:05:34,Card_Payment,33330.27,Online_Shopping,Web_Mobile,Chennai,1325.75,0
TXN0000019727,CUST003587,2025-09-29 05:53:36,UPI,7561.09,Entertainment,Web_Mobile,Hyderabad,403.33,0
TXN0000017505,CUST003192,2025-09-14 15:52:36,RTGS,1193500.71,Entertainment,ATM,Ahmedabad,789.72,0
TXN0000010988,CUST002004,2025-08-10 05:06:34,ATM_Withdrawal,10000.0,Online_Shopping,Mobile_iOS,Delhi,975.1,0
TXN0000012519,CUST002277,2025-09-06 00:09:35,UPI,41124.75,Entertainment,ATM,Mumbai,598.81,0
TXN0000018822,CUST003417,2025-09-14 23:30:36,UPI,13435.7,Other,Web_Mobile,Pune,647.07,0
TXN0000019032,CUST003459,2025-08-23 14:17:36,RTGS,1040992.77,Fuel,ATM,Chennai,612.9,0
TXN0000010232,CUST001873,2025-09-05 08:38:34,Card_Payment,86917.51,Online_Shopping,Web_Mobile,Ahmedabad,277.57,0
TXN0000013167,CUST002397,2025-10-05 07:08:35,Card_Payment,12953.65,Food,Web_Desktop,Chennai,1577.42,0
TXN0000013602,CUST002472,2025-09-14 05:04:35,Card_Payment,70420.69,Healthcare,Mobile_iOS,Hyderabad,1909.24,0
TXN0000016292,CUST002962,2025-08-23 03:39:36,NEFT,414293.36,Travel,Mobile_iOS,Chennai,1800.49,0
TXN0000012248,CUST002235,2025-09-04 21:58:35,UPI,8951.3,Education,Web_Desktop,Bangalore,1533.32,0
TXN0000019127,CUST003478,2025-08-15 22:10:36,IMPS,104118.45,Utilities,Web_Mobile,Kolkata,717.89,0
TXN0000009247,CUST001690,2025-10-31 23:36:34,RTGS,997066.06,Food,Web_Mobile,Delhi,933.04,0
TXN0000019295,CUST003506,2025-10-06 10:00:36,UPI,28948.75,Healthcare,ATM,Hyderabad,844.38,0
TXN0000021958,CUST003996,2025-09-13 23:29:37,NEFT,213450.17,Fuel,Web_Desktop,Delhi,1686.34,0
TXN0000021424,CUST003891,2025-09-30 14:27:37,UPI,5260.53,Fuel,Web_Mobile,Mumbai,532.54,0
TXN0000021408,CUST003888,2025-09-16 22:05:37,UPI,17608.51,Retail,Mobile_Android,Mumbai,1587.71,0
TXN0000006523,CUST001200,2025-10-12 14:10:33,IMPS,75602.27,Other,Mobile_iOS,Chennai,349.73,1
TXN0000021869,CUST003981,2025-08-29 21:51:37,Card_Payment,65827.15,Food,Web_Desktop,Bangalore,1292.43,0
TXN0000005199,CUST000949,2025-11-01 21:17:33,Card_Payment,12567.92,Retail,Mobile_iOS,Other,939.6,0
TXN0000014740,CUST002674,2025-10-22 08:13:35,UPI,40688.51,Utilities,ATM,Pune,1495.53,0
TXN0000017613,CUST003209,2025-08-16 17:50:36,RTGS,589659.39,Entertainment,Mobile_iOS,Ahmedabad,577.74,0
TXN0000011038,CUST002013,2025-08-05 12:31:34,IMPS,20612.43,Utilities,Web_Mobile,Kolkata,505.62,0
TXN0000004481,CUST000814,2025-09-19 05:57:33,RTGS,620750.83,Utilities,Mobile_iOS,Kolkata,241.85,0
TXN0000025034,CUST004557,2025-08-29 20:01:37,IMPS,171015.97,Retail,Web_Desktop,Pune,474.29,0
TXN0000005763,CUST001061,2025-10-14 17:02:33,UPI,40140.53,Education,Web_Mobile,Kolkata,291.04,0
TXN0000020483,CUST003716,2025-09-14 02:29:36,Card_Payment,23046.59,Retail,Web_Mobile,Mumbai,639.45,0
TXN0000008926,CUST001624,2025-09-27 02:09:34,NEFT,28479.24,Healthcare,Web_Mobile,Chennai,109.5,1
TXN0000015719,CUST002866,2025-10-13 09:43:35,UPI,35012.45,Entertainment,Mobile_Android,Bangalore,290.15,0
TXN0000015014,CUST002726,2025-11-01 20:37:35,RTGS,1376062.23,Entertainment,Web_Mobile,Pune,423.47,0
TXN0000020680,CUST003751,2025-09-11 04:35:36,Card_Payment,99299.26,Online_Shopping,Mobile_iOS,Bangalore,1162.93,0
TXN0000020198,CUST003669,2025-09-11 23:58:36,IMPS,37427.61,Online_Shopping,Mobile_iOS,Pune,1089.12,0
TXN0000003590,CUST000648,2025-08-15 18:16:33,NEFT,475452.92,Healthcare,Mobile_iOS,Pune,1094.96,0
TXN0000011984,CUST002188,2025-10-23 03:08:35,UPI,42319.73,Entertainment,Web_Desktop,Other,1167.59,0
TXN0000015146,CUST002752,2025-08-06 18:52:35,UPI,25034.2,Entertainment,Web_Mobile,Bangalore,1630.35,0
TXN0000020755,CUST003768,2025-10-19 23:17:36,UPI,15488.96,Entertainment,Web_Desktop,Chennai,1970.87,0
TXN0000026474,CUST004833,2025-10-17 00:42:38,UPI,35576.72,Retail,Web_Mobile,Pune,1035.15,0
TXN0000005175,CUST000945,2025-10-21 06:46:33,NEFT,182292.71,Online_Shopping,Web_Desktop,Mumbai,438.74,1
TXN0000017214,CUST003135,2025-09-06 15:39:36,UPI,349.01,Online_Shopping,Web_Desktop,Ahmedabad,1799.57,0
TXN0000022123,CUST004027,2025-08-28 05:20:37,UPI,16893.57,Fuel,Mobile_Android,Pune,1975.02,0
TXN0000013448,CUST002446,2025-08-08 15:19:35,UPI,49732.05,Travel,Web_Mobile,Hyderabad,665.3,0
TXN0000020912,CUST003798,2025-10-14 09:56:36,NEFT,275325.09,Retail,ATM,Hyderabad,1920.06,0
TXN0000005263,CUST000963,2025-09-11 19:17:33,UPI,21460.41,Entertainment,Mobile_Android,Mumbai,487.42,0
TXN0000019274,CUST003500,2025-08-17 02:53:36,ATM_Withdrawal,2000.0,Other,Web_Desktop,Kolkata,1146.01,0
TXN0000015915,CUST002900,2025-09-03 16:27:35,UPI,44382.3,Travel,Mobile_iOS,Ahmedabad,1631.88,0
TXN0000001036,CUST000192,2025-10-09 20:21:32,RTGS,1615626.6,Healthcare,Web_Desktop,Bangalore,139.95,1
TXN0000016047,CUST002922,2025-10-02 17:24:35,UPI,9154.74,Healthcare,Web_Desktop,Chennai,1632.49,0
TXN0000012646,CUST002304,2025-10-08 08:39:35,IMPS,188334.02,Travel,Web_Mobile,Kolkata,1466.75,0
TXN0000004673,CUST000853,2025-10-31 16:56:33,RTGS,1878605.39,Travel,Mobile_Android,Mumbai,615.03,0
TXN0000026839,CUST004898,2025-10-22 21:37:38,UPI,39081.44,Other,Web_Mobile,Chennai,1474.07,0
TXN0000019340,CUST003516,2025-10-21 09:34:36,RTGS,852383.74,Education,Web_Mobile,Delhi,296.61,0
TXN0000000018,CUST000004,2025-09-29 12:41:32,RTGS,360930.59,Fuel,ATM,Delhi,1107.77,0
TXN0000014222,CUST002590,2025-10-10 13:19:35,Card_Payment,60515.26,Online_Shopping,Web_Mobile,Delhi,1335.36,0
TXN0000007840,CUST001437,2025-09-08 02:18:34,NEFT,494143.99,Healthcare,ATM,Hyderabad,1737.39,0
TXN0000017188,CUST003131,2025-10-16 08:22:36,UPI,10625.09,Healthcare,ATM,Delhi,258.9,0
TXN0000019258,CUST003498,2025-08-25 09:52:36,UPI,28296.29,Other,ATM,Pune,1217.22,0
TXN0000012938,CUST002356,2025-09-25 15:43:35,UPI,30031.69,Healthcare,Mobile_iOS,Ahmedabad,1791.08,0
TXN0000022589,CUST004110,2025-09-12 04:49:37,NEFT,23314.84,Fuel,Web_Mobile,Hyderabad,1917.49,0
TXN0000004321,CUST000782,2025-09-08 08:29:33,NEFT,439193.77,Healthcare,Web_Mobile,Ahmedabad,626.49,0
TXN0000006363,CUST001167,2025-08-28 23:06:33,UPI,45004.64,Entertainment,Web_Desktop,Chennai,1034.02,0
TXN0000002436,CUST000448,2025-08-19 23:14:33,UPI,15471.51,Fuel,Mobile_iOS,Mumbai,1237.65,0
TXN0000002593,CUST000474,2025-10-18 15:21:33,IMPS,131784.72,Online_Shopping,Web_Desktop,Delhi,308.68,0
TXN0000000743,CUST000143,2025-09-19 12:25:32,UPI,13723.41,Fuel,Mobile_Android,International,456.24,0
TXN0000002309,CUST000426,2025-09-27 14:39:33,ATM_Withdrawal,10000.0,Other,Mobile_Android,Pune,1042.62,0
TXN0000004901,CUST000892,2025-11-01 23:39:33,UPI,35183.56,Online_Shopping,ATM,Delhi,1493.42,0
TXN0000002010,CUST000370,2025-09-08 06:47:33,NEFT,479285.78,Retail,Mobile_iOS,Ahmedabad,491.91,0
TXN0000018503,CUST003365,2025-10-26 09:42:36,UPI,32911.8,Food,Web_Mobile,Ahmedabad,681.58,0
TXN0000020494,CUST003718,2025-09-19 07:15:36,NEFT,179340.04,Travel,ATM,Mumbai,576.07,0
TXN0000020372,CUST003699,2025-09-13 06:43:36,IMPS,133673.63,Fuel,Web_Mobile,Ahmedabad,1511.29,0
TXN0000025826,CUST004703,2025-08-30 09:39:38,NEFT,104360.56,Travel,Mobile_iOS,Hyderabad,1458.28,0
TXN0000009230,CUST001687,2025-09-18 16:18:34,UPI,14805.57,Other,Mobile_Android,Ahmedabad,1816.25,0
TXN0000019500,CUST003543,2025-09-11 02:00:36,UPI,15471.22,Food,Mobile_iOS,Chennai,1008.34,0
TXN0000002009,CUST000370,2025-08-11 14:00:33,UPI,36746.48,Entertainment,Mobile_Android,Delhi,1343.29,0
TXN0000026782,CUST004885,2025-08-22 08:58:38,IMPS,68254.41,Fuel,Web_Desktop,Chennai,344.84,0
TXN0000015362,CUST002800,2025-08-13 11:11:35,UPI,23162.36,Retail,Web_Mobile,Delhi,1513.73,0
TXN0000014072,CUST002563,2025-08-07 05:46:35,Card_Payment,21809.84,Travel,Web_Desktop,Kolkata,944.14,0
TXN0000012548,CUST002282,2025-09-03 22:22:35,UPI,23086.6,Utilities,Web_Desktop,Other,285.48,1
TXN0000025978,CUST004732,2025-08-19 00:34:38,Card_Payment,66190.52,Online_Shopping,Mobile_Android,Chennai,1377.71,0
TXN0000008762,CUST001596,2025-10-27 04:13:34,IMPS,17052.36,Retail,Mobile_Android,Kolkata,333.54,0
TXN0000018769,CUST003407,2025-08-22 12:54:36,IMPS,163903.08,Retail,Mobile_iOS,Pune,548.67,0
TXN0000016415,CUST002986,2025-09-19 04:30:36,Card_Payment,87217.61,Retail,ATM,Mumbai,167.53,1
TXN0000012587,CUST002291,2025-09-13 14:22:35,UPI,42514.59,Retail,Web_Mobile,Pune,760.27,0
TXN0000007153,CUST001321,2025-09-02 16:01:34,IMPS,106625.78,Food,Web_Desktop,Delhi,1619.29,0
TXN0000021750,CUST003956,2025-09-05 14:36:37,UPI,48727.01,Healthcare,Web_Mobile,Ahmedabad,1082.33,0
TXN0000026475,CUST004833,2025-08-10 10:27:38,IMPS,21102.29,Food,Mobile_iOS,Pune,608.73,0
TXN0000012551,CUST002285,2025-10-08 11:37:35,RTGS,1972959.22,Fuel,ATM,Bangalore,216.08,0
TXN0000013789,CUST002512,2025-10-11 18:03:35,NEFT,413743.43,Entertainment,Web_Desktop,Kolkata,632.55,0
TXN0000004038,CUST000729,2025-10-25 08:48:33,Card_Payment,14288.65,Travel,Mobile_Android,Delhi,743.76,0
TXN0000019861,CUST003613,2025-10-09 08:42:36,NEFT,356118.9,Healthcare,Mobile_iOS,Hyderabad,1563.56,0
TXN0000021017,CUST003818,2025-09-07 02:36:37,NEFT,203486.78,Education,ATM,Bangalore,361.92,1
TXN0000003223,CUST000586,2025-08-31 06:01:33,RTGS,1678389.13,Online_Shopping,Mobile_iOS,Delhi,128.98,1
TXN0000023111,CUST004204,2025-09-10 09:57:37,NEFT,298643.87,Education,ATM,Ahmedabad,1627.37,0
TXN0000020243,CUST003676,2025-10-10 17:52:36,Card_Payment,91957.37,Travel,Web_Mobile,Bangalore,1622.54,0
TXN0000013499,CUST002454,2025-09-09 01:20:35,Card_Payment,81551.54,Fuel,Web_Desktop,Chennai,665.62,0
TXN0000002035,CUST000375,2025-08-17 15:57:33,NEFT,321075.0,Utilities,Mobile_Android,Ahmedabad,1109.13,0
TXN0000026656,CUST004866,2025-08-21 14:57:38,IMPS,140403.27,Travel,Web_Mobile,Ahmedabad,617.36,0
TXN0000000481,CUST000098,2025-09-04 22:22:32,IMPS,83235.89,Education,Mobile_Android,Chennai,1155.08,0
TXN0000024036,CUST004387,2025-09-21 06:33:37,ATM_Withdrawal,2000.0,Other,Mobile_Android,Mumbai,541.09,0
TXN0000006913,CUST001274,2025-08-05 18:34:34,RTGS,422968.33,Retail,Web_Desktop,Bangalore,1454.72,0
TXN0000001304,CUST000232,2025-08-05 22:42:32,IMPS,13676.06,Utilities,Mobile_Android,Ahmedabad,1280.23,0
TXN0000006553,CUST001206,2025-09-23 04:58:33,ATM_Withdrawal,2000.0,Education,ATM,Kolkata,215.87,0
TXN0000022209,CUST004042,2025-09-12 08:53:37,NEFT,56333.58,Utilities,Web_Desktop,Chennai,1454.32,0
TXN0000014475,CUST002629,2025-08-29 17:00:35,RTGS,938665.95,Education,Web_Mobile,Kolkata,1927.8,0
TXN0000016650,CUST003028,2025-09-18 12:26:36,NEFT,132259.78,Travel,Mobile_iOS,Kolkata,344.24,0
TXN0000003932,CUST000709,2025-10-31 21:37:33,UPI,38308.46,Retail,Web_Desktop,Mumbai,670.72,0
TXN0000002735,CUST000497,2025-10-09 23:02:33,RTGS,1578406.97,Healthcare,Mobile_Android,Hyderabad,1598.87,0
TXN0000003994,CUST000721,2025-10-19 15:25:33,NEFT,491691.42,Food,Mobile_Android,Hyderabad,524.0,0
TXN0000023984,CUST004377,2025-09-18 16:26:37,UPI,35404.76,Fuel,Mobile_iOS,Mumbai,1831.61,0
TXN0000008185,CUST001495,2025-10-18 03:36:34,IMPS,153937.59,Food,Web_Mobile,Kolkata,903.23,0
TXN0000021337,CUST003875,2025-10-18 20:01:37,IMPS,193801.3,Utilities,Mobile_Android,Bangalore,909.35,0
TXN0000018702,CUST003396,2025-08-28 17:03:36,UPI,16881.36,Entertainment,Web_Desktop,Mumbai,672.94,0
TXN0000012730,CUST002318,2025-10-09 17:41:35,NEFT,345087.47,Travel,ATM,Pune,1522.28,0
TXN0000008898,CUST001620,2025-09-23 22:13:34,RTGS,490293.42,Utilities,ATM,Pune,1909.57,0
TXN0000023881,CUST004360,2025-10-04 08:02:37,IMPS,116508.56,Other,Mobile_iOS,Chennai,431.86,0
TXN0000017862,CUST003251,2025-09-11 18:08:36,IMPS,104691.8,Online_Shopping,Mobile_iOS,Delhi,979.45,0
TXN0000008352,CUST001524,2025-09-26 08:11:34,UPI,13707.93,Retail,Web_Mobile,Bangalore,1326.87,0
TXN0000023470,CUST004273,2025-10-16 16:25:37,ATM_Withdrawal,20000.0,Entertainment,Mobile_iOS,Kolkata,1232.05,0
TXN0000022297,CUST004054,2025-10-02 02:02:37,Card_Payment,78599.31,Retail,Web_Desktop,Bangalore,320.71,1
TXN0000002196,CUST000407,2025-09-07 14:03:33,ATM_Withdrawal,2000.0,Education,Mobile_iOS,Bangalore,815.68,0
TXN0000006216,CUST001141,2025-09-11 21:24:33,Card_Payment,79647.35,Education,ATM,Delhi,1934.45,0
TXN0000013556,CUST002464,2025-08-26 17:30:35,UPI,48779.67,Online_Shopping,Web_Mobile,Kolkata,1560.91,0
TXN0000009148,CUST001672,2025-08-30 06:55:34,IMPS,119562.74,Healthcare,Web_Mobile,Bangalore,1749.32,0
TXN0000006535,CUST001202,2025-08-22 19:37:33,UPI,15377.84,Travel,Web_Desktop,Mumbai,1638.99,0
TXN0000015099,CUST002741,2025-09-22 18:11:35,IMPS,164655.2,Utilities,Mobile_iOS,Kolkata,879.46,0
TXN0000001291,CUST000230,2025-10-28 16:43:32,NEFT,279527.39,Online_Shopping,ATM,Delhi,586.27,0
TXN0000006456,CUST001186,2025-09-06 12:56:33,UPI,3535.67,Education,Mobile_Android,Pune,1555.32,0
TXN0000023424,CUST004266,2025-09-08 23:34:37,UPI,16178.69,Retail,Mobile_Android,Pune,415.51,1
TXN0000013873,CUST002528,2025-09-09 01:38:35,UPI,23800.66,Education,Web_Desktop,Ahmedabad,252.84,0
TXN0000018577,CUST003377,2025-10-11 00:39:36,UPI,18722.76,Education,Mobile_iOS,Delhi,1375.9,0
TXN0000006754,CUST001247,2025-09-26 22:18:34,RTGS,831589.05,Travel,ATM,Mumbai,881.53,0
TXN0000019211,CUST003489,2025-09-19 02:16:36,UPI,34819.54,Food,ATM,Chennai,1998.93,0
TXN0000012269,CUST002238,2025-08-10 10:16:35,RTGS,880965.54,Healthcare,ATM,Other,738.26,0
TXN0000018177,CUST003305,2025-08-14 10:41:36,UPI,18355.1,Online_Shopping,Web_Desktop,Chennai,1023.15,0
TXN0000024847,CUST004527,2025-08-15 16:22:37,ATM_Withdrawal,20000.0,Fuel,ATM,Mumbai,683.97,0
TXN0000021212,CUST003853,2025-10-07 23:45:37,IMPS,73689.44,Other,ATM,Hyderabad,393.01,0
TXN0000010856,CUST001982,2025-10-13 11:21:34,ATM_Withdrawal,5000.0,Food,Mobile_Android,Bangalore,1380.03,0
TXN0000007574,CUST001390,2025-11-01 05:36:34,NEFT,238026.51,Food,Mobile_iOS,Hyderabad,1048.6,0
TXN0000013530,CUST002459,2025-09-14 20:24:35,Card_Payment,73150.88,Food,ATM,Chennai,362.27,0
TXN0000024184,CUST004412,2025-09-12 13:30:37,UPI,28629.15,Retail,Web_Desktop,Kolkata,1324.4,0
TXN0000023535,CUST004289,2025-11-01 17:20:37,UPI,16928.2,Food,Mobile_Android,Pune,1487.66,0
TXN0000012249,CUST002235,2025-10-26 11:34:35,IMPS,66601.2,Food,Web_Desktop,Bangalore,500.39,0
TXN0000008346,CUST001523,2025-11-02 01:17:34,UPI,20518.84,Food,Web_Mobile,Chennai,1760.91,0
TXN0000000397,CUST000081,2025-08-22 21:52:32,NEFT,289167.63,Fuel,ATM,Mumbai,1525.23,0
TXN0000006600,CUST001216,2025-09-25 12:40:33,UPI,28709.09,Other,Web_Desktop,Kolkata,296.02,0
TXN0000026639,CUST004863,2025-10-09 10:59:38,RTGS,1086399.6,Other,Mobile_iOS,Delhi,1202.97,0
TXN0000021340,CUST003875,2025-09-15 11:15:37,IMPS,168936.92,Fuel,Mobile_Android,Delhi,340.57,0
TXN0000023882,CUST004361,2025-08-26 13:39:37,Card_Payment,80835.61,Education,Mobile_iOS,Ahmedabad,1977.69,0
TXN0000016796,CUST003059,2025-09-13 19:28:36,IMPS,126225.33,Entertainment,Web_Mobile,Hyderabad,624.27,0
TXN0000022796,CUST004145,2025-09-17 10:46:37,IMPS,38306.22,Utilities,Mobile_iOS,Bangalore,1144.43,0
TXN0000004283,CUST000776,2025-10-19 23:31:33,Card_Payment,76959.22,Utilities,Mobile_Android,Mumbai,578.39,0
TXN0000006149,CUST001130,2025-10-25 03:46:33,IMPS,124135.91,Fuel,Web_Mobile,Hyderabad,336.92,1
TXN0000002849,CUST000518,2025-10-21 18:06:33,UPI,47840.95,Education,Web_Desktop,Hyderabad,731.43,0
TXN0000018832,CUST003419,2025-09-03 19:30:36,IMPS,66472.86,Education,Mobile_iOS,Kolkata,1471.89,0
TXN0000019735,CUST003589,2025-09-15 06:12:36,IMPS,162710.53,Healthcare,Web_Desktop,Hyderabad,1884.5,0
TXN0000006897,CUST001271,2025-10-16 19:12:34,IMPS,79652.01,Healthcare,Mobile_iOS,Pune,1440.34,0
TXN0000010563,CUST001931,2025-08-30 20:32:34,IMPS,24804.57,Retail,Web_Mobile,Bangalore,1475.29,0
TXN0000027062,CUST004939,2025-10-25 10:28:38,IMPS,112993.76,Online_Shopping,Web_Desktop,Mumbai,1549.12,0
TXN0000014633,CUST002657,2025-10-10 11:29:35,UPI,12785.41,Entertainment,Mobile_iOS,Hyderabad,1913.24,0
TXN0000010092,CUST001848,2025-08-29 04:40:34,RTGS,1757285.19,Fuel,ATM,Chennai,572.19,0
TXN0000019772,CUST003594,2025-08-30 12:15:36,ATM_Withdrawal,10000.0,Retail,Mobile_iOS,Chennai,1852.14,0
TXN0000001596,CUST000286,2025-10-24 23:12:32,IMPS,7647.71,Education,Mobile_iOS,Ahmedabad,907.76,0
TXN0000009198,CUST001682,2025-09-17 18:31:34,UPI,8428.52,Online_Shopping,Mobile_Android,Ahmedabad,1706.03,0
TXN0000003779,CUST000680,2025-08-20 21:24:33,RTGS,590802.94,Other,ATM,Mumbai,904.03,0
TXN0000011387,CUST002079,2025-08-05 19:29:34,UPI,16047.97,Entertainment,ATM,Ahmedabad,734.99,0
TXN0000003283,CUST000595,2025-09-05 06:34:33,UPI,39800.87,Fuel,Mobile_iOS,Ahmedabad,545.4,0
TXN0000002517,CUST000462,2025-10-25 18:43:33,IMPS,31443.56,Healthcare,Web_Mobile,Pune,1966.98,0
TXN0000023958,CUST004374,2025-09-11 13:54:37,RTGS,435463.42,Retail,ATM,International,421.08,0
TXN0000013434,CUST002442,2025-08-11 15:02:35,NEFT,96447.74,Other,Mobile_iOS,Chennai,607.89,0
TXN0000020846,CUST003787,2025-09-05 02:37:36,ATM_Withdrawal,10000.0,Fuel,Web_Mobile,Hyderabad,890.69,0
TXN0000012345,CUST002248,2025-09-15 05:24:35,IMPS,3848.06,Utilities,ATM,Ahmedabad,1566.35,0
TXN0000015844,CUST002889,2025-09-17 03:58:35,UPI,43620.65,Healthcare,ATM,Chennai,748.01,0
TXN0000014448,CUST002625,2025-10-04 15:20:35,ATM_Withdrawal,10000.0,Healthcare,Web_Mobile,Delhi,1997.93,0
TXN0000013762,CUST002506,2025-09-13 05:21:35,NEFT,196316.78,Online_Shopping,Mobile_Android,Hyderabad,850.67,0
TXN0000009189,CUST001681,2025-10-04 13:12:34,Card_Payment,18078.74,Healthcare,ATM,Delhi,1828.39,0
TXN0000026582,CUST004853,2025-09-28 23:17:38,RTGS,356010.72,Food,Mobile_iOS,Delhi,1415.93,0
TXN0000013550,CUST002464,2025-08-14 20:15:35,IMPS,6584.09,Entertainment,Web_Desktop,Kolkata,506.97,0
TXN0000011161,CUST002039,2025-10-22 16:33:34,Card_Payment,19517.78,Food,Web_Desktop,Mumbai,975.77,0
TXN0000010824,CUST001975,2025-10-06 14:43:34,IMPS,50464.51,Fuel,Web_Mobile,Delhi,1034.59,0
TXN0000021978,CUST004000,2025-10-13 07:28:37,Card_Payment,37373.37,Utilities,Web_Mobile,Bangalore,315.75,0
TXN0000013934,CUST002538,2025-09-03 04:53:35,IMPS,29849.47,Online_Shopping,Web_Mobile,Pune,591.77,0
TXN0000003548,CUST000641,2025-08-16 01:34:33,Card_Payment,65486.11,Education,Web_Mobile,Ahmedabad,553.43,0
TXN0000022888,CUST004160,2025-10-01 07:38:37,IMPS,131949.5,Utilities,Mobile_Android,Bangalore,1180.75,0
TXN0000002677,CUST000486,2025-10-05 03:52:33,RTGS,1975339.1,Education,ATM,Ahmedabad,403.26,0
TXN0000014432,CUST002623,2025-08-28 10:21:35,Card_Payment,96802.03,Utilities,ATM,Pune,1455.7,0
TXN0000011291,CUST002061,2025-09-19 07:01:34,IMPS,2118.91,Other,Mobile_iOS,Pune,1056.76,0
TXN0000020506,CUST003721,2025-10-09 16:29:36,Card_Payment,16326.4,Entertainment,Mobile_Android,Ahmedabad,284.4,0
TXN0000015585,CUST002843,2025-08-14 07:51:35,RTGS,1710047.89,Retail,Mobile_iOS,Chennai,303.82,0
TXN0000020801,CUST003776,2025-10-10 08:41:36,RTGS,782542.46,Healthcare,Web_Mobile,Bangalore,1615.14,0
TXN0000023307,CUST004241,2025-09-19 14:54:37,IMPS,199938.89,Healthcare,Mobile_Android,Kolkata,1708.55,0
TXN0000021435,CUST003892,2025-09-09 15:32:37,NEFT,427058.69,Retail,Mobile_iOS,Pune,218.2,0
TXN0000026064,CUST004752,2025-09-02 07:30:38,UPI,41790.28,Online_Shopping,Web_Mobile,Chennai,586.02,0
TXN0000002857,CUST000520,2025-08-24 14:47:33,UPI,44225.89,Travel,ATM,Bangalore,674.34,0
TXN0000003636,CUST000656,2025-09-01 02:06:33,UPI,32258.89,Online_Shopping,ATM,Bangalore,1674.63,0
TXN0000014045,CUST002559,2025-08-18 20:22:35,Card_Payment,95859.56,Online_Shopping,Mobile_iOS,Bangalore,322.16,1
TXN0000018502,CUST003365,2025-10-07 12:17:36,UPI,3946.57,Entertainment,Web_Desktop,Delhi,466.97,0
TXN0000011536,CUST002103,2025-08-12 14:50:35,IMPS,139253.44,Travel,Web_Mobile,Pune,344.31,0
TXN0000023935,CUST004369,2025-10-21 14:56:37,UPI,49237.46,Retail,Web_Desktop,Bangalore,1853.0,0
TXN0000002233,CUST000413,2025-09-25 00:21:33,UPI,27531.96,Online_Shopping,Web_Desktop,Hyderabad,1443.7,0
TXN0000019336,CUST003516,2025-09-17 08:06:36,NEFT,249241.79,Fuel,ATM,Kolkata,1685.5,0
TXN0000014477,CUST002629,2025-09-16 08:27:35,IMPS,127129.51,Fuel,Mobile_iOS,Kolkata,1585.86,0
TXN0000016759,CUST003053,2025-10-09 21:05:36,IMPS,58055.15,Travel,Web_Mobile,Bangalore,345.73,0
TXN0000007723,CUST001413,2025-10-21 02:40:34,UPI,46609.44,Retail,Web_Desktop,Pune,1624.18,0
TXN0000002930,CUST000532,2025-10-26 00:35:33,IMPS,10630.29,Entertainment,Web_Desktop,Bangalore,1688.04,0
TXN0000021962,CUST003998,2025-09-06 18:41:37,ATM_Withdrawal,5000.0,Utilities,Web_Desktop,Mumbai,1137.25,0
TXN0000023602,CUST004302,2025-08-06 20:14:37,IMPS,145597.16,Education,Mobile_Android,Chennai,1431.81,0
TXN0000009888,CUST001807,2025-09-09 19:44:34,UPI,27234.59,Other,ATM,Ahmedabad,1479.31,0
TXN0000022194,CUST004041,2025-09-01 16:42:37,IMPS,133158.84,Utilities,Web_Desktop,Ahmedabad,251.94,1
TXN0000013283,CUST002415,2025-08-10 10:58:35,UPI,2193.45,Education,Mobile_iOS,Mumbai,833.64,0
TXN0000023271,CUST004235,2025-10-17 08:11:37,RTGS,529427.36,Healthcare,Web_Desktop,Hyderabad,396.66,0
TXN0000006242,CUST001145,2025-09-25 01:37:33,NEFT,49950.8,Retail,Mobile_iOS,Bangalore,807.87,0
TXN0000006418,CUST001179,2025-10-13 13:02:33,IMPS,137647.5,Food,Web_Desktop,Bangalore,524.08,0
TXN0000011767,CUST002147,2025-09-01 04:06:35,UPI,4206.79,Food,Mobile_iOS,Mumbai,1603.9,0
TXN0000016507,CUST003003,2025-10-15 17:43:36,UPI,47741.44,Fuel,Web_Desktop,Chennai,357.81,0
TXN0000018642,CUST003388,2025-10-31 19:07:36,ATM_Withdrawal,10000.0,Utilities,Mobile_Android,Delhi,771.55,0
TXN0000002868,CUST000521,2025-10-03 21:10:33,IMPS,19976.12,Travel,Mobile_Android,Ahmedabad,1157.23,0
TXN0000013608,CUST002475,2025-08-07 15:04:35,Card_Payment,57041.4,Utilities,Web_Desktop,Pune,910.08,0
TXN0000015163,CUST002756,2025-09-03 09:42:35,NEFT,52135.0,Utilities,Mobile_Android,Kolkata,1307.84,0
TXN0000027330,CUST004986,2025-09-29 10:56:38,Card_Payment,45152.56,Healthcare,Mobile_Android,Bangalore,884.21,0
TXN0000012078,CUST002207,2025-09-12 20:44:35,UPI,31361.2,Healthcare,Mobile_iOS,Other,1801.07,0
TXN0000014981,CUST002721,2025-08-07 11:21:35,UPI,42533.54,Other,ATM,Pune,229.68,0
TXN0000007802,CUST001429,2025-08-21 17:46:34,UPI,5584.42,Food,Mobile_iOS,Hyderabad,478.71,0
TXN0000019660,CUST003571,2025-08-21 15:37:36,IMPS,172878.85,Entertainment,Mobile_iOS,Delhi,670.62,0
TXN0000020883,CUST003794,2025-09-03 12:50:36,RTGS,1924106.35,Retail,Mobile_iOS,Delhi,843.04,0
TXN0000005220,CUST000955,2025-09-01 19:34:33,NEFT,238254.3,Other,ATM,International,1232.76,0
TXN0000011399,CUST002081,2025-09-04 04:52:34,NEFT,232189.45,Travel,Web_Desktop,Ahmedabad,428.36,0
TXN0000024236,CUST004421,2025-10-13 06:08:37,IMPS,84599.05,Other,Mobile_Android,Bangalore,215.82,0
TXN0000024894,CUST004533,2025-10-21 13:38:37,IMPS,178693.08,Retail,Web_Desktop,Kolkata,825.79,0
TXN0000003753,CUST000675,2025-10-17 11:15:33,UPI,36376.29,Entertainment,Web_Mobile,Ahmedabad,873.17,0
TXN0000024708,CUST004502,2025-10-19 22:53:37,Card_Payment,5713.07,Healthcare,Web_Mobile,Kolkata,1006.98,0
TXN0000011213,CUST002048,2025-09-25 16:14:34,UPI,7111.12,Food,Mobile_iOS,Delhi,249.84,0
TXN0000022814,CUST004148,2025-09-17 15:49:37,Card_Payment,86482.11,Retail,Mobile_Android,Delhi,608.48,0
TXN0000014217,CUST002590,2025-08-13 08:10:35,UPI,36487.23,Retail,Mobile_Android,Delhi,758.38,0
TXN0000021703,CUST003944,2025-08-13 14:39:37,UPI,1228.95,Education,Web_Desktop,Ahmedabad,540.81,0
TXN0000018677,CUST003394,2025-08-30 16:50:36,Card_Payment,65575.32,Utilities,Web_Mobile,Bangalore,1088.13,0
TXN0000010520,CUST001923,2025-09-01 10:31:34,UPI,17031.57,Travel,Mobile_iOS,Pune,315.55,0
TXN0000001739,CUST000319,2025-09-15 04:13:32,IMPS,173656.44,Utilities,Mobile_Android,Hyderabad,1742.63,0
TXN0000025388,CUST004622,2025-08-16 09:45:37,UPI,11402.97,Online_Shopping,Mobile_iOS,Mumbai,1371.89,0
TXN0000019402,CUST003527,2025-10-11 09:50:36,Card_Payment,56463.72,Other,Mobile_Android,Delhi,1790.83,0
TXN0000026887,CUST004908,2025-09-08 00:22:38,IMPS,18431.32,Entertainment,Web_Mobile,Chennai,813.6,0
TXN0000025327,CUST004612,2025-10-27 00:33:37,Card_Payment,91528.48,Fuel,Web_Mobile,Chennai,1513.84,0
TXN0000008145,CUST001488,2025-09-01 05:04:34,ATM_Withdrawal,2000.0,Retail,Web_Desktop,Delhi,1318.67,0
TXN0000003549,CUST000641,2025-09-18 21:04:33,NEFT,90986.41,Other,Web_Desktop,Ahmedabad,1664.73,0
TXN0000006293,CUST001152,2025-09-17 13:21:33,IMPS,63706.64,Education,ATM,Pune,311.72,0
TXN0000016051,CUST002922,2025-08-22 09:33:35,Card_Payment,94562.57,Retail,ATM,Chennai,1298.26,0
TXN0000001766,CUST000323,2025-10-17 06:26:32,Card_Payment,17881.99,Food,Web_Mobile,Kolkata,274.44,0
TXN0000022315,CUST004060,2025-10-05 01:52:37,IMPS,168555.2,Online_Shopping,Web_Desktop,Mumbai,1201.76,0
TXN0000013691,CUST002491,2025-10-12 14:04:35,RTGS,1886975.8,Education,Web_Mobile,Chennai,236.88,1
TXN0000009607,CUST001758,2025-09-05 18:40:34,UPI,24339.88,Fuel,Mobile_iOS,Hyderabad,1311.16,0
TXN0000015901,CUST002898,2025-10-16 18:06:35,UPI,11526.54,Other,Mobile_Android,Delhi,1925.18,0
TXN0000023785,CUST004336,2025-10-06 07:49:37,ATM_Withdrawal,20000.0,Food,Web_Desktop,Kolkata,338.25,0
TXN0000022855,CUST004154,2025-09-03 21:27:37,IMPS,192609.86,Food,Web_Mobile,Delhi,1534.42,0
TXN0000022713,CUST004131,2025-08-17 01:49:37,Card_Payment,44999.17,Other,Mobile_iOS,Kolkata,1704.85,0
TXN0000021324,CUST003874,2025-08-17 21:18:37,IMPS,89083.65,Online_Shopping,Web_Mobile,Kolkata,1684.81,0
TXN0000022863,CUST004155,2025-08-06 05:47:37,UPI,15599.21,Food,Mobile_Android,Delhi,472.0,0
TXN0000004048,CUST000731,2025-10-02 02:04:33,UPI,19700.73,Utilities,Web_Desktop,Pune,1676.56,0
TXN0000025963,CUST004731,2025-09-16 08:59:38,UPI,43801.35,Online_Shopping,ATM,Bangalore,830.95,0
TXN0000011523,CUST002102,2025-10-24 23:06:35,ATM_Withdrawal,10000.0,Food,ATM,Delhi,1168.05,0
TXN0000012390,CUST002254,2025-09-08 18:38:35,UPI,31575.69,Other,ATM,Bangalore,1753.18,0
TXN0000011880,CUST002167,2025-08-26 03:48:35,IMPS,41938.07,Travel,Mobile_Android,Chennai,1868.74,0
TXN0000011251,CUST002055,2025-09-16 04:09:34,IMPS,29674.89,Fuel,Mobile_iOS,Kolkata,286.12,0
TXN0000016632,CUST003025,2025-10-09 00:17:36,IMPS,134644.78,Food,Mobile_Android,Mumbai,1221.9,0
TXN0000025418,CUST004626,2025-10-17 19:23:37,IMPS,149805.26,Education,ATM,Pune,1843.77,0
TXN0000025633,CUST004663,2025-09-03 11:39:37,RTGS,430575.48,Utilities,Web_Desktop,Ahmedabad,1977.65,0
TXN0000027421,CUST005000,2025-08-08 21:51:38,ATM_Withdrawal,5000.0,Healthcare,ATM,Mumbai,817.81,0
TXN0000024232,CUST004421,2025-09-29 03:07:37,NEFT,381260.92,Healthcare,Web_Mobile,Bangalore,874.42,0
TXN0000014104,CUST002568,2025-08-16 20:00:35,UPI,23390.36,Utilities,ATM,International,531.23,0
TXN0000017278,CUST003147,2025-10-13 01:16:36,UPI,42956.86,Online_Shopping,Mobile_Android,Kolkata,798.41,0
TXN0000012816,CUST002334,2025-08-06 19:24:35,IMPS,170471.81,Travel,Mobile_iOS,Kolkata,1849.68,0
TXN0000013189,CUST002399,2025-08-20 07:28:35,UPI,4908.55,Food,Mobile_Android,Hyderabad,1592.66,0
TXN0000019635,CUST003566,2025-10-30 06:46:36,IMPS,90107.59,Online_Shopping,Mobile_Android,Delhi,1359.05,0
TXN0000014100,CUST002567,2025-09-18 15:25:35,UPI,33191.17,Travel,ATM,Hyderabad,543.43,0
TXN0000001744,CUST000320,2025-09-08 12:46:32,NEFT,65587.29,Other,ATM,Ahmedabad,426.55,0
TXN0000005115,CUST000935,2025-09-01 18:36:33,RTGS,1496192.07,Utilities,Web_Mobile,Delhi,847.35,0
TXN0000000448,CUST000089,2025-08-17 23:14:32,IMPS,79493.72,Entertainment,Mobile_iOS,Pune,581.27,0
TXN0000010644,CUST001945,2025-08-17 09:40:34,IMPS,73523.95,Utilities,ATM,Ahmedabad,316.55,0
TXN0000026239,CUST004789,2025-09-06 13:37:38,Card_Payment,75970.73,Entertainment,Mobile_Android,Pune,1022.96,0
TXN0000011934,CUST002179,2025-08-22 01:13:35,UPI,48094.25,Other,ATM,Mumbai,1829.58,0
TXN0000022991,CUST004180,2025-09-10 20:02:37,NEFT,147748.92,Healthcare,ATM,Pune,1127.51,0
TXN0000001676,CUST000305,2025-08-18 08:33:32,IMPS,79046.2,Other,Web_Mobile,Mumbai,1620.8,0
TXN0000007714,CUST001412,2025-08-29 07:09:34,IMPS,118185.96,Healthcare,Web_Mobile,Bangalore,1896.11,0
TXN0000005926,CUST001089,2025-10-30 03:36:33,UPI,38154.19,Retail,Web_Desktop,Kolkata,1620.03,0
TXN0000022915,CUST004168,2025-08-10 16:31:37,UPI,38028.88,Healthcare,Web_Mobile,Bangalore,1554.91,0
TXN0000010820,CUST001974,2025-09-26 22:01:34,UPI,42368.04,Fuel,Mobile_Android,Bangalore,882.19,0
TXN0000023319,CUST004245,2025-09-27 06:25:37,UPI,25743.17,Other,ATM,Ahmedabad,305.85,0
TXN0000004394,CUST000796,2025-08-15 01:01:33,UPI,16030.37,Online_Shopping,Mobile_iOS,Mumbai,733.22,0
TXN0000021465,CUST003900,2025-10-29 10:24:37,NEFT,273514.85,Education,Mobile_Android,Bangalore,1061.61,0
TXN0000019450,CUST003535,2025-10-04 11:10:36,UPI,37873.37,Retail,Mobile_Android,Mumbai,376.6,0
TXN0000012533,CUST002281,2025-10-11 05:55:35,Card_Payment,92282.42,Education,Mobile_Android,Hyderabad,1289.89,0
TXN0000022696,CUST004129,2025-11-01 20:43:37,NEFT,170896.37,Retail,Web_Mobile,Delhi,365.21,0
TXN0000011584,CUST002113,2025-09-08 11:39:35,NEFT,448173.94,Retail,Web_Mobile,Kolkata,1320.36,0
TXN0000014015,CUST002553,2025-10-27 04:13:35,Card_Payment,76964.89,Retail,ATM,Delhi,1409.4,0
TXN0000011548,CUST002104,2025-08-19 17:10:35,RTGS,853330.54,Healthcare,Mobile_Android,Other,212.38,1
TXN0000024975,CUST004549,2025-09-15 12:59:37,Card_Payment,24392.32,Entertainment,Web_Mobile,Pune,1605.54,0
TXN0000005211,CUST000952,2025-10-02 20:11:33,ATM_Withdrawal,20000.0,Education,Web_Mobile,Pune,1649.33,0
TXN0000003917,CUST000708,2025-08-15 01:38:33,IMPS,33907.73,Healthcare,Web_Mobile,Delhi,1838.58,0
TXN0000011914,CUST002176,2025-10-18 10:07:35,NEFT,190267.46,Fuel,Mobile_Android,Kolkata,1887.33,0
TXN0000022541,CUST004101,2025-08-05 18:19:37,UPI,13667.77,Retail,Mobile_iOS,Mumbai,1404.96,0
TXN0000018655,CUST003390,2025-10-16 21:25:36,ATM_Withdrawal,5000.0,Online_Shopping,Web_Desktop,Delhi,200.24,0
TXN0000007540,CUST001384,2025-09-18 02:53:34,UPI,48101.48,Healthcare,ATM,Hyderabad,1776.03,0
TXN0000001122,CUST000206,2025-10-12 16:28:32,RTGS,1610299.49,Fuel,Mobile_Android,Ahmedabad,292.04,0
TXN0000003777,CUST000680,2025-09-24 00:48:33,Card_Payment,48315.41,Healthcare,Web_Mobile,Mumbai,907.93,0
TXN0000011655,CUST002127,2025-09-09 22:18:35,UPI,22421.46,Education,Web_Desktop,Mumbai,1909.05,0
TXN0000000521,CUST000104,2025-08-17 08:42:32,Card_Payment,73510.66,Healthcare,Web_Mobile,Bangalore,287.42,0
TXN0000000386,CUST000078,2025-08-13 09:10:32,IMPS,12713.35,Healthcare,Mobile_Android,Bangalore,1422.94,0
TXN0000001742,CUST000319,2025-08-06 11:59:32,UPI,44471.15,Food,ATM,Hyderabad,1942.93,0
TXN0000004149,CUST000750,2025-08-30 06:14:33,RTGS,854127.33,Utilities,Mobile_Android,Delhi,354.25,1
TXN0000026611,CUST004859,2025-10-01 09:46:38,IMPS,85799.12,Education,Web_Mobile,Pune,1347.84,0
TXN0000018630,CUST003385,2025-10-06 13:14:36,RTGS,789325.61,Travel,Web_Desktop,Mumbai,1824.25,0
TXN0000017927,CUST003263,2025-10-09 21:37:36,NEFT,20764.03,Travel,ATM,Chennai,730.63,0
TXN0000011463,CUST002091,2025-08-22 19:39:35,ATM_Withdrawal,20000.0,Healthcare,Mobile_Android,Ahmedabad,550.39,0
TXN0000022077,CUST004018,2025-10-01 03:53:37,UPI,38806.72,Healthcare,ATM,Bangalore,1528.13,0
TXN0000004098,CUST000740,2025-09-29 14:47:33,RTGS,794795.99,Food,Web_Mobile,Ahmedabad,1690.62,0
TXN0000025090,CUST004566,2025-08-11 08:51:37,IMPS,81248.45,Online_Shopping,ATM,Kolkata,1603.91,0
TXN0000007365,CUST001355,2025-09-15 06:22:34,Card_Payment,23791.21,Utilities,Web_Desktop,Ahmedabad,1810.29,0
TXN0000012069,CUST002205,2025-09-10 04:02:35,Card_Payment,41470.06,Food,Mobile_Android,Bangalore,379.37,0
TXN0000002450,CUST000451,2025-08-27 07:44:33,Card_Payment,74464.39,Travel,Mobile_iOS,Hyderabad,926.33,0
TXN0000027146,CUST004954,2025-10-26 19:40:38,UPI,1041.5,Retail,Web_Desktop,Kolkata,1844.51,0
TXN0000021831,CUST003973,2025-10-28 07:28:37,Card_Payment,37120.11,Other,ATM,Chennai,485.82,0
TXN0000027138,CUST004952,2025-08-10 07:01:38,NEFT,133055.34,Fuel,Mobile_iOS,Pune,740.02,0
TXN0000000439,CUST000087,2025-10-15 19:55:32,UPI,38335.85,Retail,Mobile_iOS,Hyderabad,493.26,1
TXN0000006224,CUST001142,2025-10-02 01:49:33,UPI,13697.81,Online_Shopping,ATM,Hyderabad,866.39,0
TXN0000022428,CUST004080,2025-10-24 12:11:37,IMPS,46046.47,Food,Mobile_iOS,Chennai,1765.54,0
TXN0000000169,CUST000035,2025-11-02 14:41:32,UPI,40228.63,Education,Mobile_iOS,Mumbai,1606.85,0
TXN0000015493,CUST002825,2025-09-15 22:08:35,UPI,34983.7,Healthcare,Mobile_iOS,Hyderabad,1046.1,0
TXN0000018419,CUST003348,2025-08-21 02:57:36,RTGS,1241338.26,Entertainment,Web_Desktop,Bangalore,1084.52,0
TXN0000000483,CUST000098,2025-09-16 18:36:32,Card_Payment,70485.98,Education,Mobile_iOS,Chennai,290.67,0
TXN0000021522,CUST003911,2025-10-22 17:24:37,NEFT,203822.31,Education,Web_Desktop,Pune,1706.21,0
TXN0000007417,CUST001362,2025-09-13 22:44:34,NEFT,384999.46,Other,Web_Desktop,Ahmedabad,1707.4,0
TXN0000017886,CUST003254,2025-08-08 10:01:36,IMPS,102538.48,Retail,Mobile_Android,Bangalore,995.18,0
TXN0000025795,CUST004695,2025-10-16 20:48:38,RTGS,1233139.22,Education,Web_Desktop,Hyderabad,1611.64,0
TXN0000026953,CUST004919,2025-10-13 00:32:38,NEFT,6179.78,Online_Shopping,Web_Desktop,Kolkata,371.35,0
TXN0000007726,CUST001414,2025-09-01 07:58:34,UPI,12378.03,Retail,Mobile_Android,Ahmedabad,417.9,0
TXN0000013111,CUST002386,2025-10-05 14:08:35,NEFT,56737.03,Education,Mobile_iOS,Kolkata,1770.16,0
TXN0000014511,CUST002635,2025-09-11 19:10:35,UPI,39341.84,Education,Web_Desktop,Ahmedabad,1891.24,0
TXN0000019348,CUST003517,2025-09-13 03:00:36,RTGS,1089755.75,Healthcare,Web_Mobile,Hyderabad,829.41,0
TXN0000000682,CUST000131,2025-08-31 16:57:32,IMPS,36449.53,Online_Shopping,ATM,Ahmedabad,1254.3,0
TXN0000010512,CUST001922,2025-09-13 01:57:34,IMPS,4367.95,Entertainment,Web_Mobile,Bangalore,316.75,0
TXN0000007683,CUST001407,2025-10-12 04:21:34,IMPS,65056.86,Online_Shopping,Mobile_iOS,Ahmedabad,1031.69,0
TXN0000002464,CUST000453,2025-10-02 03:22:33,NEFT,211752.44,Retail,Mobile_iOS,Mumbai,1603.07,0
TXN0000027240,CUST004970,2025-10-25 03:21:38,Card_Payment,25138.48,Online_Shopping,Web_Desktop,Pune,1161.94,0
TXN0000002519,CUST000462,2025-08-24 17:21:33,UPI,18639.35,Other,Web_Desktop,Pune,372.51,0
TXN0000024509,CUST004469,2025-10-22 08:32:37,Card_Payment,92897.84,Education,Mobile_Android,Chennai,1345.24,0
TXN0000020092,CUST003652,2025-08-12 08:01:36,NEFT,12022.24,Online_Shopping,Web_Desktop,Kolkata,1127.46,0
TXN0000022396,CUST004075,2025-09-20 23:00:37,ATM_Withdrawal,2000.0,Travel,Mobile_Android,Ahmedabad,521.82,0
TXN0000002136,CUST000393,2025-09-13 16:25:33,UPI,47803.78,Fuel,ATM,Delhi,928.48,0
TXN0000011625,CUST002123,2025-08-29 11:18:35,UPI,14094.59,Retail,Web_Mobile,Delhi,1836.99,0
TXN0000001107,CUST000204,2025-10-13 20:16:32,UPI,43365.26,Healthcare,Mobile_iOS,Other,1156.86,0
TXN0000006718,CUST001239,2025-10-03 07:01:34,IMPS,7949.21,Healthcare,Web_Desktop,Delhi,808.54,0
TXN0000023643,CUST004310,2025-08-10 23:52:37,UPI,20118.09,Entertainment,Mobile_iOS,Chennai,465.12,0
TXN0000010558,CUST001930,2025-10-19 02:06:34,Card_Payment,27765.07,Healthcare,Mobile_Android,Kolkata,1762.74,0
TXN0000004990,CUST000908,2025-10-30 22:46:33,UPI,47602.38,Other,Web_Desktop,Pune,1811.01,0
TXN0000005215,CUST000954,2025-08-12 11:12:33,UPI,27995.43,Other,ATM,Delhi,662.92,0
TXN0000001732,CUST000318,2025-09-17 11:44:32,NEFT,355895.92,Retail,ATM,Mumbai,442.14,0
TXN0000011045,CUST002015,2025-11-01 07:11:34,IMPS,39716.37,Travel,Web_Desktop,Bangalore,1883.64,0
TXN0000017424,CUST003174,2025-09-13 07:04:36,Card_Payment,88352.93,Utilities,Web_Mobile,Delhi,1969.35,0
TXN0000013208,CUST002403,2025-08-22 20:08:35,ATM_Withdrawal,20000.0,Retail,Web_Mobile,Mumbai,1022.27,0
TXN0000000460,CUST000094,2025-08-26 22:45:32,NEFT,432976.58,Food,ATM,Hyderabad,225.5,0
TXN0000004451,CUST000809,2025-10-27 10:46:33,IMPS,116832.41,Travel,Web_Desktop,Ahmedabad,844.07,0
TXN0000025319,CUST004611,2025-08-26 16:26:37,NEFT,348709.83,Healthcare,Web_Desktop,Chennai,1418.96,0
TXN0000020577,CUST003734,2025-10-27 08:32:36,UPI,6678.43,Retail,Web_Desktop,Bangalore,1009.54,0
TXN0000003379,CUST000611,2025-08-20 17:25:33,Card_Payment,5400.81,Fuel,Mobile_iOS,Delhi,598.59,0
TXN0000004385,CUST000795,2025-09-24 02:13:33,NEFT,361927.37,Other,Web_Mobile,Kolkata,347.12,1
TXN0000025283,CUST004605,2025-09-12 21:58:37,UPI,47512.27,Education,Web_Desktop,Bangalore,743.2,0
TXN0000003595,CUST000649,2025-08-11 06:25:33,NEFT,139144.42,Retail,Mobile_Android,Hyderabad,555.87,0
TXN0000021431,CUST003892,2025-09-21 13:01:37,IMPS,192233.85,Entertainment,Mobile_iOS,Pune,1945.62,0
TXN0000008953,CUST001629,2025-08-15 18:54:34,NEFT,234780.27,Travel,Mobile_Android,Ahmedabad,523.0,0
TXN0000001397,CUST000250,2025-08-13 11:38:32,UPI,38214.0,Online_Shopping,Web_Desktop,Chennai,492.48,0
TXN0000021035,CUST003822,2025-09-23 02:56:37,RTGS,323368.13,Entertainment,Web_Mobile,Bangalore,263.33,0
TXN0000022800,CUST004145,2025-10-02 19:07:37,RTGS,268802.34,Fuel,ATM,Delhi,1088.14,0
TXN0000004985,CUST000906,2025-08-12 18:42:33,RTGS,1891051.55,Entertainment,Mobile_iOS,Delhi,1530.7,0
TXN0000003509,CUST000635,2025-10-14 08:38:33,NEFT,287112.94,Food,Web_Mobile,Other,1655.27,0
TXN0000007376,CUST001357,2025-08-28 19:05:34,UPI,18773.61,Education,Mobile_Android,Mumbai,328.07,1
TXN0000004470,CUST000812,2025-10-02 06:40:33,NEFT,153076.65,Fuel,Web_Desktop,Chennai,1138.69,0
TXN0000026613,CUST004859,2025-10-20 06:10:38,RTGS,1734723.33,Retail,Mobile_Android,Pune,750.81,0
TXN0000017531,CUST003196,2025-11-01 04:47:36,NEFT,74131.4,Travel,Web_Mobile,Pune,1874.43,0
TXN0000003036,CUST000552,2025-10-02 23:44:33,UPI,24330.35,Food,Mobile_Android,Mumbai,240.43,0
TXN0000006485,CUST001193,2025-10-01 16:31:33,UPI,21633.08,Education,Web_Mobile,Bangalore,1431.06,0
TXN0000001202,CUST000219,2025-09-23 15:13:32,UPI,39734.48,Retail,Web_Desktop,Kolkata,631.39,0
TXN0000020287,CUST003683,2025-09-16 02:29:36,NEFT,184829.78,Fuel,Mobile_iOS,Pune,1318.05,0
TXN0000000189,CUST000040,2025-10-23 21:11:32,IMPS,36003.48,Food,Mobile_iOS,Pune,1824.98,0
TXN0000005639,CUST001040,2025-10-12 05:12:33,IMPS,162838.12,Food,Web_Desktop,Hyderabad,1417.89,0
TXN0000023391,CUST004261,2025-09-11 00:52:37,UPI,14294.44,Healthcare,Mobile_iOS,Ahmedabad,166.7,1
TXN0000021718,CUST003947,2025-09-17 19:03:37,UPI,8601.66,Education,Mobile_Android,Mumbai,1820.09,0
TXN0000002663,CUST000485,2025-08-17 09:54:33,UPI,8675.24,Travel,Mobile_iOS,Hyderabad,779.76,0
TXN0000008798,CUST001600,2025-08-16 20:39:34,NEFT,484160.25,Healthcare,Web_Mobile,Bangalore,1827.34,0
TXN0000008179,CUST001494,2025-08-28 11:24:34,IMPS,74326.56,Retail,Web_Mobile,Mumbai,742.39,0
TXN0000001979,CUST000364,2025-08-11 07:24:32,Card_Payment,87143.7,Entertainment,Web_Desktop,Pune,1296.1,0
TXN0000011506,CUST002099,2025-08-20 20:21:35,Card_Payment,78329.31,Healthcare,ATM,Ahmedabad,1074.46,0
TXN0000003610,CUST000650,2025-10-05 02:57:33,ATM_Withdrawal,10000.0,Other,Web_Desktop,Bangalore,286.71,0
TXN0000005666,CUST001045,2025-10-11 20:00:33,IMPS,190590.68,Healthcare,Web_Desktop,Delhi,1218.05,0
TXN0000014668,CUST002661,2025-10-12 02:17:35,UPI,20792.11,Online_Shopping,ATM,Delhi,1460.26,0
TXN0000009028,CUST001644,2025-10-17 19:57:34,Card_Payment,19689.0,Healthcare,ATM,Chennai,611.67,0
TXN0000025896,CUST004718,2025-09-29 19:35:38,UPI,1673.15,Retail,Web_Desktop,Pune,624.55,0
TXN0000009708,CUST001774,2025-09-13 04:20:34,UPI,38217.87,Healthcare,ATM,Hyderabad,1220.59,0
TXN0000026919,CUST004913,2025-09-15 10:34:38,IMPS,81592.03,Online_Shopping,Mobile_Android,Bangalore,1575.07,0
TXN0000010598,CUST001936,2025-10-18 16:34:34,UPI,17444.57,Utilities,ATM,Hyderabad,114.74,1
TXN0000009351,CUST001712,2025-09-08 13:49:34,ATM_Withdrawal,10000.0,Retail,Web_Desktop,Ahmedabad,293.58,1
TXN0000019942,CUST003625,2025-10-07 20:21:36,UPI,13014.52,Education,Web_Mobile,Kolkata,556.62,0
TXN0000025113,CUST004570,2025-08-21 00:48:37,UPI,6993.24,Food,ATM,Delhi,1336.83,0
TXN0000004195,CUST000760,2025-08-08 20:34:33,Card_Payment,70206.06,Other,Mobile_iOS,Ahmedabad,598.89,0
TXN0000001941,CUST000357,2025-10-16 11:55:32,NEFT,74792.74,Other,Web_Mobile,Mumbai,1208.29,0
TXN0000000222,CUST000047,2025-10-28 08:28:32,IMPS,128722.73,Utilities,Web_Mobile,Pune,1869.62,0
TXN0000011439,CUST002087,2025-10-24 06:40:34,UPI,3673.16,Healthcare,Web_Mobile,Chennai,123.57,1
TXN0000002421,CUST000446,2025-10-01 08:13:33,UPI,43803.41,Retail,Mobile_Android,Hyderabad,1907.42,0
TXN0000023812,CUST004343,2025-08-19 00:11:37,IMPS,33509.21,Healthcare,Mobile_Android,Chennai,148.85,1
TXN0000006877,CUST001267,2025-09-26 00:03:34,Card_Payment,59677.54,Fuel,Mobile_iOS,International,714.03,0
TXN0000017731,CUST003231,2025-08-29 01:32:36,IMPS,44024.64,Travel,ATM,International,387.14,0
TXN0000008371,CUST001527,2025-10-30 07:16:34,IMPS,10534.06,Travel,Mobile_iOS,Hyderabad,914.58,0
TXN0000021250,CUST003859,2025-09-28 03:51:37,UPI,37516.79,Other,Mobile_Android,Bangalore,1356.33,0
TXN0000007250,CUST001337,2025-08-18 12:24:34,RTGS,1079430.14,Travel,Mobile_Android,Delhi,1422.5,0
TXN0000022122,CUST004026,2025-08-21 17:59:37,Card_Payment,71108.13,Entertainment,Mobile_iOS,Kolkata,609.03,0
TXN0000003800,CUST000684,2025-10-16 22:05:33,UPI,14808.54,Entertainment,ATM,Mumbai,1450.74,0
TXN0000011466,CUST002091,2025-10-11 13:10:35,RTGS,1089060.79,Fuel,Mobile_Android,Ahmedabad,609.92,0
TXN0000005161,CUST000942,2025-10-02 05:00:33,IMPS,68697.24,Healthcare,Mobile_Android,Other,423.2,0
TXN0000014085,CUST002565,2025-10-31 23:47:35,RTGS,1236609.13,Fuel,Mobile_iOS,Pune,812.74,0
TXN0000008642,CUST001575,2025-10-04 02:44:34,NEFT,438363.32,Food,ATM,Chennai,1327.87,0
TXN0000001076,CUST000199,2025-09-17 01:04:32,UPI,6423.39,Education,Web_Desktop,Ahmedabad,343.82,0
TXN0000012221,CUST002230,2025-08-28 17:43:35,Card_Payment,31677.58,Food,Mobile_Android,Delhi,1736.18,0
TXN0000025193,CUST004585,2025-09-25 10:55:37,IMPS,84414.39,Education,Mobile_iOS,Chennai,733.05,0
TXN0000011808,CUST002154,2025-10-09 20:23:35,RTGS,1734934.54,Retail,Web_Desktop,Kolkata,876.19,0
TXN0000012826,CUST002336,2025-10-09 13:37:35,IMPS,44118.45,Online_Shopping,Web_Mobile,Delhi,1277.97,0
TXN0000001398,CUST000250,2025-08-21 05:05:32,Card_Payment,36756.39,Other,Web_Desktop,Chennai,1714.53,0
TXN0000013673,CUST002488,2025-09-24 18:09:35,UPI,40571.3,Retail,Web_Desktop,Pune,476.79,0
TXN0000009560,CUST001748,2025-10-04 02:56:34,NEFT,458507.74,Entertainment,Web_Mobile,Delhi,1275.03,0
TXN0000015937,CUST002903,2025-10-28 21:01:35,UPI,11945.44,Other,Web_Mobile,Ahmedabad,1096.28,0
TXN0000004973,CUST000904,2025-10-20 15:11:33,UPI,31295.65,Online_Shopping,Mobile_Android,Pune,1647.43,0
TXN0000025848,CUST004709,2025-09-20 06:40:38,RTGS,315574.44,Education,ATM,Pune,1011.21,0
TXN0000022504,CUST004096,2025-10-27 15:58:37,ATM_Withdrawal,5000.0,Food,Web_Mobile,Hyderabad,1578.38,0
TXN0000003273,CUST000593,2025-09-23 14:21:33,RTGS,872679.18,Retail,Web_Desktop,Kolkata,1714.26,0
TXN0000018594,CUST003380,2025-10-31 01:44:36,Card_Payment,45170.32,Online_Shopping,ATM,Mumbai,1059.38,0
TXN0000012094,CUST002210,2025-10-09 12:58:35,UPI,5045.53,Education,Web_Desktop,Mumbai,1195.68,0
TXN0000014325,CUST002609,2025-10-03 11:12:35,IMPS,152073.63,Online_Shopping,Web_Desktop,Mumbai,792.49,0
TXN0000006665,CUST001228,2025-08-06 12:29:33,IMPS,78623.28,Entertainment,Mobile_Android,Bangalore,531.58,0
TXN0000015273,CUST002781,2025-08-15 16:14:35,Card_Payment,89899.25,Education,Mobile_Android,Kolkata,1503.17,0
TXN0000015082,CUST002739,2025-08-31 02:00:35,NEFT,25897.81,Online_Shopping,Web_Desktop,Bangalore,488.73,1
TXN0000014966,CUST002719,2025-09-25 08:04:35,UPI,37549.26,Other,Mobile_Android,Ahmedabad,751.57,0
TXN0000009162,CUST001674,2025-10-12 22:32:34,RTGS,387995.81,Online_Shopping,Mobile_Android,Delhi,344.73,0
TXN0000002021,CUST000372,2025-08-27 13:00:33,UPI,9155.44,Retail,ATM,Kolkata,699.26,0
TXN0000021862,CUST003979,2025-08-14 14:52:37,IMPS,23515.9,Retail,Mobile_iOS,Kolkata,648.5,0
TXN0000018599,CUST003381,2025-08-10 13:19:36,NEFT,6130.1,Other,ATM,Mumbai,1591.96,0
TXN0000009015,CUST001640,2025-09-16 06:48:34,Card_Payment,1846.0,Healthcare,Mobile_Android,Kolkata,1562.17,0
TXN0000023205,CUST004226,2025-10-27 02:39:37,UPI,13272.36,Retail,Mobile_Android,Ahmedabad,579.97,0
TXN0000024117,CUST004400,2025-10-10 00:48:37,NEFT,348807.97,Online_Shopping,Web_Desktop,Bangalore,1612.6,0
TXN0000022037,CUST004010,2025-10-12 16:24:37,IMPS,183496.02,Fuel,Mobile_Android,Chennai,266.26,0
TXN0000008911,CUST001621,2025-08-30 17:31:34,Card_Payment,27066.6,Food,ATM,Mumbai,475.56,0
TXN0000004547,CUST000826,2025-10-16 23:49:33,UPI,23603.64,Travel,Mobile_iOS,Pune,1487.6,0
TXN0000018296,CUST003325,2025-10-09 01:16:36,IMPS,133099.31,Retail,Web_Mobile,Mumbai,227.18,1
TXN0000024811,CUST004521,2025-09-19 18:08:37,Card_Payment,55730.03,Travel,Mobile_Android,Pune,1917.31,0
TXN0000007179,CUST001326,2025-10-21 09:01:34,UPI,49894.39,Healthcare,Mobile_Android,Pune,713.92,0
TXN0000011052,CUST002016,2025-10-03 20:23:34,ATM_Withdrawal,5000.0,Utilities,Mobile_Android,Hyderabad,1568.08,0
TXN0000008029,CUST001469,2025-10-04 05:02:34,Card_Payment,51537.95,Healthcare,Mobile_Android,Mumbai,1929.73,0
TXN0000014500,CUST002633,2025-09-08 18:19:35,RTGS,1615572.23,Utilities,ATM,Bangalore,1957.73,0
TXN0000003886,CUST000703,2025-08-21 00:37:33,UPI,9507.95,Food,Web_Mobile,Hyderabad,989.22,0
TXN0000011176,CUST002042,2025-09-01 07:43:34,UPI,10051.71,Food,Web_Desktop,Kolkata,319.07,0
TXN0000008031,CUST001470,2025-08-27 21:49:34,Card_Payment,99242.82,Fuel,Web_Mobile,Hyderabad,1527.21,0
TXN0000007407,CUST001361,2025-09-17 05:13:34,UPI,47254.79,Education,ATM,Ahmedabad,619.91,0
TXN0000026138,CUST004769,2025-09-21 19:02:38,NEFT,15323.1,Healthcare,Mobile_iOS,Kolkata,1527.57,0
TXN0000018752,CUST003404,2025-10-14 02:37:36,UPI,26151.57,Utilities,Web_Mobile,Pune,419.12,0
TXN0000005981,CUST001098,2025-08-13 20:52:33,UPI,13319.04,Healthcare,ATM,Mumbai,259.68,0
TXN0000014859,CUST002700,2025-08-26 10:14:35,UPI,37252.73,Retail,Web_Desktop,Delhi,246.4,0
TXN0000009215,CUST001684,2025-08-22 15:40:34,IMPS,60351.67,Travel,Web_Mobile,Pune,472.27,0
TXN0000011616,CUST002119,2025-10-25 01:45:35,UPI,27320.94,Online_Shopping,Mobile_iOS,Bangalore,1013.83,0
TXN0000016701,CUST003040,2025-10-07 02:35:36,IMPS,111948.77,Travel,Mobile_iOS,Mumbai,675.92,0
TXN0000021322,CUST003874,2025-10-19 17:39:37,RTGS,1223648.21,Retail,Mobile_iOS,Kolkata,393.56,0
TXN0000018930,CUST003438,2025-08-09 09:03:36,UPI,16847.04,Utilities,Mobile_Android,Bangalore,361.97,0
TXN0000012786,CUST002329,2025-08-19 01:31:35,RTGS,394507.06,Food,Mobile_iOS,Delhi,1711.26,0
TXN0000016835,CUST003065,2025-09-03 00:29:36,ATM_Withdrawal,5000.0,Entertainment,Web_Mobile,Kolkata,1230.89,0
TXN0000020465,CUST003713,2025-08-23 06:58:36,NEFT,403504.72,Online_Shopping,Web_Desktop,Ahmedabad,896.3,0
TXN0000004502,CUST000818,2025-08-15 17:03:33,Card_Payment,54796.68,Travel,Mobile_Android,Mumbai,357.89,0
TXN0000027071,CUST004940,2025-10-01 11:35:38,RTGS,926879.42,Food,Web_Mobile,Delhi,1657.6,0
TXN0000021833,CUST003973,2025-08-10 16:10:37,UPI,10858.16,Travel,Mobile_Android,Chennai,1495.24,0
TXN0000012861,CUST002342,2025-09-13 06:16:35,ATM_Withdrawal,2000.0,Retail,Web_Desktop,Pune,1316.45,0
TXN0000013048,CUST002374,2025-09-20 09:37:35,NEFT,227059.51,Other,Web_Desktop,Ahmedabad,1046.8,0
TXN0000020179,CUST003666,2025-10-22 20:11:36,UPI,48425.71,Online_Shopping,Web_Mobile,Ahmedabad,329.44,0
TXN0000018559,CUST003376,2025-08-30 06:02:36,UPI,27739.21,Entertainment,Web_Mobile,Delhi,1620.28,0
TXN0000022594,CUST004111,2025-10-12 05:03:37,UPI,26709.57,Retail,Mobile_Android,Ahmedabad,1780.55,0
TXN0000008193,CUST001496,2025-10-02 06:30:34,IMPS,169668.37,Travel,Mobile_iOS,Hyderabad,713.32,0
TXN0000008687,CUST001584,2025-09-06 23:29:34,IMPS,150758.45,Utilities,ATM,Pune,564.54,0
TXN0000010414,CUST001904,2025-10-18 06:40:34,UPI,22189.7,Entertainment,ATM,Hyderabad,932.64,0
TXN0000010561,CUST001930,2025-10-18 02:53:34,RTGS,696251.62,Travel,ATM,Kolkata,1625.25,0
TXN0000019288,CUST003504,2025-10-04 06:12:36,NEFT,375413.06,Healthcare,Web_Mobile,Delhi,100.25,1
TXN0000002405,CUST000443,2025-10-06 10:56:33,Card_Payment,89371.69,Fuel,Web_Desktop,Pune,832.16,0
TXN0000017184,CUST003130,2025-09-16 23:49:36,UPI,35413.05,Online_Shopping,Mobile_Android,Mumbai,674.51,0
TXN0000011607,CUST002117,2025-10-07 13:53:35,UPI,21265.03,Retail,Web_Mobile,Kolkata,348.9,0
TXN0000005955,CUST001093,2025-08-24 14:56:33,Card_Payment,73570.94,Utilities,Mobile_iOS,Ahmedabad,1034.33,0
TXN0000003799,CUST000683,2025-08-29 02:19:33,Card_Payment,79809.64,Retail,ATM,Chennai,1130.22,0
TXN0000010357,CUST001894,2025-10-26 22:54:34,UPI,24666.31,Food,Mobile_iOS,Mumbai,1175.19,0
TXN0000000128,CUST000027,2025-08-15 06:07:32,UPI,28227.48,Entertainment,Mobile_iOS,Delhi,913.35,0
TXN0000007556,CUST001387,2025-10-23 03:52:34,UPI,39725.14,Education,Web_Desktop,Mumbai,1454.73,0
TXN0000021966,CUST003998,2025-09-23 23:19:37,IMPS,118700.2,Entertainment,Mobile_iOS,Mumbai,1783.91,0
TXN0000020300,CUST003686,2025-08-08 03:05:36,UPI,18755.18,Fuel,Mobile_Android,Delhi,668.67,0
TXN0000019810,CUST003600,2025-09-17 07:26:36,Card_Payment,18498.72,Travel,Mobile_iOS,Hyderabad,1022.93,0
TXN0000021096,CUST003831,2025-11-02 20:35:37,ATM_Withdrawal,5000.0,Fuel,Web_Mobile,Chennai,333.03,0
TXN0000025747,CUST004687,2025-10-03 20:38:37,UPI,49147.93,Entertainment,ATM,Pune,1178.8,0
TXN0000021650,CUST003931,2025-08-11 19:42:37,IMPS,181192.35,Food,Mobile_iOS,Bangalore,971.17,0
TXN0000008816,CUST001603,2025-09-12 06:55:34,Card_Payment,20904.99,Food,Mobile_iOS,Delhi,1304.81,0
TXN0000007828,CUST001434,2025-08-20 06:20:34,RTGS,308224.25,Online_Shopping,Mobile_Android,Hyderabad,1389.41,0
TXN0000004221,CUST000764,2025-08-26 10:23:33,Card_Payment,13636.32,Food,Web_Desktop,Chennai,501.0,0
TXN0000007950,CUST001454,2025-09-24 20:44:34,NEFT,329007.53,Entertainment,ATM,Ahmedabad,456.4,0
TXN0000015828,CUST002886,2025-10-22 03:08:35,NEFT,448435.76,Education,Web_Desktop,Bangalore,1949.05,0
TXN0000007559,CUST001388,2025-10-12 18:58:34,Card_Payment,50280.72,Utilities,Web_Mobile,Hyderabad,380.52,0
TXN0000012043,CUST002198,2025-09-03 05:15:35,IMPS,164124.79,Other,ATM,Pune,378.07,0
TXN0000003383,CUST000612,2025-09-30 02:12:33,Card_Payment,4402.58,Retail,ATM,Pune,1514.39,0
TXN0000017892,CUST003256,2025-10-10 17:04:36,UPI,39856.57,Retail,Web_Mobile,Ahmedabad,1227.72,0
TXN0000022429,CUST004080,2025-10-18 11:57:37,NEFT,72977.62,Utilities,Mobile_Android,Chennai,120.95,1
TXN0000000965,CUST000180,2025-10-03 17:04:32,Card_Payment,7246.79,Entertainment,Mobile_Android,Hyderabad,1107.89,0
TXN0000010456,CUST001912,2025-09-06 02:32:34,IMPS,128480.3,Retail,Web_Mobile,Bangalore,1022.86,0
TXN0000016450,CUST002994,2025-10-28 12:23:36,RTGS,615624.1,Healthcare,ATM,Ahmedabad,656.31,0
TXN0000004203,CUST000762,2025-09-14 23:40:33,IMPS,5097.66,Utilities,Mobile_iOS,Bangalore,806.95,0
TXN0000019000,CUST003451,2025-09-15 10:24:36,UPI,43639.06,Fuel,Web_Mobile,Bangalore,1343.47,0
TXN0000004120,CUST000746,2025-09-27 08:47:33,IMPS,44601.96,Entertainment,ATM,Ahmedabad,184.63,1
TXN0000005385,CUST000992,2025-09-08 05:32:33,RTGS,1416300.35,Education,Mobile_Android,Kolkata,1799.07,0
TXN0000015781,CUST002880,2025-09-22 16:23:35,IMPS,49895.7,Food,Mobile_iOS,Chennai,739.47,0
TXN0000023556,CUST004295,2025-10-03 12:39:37,UPI,24905.01,Other,Web_Mobile,Ahmedabad,802.68,0
TXN0000006663,CUST001228,2025-10-24 11:23:33,IMPS,107114.43,Travel,Web_Desktop,Bangalore,810.44,0
TXN0000026799,CUST004889,2025-11-02 14:56:38,IMPS,110408.49,Education,Web_Desktop,Ahmedabad,1216.69,0
TXN0000025075,CUST004563,2025-10-31 21:15:37,NEFT,406959.16,Fuel,Mobile_Android,Chennai,1683.56,0
TXN0000021203,CUST003849,2025-10-31 18:58:37,UPI,20601.33,Education,Web_Mobile,Delhi,547.65,0
TXN0000004102,CUST000742,2025-11-02 11:33:33,NEFT,429095.09,Other,Web_Mobile,Other,625.16,0
TXN0000027107,CUST004945,2025-10-24 11:31:38,UPI,29084.5,Fuel,ATM,Bangalore,855.96,0
TXN0000025473,CUST004637,2025-08-11 22:42:37,IMPS,100702.29,Entertainment,Mobile_Android,Bangalore,447.82,0
TXN0000004472,CUST000812,2025-10-03 04:21:33,UPI,766.15,Travel,Web_Desktop,Chennai,1588.95,0
TXN0000002174,CUST000401,2025-10-04 13:04:33,NEFT,367731.35,Utilities,Web_Mobile,Delhi,1687.38,0
TXN0000020684,CUST003752,2025-09-09 01:41:36,NEFT,60801.73,Education,Mobile_iOS,Hyderabad,224.79,0
TXN0000021790,CUST003965,2025-08-16 18:42:37,UPI,770.26,Food,Web_Desktop,Delhi,543.36,0
TXN0000002636,CUST000479,2025-09-03 18:53:33,UPI,43661.4,Travel,Web_Mobile,Bangalore,1494.67,0
TXN0000004392,CUST000795,2025-09-20 20:37:33,RTGS,1014942.89,Travel,Mobile_iOS,Kolkata,1709.46,0
TXN0000000504,CUST000102,2025-10-21 10:09:32,ATM_Withdrawal,2000.0,Other,ATM,Chennai,1800.87,0
TXN0000006166,CUST001133,2025-09-16 05:08:33,Card_Payment,77553.13,Travel,Mobile_iOS,Delhi,323.77,0
TXN0000008014,CUST001465,2025-08-12 06:45:34,RTGS,1708546.95,Healthcare,Web_Desktop,Other,1859.56,0
TXN0000021406,CUST003888,2025-08-27 20:05:37,UPI,47184.79,Healthcare,Mobile_iOS,Mumbai,1491.27,0
TXN0000007294,CUST001343,2025-10-22 03:02:34,NEFT,310640.04,Education,Mobile_iOS,Hyderabad,1317.33,0
TXN0000012369,CUST002251,2025-09-07 14:51:35,UPI,29396.35,Education,Web_Mobile,Ahmedabad,1699.09,0
TXN0000005803,CUST001068,2025-08-29 21:17:33,UPI,1769.94,Food,Web_Mobile,Bangalore,1922.07,0
TXN0000009998,CUST001831,2025-10-22 14:51:34,RTGS,489643.85,Online_Shopping,Web_Desktop,Mumbai,861.26,0
TXN0000004422,CUST000802,2025-10-11 07:37:33,RTGS,1807418.63,Travel,ATM,Pune,1809.99,0
TXN0000023982,CUST004377,2025-10-17 09:44:37,RTGS,1665732.46,Utilities,ATM,Chennai,1366.15,0
TXN0000022116,CUST004026,2025-08-22 14:52:37,UPI,18922.8,Fuel,Web_Desktop,Kolkata,952.97,0
TXN0000016207,CUST002945,2025-09-23 05:56:35,UPI,5390.42,Travel,Web_Desktop,Ahmedabad,1711.58,0
TXN0000013558,CUST002465,2025-09-30 03:02:35,IMPS,164045.36,Other,ATM,Hyderabad,987.83,0
TXN0000022483,CUST004092,2025-09-05 11:27:37,RTGS,1957284.27,Online_Shopping,Mobile_iOS,Chennai,326.77,0
TXN0000017753,CUST003235,2025-08-17 17:55:36,RTGS,1027414.77,Other,Web_Mobile,Mumbai,820.25,0
TXN0000000929,CUST000174,2025-08-15 15:47:32,Card_Payment,82993.98,Online_Shopping,Web_Desktop,Chennai,1003.25,0
TXN0000013206,CUST002403,2025-09-14 00:27:35,UPI,45043.29,Fuel,Web_Mobile,International,603.54,0
TXN0000022547,CUST004102,2025-08-20 17:37:37,RTGS,930788.19,Healthcare,ATM,Kolkata,1173.74,0
TXN0000000104,CUST000023,2025-09-20 23:25:32,RTGS,1192288.77,Fuel,ATM,Pune,1557.37,0
TXN0000024904,CUST004535,2025-09-21 19:27:37,IMPS,123852.24,Fuel,Web_Desktop,Hyderabad,1590.87,0
TXN0000023427,CUST004267,2025-10-08 07:13:37,IMPS,180697.58,Other,Mobile_iOS,Ahmedabad,1757.61,0
TXN0000025513,CUST004642,2025-08-07 18:30:37,UPI,43069.37,Travel,ATM,Other,599.8,0
TXN0000010088,CUST001847,2025-09-14 06:21:34,Card_Payment,89604.42,Online_Shopping,Mobile_Android,Kolkata,190.66,1
TXN0000023137,CUST004211,2025-09-26 23:33:37,ATM_Withdrawal,10000.0,Entertainment,Web_Mobile,Delhi,1899.24,0
TXN0000006689,CUST001233,2025-08-27 22:39:33,UPI,13838.49,Retail,Web_Mobile,Delhi,1161.99,0
TXN0000017416,CUST003173,2025-10-16 20:33:36,IMPS,184912.04,Healthcare,Web_Mobile,Mumbai,1700.76,0
TXN0000027087,CUST004942,2025-09-16 18:41:38,IMPS,195891.47,Entertainment,Web_Desktop,Chennai,1506.88,0
TXN0000009120,CUST001666,2025-10-07 07:46:34,UPI,48959.93,Utilities,Web_Mobile,Bangalore,1823.96,0
TXN0000000829,CUST000157,2025-08-15 09:21:32,IMPS,169453.33,Fuel,Web_Desktop,Hyderabad,502.91,0
TXN0000007794,CUST001427,2025-10-19 15:55:34,IMPS,77071.46,Entertainment,Web_Mobile,Mumbai,388.45,0
TXN0000021930,CUST003991,2025-10-08 18:34:37,UPI,1366.36,Utilities,ATM,Delhi,1756.57,0
TXN0000022301,CUST004056,2025-10-03 21:45:37,Card_Payment,88014.31,Fuel,Web_Desktop,Mumbai,1846.23,0
TXN0000022622,CUST004115,2025-10-09 11:50:37,Card_Payment,13190.06,Entertainment,ATM,Delhi,1302.97,0
TXN0000013973,CUST002546,2025-08-07 04:46:35,Card_Payment,1756.87,Healthcare,Web_Desktop,Ahmedabad,644.61,0
TXN0000002948,CUST000538,2025-10-09 16:36:33,NEFT,405128.78,Retail,Mobile_iOS,Hyderabad,1855.32,0
TXN0000017679,CUST003222,2025-10-25 09:23:36,UPI,4964.44,Entertainment,ATM,Delhi,910.66,0
TXN0000021605,CUST003923,2025-08-21 06:18:37,UPI,12712.14,Education,Web_Mobile,Kolkata,813.02,0
TXN0000027165,CUST004956,2025-09-12 02:12:38,UPI,22584.42,Fuel,Mobile_Android,Hyderabad,816.99,0
TXN0000010147,CUST001858,2025-09-03 05:06:34,IMPS,109857.18,Online_Shopping,ATM,Mumbai,323.21,0
TXN0000013532,CUST002460,2025-09-03 09:25:35,Card_Payment,70364.52,Utilities,Web_Mobile,Chennai,1586.6,0
TXN0000009540,CUST001745,2025-09-13 01:42:34,IMPS,73494.18,Other,Web_Mobile,Kolkata,488.0,0
TXN0000022921,CUST004169,2025-10-14 19:42:37,UPI,32068.03,Entertainment,ATM,Other,525.34,0
TXN0000002435,CUST000448,2025-08-12 00:46:33,IMPS,92768.46,Online_Shopping,Mobile_iOS,Mumbai,413.67,0
TXN0000004741,CUST000866,2025-09-28 09:05:33,UPI,10007.55,Travel,Mobile_iOS,Hyderabad,1945.26,0
TXN0000027148,CUST004954,2025-08-28 11:32:38,IMPS,177783.19,Travel,Web_Mobile,Kolkata,347.85,0
TXN0000012645,CUST002304,2025-08-17 16:15:35,UPI,24964.35,Fuel,Mobile_iOS,Kolkata,1709.11,0
TXN0000020521,CUST003723,2025-10-25 01:30:36,UPI,23068.73,Healthcare,Web_Mobile,Mumbai,1954.42,0
TXN0000015291,CUST002787,2025-10-09 07:42:35,Card_Payment,27161.95,Education,Mobile_iOS,Ahmedabad,1656.11,0
TXN0000017192,CUST003132,2025-10-05 07:57:36,IMPS,128960.71,Education,Web_Mobile,Delhi,1597.59,0
TXN0000020153,CUST003662,2025-08-09 16:31:36,IMPS,174502.6,Travel,Mobile_Android,Chennai,1513.03,0
TXN0000025648,CUST004667,2025-10-02 06:53:37,NEFT,51457.47,Retail,Mobile_Android,Other,512.73,0
TXN0000008577,CUST001562,2025-10-24 08:13:34,UPI,36885.12,Entertainment,Mobile_iOS,Delhi,312.42,0
TXN0000002042,CUST000377,2025-09-24 23:43:33,RTGS,202583.56,Travel,Mobile_Android,Bangalore,1694.55,0
TXN0000020687,CUST003752,2025-08-28 14:40:36,UPI,25132.38,Healthcare,Web_Desktop,Hyderabad,296.29,0
TXN0000026991,CUST004926,2025-09-09 00:09:38,UPI,18732.06,Fuel,Web_Desktop,Pune,1538.8,0
TXN0000020190,CUST003668,2025-10-21 07:42:36,UPI,1342.81,Food,ATM,Mumbai,1451.54,0
TXN0000024572,CUST004481,2025-09-09 11:57:37,Card_Payment,6697.32,Entertainment,Mobile_iOS,Kolkata,422.45,0
TXN0000018271,CUST003320,2025-09-17 17:37:36,IMPS,13332.02,Retail,Web_Desktop,Chennai,1570.54,0
TXN0000002044,CUST000377,2025-08-22 08:12:33,UPI,47462.35,Fuel,Mobile_Android,Mumbai,1623.11,0
TXN0000003367,CUST000609,2025-10-21 03:59:33,Card_Payment,35922.41,Education,Mobile_iOS,Kolkata,1666.5,0
TXN0000017919,CUST003260,2025-09-20 11:35:36,RTGS,1016966.04,Food,Mobile_iOS,Delhi,1713.07,0
TXN0000006129,CUST001127,2025-09-20 18:46:33,Card_Payment,3617.75,Other,Web_Mobile,Mumbai,471.66,1
TXN0000010000,CUST001831,2025-10-16 22:51:34,Card_Payment,38376.91,Online_Shopping,Web_Mobile,Mumbai,335.94,0
TXN0000022943,CUST004172,2025-09-18 23:21:37,UPI,11597.73,Online_Shopping,Web_Mobile,Hyderabad,1447.84,0
TXN0000009460,CUST001731,2025-09-19 00:12:34,RTGS,1749498.26,Entertainment,ATM,Chennai,1588.35,0
TXN0000017921,CUST003261,2025-09-12 04:24:36,IMPS,156886.09,Food,Web_Mobile,Kolkata,489.88,0
TXN0000024631,CUST004490,2025-08-17 03:39:37,NEFT,217050.9,Entertainment,Web_Mobile,Delhi,1614.22,0
TXN0000019041,CUST003461,2025-10-25 01:04:36,NEFT,36872.01,Healthcare,Mobile_Android,Chennai,1822.55,0
TXN0000008241,CUST001505,2025-10-12 06:37:34,IMPS,10282.31,Retail,Mobile_Android,Mumbai,849.48,0
TXN0000026878,CUST004905,2025-08-25 19:40:38,UPI,23539.65,Fuel,Mobile_iOS,Chennai,1502.77,0
TXN0000007938,CUST001452,2025-09-23 21:48:34,NEFT,341343.17,Fuel,Mobile_Android,Pune,1943.22,0
TXN0000008493,CUST001551,2025-10-12 22:15:34,UPI,11069.29,Food,Mobile_Android,Hyderabad,1052.93,0
TXN0000018569,CUST003377,2025-09-05 16:03:36,UPI,39517.59,Entertainment,Web_Mobile,Delhi,713.8,0
TXN0000020771,CUST003770,2025-10-15 05:38:36,UPI,3049.36,Entertainment,Web_Mobile,Mumbai,876.73,0
TXN0000010877,CUST001984,2025-09-14 20:49:34,NEFT,471315.28,Utilities,Web_Desktop,Pune,1492.96,0
TXN0000003059,CUST000557,2025-09-11 12:33:33,Card_Payment,9550.11,Utilities,ATM,Chennai,472.26,0
TXN0000010019,CUST001835,2025-09-06 14:06:34,Card_Payment,62125.17,Travel,Web_Mobile,Mumbai,1476.46,0
TXN0000014862,CUST002700,2025-09-25 04:20:35,UPI,20168.96,Education,Mobile_iOS,Delhi,699.71,0
TXN0000017150,CUST003124,2025-09-23 19:32:36,IMPS,135342.37,Entertainment,Mobile_Android,Pune,1170.21,0
TXN0000020316,CUST003689,2025-10-19 23:57:36,NEFT,202860.5,Other,ATM,Hyderabad,1235.01,0
TXN0000024116,CUST004400,2025-09-12 01:19:37,NEFT,443180.54,Fuel,ATM,Bangalore,1677.57,0
TXN0000016340,CUST002971,2025-09-23 23:02:36,IMPS,155445.66,Retail,Mobile_iOS,Chennai,542.61,0
TXN0000001064,CUST000197,2025-10-16 13:54:32,IMPS,107822.9,Travel,ATM,Bangalore,1549.44,0
TXN0000009734,CUST001779,2025-10-10 18:45:34,UPI,46667.42,Food,Mobile_Android,Bangalore,1269.22,0
TXN0000011258,CUST002056,2025-10-16 02:20:34,Card_Payment,45747.75,Entertainment,Web_Desktop,Pune,347.15,1
TXN0000021547,CUST003914,2025-08-25 02:52:37,NEFT,74984.09,Entertainment,Mobile_iOS,Chennai,923.24,0
TXN0000011029,CUST002012,2025-08-18 13:28:34,UPI,35032.78,Travel,Mobile_iOS,Chennai,1570.03,0
TXN0000023980,CUST004376,2025-09-14 06:13:37,Card_Payment,79008.91,Retail,Mobile_Android,Pune,1945.46,0
TXN0000026488,CUST004836,2025-10-08 10:46:38,UPI,36285.29,Fuel,Web_Desktop,Chennai,796.52,0
TXN0000003475,CUST000630,2025-08-21 13:43:33,IMPS,171892.19,Entertainment,Web_Mobile,Kolkata,1761.13,0
TXN0000016165,CUST002938,2025-09-30 22:12:35,NEFT,291596.54,Fuel,Web_Mobile,Pune,632.59,0
TXN0000010830,CUST001976,2025-08-13 17:38:34,UPI,17953.69,Healthcare,Web_Desktop,Hyderabad,363.56,0
TXN0000007071,CUST001307,2025-09-14 16:55:34,IMPS,58819.01,Retail,Web_Mobile,Mumbai,931.58,0
TXN0000022992,CUST004180,2025-08-14 10:39:37,NEFT,52249.55,Online_Shopping,ATM,Pune,1775.73,0
TXN0000002062,CUST000381,2025-09-01 13:58:33,Card_Payment,22638.67,Fuel,Mobile_iOS,Delhi,1242.74,0
TXN0000027303,CUST004982,2025-10-05 05:09:38,UPI,5552.65,Entertainment,Web_Mobile,Bangalore,1820.08,0
TXN0000008125,CUST001485,2025-09-12 17:44:34,NEFT,293814.78,Other,Mobile_iOS,Bangalore,1697.07,0
TXN0000020387,CUST003701,2025-09-29 07:06:36,Card_Payment,88481.12,Food,Mobile_iOS,Bangalore,859.77,0
TXN0000016615,CUST003021,2025-08-25 00:26:36,UPI,35858.11,Travel,ATM,Ahmedabad,221.41,0
TXN0000018907,CUST003434,2025-08-08 13:43:36,UPI,14633.9,Healthcare,Web_Mobile,Delhi,504.25,0
TXN0000023122,CUST004205,2025-08-08 03:29:37,UPI,36977.15,Healthcare,ATM,International,1989.89,0
TXN0000017969,CUST003270,2025-09-25 05:02:36,RTGS,1232696.37,Online_Shopping,Mobile_iOS,Other,626.61,0
TXN0000009427,CUST001724,2025-08-07 05:58:34,ATM_Withdrawal,10000.0,Entertainment,Web_Mobile,Hyderabad,1380.84,0
TXN0000009808,CUST001793,2025-08-14 06:24:34,Card_Payment,93845.42,Food,Web_Mobile,Kolkata,1329.85,0
TXN0000012898,CUST002348,2025-10-14 13:22:35,RTGS,280907.39,Retail,Mobile_Android,Delhi,531.14,0
TXN0000016923,CUST003078,2025-10-29 12:57:36,IMPS,103903.79,Travel,Mobile_iOS,Delhi,1429.37,0
TXN0000007319,CUST001347,2025-11-01 20:17:34,IMPS,179631.97,Travel,Web_Mobile,Pune,1438.11,0
TXN0000025052,CUST004560,2025-08-13 15:44:37,UPI,18454.35,Education,Mobile_iOS,Chennai,1536.08,0
TXN0000023101,CUST004200,2025-09-19 13:35:37,UPI,21754.49,Entertainment,Mobile_iOS,International,278.83,1
TXN0000008247,CUST001506,2025-08-21 19:43:34,UPI,34050.53,Entertainment,Web_Mobile,Kolkata,703.47,0
TXN0000002226,CUST000411,2025-08-13 05:34:33,RTGS,754764.19,Retail,ATM,Bangalore,822.6,0
TXN0000001283,CUST000229,2025-09-07 23:12:32,UPI,144.4,Utilities,ATM,Other,1283.33,0
TXN0000009839,CUST001800,2025-10-17 09:00:34,IMPS,170311.48,Utilities,Web_Desktop,Ahmedabad,389.3,0
TXN0000013554,CUST002464,2025-09-16 08:40:35,UPI,22659.03,Food,Mobile_iOS,Kolkata,1583.16,0
TXN0000025202,CUST004586,2025-08-09 20:40:37,Card_Payment,99008.72,Entertainment,ATM,Bangalore,1353.52,0
TXN0000020185,CUST003667,2025-08-21 19:43:36,NEFT,338045.52,Other,Mobile_iOS,Hyderabad,424.66,0
TXN0000013313,CUST002420,2025-08-24 13:14:35,RTGS,869140.55,Education,Web_Mobile,Chennai,917.76,0
TXN0000016896,CUST003074,2025-09-19 19:40:36,ATM_Withdrawal,10000.0,Food,ATM,Delhi,1954.36,0
TXN0000007699,CUST001409,2025-10-14 07:43:34,UPI,27429.25,Other,Mobile_iOS,Delhi,1077.92,0
TXN0000024540,CUST004475,2025-08-12 17:04:37,UPI,38518.6,Entertainment,ATM,Delhi,1797.67,0
TXN0000006873,CUST001266,2025-08-07 14:05:34,IMPS,160241.57,Healthcare,ATM,Delhi,936.37,0
TXN0000023203,CUST004226,2025-10-23 22:58:37,UPI,19740.43,Fuel,Web_Mobile,Ahmedabad,1643.91,0
TXN0000019623,CUST003564,2025-10-05 08:00:36,IMPS,194348.06,Travel,ATM,Hyderabad,292.39,0
TXN0000010312,CUST001886,2025-09-26 19:46:34,UPI,40572.67,Other,Mobile_Android,Hyderabad,984.18,0
TXN0000026375,CUST004814,2025-10-27 15:46:38,IMPS,198104.61,Retail,ATM,Bangalore,671.37,0
TXN0000010325,CUST001889,2025-08-14 15:04:34,UPI,32383.33,Food,Web_Desktop,Kolkata,325.67,0
TXN0000005546,CUST001021,2025-09-22 15:24:33,IMPS,74211.43,Online_Shopping,Mobile_iOS,Chennai,1932.1,0
TXN0000017445,CUST003180,2025-09-05 01:52:36,IMPS,30941.17,Education,Web_Desktop,Ahmedabad,1148.51,0
TXN0000017624,CUST003212,2025-08-23 21:55:36,Card_Payment,49572.3,Entertainment,ATM,Ahmedabad,1002.22,0
TXN0000023495,CUST004279,2025-08-13 16:52:37,UPI,30931.18,Utilities,Mobile_Android,Kolkata,1470.37,0
TXN0000018606,CUST003382,2025-10-04 03:03:36,NEFT,418560.4,Fuel,ATM,Mumbai,392.57,0
TXN0000019345,CUST003517,2025-08-17 19:03:36,UPI,11601.36,Utilities,ATM,Hyderabad,1939.45,0
TXN0000018527,CUST003368,2025-09-25 14:17:36,UPI,21214.52,Entertainment,Web_Mobile,Delhi,1476.66,0
TXN0000007199,CUST001330,2025-10-09 11:17:34,ATM_Withdrawal,10000.0,Healthcare,Mobile_Android,Pune,1989.82,0
TXN0000021943,CUST003994,2025-08-13 18:08:37,UPI,28855.93,Entertainment,ATM,Chennai,234.68,0
TXN0000011067,CUST002021,2025-10-19 17:52:34,UPI,24506.66,Entertainment,Mobile_Android,International,729.67,0
TXN0000023708,CUST004321,2025-09-17 14:41:37,NEFT,33741.57,Other,Mobile_iOS,Delhi,1527.91,0
TXN0000004570,CUST000831,2025-09-03 09:58:33,NEFT,395837.53,Other,Web_Desktop,Kolkata,262.25,0
TXN0000015462,CUST002819,2025-10-23 19:30:35,IMPS,47045.33,Utilities,Mobile_iOS,Chennai,526.56,0
TXN0000000479,CUST000097,2025-09-17 07:34:32,NEFT,14029.6,Online_Shopping,Web_Mobile,Chennai,1812.01,0
TXN0000004833,CUST000880,2025-10-05 20:17:33,NEFT,469655.44,Other,Mobile_iOS,Chennai,453.89,0
TXN0000021761,CUST003957,2025-10-04 01:51:37,UPI,42778.43,Other,ATM,Ahmedabad,1326.63,0
TXN0000012757,CUST002323,2025-10-05 21:17:35,NEFT,111345.97,Online_Shopping,Mobile_iOS,Chennai,1182.84,0
TXN0000024514,CUST004470,2025-09-15 03:20:37,Card_Payment,19937.14,Entertainment,Mobile_Android,Ahmedabad,428.26,0
TXN0000011680,CUST002131,2025-08-06 03:47:35,NEFT,285825.91,Food,Web_Mobile,Ahmedabad,1848.77,0
TXN0000009090,CUST001658,2025-10-06 08:01:34,Card_Payment,98809.46,Food,Mobile_Android,Delhi,453.07,0
TXN0000022562,CUST004106,2025-09-19 11:12:37,IMPS,99810.01,Education,ATM,Mumbai,751.75,0
TXN0000025110,CUST004569,2025-09-18 13:52:37,IMPS,117263.71,Online_Shopping,Mobile_iOS,Mumbai,441.47,0
TXN0000008198,CUST001496,2025-10-15 19:51:34,NEFT,193994.53,Fuel,ATM,Hyderabad,397.8,0
TXN0000004716,CUST000862,2025-09-27 17:18:33,Card_Payment,63308.81,Utilities,Mobile_iOS,Mumbai,726.44,0
TXN0000001093,CUST000202,2025-10-09 01:53:32,NEFT,257530.58,Travel,Web_Mobile,Mumbai,1266.2,0
TXN0000026027,CUST004745,2025-08-29 08:11:38,Card_Payment,15586.43,Retail,Web_Desktop,Pune,894.32,0
TXN0000008769,CUST001597,2025-11-01 22:41:34,IMPS,168807.2,Food,Mobile_Android,Bangalore,759.34,0
TXN0000012990,CUST002364,2025-08-16 08:19:35,ATM_Withdrawal,5000.0,Online_Shopping,Mobile_iOS,Bangalore,1334.93,0
TXN0000010865,CUST001983,2025-09-20 16:36:34,Card_Payment,67358.05,Online_Shopping,Mobile_iOS,Hyderabad,371.74,0
TXN0000020166,CUST003664,2025-09-12 18:07:36,NEFT,160194.06,Retail,Mobile_iOS,Delhi,1420.62,0
TXN0000025907,CUST004719,2025-08-22 12:24:38,UPI,42924.2,Travel,Web_Mobile,Bangalore,1630.2,0
TXN0000019486,CUST003541,2025-11-02 15:40:36,NEFT,261908.55,Other,Web_Desktop,Bangalore,1193.62,0
TXN0000013236,CUST002407,2025-10-06 07:01:35,IMPS,20539.41,Utilities,Web_Desktop,International,1590.34,0
TXN0000007749,CUST001421,2025-09-21 05:31:34,RTGS,834944.18,Retail,ATM,Ahmedabad,220.16,0
TXN0000018880,CUST003429,2025-09-02 03:55:36,UPI,15121.64,Education,Web_Mobile,Ahmedabad,566.42,0
TXN0000020587,CUST003735,2025-08-28 01:21:36,UPI,29268.46,Food,Web_Mobile,Delhi,863.07,0
TXN0000017536,CUST003197,2025-10-01 15:07:36,NEFT,464677.16,Utilities,Mobile_iOS,Other,460.65,0
TXN0000005406,CUST000994,2025-08-12 05:01:33,UPI,35592.31,Utilities,Web_Desktop,Delhi,864.95,0
TXN0000000648,CUST000126,2025-10-06 05:45:32,ATM_Withdrawal,10000.0,Online_Shopping,ATM,Pune,396.78,0
TXN0000000971,CUST000181,2025-09-15 13:42:32,UPI,30409.88,Online_Shopping,Mobile_iOS,Pune,810.51,0
TXN0000008481,CUST001549,2025-08-20 01:29:34,NEFT,332680.72,Healthcare,Mobile_Android,Ahmedabad,396.45,0
TXN0000023023,CUST004183,2025-09-25 15:46:37,IMPS,79324.59,Online_Shopping,Web_Desktop,Bangalore,1015.42,0
TXN0000020664,CUST003749,2025-10-20 11:44:36,ATM_Withdrawal,2000.0,Education,Mobile_iOS,Delhi,1809.14,0
TXN0000003471,CUST000628,2025-08-10 09:06:33,NEFT,358839.66,Utilities,Mobile_Android,Bangalore,352.55,0
TXN0000005394,CUST000993,2025-09-20 09:13:33,UPI,22015.78,Travel,Mobile_iOS,Delhi,1663.62,0
TXN0000012734,CUST002319,2025-09-27 10:46:35,ATM_Withdrawal,10000.0,Utilities,Web_Desktop,Pune,570.39,0
TXN0000017135,CUST003120,2025-08-23 09:19:36,UPI,13507.16,Other,Mobile_iOS,Bangalore,844.01,0
TXN0000015041,CUST002732,2025-10-28 18:28:35,Card_Payment,82597.63,Utilities,Mobile_iOS,Mumbai,549.86,0
TXN0000024809,CUST004521,2025-09-21 05:27:37,UPI,28720.78,Other,ATM,Pune,730.77,0
TXN0000025404,CUST004624,2025-08-08 04:21:37,UPI,24399.5,Retail,ATM,Bangalore,458.98,1
TXN0000012388,CUST002253,2025-10-15 03:20:35,UPI,18700.23,Online_Shopping,Mobile_Android,Pune,348.88,0
TXN0000017856,CUST003250,2025-10-06 02:44:36,UPI,30276.58,Travel,Web_Mobile,Bangalore,707.5,0
TXN0000026479,CUST004835,2025-10-12 17:49:38,UPI,45840.17,Food,Web_Desktop,Bangalore,414.19,0
TXN0000001010,CUST000187,2025-10-14 09:05:32,IMPS,9252.07,Food,Web_Mobile,Pune,549.5,0
TXN0000012803,CUST002331,2025-08-21 15:54:35,RTGS,1460450.8,Entertainment,Mobile_iOS,Pune,368.17,1
TXN0000022034,CUST004010,2025-09-19 11:36:37,IMPS,145967.74,Food,Web_Mobile,Chennai,1833.29,0
TXN0000000211,CUST000044,2025-10-06 21:31:32,Card_Payment,52130.41,Other,ATM,Delhi,1135.32,0
TXN0000003330,CUST000603,2025-10-21 14:05:33,UPI,5332.08,Healthcare,Web_Desktop,Bangalore,652.25,0
TXN0000012782,CUST002329,2025-08-06 09:30:35,NEFT,493809.64,Retail,Web_Mobile,Delhi,471.14,0
TXN0000013671,CUST002488,2025-10-24 08:05:35,Card_Payment,50458.92,Entertainment,Web_Mobile,Pune,1578.18,0
TXN0000026963,CUST004920,2025-10-28 06:30:38,IMPS,190941.5,Other,ATM,Mumbai,564.49,0
TXN0000019923,CUST003622,2025-09-25 22:44:36,NEFT,260738.5,Online_Shopping,Mobile_Android,Mumbai,421.83,0
TXN0000020894,CUST003796,2025-09-24 13:12:36,RTGS,801565.13,Other,Mobile_iOS,Delhi,315.03,0
TXN0000007511,CUST001379,2025-09-27 15:46:34,UPI,11773.84,Entertainment,ATM,Kolkata,909.79,0
TXN0000015809,CUST002884,2025-09-27 00:38:35,NEFT,423501.69,Entertainment,ATM,Delhi,928.98,0
TXN0000005602,CUST001033,2025-11-01 03:32:33,ATM_Withdrawal,10000.0,Healthcare,Web_Mobile,Hyderabad,933.61,0
TXN0000003227,CUST000586,2025-09-26 05:04:33,UPI,11285.6,Education,ATM,Delhi,269.22,0
TXN0000010990,CUST002005,2025-09-02 03:39:34,UPI,41720.7,Other,Web_Mobile,Delhi,1716.89,0
TXN0000000327,CUST000065,2025-09-06 12:40:32,UPI,49607.55,Online_Shopping,Web_Desktop,Mumbai,346.53,0
TXN0000015953,CUST002906,2025-08-19 15:33:35,UPI,46837.7,Fuel,Web_Desktop,Chennai,1718.62,0
TXN0000027032,CUST004933,2025-08-30 22:21:38,RTGS,391644.45,Food,Web_Mobile,Hyderabad,1267.31,0
TXN0000019998,CUST003632,2025-08-30 00:15:36,UPI,24142.32,Food,Mobile_Android,Kolkata,252.86,1
TXN0000008629,CUST001573,2025-08-23 11:37:34,RTGS,1646433.64,Education,Web_Desktop,Mumbai,1048.13,0
TXN0000014220,CUST002590,2025-09-10 02:19:35,ATM_Withdrawal,10000.0,Retail,Web_Desktop,Delhi,1136.71,0
TXN0000025306,CUST004609,2025-10-18 00:21:37,NEFT,8530.62,Travel,ATM,Mumbai,254.74,0
TXN0000005260,CUST000962,2025-10-26 07:48:33,IMPS,180669.31,Education,ATM,Delhi,1275.88,0
TXN0000011263,CUST002057,2025-10-08 02:20:34,ATM_Withdrawal,20000.0,Food,ATM,Mumbai,1822.69,0
TXN0000000665,CUST000128,2025-10-20 22:30:32,Card_Payment,32283.88,Entertainment,Mobile_Android,Pune,1769.41,0
TXN0000006910,CUST001273,2025-08-19 15:25:34,UPI,22367.12,Retail,ATM,Delhi,819.64,0
TXN0000007139,CUST001319,2025-08-07 02:44:34,IMPS,174891.07,Education,Mobile_Android,Kolkata,1053.61,0
TXN0000004646,CUST000848,2025-09-17 05:16:33,UPI,34857.7,Healthcare,Mobile_Android,Pune,1300.25,0
TXN0000002195,CUST000407,2025-08-29 14:53:33,UPI,29509.43,Other,ATM,Mumbai,655.19,0
TXN0000000650,CUST000126,2025-09-15 09:54:32,NEFT,153787.78,Food,Web_Mobile,Pune,1702.71,0
TXN0000018922,CUST003437,2025-10-30 12:02:36,UPI,44237.15,Education,ATM,Pune,400.34,0
TXN0000000218,CUST000047,2025-09-01 23:43:32,UPI,37815.57,Fuel,Mobile_Android,Pune,1388.94,0
TXN0000004851,CUST000884,2025-10-10 16:12:33,UPI,21351.87,Other,Mobile_iOS,Hyderabad,1457.76,0
TXN0000006329,CUST001159,2025-08-24 13:09:33,ATM_Withdrawal,20000.0,Healthcare,Web_Mobile,Bangalore,915.27,0
TXN0000006135,CUST001128,2025-09-17 12:44:33,IMPS,40507.61,Entertainment,Mobile_iOS,Chennai,484.33,0
TXN0000026422,CUST004822,2025-08-12 21:16:38,UPI,34248.22,Utilities,Mobile_Android,Hyderabad,960.2,0
TXN0000021580,CUST003919,2025-10-22 04:01:37,RTGS,461784.45,Fuel,Web_Mobile,Pune,1652.03,0
TXN0000011033,CUST002012,2025-09-29 18:19:34,UPI,10108.35,Education,Web_Mobile,Chennai,1567.48,0
TXN0000004978,CUST000904,2025-10-06 18:43:33,UPI,7104.59,Education,ATM,Pune,266.11,0
TXN0000016317,CUST002967,2025-09-21 13:06:36,IMPS,183044.11,Online_Shopping,Mobile_Android,Bangalore,1623.76,0
TXN0000015826,CUST002886,2025-08-16 08:26:35,Card_Payment,4428.29,Utilities,Mobile_Android,Bangalore,1070.75,0
TXN0000025127,CUST004573,2025-08-08 18:37:37,IMPS,11621.4,Retail,ATM,Kolkata,480.28,0
TXN0000019663,CUST003571,2025-08-12 18:50:36,NEFT,302181.4,Other,Web_Mobile,Bangalore,1452.64,0
TXN0000013153,CUST002394,2025-08-31 19:19:35,UPI,41605.62,Education,Mobile_iOS,Bangalore,1318.98,0
TXN0000022257,CUST004048,2025-10-19 11:45:37,Card_Payment,61748.13,Food,ATM,Hyderabad,306.92,0
TXN0000016276,CUST002958,2025-08-15 12:05:36,RTGS,1346325.83,Healthcare,Mobile_iOS,Bangalore,658.48,0
TXN0000008133,CUST001486,2025-09-12 10:48:34,Card_Payment,27975.7,Retail,ATM,Delhi,1544.16,0
TXN0000010871,CUST001984,2025-08-07 07:34:34,NEFT,473536.61,Food,ATM,Pune,754.75,0
TXN0000004818,CUST000878,2025-08-17 23:31:33,IMPS,120720.6,Food,Web_Desktop,Chennai,1502.94,0
TXN0000007342,CUST001351,2025-08-26 22:29:34,UPI,1145.83,Healthcare,Web_Desktop,Mumbai,256.62,0
TXN0000025166,CUST004579,2025-08-15 05:14:37,IMPS,2466.78,Retail,Mobile_Android,Bangalore,431.22,0
TXN0000016408,CUST002986,2025-10-09 13:59:36,IMPS,61822.56,Travel,Mobile_iOS,Mumbai,1927.05,0
TXN0000003617,CUST000651,2025-09-01 10:02:33,Card_Payment,95003.18,Education,Mobile_Android,Delhi,1117.05,0
TXN0000004703,CUST000859,2025-08-21 03:09:33,UPI,34687.48,Fuel,Web_Mobile,Ahmedabad,1138.47,0
TXN0000006649,CUST001225,2025-10-26 15:28:33,IMPS,98870.56,Retail,Mobile_iOS,Kolkata,1372.54,0
TXN0000005622,CUST001037,2025-08-16 17:38:33,IMPS,162561.38,Food,ATM,Mumbai,729.54,0
TXN0000026567,CUST004850,2025-09-22 13:35:38,UPI,27371.45,Education,Web_Mobile,Pune,1574.72,0
TXN0000006189,CUST001137,2025-08-30 04:28:33,UPI,31583.42,Food,Mobile_Android,Delhi,1102.7,0
TXN0000025757,CUST004688,2025-10-13 10:52:37,NEFT,262799.97,Entertainment,Web_Desktop,Kolkata,1342.39,0
TXN0000020244,CUST003676,2025-09-19 14:53:36,UPI,11703.07,Utilities,ATM,Bangalore,1596.81,0
TXN0000022577,CUST004108,2025-09-10 23:58:37,UPI,13645.17,Travel,Mobile_Android,Hyderabad,1368.2,0
TXN0000010985,CUST002004,2025-10-30 02:41:34,NEFT,340299.56,Entertainment,Web_Desktop,Bangalore,1077.83,0
TXN0000017562,CUST003201,2025-08-26 05:18:36,Card_Payment,28248.69,Retail,ATM,Pune,1431.14,0
TXN0000026784,CUST004886,2025-10-11 22:23:38,UPI,8092.04,Fuel,Mobile_Android,Bangalore,1798.7,0
TXN0000002886,CUST000524,2025-10-01 05:42:33,RTGS,1317963.45,Online_Shopping,Web_Desktop,Ahmedabad,1718.8,0
TXN0000013714,CUST002494,2025-11-01 17:05:35,ATM_Withdrawal,2000.0,Utilities,Web_Desktop,Hyderabad,1230.97,0
TXN0000016786,CUST003057,2025-09-11 06:41:36,UPI,46653.42,Utilities,Web_Desktop,Bangalore,985.98,0
TXN0000022580,CUST004109,2025-11-02 08:30:37,UPI,21656.81,Fuel,Web_Desktop,Bangalore,541.97,0
TXN0000024094,CUST004395,2025-08-17 17:26:37,Card_Payment,41046.22,Online_Shopping,Web_Mobile,Kolkata,1437.05,0
TXN0000024150,CUST004404,2025-10-15 17:52:37,UPI,27112.8,Travel,Web_Desktop,Pune,930.49,0
TXN0000023175,CUST004218,2025-10-22 02:30:37,UPI,7176.84,Fuel,Web_Mobile,Pune,700.83,0
TXN0000011783,CUST002150,2025-08-17 23:56:35,UPI,11287.28,Healthcare,Mobile_Android,Bangalore,212.09,1
TXN0000010878,CUST001984,2025-09-29 23:19:34,UPI,25393.16,Other,ATM,Pune,312.73,0
TXN0000019307,CUST003509,2025-08-10 07:40:36,UPI,32170.13,Education,ATM,Mumbai,1264.28,0
TXN0000014978,CUST002720,2025-10-15 22:05:35,RTGS,608545.85,Fuel,Web_Mobile,Kolkata,291.23,0
TXN0000007295,CUST001343,2025-09-28 01:02:34,NEFT,394709.11,Utilities,ATM,Hyderabad,743.12,0
TXN0000005048,CUST000919,2025-09-05 13:01:33,UPI,47682.58,Travel,ATM,International,390.22,0
TXN0000010621,CUST001940,2025-09-21 03:38:34,RTGS,1222292.85,Other,ATM,Delhi,1267.49,0
TXN0000021124,CUST003836,2025-11-02 23:23:37,UPI,17604.99,Education,Mobile_Android,Pune,1620.88,0
TXN0000005035,CUST000917,2025-10-16 10:40:33,Card_Payment,64278.73,Entertainment,Web_Mobile,Bangalore,663.81,0
TXN0000025257,CUST004598,2025-10-27 10:05:37,RTGS,1982378.09,Education,Mobile_Android,Kolkata,1571.38,0
TXN0000004179,CUST000757,2025-09-18 17:28:33,IMPS,3650.23,Fuel,Mobile_iOS,Kolkata,244.34,0
TXN0000005291,CUST000970,2025-09-24 17:46:33,RTGS,1526553.09,Travel,Web_Mobile,Kolkata,1592.63,0
TXN0000024544,CUST004477,2025-10-09 07:36:37,IMPS,14184.16,Entertainment,ATM,Mumbai,1440.19,0
TXN0000024077,CUST004393,2025-10-11 10:49:37,UPI,17544.08,Travel,Web_Mobile,Mumbai,566.54,0
TXN0000014203,CUST002588,2025-10-25 06:26:35,UPI,4725.89,Other,ATM,Ahmedabad,900.92,0
TXN0000010727,CUST001960,2025-09-21 20:39:34,RTGS,1160000.47,Retail,Web_Mobile,Mumbai,1176.19,0
TXN0000011568,CUST002108,2025-09-24 08:23:35,UPI,41790.67,Education,Mobile_iOS,Kolkata,1279.83,0
TXN0000011290,CUST002061,2025-09-28 15:16:34,NEFT,368845.38,Online_Shopping,ATM,Pune,676.27,0
TXN0000013692,CUST002491,2025-08-13 10:29:35,IMPS,154726.46,Education,ATM,Chennai,1801.86,0
TXN0000005039,CUST000918,2025-09-27 16:31:33,IMPS,53468.71,Education,ATM,Pune,1326.92,0
TXN0000023555,CUST004295,2025-08-09 17:33:37,IMPS,72755.96,Healthcare,ATM,Ahmedabad,1599.51,0
TXN0000015497,CUST002825,2025-10-22 00:51:35,UPI,24284.98,Online_Shopping,Web_Mobile,Hyderabad,527.81,0
TXN0000000135,CUST000027,2025-09-13 19:30:32,IMPS,181247.43,Food,Mobile_Android,Pune,1059.88,0
TXN0000004161,CUST000751,2025-08-27 16:06:33,IMPS,80175.82,Online_Shopping,ATM,Pune,512.3,0
TXN0000007133,CUST001318,2025-10-12 08:18:34,Card_Payment,17162.01,Travel,Web_Desktop,Ahmedabad,1931.08,0
TXN0000016404,CUST002985,2025-10-15 21:28:36,IMPS,150336.49,Food,Mobile_iOS,Kolkata,874.04,0
TXN0000022496,CUST004095,2025-10-14 07:20:37,IMPS,128370.87,Other,Mobile_Android,Delhi,1733.63,0
TXN0000003352,CUST000607,2025-09-14 07:50:33,UPI,8837.36,Education,Web_Desktop,Ahmedabad,1757.49,0
TXN0000022905,CUST004162,2025-08-26 19:24:37,UPI,37038.35,Retail,Mobile_iOS,Other,432.21,0
TXN0000003201,CUST000582,2025-08-15 18:42:33,Card_Payment,9371.13,Travel,Mobile_iOS,Bangalore,1888.49,0
TXN0000013890,CUST002531,2025-10-05 03:18:35,NEFT,195806.39,Other,Mobile_Android,Chennai,1451.42,0
TXN0000013849,CUST002524,2025-10-22 19:57:35,UPI,30142.19,Education,Web_Desktop,Delhi,1099.59,0
TXN0000006246,CUST001146,2025-09-29 04:08:33,UPI,12067.18,Retail,Web_Desktop,Delhi,1384.09,0
TXN0000012811,CUST002333,2025-08-27 13:44:35,NEFT,76058.22,Food,Mobile_iOS,Bangalore,1410.83,0
TXN0000004956,CUST000901,2025-10-11 11:10:33,UPI,27155.97,Utilities,Web_Mobile,Mumbai,1016.4,0
TXN0000013063,CUST002378,2025-10-29 20:58:35,UPI,22815.22,Utilities,Mobile_iOS,Mumbai,1133.29,0
TXN0000006215,CUST001141,2025-10-30 13:28:33,RTGS,1852133.75,Other,Mobile_iOS,Delhi,708.64,0
TXN0000024083,CUST004394,2025-08-13 03:38:37,RTGS,1132536.42,Education,Web_Mobile,Kolkata,1022.08,0
TXN0000007252,CUST001337,2025-08-21 22:55:34,RTGS,280426.68,Utilities,Web_Desktop,Delhi,1133.85,0
TXN0000025024,CUST004556,2025-08-29 07:02:37,UPI,16391.88,Entertainment,ATM,Kolkata,1213.44,0
TXN0000026623,CUST004860,2025-09-27 09:51:38,IMPS,124070.27,Utilities,Mobile_iOS,Delhi,1775.83,0
TXN0000010342,CUST001891,2025-09-09 03:58:34,IMPS,66348.29,Retail,Web_Mobile,Bangalore,636.34,0
TXN0000000317,CUST000064,2025-10-20 08:53:32,ATM_Withdrawal,20000.0,Education,ATM,Delhi,321.38,0
TXN0000003736,CUST000671,2025-08-13 00:53:33,IMPS,32096.41,Education,Mobile_iOS,Delhi,1783.22,0
TXN0000000147,CUST000030,2025-08-11 00:54:32,RTGS,1761410.34,Other,ATM,Hyderabad,1311.4,0
TXN0000008212,CUST001498,2025-09-11 13:39:34,NEFT,194334.39,Fuel,Web_Desktop,Chennai,202.24,0
TXN0000017399,CUST003170,2025-10-12 10:33:36,ATM_Withdrawal,20000.0,Entertainment,Web_Mobile,Chennai,393.93,0
TXN0000012347,CUST002248,2025-09-10 10:10:35,UPI,8395.1,Utilities,Web_Desktop,Ahmedabad,1470.57,0
TXN0000004597,CUST000838,2025-08-18 21:00:33,UPI,46922.01,Other,Mobile_Android,Pune,545.62,0
TXN0000016633,CUST003025,2025-09-29 03:06:36,NEFT,114136.49,Travel,Web_Desktop,Mumbai,1774.11,0
TXN0000012801,CUST002331,2025-09-13 09:02:35,UPI,17847.44,Other,Web_Desktop,Pune,349.9,0
TXN0000009329,CUST001706,2025-08-18 03:26:34,RTGS,1290687.67,Other,Mobile_iOS,Ahmedabad,460.83,0
TXN0000027336,CUST004987,2025-09-16 04:30:38,UPI,49396.58,Online_Shopping,ATM,Chennai,311.26,0
TXN0000010330,CUST001890,2025-08-29 08:21:34,IMPS,63730.17,Utilities,ATM,Mumbai,1904.9,0
TXN0000007050,CUST001302,2025-10-15 05:34:34,UPI,24426.59,Education,Mobile_iOS,Pune,635.82,0
TXN0000010870,CUST001984,2025-08-19 05:56:34,ATM_Withdrawal,2000.0,Utilities,Mobile_iOS,Pune,1622.76,0
TXN0000009304,CUST001702,2025-09-08 13:43:34,ATM_Withdrawal,2000.0,Utilities,Mobile_Android,Ahmedabad,1839.02,0
TXN0000015833,CUST002887,2025-09-16 22:35:35,Card_Payment,76321.75,Utilities,ATM,Bangalore,988.38,0
TXN0000016023,CUST002918,2025-08-10 04:19:35,Card_Payment,21276.71,Healthcare,Mobile_Android,Other,1607.96,0
TXN0000024122,CUST004401,2025-10-15 02:54:37,NEFT,396417.52,Healthcare,ATM,Pune,828.67,0
TXN0000004951,CUST000899,2025-09-14 19:13:33,UPI,21053.2,Entertainment,Mobile_iOS,Mumbai,825.01,0
TXN0000006236,CUST001144,2025-10-17 04:07:33,NEFT,425348.9,Healthcare,Mobile_iOS,Other,780.54,0
TXN0000025383,CUST004620,2025-08-21 14:23:37,UPI,43459.8,Fuel,Mobile_Android,Ahmedabad,1787.5,0
TXN0000007448,CUST001369,2025-10-18 09:35:34,UPI,11096.87,Utilities,Web_Desktop,Pune,1199.1,0
TXN0000000820,CUST000156,2025-08-31 09:39:32,NEFT,464249.87,Food,Mobile_Android,Bangalore,1682.94,0
TXN0000000368,CUST000076,2025-09-15 10:42:32,UPI,35926.01,Travel,ATM,Bangalore,341.36,0
TXN0000021341,CUST003876,2025-08-25 08:10:37,IMPS,170089.52,Entertainment,ATM,Hyderabad,249.82,0
TXN0000006827,CUST001258,2025-10-23 07:29:34,NEFT,22305.84,Utilities,Mobile_Android,Chennai,256.77,0
TXN0000003487,CUST000631,2025-09-13 20:03:33,UPI,33042.82,Healthcare,Mobile_iOS,Delhi,1076.26,0
TXN0000013539,CUST002460,2025-09-19 12:17:35,ATM_Withdrawal,5000.0,Food,Mobile_Android,Chennai,1303.93,0
TXN0000020806,CUST003778,2025-10-18 22:11:36,IMPS,135924.85,Food,Web_Mobile,Ahmedabad,875.38,0
TXN0000021850,CUST003976,2025-10-23 22:48:37,UPI,31142.31,Utilities,ATM,Hyderabad,226.19,1
TXN0000018695,CUST003396,2025-10-12 12:34:36,RTGS,1396245.19,Food,Web_Mobile,Mumbai,1002.58,0
TXN0000007917,CUST001449,2025-10-17 07:49:34,IMPS,166131.28,Other,Web_Desktop,Kolkata,1684.29,0
TXN0000012093,CUST002209,2025-10-10 14:57:35,ATM_Withdrawal,10000.0,Food,Mobile_iOS,Delhi,281.35,0
TXN0000012190,CUST002225,2025-08-21 16:07:35,Card_Payment,11140.67,Utilities,Web_Mobile,Ahmedabad,1871.56,0
TXN0000020851,CUST003789,2025-10-24 02:50:36,UPI,22846.77,Online_Shopping,ATM,Kolkata,377.03,1
TXN0000003112,CUST000568,2025-10-15 07:34:33,UPI,41179.86,Healthcare,Web_Desktop,Bangalore,1793.33,0
TXN0000011434,CUST002086,2025-10-28 02:35:34,IMPS,172233.04,Healthcare,Mobile_iOS,Mumbai,1059.2,0
TXN0000017682,CUST003222,2025-09-23 08:09:36,NEFT,70095.15,Retail,ATM,Delhi,822.81,0
TXN0000019632,CUST003564,2025-09-12 21:45:36,UPI,1304.99,Other,Mobile_Android,Hyderabad,1983.78,0
TXN0000009528,CUST001743,2025-09-23 17:12:34,NEFT,405196.14,Food,Mobile_Android,Pune,1298.43,0
TXN0000000092,CUST000021,2025-10-26 12:30:32,UPI,15078.13,Fuel,Mobile_Android,Ahmedabad,819.67,0
TXN0000020423,CUST003706,2025-10-08 20:28:36,UPI,49670.52,Food,Web_Desktop,Bangalore,1720.45,0
TXN0000017999,CUST003275,2025-09-28 06:26:36,IMPS,79215.17,Online_Shopping,Web_Desktop,Pune,593.67,0
TXN0000020928,CUST003801,2025-10-14 04:17:36,IMPS,21039.77,Healthcare,Mobile_iOS,Delhi,1448.06,0
TXN0000004700,CUST000859,2025-09-06 16:31:33,UPI,29331.99,Online_Shopping,Mobile_iOS,Ahmedabad,1373.23,0
TXN0000019015,CUST003453,2025-10-18 01:19:36,IMPS,165875.3,Travel,Mobile_iOS,Ahmedabad,1652.44,0
TXN0000016216,CUST002946,2025-10-18 07:48:35,Card_Payment,92864.75,Food,Mobile_Android,Ahmedabad,962.32,0
TXN0000002533,CUST000464,2025-10-21 23:46:33,Card_Payment,76994.35,Other,Web_Desktop,Mumbai,1366.3,0
TXN0000014652,CUST002659,2025-09-12 02:34:35,UPI,9861.13,Entertainment,Mobile_Android,Ahmedabad,1403.53,0
TXN0000008920,CUST001623,2025-10-23 12:47:34,UPI,43474.5,Fuel,Web_Mobile,Other,542.18,0
TXN0000008909,CUST001621,2025-10-01 09:22:34,UPI,18847.84,Retail,ATM,Mumbai,791.84,0
TXN0000021775,CUST003962,2025-10-30 13:49:37,IMPS,170429.66,Entertainment,ATM,Other,177.75,1
TXN0000002496,CUST000459,2025-10-13 18:21:33,UPI,25492.48,Retail,Web_Mobile,Bangalore,765.52,0
TXN0000005389,CUST000993,2025-09-21 19:43:33,RTGS,1293915.27,Retail,Mobile_Android,Delhi,1971.93,0
TXN0000014577,CUST002648,2025-10-10 02:13:35,Card_Payment,68925.29,Online_Shopping,ATM,Ahmedabad,1381.46,0
TXN0000004157,CUST000751,2025-09-11 19:51:33,IMPS,17332.39,Fuel,Mobile_iOS,Pune,1287.92,0
TXN0000002506,CUST000461,2025-11-02 04:11:33,IMPS,122106.41,Healthcare,Web_Desktop,Ahmedabad,500.59,0
TXN0000026664,CUST004867,2025-09-11 08:08:38,Card_Payment,6319.79,Retail,Web_Desktop,Kolkata,620.58,0
TXN0000022574,CUST004108,2025-10-21 23:13:37,UPI,26925.1,Utilities,Web_Desktop,Hyderabad,1253.06,0
TXN0000016751,CUST003052,2025-08-24 10:32:36,Card_Payment,18062.19,Retail,Web_Desktop,Chennai,1541.62,0
TXN0000014322,CUST002609,2025-09-07 19:10:35,UPI,18200.88,Travel,Mobile_iOS,Mumbai,245.74,0
TXN0000012919,CUST002354,2025-09-06 19:29:35,IMPS,184014.51,Online_Shopping,ATM,Mumbai,307.96,1
TXN0000020229,CUST003673,2025-10-27 02:35:36,IMPS,93113.15,Healthcare,Web_Mobile,Bangalore,1127.08,0
TXN0000017392,CUST003168,2025-08-08 19:18:36,NEFT,90831.55,Other,Web_Mobile,Delhi,1042.37,0
TXN0000014961,CUST002718,2025-08-05 10:09:35,UPI,6208.26,Utilities,Mobile_Android,Chennai,257.12,0
TXN0000013659,CUST002485,2025-09-16 14:49:35,NEFT,390468.97,Food,Web_Desktop,Pune,478.05,1
TXN0000026144,CUST004770,2025-10-17 04:45:38,RTGS,839039.61,Education,Web_Mobile,Chennai,1634.83,0
TXN0000025959,CUST004730,2025-10-15 18:21:38,UPI,51.67,Food,Web_Desktop,Delhi,272.22,1
TXN0000022327,CUST004062,2025-10-15 09:46:37,UPI,35975.4,Healthcare,Mobile_Android,Chennai,235.52,0
TXN0000023163,CUST004217,2025-09-29 01:53:37,Card_Payment,38126.2,Travel,Mobile_Android,Bangalore,1211.51,0
TXN0000015405,CUST002806,2025-09-12 20:34:35,UPI,14225.39,Utilities,Web_Mobile,Pune,1157.58,0
TXN0000020354,CUST003696,2025-08-08 21:24:36,RTGS,1345857.16,Utilities,Web_Mobile,Chennai,603.68,0
TXN0000012718,CUST002317,2025-08-07 23:04:35,IMPS,145510.56,Online_Shopping,Web_Mobile,Pune,1855.58,0
TXN0000002529,CUST000463,2025-09-21 18:31:33,UPI,45099.3,Travel,Web_Mobile,Pune,1300.84,0
TXN0000026319,CUST004802,2025-10-26 00:55:38,RTGS,1049619.6,Entertainment,Web_Desktop,Mumbai,211.05,1
TXN0000025342,CUST004613,2025-10-17 16:59:37,RTGS,1855890.75,Healthcare,Mobile_Android,Bangalore,640.25,0
TXN0000022691,CUST004127,2025-10-27 02:31:37,UPI,16366.92,Entertainment,Mobile_Android,International,533.7,0
TXN0000018478,CUST003359,2025-08-06 15:58:36,NEFT,161550.24,Other,Mobile_iOS,Delhi,1436.7,0
TXN0000011360,CUST002073,2025-10-23 07:30:34,UPI,43845.5,Entertainment,Mobile_iOS,Chennai,1624.88,0
TXN0000001012,CUST000188,2025-09-27 10:01:32,RTGS,1351597.38,Fuel,ATM,Kolkata,654.86,0
TXN0000020085,CUST003650,2025-09-02 16:49:36,UPI,44430.73,Online_Shopping,Mobile_Android,Chennai,894.8,0
TXN0000012354,CUST002250,2025-11-02 23:00:35,IMPS,191429.71,Food,Web_Mobile,Bangalore,313.35,0
TXN0000006558,CUST001206,2025-08-18 21:13:33,UPI,19305.15,Food,Web_Desktop,Kolkata,543.2,0
TXN0000021257,CUST003861,2025-10-25 07:12:37,IMPS,50572.53,Fuel,ATM,Ahmedabad,441.73,0
TXN0000001035,CUST000192,2025-09-19 10:56:32,NEFT,346039.54,Other,Mobile_Android,Bangalore,518.29,0
TXN0000004845,CUST000883,2025-10-14 09:02:33,NEFT,220389.55,Food,Mobile_Android,Delhi,1249.24,0
TXN0000002271,CUST000422,2025-08-15 09:25:33,ATM_Withdrawal,10000.0,Online_Shopping,Web_Desktop,Ahmedabad,1493.68,0
TXN0000000697,CUST000133,2025-10-03 21:35:32,RTGS,1858470.81,Other,Web_Mobile,Mumbai,212.34,0
TXN0000012830,CUST002338,2025-08-23 06:34:35,IMPS,144589.16,Food,ATM,Chennai,1905.0,0
TXN0000013782,CUST002511,2025-08-11 18:12:35,IMPS,1678.99,Healthcare,ATM,Pune,913.67,0
TXN0000020162,CUST003663,2025-08-31 13:01:36,IMPS,102606.89,Education,Web_Desktop,Delhi,320.54,1
TXN0000011343,CUST002071,2025-08-13 04:04:34,NEFT,479645.87,Other,Web_Mobile,Ahmedabad,802.62,0
TXN0000003705,CUST000668,2025-08-06 14:09:33,RTGS,1820018.45,Travel,Web_Mobile,Mumbai,443.2,0
TXN0000018897,CUST003431,2025-09-11 21:20:36,UPI,39169.53,Utilities,ATM,Delhi,333.36,0
TXN0000021802,CUST003968,2025-09-29 14:31:37,UPI,49769.39,Food,ATM,Mumbai,1987.89,0
TXN0000014285,CUST002602,2025-08-20 09:34:35,UPI,9289.58,Food,Mobile_iOS,Bangalore,750.8,0
TXN0000000120,CUST000025,2025-10-06 17:03:32,Card_Payment,96227.58,Fuel,Web_Mobile,Hyderabad,1063.39,0
TXN0000008201,CUST001496,2025-09-23 02:35:34,UPI,29281.9,Education,Web_Desktop,Hyderabad,336.69,0
TXN0000021572,CUST003917,2025-10-08 04:01:37,RTGS,1341513.06,Entertainment,Mobile_Android,Delhi,447.17,0
TXN0000002791,CUST000509,2025-10-01 21:30:33,ATM_Withdrawal,5000.0,Fuel,Mobile_iOS,Hyderabad,1302.11,0
TXN0000014662,CUST002660,2025-08-15 08:22:35,Card_Payment,57870.85,Education,Web_Desktop,Kolkata,1260.78,0
TXN0000007031,CUST001297,2025-09-08 23:08:34,UPI,47153.87,Retail,Mobile_Android,Bangalore,1408.8,0
TXN0000003161,CUST000576,2025-09-03 03:55:33,NEFT,107552.93,Healthcare,Mobile_Android,Hyderabad,1869.23,0
TXN0000018514,CUST003367,2025-09-13 14:36:36,IMPS,177497.84,Entertainment,Mobile_iOS,Pune,1523.92,0
TXN0000002785,CUST000508,2025-09-17 08:45:33,UPI,20195.34,Education,Mobile_Android,Bangalore,776.17,0
TXN0000004307,CUST000779,2025-09-02 19:52:33,Card_Payment,72221.75,Entertainment,ATM,Chennai,851.76,0
TXN0000025060,CUST004562,2025-08-31 08:37:37,RTGS,391809.19,Travel,ATM,Bangalore,1716.71,0
TXN0000005054,CUST000922,2025-11-01 17:32:33,UPI,30875.41,Entertainment,Web_Desktop,Bangalore,1081.72,0
TXN0000017955,CUST003267,2025-10-13 13:31:36,UPI,29741.14,Food,Web_Desktop,Delhi,233.52,0
TXN0000005461,CUST001007,2025-10-04 21:53:33,UPI,7443.42,Other,Web_Mobile,Mumbai,1622.91,0
TXN0000009296,CUST001701,2025-09-02 12:27:34,NEFT,262386.53,Entertainment,Mobile_iOS,Ahmedabad,202.44,0
TXN0000010609,CUST001939,2025-09-29 09:01:34,IMPS,174219.46,Travel,ATM,Bangalore,231.0,0
TXN0000017143,CUST003123,2025-08-10 23:10:36,UPI,33196.89,Retail,Web_Desktop,Ahmedabad,1666.88,0
TXN0000021412,CUST003889,2025-08-23 12:23:37,UPI,46894.52,Healthcare,Web_Mobile,Mumbai,477.88,0
TXN0000024487,CUST004465,2025-10-14 22:20:37,IMPS,187212.22,Utilities,Mobile_Android,Bangalore,241.5,0
TXN0000007722,CUST001413,2025-09-06 22:58:34,IMPS,22436.41,Fuel,Mobile_Android,Pune,274.79,0
TXN0000023737,CUST004325,2025-08-05 15:05:37,Card_Payment,51131.91,Food,Web_Desktop,Delhi,1329.93,0
TXN0000025259,CUST004599,2025-09-17 16:51:37,RTGS,1888550.34,Healthcare,Mobile_Android,Pune,567.92,0
TXN0000005976,CUST001098,2025-10-28 09:42:33,NEFT,60003.85,Utilities,ATM,Mumbai,1690.85,0
TXN0000020924,CUST003800,2025-10-21 06:14:36,UPI,46304.0,Healthcare,Mobile_Android,Hyderabad,1950.44,0
TXN0000010355,CUST001893,2025-10-30 10:33:34,UPI,18276.12,Retail,Mobile_iOS,Bangalore,1303.22,0
TXN0000020656,CUST003748,2025-09-09 23:28:36,UPI,26171.61,Retail,Mobile_Android,Bangalore,1989.49,0
TXN0000001889,CUST000347,2025-08-16 03:41:32,NEFT,495089.63,Healthcare,Web_Mobile,Kolkata,1180.62,0
TXN0000005672,CUST001047,2025-09-27 21:07:33,IMPS,175402.0,Utilities,Mobile_iOS,Chennai,1106.42,0
TXN0000011975,CUST002186,2025-09-28 17:24:35,UPI,37128.8,Online_Shopping,Web_Desktop,Pune,1562.92,0
TXN0000022082,CUST004019,2025-08-11 14:28:37,IMPS,132860.88,Utilities,Web_Mobile,Pune,401.25,0
TXN0000025123,CUST004572,2025-08-10 02:05:37,NEFT,299363.78,Entertainment,Mobile_Android,Kolkata,1710.6,0
TXN0000008743,CUST001593,2025-10-17 19:35:34,UPI,48839.3,Other,Web_Mobile,Mumbai,447.97,0
TXN0000002933,CUST000532,2025-08-07 00:26:33,UPI,18504.06,Food,Mobile_Android,Bangalore,1065.76,0
TXN0000009041,CUST001646,2025-10-07 20:19:34,UPI,21962.39,Education,Web_Mobile,Delhi,991.24,0
TXN0000018044,CUST003284,2025-10-01 18:33:36,IMPS,8121.58,Online_Shopping,Web_Mobile,Delhi,1276.3,0
TXN0000017432,CUST003176,2025-09-12 15:46:36,Card_Payment,34884.45,Entertainment,Web_Desktop,Mumbai,619.05,0
TXN0000024969,CUST004548,2025-09-22 22:30:37,Card_Payment,42172.21,Healthcare,Web_Desktop,Ahmedabad,1445.56,0
TXN0000004986,CUST000907,2025-09-22 13:57:33,UPI,5911.82,Other,Mobile_Android,Kolkata,567.03,0
TXN0000004141,CUST000749,2025-09-03 08:28:33,UPI,32335.29,Healthcare,Web_Mobile,Hyderabad,567.09,0
TXN0000002409,CUST000444,2025-08-28 07:55:33,UPI,16679.82,Retail,Web_Desktop,Other,1076.95,0
TXN0000018477,CUST003359,2025-09-26 20:23:36,UPI,46181.51,Retail,Web_Mobile,Delhi,1908.27,0
TXN0000015302,CUST002789,2025-08-28 07:58:35,RTGS,406869.27,Utilities,Web_Mobile,Bangalore,264.01,1
TXN0000017021,CUST003097,2025-10-20 14:27:36,IMPS,195435.79,Food,Mobile_iOS,Mumbai,763.2,0
TXN0000001414,CUST000252,2025-09-10 23:30:32,UPI,29949.26,Other,Mobile_iOS,Chennai,521.09,0
TXN0000012112,CUST002213,2025-08-15 08:11:35,UPI,38112.48,Travel,Web_Desktop,Pune,262.65,0
TXN0000013771,CUST002510,2025-10-31 17:03:35,RTGS,849164.85,Retail,Web_Mobile,Hyderabad,1523.38,0
TXN0000026653,CUST004866,2025-10-05 10:02:38,IMPS,3239.14,Utilities,Mobile_iOS,Ahmedabad,1674.3,0
TXN0000019365,CUST003521,2025-09-06 09:56:36,RTGS,1639289.85,Retail,Mobile_Android,Chennai,738.21,0
TXN0000015720,CUST002866,2025-08-13 16:46:35,NEFT,269395.78,Fuel,Mobile_iOS,Bangalore,620.78,0
TXN0000018160,CUST003303,2025-09-09 00:37:36,UPI,23867.94,Fuel,Mobile_Android,Bangalore,966.35,0
TXN0000023745,CUST004326,2025-10-05 03:17:37,RTGS,727299.16,Utilities,Mobile_iOS,Chennai,1445.83,0
TXN0000006096,CUST001122,2025-11-02 03:12:33,IMPS,190306.72,Travel,Web_Desktop,Hyderabad,1490.72,0
TXN0000001451,CUST000259,2025-10-10 11:54:32,UPI,35131.03,Entertainment,ATM,Hyderabad,632.86,0
TXN0000018944,CUST003440,2025-08-21 16:59:36,Card_Payment,3310.18,Online_Shopping,ATM,Ahmedabad,281.57,0
TXN0000006021,CUST001107,2025-08-15 14:43:33,IMPS,167888.31,Fuel,Mobile_iOS,Pune,884.45,0
TXN0000015066,CUST002737,2025-10-01 05:54:35,Card_Payment,90198.68,Healthcare,Web_Desktop,Ahmedabad,1674.58,0
TXN0000017606,CUST003207,2025-08-13 11:38:36,UPI,21542.22,Other,Mobile_Android,Hyderabad,829.38,0
TXN0000018673,CUST003392,2025-09-04 18:12:36,IMPS,193816.1,Other,ATM,Chennai,703.38,0
TXN0000007908,CUST001448,2025-09-01 11:44:34,UPI,38756.5,Food,Mobile_iOS,Kolkata,675.39,0
TXN0000021285,CUST003867,2025-09-13 10:05:37,IMPS,176723.9,Utilities,Mobile_Android,Delhi,950.9,0
TXN0000015502,CUST002825,2025-09-12 01:17:35,ATM_Withdrawal,5000.0,Fuel,ATM,Hyderabad,657.83,0
TXN0000012640,CUST002303,2025-10-06 10:31:35,Card_Payment,89444.26,Food,Web_Mobile,Hyderabad,1251.59,0
TXN0000000181,CUST000037,2025-10-26 04:32:32,UPI,6293.64,Food,ATM,Hyderabad,921.95,0
TXN0000019734,CUST003589,2025-09-16 05:45:36,IMPS,45516.24,Travel,ATM,Hyderabad,814.88,0
TXN0000006914,CUST001274,2025-09-12 17:19:34,UPI,38210.98,Utilities,Mobile_iOS,Bangalore,821.54,0
TXN0000014411,CUST002619,2025-08-17 19:14:35,Card_Payment,1180.29,Entertainment,ATM,Mumbai,446.97,0
TXN0000018216,CUST003311,2025-10-30 17:08:36,RTGS,878731.15,Online_Shopping,Mobile_iOS,Chennai,1549.92,0
TXN0000020480,CUST003716,2025-10-02 04:11:36,NEFT,495195.25,Fuel,ATM,Mumbai,595.39,0
TXN0000009799,CUST001792,2025-09-11 07:42:34,ATM_Withdrawal,5000.0,Online_Shopping,Web_Desktop,Bangalore,1359.25,0
TXN0000014549,CUST002643,2025-09-11 13:32:35,IMPS,15067.96,Other,ATM,Pune,1380.05,0
TXN0000015392,CUST002804,2025-10-31 09:11:35,Card_Payment,81660.65,Utilities,ATM,Pune,859.53,0
TXN0000009571,CUST001750,2025-10-26 15:04:34,UPI,34937.42,Fuel,Web_Desktop,Ahmedabad,1029.15,0
TXN0000016004,CUST002916,2025-10-21 05:47:35,Card_Payment,37845.63,Online_Shopping,Web_Desktop,Kolkata,1512.16,0
TXN0000019406,CUST003527,2025-08-05 20:53:36,UPI,24235.75,Education,Web_Desktop,Delhi,418.12,0
TXN0000001494,CUST000266,2025-10-12 01:40:32,UPI,18228.71,Online_Shopping,Mobile_iOS,Hyderabad,543.94,0
TXN0000000470,CUST000095,2025-09-14 00:49:32,IMPS,146838.37,Fuel,Mobile_Android,Delhi,1269.78,0
TXN0000018839,CUST003421,2025-08-31 08:48:36,NEFT,79131.51,Fuel,Mobile_iOS,Chennai,415.66,0
TXN0000002167,CUST000400,2025-10-24 18:50:33,NEFT,383518.32,Retail,Mobile_Android,Mumbai,1174.56,0
TXN0000001912,CUST000353,2025-09-26 09:13:32,Card_Payment,11497.1,Online_Shopping,Web_Mobile,Pune,1198.07,0
TXN0000001028,CUST000190,2025-09-01 03:41:32,IMPS,984.45,Travel,ATM,International,536.6,0
TXN0000009288,CUST001697,2025-09-14 08:22:34,Card_Payment,14097.61,Utilities,Web_Mobile,Chennai,375.25,0
TXN0000012891,CUST002347,2025-10-29 11:35:35,UPI,21993.77,Education,Web_Mobile,Bangalore,768.99,0
TXN0000001424,CUST000255,2025-08-25 06:00:32,RTGS,376778.73,Utilities,Mobile_Android,Mumbai,1538.87,0
TXN0000006629,CUST001220,2025-10-23 04:09:33,NEFT,75163.01,Education,Web_Mobile,International,1369.48,0
TXN0000012408,CUST002258,2025-10-21 09:46:35,IMPS,54068.77,Entertainment,Mobile_Android,Chennai,1489.11,0
TXN0000018326,CUST003330,2025-09-29 03:55:36,NEFT,99707.87,Education,Web_Mobile,Pune,722.11,0
TXN0000009623,CUST001760,2025-10-30 07:41:34,Card_Payment,33779.7,Online_Shopping,ATM,Mumbai,1395.38,0
TXN0000002983,CUST000542,2025-10-03 00:10:33,NEFT,440117.39,Healthcare,ATM,Delhi,1883.29,0
TXN0000015417,CUST002808,2025-10-04 20:34:35,UPI,23706.67,Entertainment,ATM,Chennai,428.91,0
TXN0000025597,CUST004659,2025-08-30 10:38:37,IMPS,172367.8,Other,Mobile_iOS,Chennai,217.77,0
TXN0000021915,CUST003988,2025-08-19 13:44:37,NEFT,67722.02,Food,Mobile_Android,Mumbai,661.18,0
TXN0000017134,CUST003120,2025-10-14 03:04:36,UPI,6583.03,Education,Mobile_iOS,Bangalore,1569.12,0
TXN0000014845,CUST002696,2025-08-26 19:21:35,IMPS,196736.28,Travel,Web_Mobile,Ahmedabad,699.68,0
TXN0000020903,CUST003797,2025-10-02 15:35:36,UPI,16758.02,Fuel,Web_Desktop,Pune,230.41,0
TXN0000003257,CUST000591,2025-09-15 11:14:33,RTGS,247340.45,Entertainment,Mobile_Android,Bangalore,1611.29,0
TXN0000008871,CUST001613,2025-08-27 11:02:34,UPI,31665.09,Other,ATM,Delhi,1726.82,0
TXN0000005764,CUST001061,2025-09-28 12:32:33,RTGS,585372.55,Healthcare,Web_Mobile,Kolkata,155.3,1
TXN0000021696,CUST003943,2025-10-05 06:12:37,ATM_Withdrawal,10000.0,Education,Web_Desktop,Mumbai,1079.37,0
TXN0000001193,CUST000217,2025-09-16 00:01:32,Card_Payment,25692.89,Fuel,Web_Desktop,Chennai,1290.45,0
TXN0000008049,CUST001473,2025-08-20 15:34:34,UPI,2893.77,Entertainment,Mobile_iOS,Pune,1497.98,0
TXN0000016519,CUST003004,2025-10-16 04:08:36,RTGS,705556.78,Entertainment,ATM,Hyderabad,1479.81,0
TXN0000018012,CUST003277,2025-08-09 05:03:36,Card_Payment,5520.48,Utilities,ATM,Kolkata,298.66,0
TXN0000008505,CUST001553,2025-09-19 14:26:34,NEFT,227837.52,Entertainment,Mobile_iOS,Ahmedabad,1289.29,0
TXN0000024553,CUST004478,2025-11-02 07:28:37,Card_Payment,40724.47,Other,ATM,Bangalore,1350.81,0
TXN0000010167,CUST001862,2025-09-18 19:23:34,UPI,22658.68,Education,Mobile_Android,Ahmedabad,1107.31,0
TXN0000015560,CUST002837,2025-08-21 11:26:35,Card_Payment,71945.43,Utilities,Mobile_Android,Ahmedabad,282.62,0
TXN0000012638,CUST002303,2025-08-17 20:38:35,UPI,42216.89,Education,Web_Mobile,Hyderabad,1288.58,0
TXN0000009890,CUST001808,2025-11-01 17:10:34,ATM_Withdrawal,10000.0,Fuel,Mobile_iOS,Chennai,275.77,0
TXN0000018843,CUST003422,2025-09-29 03:24:36,NEFT,240182.19,Education,Web_Mobile,Chennai,993.87,0
TXN0000003924,CUST000709,2025-09-26 23:25:33,IMPS,21337.86,Entertainment,Mobile_Android,Mumbai,765.71,0
TXN0000012500,CUST002273,2025-10-17 00:40:35,UPI,10740.96,Travel,Web_Desktop,Chennai,1065.35,0
TXN0000020551,CUST003729,2025-08-14 10:33:36,ATM_Withdrawal,10000.0,Utilities,Mobile_iOS,Delhi,1596.28,0
TXN0000015334,CUST002795,2025-09-28 13:05:35,UPI,294.55,Fuel,Web_Desktop,Pune,675.67,0
TXN0000023888,CUST004361,2025-10-24 16:39:37,UPI,36585.05,Online_Shopping,Mobile_Android,Ahmedabad,1789.57,0
TXN0000012827,CUST002336,2025-10-23 16:14:35,Card_Payment,86141.29,Healthcare,Web_Desktop,Ahmedabad,516.57,0
TXN0000009163,CUST001674,2025-08-13 15:59:34,UPI,26234.42,Other,Mobile_Android,Mumbai,1043.17,0
TXN0000006700,CUST001235,2025-09-12 18:38:34,UPI,38580.35,Travel,Web_Mobile,Ahmedabad,1381.78,0
TXN0000006443,CUST001184,2025-09-17 19:03:33,UPI,4026.05,Retail,Web_Desktop,Pune,1896.76,0
TXN0000008059,CUST001475,2025-09-13 15:38:34,ATM_Withdrawal,20000.0,Utilities,Mobile_iOS,Mumbai,1978.21,0
TXN0000003735,CUST000671,2025-10-13 22:37:33,RTGS,1316113.06,Education,Mobile_Android,Delhi,1291.28,0
TXN0000021427,CUST003891,2025-10-03 22:06:37,UPI,12767.05,Travel,Web_Mobile,Mumbai,1640.39,0
TXN0000003384,CUST000612,2025-10-22 10:16:33,Card_Payment,35248.42,Travel,Mobile_Android,Pune,425.59,0
TXN0000004745,CUST000866,2025-08-27 15:48:33,NEFT,402715.79,Retail,Web_Mobile,Hyderabad,1399.55,0
TXN0000011901,CUST002174,2025-10-04 22:46:35,NEFT,6312.53,Fuel,Mobile_iOS,Ahmedabad,381.65,0
TXN0000000352,CUST000070,2025-10-03 11:38:32,UPI,19371.59,Healthcare,ATM,Mumbai,1010.61,0
TXN0000024063,CUST004392,2025-10-13 18:17:37,Card_Payment,18371.05,Travel,Web_Mobile,Hyderabad,1555.9,0
TXN0000016486,CUST003000,2025-08-21 13:25:36,UPI,33266.72,Other,Web_Mobile,Pune,675.28,0
TXN0000003861,CUST000697,2025-09-29 06:35:33,Card_Payment,27943.56,Travel,Mobile_iOS,Other,1557.57,0
TXN0000022538,CUST004101,2025-10-03 21:54:37,UPI,31519.76,Utilities,Web_Desktop,Mumbai,227.44,0
TXN0000009805,CUST001793,2025-10-14 05:04:34,NEFT,331392.22,Retail,Web_Mobile,Kolkata,1024.78,0
TXN0000024786,CUST004515,2025-10-04 08:07:37,IMPS,183075.06,Entertainment,ATM,Kolkata,932.5,0
TXN0000009963,CUST001825,2025-09-02 04:45:34,UPI,5086.46,Online_Shopping,Mobile_Android,Bangalore,1053.46,0
TXN0000002605,CUST000475,2025-08-18 20:54:33,Card_Payment,12223.24,Utilities,ATM,Other,165.8,1
TXN0000012025,CUST002195,2025-08-19 07:38:35,RTGS,1033107.37,Travel,ATM,Pune,544.81,0
TXN0000016086,CUST002928,2025-10-09 23:58:35,UPI,32993.16,Education,Web_Mobile,Ahmedabad,1764.96,0
TXN0000003979,CUST000718,2025-10-04 12:09:33,IMPS,163546.76,Retail,Mobile_Android,International,1895.98,0
TXN0000015544,CUST002834,2025-09-02 04:45:35,IMPS,161626.09,Utilities,Web_Mobile,Delhi,275.17,0
TXN0000009518,CUST001742,2025-10-29 18:59:34,UPI,7643.2,Education,Mobile_Android,Hyderabad,1105.71,0
TXN0000024164,CUST004408,2025-10-29 16:41:37,UPI,41928.53,Retail,Web_Desktop,Delhi,417.89,0
TXN0000001298,CUST000231,2025-10-07 12:55:32,IMPS,22920.38,Other,Web_Mobile,Bangalore,1055.47,0
TXN0000009481,CUST001734,2025-08-21 03:04:34,UPI,24806.67,Education,Web_Desktop,Ahmedabad,1545.16,0
TXN0000011308,CUST002064,2025-10-01 05:08:34,UPI,18718.97,Travel,Web_Mobile,Mumbai,817.51,0
TXN0000005911,CUST001086,2025-09-28 16:00:33,UPI,3975.85,Healthcare,Web_Desktop,Pune,1015.52,0
TXN0000011244,CUST002054,2025-08-08 09:19:34,NEFT,245133.45,Food,Web_Desktop,Mumbai,312.97,0
TXN0000019996,CUST003632,2025-08-30 04:33:36,IMPS,84248.15,Healthcare,Mobile_Android,Kolkata,1051.42,0
TXN0000015821,CUST002885,2025-10-25 14:21:35,UPI,22703.71,Travel,Mobile_iOS,Hyderabad,404.72,0
TXN0000019094,CUST003471,2025-10-25 01:07:36,RTGS,1057955.81,Food,Web_Desktop,Kolkata,359.24,0
TXN0000000636,CUST000124,2025-09-15 14:48:32,RTGS,721657.15,Retail,Mobile_iOS,Mumbai,1373.68,0
TXN0000015460,CUST002819,2025-10-28 00:33:35,Card_Payment,85808.61,Online_Shopping,Web_Mobile,Chennai,1713.98,0
TXN0000006355,CUST001165,2025-08-22 18:26:33,IMPS,70047.66,Education,Mobile_iOS,Hyderabad,1303.33,0
TXN0000013960,CUST002543,2025-09-04 01:03:35,Card_Payment,69121.49,Education,Mobile_iOS,Mumbai,1509.17,0
TXN0000022265,CUST004049,2025-09-28 05:28:37,UPI,49493.78,Retail,Web_Mobile,Mumbai,937.21,0
TXN0000007590,CUST001393,2025-08-13 09:33:34,NEFT,198372.07,Travel,Mobile_iOS,Chennai,1087.28,0
TXN0000013133,CUST002391,2025-10-10 10:04:35,UPI,46018.55,Entertainment,ATM,Delhi,1187.76,0
TXN0000005049,CUST000920,2025-08-13 19:17:33,RTGS,1050451.85,Entertainment,Mobile_Android,Chennai,375.49,1
TXN0000008619,CUST001570,2025-10-23 22:01:34,IMPS,146707.05,Other,Mobile_iOS,Ahmedabad,1654.35,0
TXN0000003972,CUST000716,2025-08-28 19:31:33,Card_Payment,17198.66,Online_Shopping,Web_Desktop,Chennai,533.83,0
TXN0000003943,CUST000712,2025-09-16 00:21:33,UPI,45992.02,Education,ATM,Hyderabad,910.13,0
TXN0000013401,CUST002437,2025-10-03 20:20:35,UPI,749.74,Utilities,Web_Desktop,Kolkata,1217.12,0
TXN0000019339,CUST003516,2025-10-10 15:12:36,UPI,12068.26,Healthcare,Mobile_iOS,Kolkata,891.09,0
TXN0000021953,CUST003995,2025-09-23 06:18:37,UPI,34671.78,Healthcare,Mobile_Android,Ahmedabad,1144.04,0
TXN0000018511,CUST003366,2025-09-19 19:37:36,IMPS,80491.47,Fuel,Mobile_iOS,Bangalore,364.16,0
TXN0000008858,CUST001610,2025-08-22 07:36:34,UPI,28048.62,Education,Mobile_iOS,Ahmedabad,1063.66,0
TXN0000019864,CUST003613,2025-10-22 02:33:36,UPI,33436.29,Retail,Web_Desktop,Hyderabad,1932.12,0
TXN0000022607,CUST004112,2025-08-14 22:03:37,UPI,21891.41,Travel,Mobile_Android,Pune,1299.46,0
TXN0000013264,CUST002412,2025-09-24 20:36:35,UPI,49439.66,Retail,Mobile_iOS,Pune,391.09,1
TXN0000009292,CUST001700,2025-09-25 00:48:34,Card_Payment,31981.32,Retail,Web_Desktop,Pune,385.23,0
TXN0000002560,CUST000469,2025-10-11 03:48:33,UPI,20914.1,Education,ATM,Chennai,866.93,0
TXN0000027175,CUST004958,2025-10-02 07:32:38,IMPS,158936.07,Retail,ATM,Pune,229.15,0
TXN0000002005,CUST000370,2025-08-06 15:53:33,UPI,42330.53,Other,Web_Mobile,Ahmedabad,599.72,0
TXN0000004346,CUST000787,2025-08-24 22:05:33,IMPS,34840.85,Food,Web_Desktop,Kolkata,1642.87,0
TXN0000002387,CUST000440,2025-08-19 22:01:33,Card_Payment,82240.36,Utilities,Web_Desktop,Hyderabad,1811.11,0
TXN0000004348,CUST000787,2025-10-16 04:05:33,NEFT,304276.29,Food,Web_Mobile,Bangalore,204.0,0
TXN0000012352,CUST002249,2025-10-18 07:02:35,RTGS,1043312.72,Online_Shopping,Web_Mobile,Hyderabad,1807.7,0
TXN0000008942,CUST001627,2025-09-11 22:17:34,RTGS,722229.34,Other,Web_Desktop,Hyderabad,494.73,1
TXN0000022677,CUST004125,2025-09-20 13:57:37,IMPS,146897.84,Food,Web_Desktop,Kolkata,1676.49,0
TXN0000013638,CUST002481,2025-10-11 04:53:35,UPI,3908.52,Education,Web_Mobile,Delhi,410.36,0
TXN0000003644,CUST000659,2025-10-31 23:40:33,RTGS,356828.02,Healthcare,ATM,Mumbai,1265.28,0
TXN0000014586,CUST002649,2025-08-09 10:46:35,UPI,30621.17,Online_Shopping,Web_Mobile,Chennai,844.74,0
TXN0000026078,CUST004755,2025-08-28 11:47:38,UPI,13157.54,Utilities,Mobile_Android,Mumbai,747.21,0
TXN0000014193,CUST002585,2025-10-14 15:33:35,IMPS,27863.34,Food,Web_Desktop,Mumbai,1383.46,0
TXN0000019834,CUST003605,2025-11-01 13:12:36,UPI,31076.7,Healthcare,Web_Desktop,Hyderabad,1254.36,0
TXN0000009812,CUST001793,2025-08-21 04:41:34,Card_Payment,74866.85,Fuel,Web_Desktop,Kolkata,1594.18,0
TXN0000020862,CUST003791,2025-09-27 07:37:36,IMPS,75034.66,Education,ATM,Delhi,614.8,0
TXN0000007902,CUST001447,2025-08-25 21:37:34,RTGS,1403311.68,Healthcare,Web_Desktop,Chennai,1629.01,0
TXN0000025573,CUST004654,2025-08-12 04:58:37,IMPS,183415.96,Entertainment,Web_Desktop,Mumbai,1534.87,0
TXN0000012828,CUST002337,2025-10-18 10:16:35,UPI,25969.59,Utilities,Mobile_iOS,Ahmedabad,261.79,0
TXN0000001412,CUST000252,2025-08-09 08:48:32,Card_Payment,27815.24,Fuel,ATM,Chennai,559.32,0
TXN0000000030,CUST000006,2025-11-01 11:14:32,UPI,37630.86,Retail,ATM,Other,204.0,0
TXN0000024686,CUST004499,2025-08-23 19:28:37,ATM_Withdrawal,5000.0,Education,ATM,Chennai,1291.41,0
TXN0000018064,CUST003287,2025-10-03 21:53:36,IMPS,5231.99,Fuel,Mobile_iOS,Ahmedabad,578.63,0
TXN0000011321,CUST002066,2025-09-17 23:47:34,IMPS,5017.4,Healthcare,Mobile_iOS,Chennai,1001.5,0
TXN0000005095,CUST000930,2025-09-02 14:14:33,RTGS,935960.81,Food,Web_Mobile,Chennai,972.63,0
TXN0000003046,CUST000556,2025-10-05 18:00:33,Card_Payment,35886.45,Entertainment,Web_Desktop,Mumbai,450.4,0
TXN0000010557,CUST001930,2025-10-12 10:21:34,RTGS,488001.09,Fuel,Mobile_Android,Kolkata,1605.92,0
TXN0000022617,CUST004115,2025-10-31 05:52:37,UPI,17957.01,Healthcare,ATM,Delhi,1287.05,0
TXN0000023362,CUST004256,2025-08-12 17:50:37,IMPS,133599.79,Healthcare,Mobile_iOS,Pune,799.42,0
TXN0000012504,CUST002274,2025-10-14 22:38:35,IMPS,85631.56,Healthcare,Mobile_iOS,Delhi,1196.49,0
TXN0000022510,CUST004097,2025-10-29 10:54:37,Card_Payment,41842.64,Online_Shopping,Web_Mobile,Kolkata,576.49,0
TXN0000013953,CUST002543,2025-10-08 14:46:35,UPI,46950.53,Retail,Mobile_iOS,Mumbai,787.76,0
TXN0000013837,CUST002522,2025-09-12 17:16:35,UPI,39016.28,Food,Web_Mobile,Delhi,1329.14,0
TXN0000004462,CUST000811,2025-09-21 23:27:33,RTGS,533944.63,Healthcare,ATM,Pune,284.18,0
TXN0000003669,CUST000662,2025-10-27 17:31:33,RTGS,1872915.77,Fuel,Web_Mobile,Bangalore,414.36,1
TXN0000026060,CUST004752,2025-09-09 06:59:38,RTGS,1530286.64,Food,Mobile_iOS,Chennai,1400.89,0
TXN0000012771,CUST002326,2025-10-30 12:02:35,Card_Payment,4402.81,Education,ATM,Kolkata,1256.26,0
TXN0000005287,CUST000969,2025-09-07 22:31:33,Card_Payment,19493.27,Retail,ATM,Mumbai,1334.03,0
TXN0000007810,CUST001431,2025-10-30 06:18:34,UPI,20972.48,Fuel,ATM,Mumbai,401.44,0
TXN0000016284,CUST002960,2025-10-12 00:36:36,NEFT,339371.27,Utilities,Mobile_iOS,Ahmedabad,575.62,0
TXN0000026699,CUST004872,2025-09-02 06:38:38,Card_Payment,64753.98,Online_Shopping,ATM,Kolkata,1780.76,0
TXN0000023252,CUST004233,2025-08-19 22:51:37,RTGS,212711.18,Utilities,Web_Mobile,Bangalore,950.7,0
TXN0000027197,CUST004961,2025-09-04 13:48:38,UPI,30021.78,Other,Mobile_Android,Chennai,1537.58,0
TXN0000001870,CUST000345,2025-10-30 07:13:32,UPI,29725.79,Utilities,ATM,Bangalore,1754.37,0
TXN0000021705,CUST003945,2025-09-10 21:36:37,UPI,4318.41,Education,Web_Desktop,Kolkata,532.35,0
TXN0000017991,CUST003273,2025-09-27 21:07:36,NEFT,355770.1,Online_Shopping,Mobile_iOS,Kolkata,1128.56,0
TXN0000009379,CUST001715,2025-09-03 06:46:34,NEFT,359034.08,Online_Shopping,Mobile_Android,Pune,981.55,0
TXN0000019117,CUST003476,2025-09-15 00:49:36,RTGS,1412723.88,Healthcare,Mobile_Android,Bangalore,330.57,0
TXN0000023846,CUST004353,2025-09-30 04:47:37,NEFT,392492.1,Entertainment,Mobile_iOS,Mumbai,945.26,0
TXN0000000961,CUST000180,2025-09-10 07:29:32,UPI,12003.32,Retail,Web_Desktop,Hyderabad,234.76,0
TXN0000000985,CUST000182,2025-10-29 00:53:32,UPI,40354.37,Healthcare,Web_Mobile,Chennai,566.9,0
TXN0000017788,CUST003241,2025-10-02 06:29:36,IMPS,178086.75,Education,ATM,Delhi,785.05,0
TXN0000023441,CUST004268,2025-09-22 13:40:37,UPI,9156.1,Food,Web_Mobile,Kolkata,1736.16,0
TXN0000000279,CUST000058,2025-09-02 18:27:32,ATM_Withdrawal,2000.0,Fuel,Mobile_iOS,Hyderabad,211.52,0
TXN0000002146,CUST000397,2025-10-30 02:43:33,NEFT,49946.4,Utilities,Mobile_Android,Hyderabad,405.2,0
TXN0000025217,CUST004589,2025-10-15 08:06:37,Card_Payment,81507.52,Other,Web_Desktop,Chennai,1564.03,0
TXN0000017190,CUST003131,2025-10-05 12:57:36,UPI,3552.69,Food,ATM,Pune,717.29,0
TXN0000022230,CUST004044,2025-09-26 10:27:37,UPI,20173.27,Education,Mobile_Android,Pune,1915.88,0
TXN0000022286,CUST004052,2025-10-11 05:50:37,RTGS,687387.59,Healthcare,Web_Desktop,Chennai,1008.14,0
TXN0000022579,CUST004109,2025-08-21 07:09:37,IMPS,183101.55,Other,Mobile_iOS,Bangalore,1259.25,0
TXN0000012611,CUST002298,2025-08-28 13:08:35,IMPS,144328.68,Other,Web_Desktop,Bangalore,1691.87,0
TXN0000006288,CUST001151,2025-11-02 00:10:33,UPI,25462.85,Food,Web_Desktop,Chennai,442.57,0
TXN0000023951,CUST004373,2025-10-03 16:46:37,IMPS,188361.88,Education,ATM,Pune,781.74,0
TXN0000024874,CUST004531,2025-10-12 12:05:37,UPI,44863.36,Utilities,Mobile_iOS,Ahmedabad,190.1,1
TXN0000021860,CUST003978,2025-08-26 03:27:37,UPI,48900.65,Food,ATM,Hyderabad,290.94,0
TXN0000013524,CUST002458,2025-10-22 08:19:35,Card_Payment,68538.45,Food,Mobile_iOS,Kolkata,938.68,0
TXN0000020000,CUST003633,2025-10-03 06:13:36,Card_Payment,51170.01,Online_Shopping,Mobile_iOS,Kolkata,565.56,0
TXN0000015653,CUST002854,2025-08-31 17:48:35,Card_Payment,24528.03,Education,Web_Desktop,Mumbai,257.37,0
TXN0000012784,CUST002329,2025-08-21 20:01:35,UPI,46959.0,Other,Mobile_Android,Delhi,355.46,0
TXN0000010981,CUST002003,2025-09-10 00:21:34,NEFT,454996.33,Fuel,ATM,Mumbai,1600.87,0
TXN0000004016,CUST000726,2025-08-17 19:49:33,UPI,16013.33,Healthcare,Web_Mobile,Kolkata,1979.26,0
TXN0000020808,CUST003779,2025-10-07 14:05:36,NEFT,419094.92,Online_Shopping,Mobile_iOS,Mumbai,1887.5,0
TXN0000020850,CUST003789,2025-10-05 12:05:36,RTGS,500122.46,Retail,Web_Desktop,International,1800.63,0
TXN0000000292,CUST000060,2025-09-24 18:01:32,Card_Payment,54784.97,Travel,Mobile_Android,Delhi,1048.32,0
TXN0000026293,CUST004799,2025-08-10 05:00:38,IMPS,149844.78,Fuel,Mobile_Android,Bangalore,1449.51,0
TXN0000020005,CUST003634,2025-10-27 15:47:36,NEFT,90587.0,Healthcare,ATM,Chennai,831.5,0
